sync_index,cam_id,frame_index,frame_time,object_id,keypoint_id,img_loc_x,img_loc_y,obj_loc_x,obj_loc_y,obj_loc_z
0,1,0,0.000000,0,2,764.664185,889.149780,0.150000,0.050000,0.000000
0,1,0,0.000000,0,6,755.661377,830.623108,0.150000,0.100000,0.000000
0,1,0,0.000000,0,11,813.811401,750.551941,0.200000,0.150000,0.000000
0,1,0,0.000000,0,12,595.918945,745.605103,0.050000,0.200000,0.000000
0,1,0,0.000000,0,15,806.913574,691.314636,0.200000,0.200000,0.000000
0,1,0,0.000000,0,16,583.807129,681.526245,0.050000,0.250000,0.000000
0,1,0,0.000000,0,17,656.811157,663.256897,0.100000,0.250000,0.000000
0,1,0,0.000000,0,18,727.715454,645.520020,0.150000,0.250000,0.000000
0,1,0,0.000000,0,19,796.934814,627.530457,0.200000,0.250000,0.000000
0,1,0,0.000000,0,20,571.578247,614.361145,0.050000,0.300000,0.000000
0,1,0,0.000000,0,21,646.051514,597.444580,0.100000,0.300000,0.000000
0,1,0,0.000000,0,22,716.689941,582.048279,0.150000,0.300000,0.000000
0,1,0,0.000000,0,23,786.318115,562.872375,0.200000,0.300000,0.000000
5,1,5,0.166667,0,0,619.484863,932.245300,0.050000,0.050000,0.000000
5,1,5,0.166667,0,1,690.093384,913.374390,0.100000,0.050000,0.000000
5,1,5,0.166667,0,2,754.633423,892.574219,0.150000,0.050000,0.000000
5,1,5,0.166667,0,3,821.453735,872.523315,0.200000,0.050000,0.000000
5,1,5,0.166667,0,4,610.370483,873.547546,0.050000,0.100000,0.000000
5,1,5,0.166667,0,5,678.949951,854.264465,0.100000,0.100000,0.000000
5,1,5,0.166667,0,6,746.936768,836.309326,0.150000,0.100000,0.000000
5,1,5,0.166667,0,7,813.458130,816.183960,0.200000,0.100000,0.000000
5,1,5,0.166667,0,8,597.644043,812.635315,0.050000,0.150000,0.000000
5,1,5,0.166667,0,9,669.963257,794.541321,0.100000,0.150000,0.000000
5,1,5,0.166667,0,10,736.763794,774.477173,0.150000,0.150000,0.000000
5,1,5,0.166667,0,11,806.062866,755.433838,0.200000,0.150000,0.000000
5,1,5,0.166667,0,12,586.571289,751.152039,0.050000,0.200000,0.000000
5,1,5,0.166667,0,13,657.830688,731.868103,0.100000,0.200000,0.000000
5,1,5,0.166667,0,14,729.340576,713.180176,0.150000,0.200000,0.000000
5,1,5,0.166667,0,15,795.627319,695.478394,0.200000,0.200000,0.000000
5,1,5,0.166667,0,16,574.078125,685.874512,0.050000,0.250000,0.000000
5,1,5,0.166667,0,17,647.933716,669.349487,0.100000,0.250000,0.000000
5,1,5,0.166667,0,18,717.837402,649.984741,0.150000,0.250000,0.000000
5,1,5,0.166667,0,19,788.629761,633.753662,0.200000,0.250000,0.000000
5,1,5,0.166667,0,20,561.979736,620.702026,0.050000,0.300000,0.000000
5,1,5,0.166667,0,21,638.042236,602.802002,0.100000,0.300000,0.000000
5,1,5,0.166667,0,22,709.263428,586.424500,0.150000,0.300000,0.000000
5,1,5,0.166667,0,23,778.550903,568.900635,0.200000,0.300000,0.000000
10,1,10,0.333333,0,0,610.134033,936.268921,0.050000,0.050000,0.000000
10,1,10,0.333333,0,1,681.697144,916.800476,0.100000,0.050000,0.000000
10,1,10,0.333333,0,2,748.905151,897.753967,0.150000,0.050000,0.000000
10,1,10,0.333333,0,3,813.113892,875.473145,0.200000,0.050000,0.000000
10,1,10,0.333333,0,4,601.564941,877.436096,0.050000,0.100000,0.000000
10,1,10,0.333333,0,5,671.588379,858.875549,0.100000,0.100000,0.000000
10,1,10,0.333333,0,6,738.754028,838.600342,0.150000,0.100000,0.000000
10,1,10,0.333333,0,7,804.817993,819.563904,0.200000,0.100000,0.000000
10,1,10,0.333333,0,8,589.430664,817.393494,0.050000,0.150000,0.000000
10,1,10,0.333333,0,9,659.725708,800.364990,0.100000,0.150000,0.000000
10,1,10,0.333333,0,10,730.340210,779.840637,0.150000,0.150000,0.000000
10,1,10,0.333333,0,11,796.556396,759.865112,0.200000,0.150000,0.000000
10,1,10,0.333333,0,12,576.398926,756.846436,0.050000,0.200000,0.000000
10,1,10,0.333333,0,13,650.364868,736.899902,0.100000,0.200000,0.000000
10,1,10,0.333333,0,14,719.460083,719.239075,0.150000,0.200000,0.000000
10,1,10,0.333333,0,15,787.721436,699.732849,0.200000,0.200000,0.000000
10,1,10,0.333333,0,16,566.321533,691.041077,0.050000,0.250000,0.000000
10,1,10,0.333333,0,17,638.619019,673.091003,0.100000,0.250000,0.000000
10,1,10,0.333333,0,18,711.295166,655.720215,0.150000,0.250000,0.000000
10,1,10,0.333333,0,19,779.652222,637.675110,0.200000,0.250000,0.000000
10,1,10,0.333333,0,20,552.016602,625.752625,0.050000,0.300000,0.000000
10,1,10,0.333333,0,21,627.791382,607.773743,0.100000,0.300000,0.000000
10,1,10,0.333333,0,22,700.131348,590.583679,0.150000,0.300000,0.000000
10,1,10,0.333333,0,23,770.117310,573.713379,0.200000,0.300000,0.000000
15,1,15,0.500000,0,0,607.474976,936.045654,0.050000,0.050000,0.000000
15,1,15,0.500000,0,1,678.241333,916.894714,0.100000,0.050000,0.000000
15,1,15,0.500000,0,2,747.244385,897.636719,0.150000,0.050000,0.000000
15,1,15,0.500000,0,3,809.287354,876.273926,0.200000,0.050000,0.000000
15,1,15,0.500000,0,4,597.680298,876.311523,0.050000,0.100000,0.000000
15,1,15,0.500000,0,5,666.394531,857.808716,0.100000,0.100000,0.000000
15,1,15,0.500000,0,6,735.528076,838.738403,0.150000,0.100000,0.000000
15,1,15,0.500000,0,7,801.973877,818.923157,0.200000,0.100000,0.000000
15,1,15,0.500000,0,8,584.015015,815.638733,0.050000,0.150000,0.000000
15,1,15,0.500000,0,9,656.660645,797.856689,0.100000,0.150000,0.000000
15,1,15,0.500000,0,10,725.546875,778.372253,0.150000,0.150000,0.000000
15,1,15,0.500000,0,11,793.485474,758.532532,0.200000,0.150000,0.000000
15,1,15,0.500000,0,12,573.116577,754.555908,0.050000,0.200000,0.000000
15,1,15,0.500000,0,13,646.369629,735.484863,0.100000,0.200000,0.000000
15,1,15,0.500000,0,14,715.780884,717.222229,0.150000,0.200000,0.000000
15,1,15,0.500000,0,15,785.093140,699.656189,0.200000,0.200000,0.000000
15,1,15,0.500000,0,16,560.154175,689.056213,0.050000,0.250000,0.000000
15,1,15,0.500000,0,17,634.312012,671.888245,0.100000,0.250000,0.000000
15,1,15,0.500000,0,18,706.206787,654.148376,0.150000,0.250000,0.000000
15,1,15,0.500000,0,19,775.338623,636.657410,0.200000,0.250000,0.000000
15,1,15,0.500000,0,20,547.333374,623.496765,0.050000,0.300000,0.000000
15,1,15,0.500000,0,21,621.088257,604.729553,0.100000,0.300000,0.000000
15,1,15,0.500000,0,22,696.269531,588.243469,0.150000,0.300000,0.000000
15,1,15,0.500000,0,23,766.454834,572.670715,0.200000,0.300000,0.000000
20,1,20,0.666667,0,0,612.968140,936.533325,0.050000,0.050000,0.000000
20,1,20,0.666667,0,1,682.320679,916.995667,0.100000,0.050000,0.000000
20,1,20,0.666667,0,2,748.202393,896.921387,0.150000,0.050000,0.000000
20,1,20,0.666667,0,3,813.023926,876.331116,0.200000,0.050000,0.000000
20,1,20,0.666667,0,4,601.803223,876.680969,0.050000,0.100000,0.000000
20,1,20,0.666667,0,5,671.606934,858.393005,0.100000,0.100000,0.000000
20,1,20,0.666667,0,6,739.047485,838.173584,0.150000,0.100000,0.000000
20,1,20,0.666667,0,7,801.936768,817.539795,0.200000,0.100000,0.000000
20,1,20,0.666667,0,8,590.816772,817.152649,0.050000,0.150000,0.000000
20,1,20,0.666667,0,9,660.143555,797.977173,0.100000,0.150000,0.000000
20,1,20,0.666667,0,10,728.525024,778.265198,0.150000,0.150000,0.000000
20,1,20,0.666667,0,11,795.471191,759.687500,0.200000,0.150000,0.000000
20,1,20,0.666667,0,12,576.714966,753.740173,0.050000,0.200000,0.000000
20,1,20,0.666667,0,13,648.384521,735.443726,0.100000,0.200000,0.000000
20,1,20,0.666667,0,14,718.627808,717.229675,0.150000,0.200000,0.000000
20,1,20,0.666667,0,15,788.501709,699.215210,0.200000,0.200000,0.000000
20,1,20,0.666667,0,16,563.926270,689.782532,0.050000,0.250000,0.000000
20,1,20,0.666667,0,17,636.812378,672.170471,0.100000,0.250000,0.000000
20,1,20,0.666667,0,18,706.654663,652.974976,0.150000,0.250000,0.000000
20,1,20,0.666667,0,19,777.158691,636.774841,0.200000,0.250000,0.000000
20,1,20,0.666667,0,20,549.622559,623.622681,0.050000,0.300000,0.000000
20,1,20,0.666667,0,21,623.689087,605.567566,0.100000,0.300000,0.000000
20,1,20,0.666667,0,22,697.464600,589.096680,0.150000,0.300000,0.000000
20,1,20,0.666667,0,23,766.576172,571.646484,0.200000,0.300000,0.000000
25,1,25,0.833333,0,0,611.742554,936.445740,0.050000,0.050000,0.000000
25,1,25,0.833333,0,1,682.578125,919.030090,0.100000,0.050000,0.000000
25,1,25,0.833333,0,2,748.611938,897.702393,0.150000,0.050000,0.000000
25,1,25,0.833333,0,3,814.583862,877.140991,0.200000,0.050000,0.000000
25,1,25,0.833333,0,4,602.778076,878.627991,0.050000,0.100000,0.000000
25,1,25,0.833333,0,5,671.125732,858.921631,0.100000,0.100000,0.000000
25,1,25,0.833333,0,6,741.040527,838.918335,0.150000,0.100000,0.000000
25,1,25,0.833333,0,7,805.498535,819.584595,0.200000,0.100000,0.000000
25,1,25,0.833333,0,8,590.007080,817.838989,0.050000,0.150000,0.000000
25,1,25,0.833333,0,9,661.915649,798.835938,0.100000,0.150000,0.000000
25,1,25,0.833333,0,10,728.862183,778.996216,0.150000,0.150000,0.000000
25,1,25,0.833333,0,11,797.316650,761.399353,0.200000,0.150000,0.000000
25,1,25,0.833333,0,12,578.639893,755.303040,0.050000,0.200000,0.000000
25,1,25,0.833333,0,13,649.239380,736.265808,0.100000,0.200000,0.000000
25,1,25,0.833333,0,14,721.500366,717.049744,0.150000,0.200000,0.000000
25,1,25,0.833333,0,15,789.927246,700.579346,0.200000,0.200000,0.000000
25,1,25,0.833333,0,16,564.751587,690.509644,0.050000,0.250000,0.000000
25,1,25,0.833333,0,17,639.068359,673.213257,0.100000,0.250000,0.000000
25,1,25,0.833333,0,18,710.236694,654.701416,0.150000,0.250000,0.000000
25,1,25,0.833333,0,19,780.042969,637.908081,0.200000,0.250000,0.000000
25,1,25,0.833333,0,20,552.383545,625.479614,0.050000,0.300000,0.000000
25,1,25,0.833333,0,21,626.406860,607.151978,0.100000,0.300000,0.000000
25,1,25,0.833333,0,22,700.465332,590.056274,0.150000,0.300000,0.000000
25,1,25,0.833333,0,23,770.520996,573.707581,0.200000,0.300000,0.000000
30,1,30,1.000000,0,0,617.450195,936.528931,0.050000,0.050000,0.000000
30,1,30,1.000000,0,1,685.735352,916.662720,0.100000,0.050000,0.000000
30,1,30,1.000000,0,2,750.106079,896.960815,0.150000,0.050000,0.000000
30,1,30,1.000000,0,3,816.540161,877.470032,0.200000,0.050000,0.000000
30,1,30,1.000000,0,4,603.854248,877.267822,0.050000,0.100000,0.000000
30,1,30,1.000000,0,5,674.808472,857.979126,0.100000,0.100000,0.000000
30,1,30,1.000000,0,6,742.050659,839.145386,0.150000,0.100000,0.000000
30,1,30,1.000000,0,7,807.976562,819.431824,0.200000,0.100000,0.000000
30,1,30,1.000000,0,8,590.815918,815.387451,0.050000,0.150000,0.000000
30,1,30,1.000000,0,9,663.649292,797.379700,0.100000,0.150000,0.000000
30,1,30,1.000000,0,10,731.943481,778.260254,0.150000,0.150000,0.000000
30,1,30,1.000000,0,11,799.451050,759.950928,0.200000,0.150000,0.000000
30,1,30,1.000000,0,12,581.032959,751.874207,0.050000,0.200000,0.000000
30,1,30,1.000000,0,13,653.504272,735.254578,0.100000,0.200000,0.000000
30,1,30,1.000000,0,14,722.897461,717.014221,0.150000,0.200000,0.000000
30,1,30,1.000000,0,15,792.313721,699.950012,0.200000,0.200000,0.000000
30,1,30,1.000000,0,16,568.434204,688.498047,0.050000,0.250000,0.000000
30,1,30,1.000000,0,17,640.567261,671.653137,0.100000,0.250000,0.000000
30,1,30,1.000000,0,18,711.439453,653.120728,0.150000,0.250000,0.000000
30,1,30,1.000000,0,19,782.449219,635.677979,0.200000,0.250000,0.000000
30,1,30,1.000000,0,20,554.442139,622.131775,0.050000,0.300000,0.000000
30,1,30,1.000000,0,21,631.164062,605.357178,0.100000,0.300000,0.000000
30,1,30,1.000000,0,22,700.672729,590.526245,0.150000,0.300000,0.000000
30,1,30,1.000000,0,23,772.317749,572.095764,0.200000,0.300000,0.000000
35,1,35,1.166667,0,0,618.720581,933.815857,0.050000,0.050000,0.000000
35,1,35,1.166667,0,1,690.040894,914.657471,0.100000,0.050000,0.000000
35,1,35,1.166667,0,2,757.959473,895.426819,0.150000,0.050000,0.000000
35,1,35,1.166667,0,3,821.658813,873.927002,0.200000,0.050000,0.000000
35,1,35,1.166667,0,4,607.703369,873.748840,0.050000,0.100000,0.000000
35,1,35,1.166667,0,5,677.906006,854.326172,0.100000,0.100000,0.000000
35,1,35,1.166667,0,6,746.300171,834.979370,0.150000,0.100000,0.000000
35,1,35,1.166667,0,7,809.817505,814.757812,0.200000,0.100000,0.000000
35,1,35,1.166667,0,8,596.578247,811.590881,0.050000,0.150000,0.000000
35,1,35,1.166667,0,9,666.933105,792.493164,0.100000,0.150000,0.000000
35,1,35,1.166667,0,10,733.203857,772.160278,0.150000,0.150000,0.000000
35,1,35,1.166667,0,11,801.883667,755.231812,0.200000,0.150000,0.000000
35,1,35,1.166667,0,12,582.287354,746.753662,0.050000,0.200000,0.000000
35,1,35,1.166667,0,13,652.862061,728.537292,0.100000,0.200000,0.000000
35,1,35,1.166667,0,14,723.885742,710.833801,0.150000,0.200000,0.000000
35,1,35,1.166667,0,15,792.673218,692.896545,0.200000,0.200000,0.000000
35,1,35,1.166667,0,16,567.132324,681.498535,0.050000,0.250000,0.000000
35,1,35,1.166667,0,17,641.825317,663.680969,0.100000,0.250000,0.000000
35,1,35,1.166667,0,18,712.348267,646.039673,0.150000,0.250000,0.000000
35,1,35,1.166667,0,19,782.155273,629.508850,0.200000,0.250000,0.000000
35,1,35,1.166667,0,20,554.176880,614.727112,0.050000,0.300000,0.000000
35,1,35,1.166667,0,21,630.117676,597.726379,0.100000,0.300000,0.000000
35,1,35,1.166667,0,22,701.285522,581.167419,0.150000,0.300000,0.000000
35,1,35,1.166667,0,23,773.486694,565.237183,0.200000,0.300000,0.000000
40,1,40,1.333333,0,0,621.783203,924.854797,0.050000,0.050000,0.000000
40,1,40,1.333333,0,1,691.997681,905.295349,0.100000,0.050000,0.000000
40,1,40,1.333333,0,2,759.870605,885.578125,0.150000,0.050000,0.000000
40,1,40,1.333333,0,3,823.617310,864.574951,0.200000,0.050000,0.000000
40,1,40,1.333333,0,4,610.159058,863.042603,0.050000,0.100000,0.000000
40,1,40,1.333333,0,5,679.151123,843.896484,0.100000,0.100000,0.000000
40,1,40,1.333333,0,6,748.745361,823.931152,0.150000,0.100000,0.000000
40,1,40,1.333333,0,7,813.282959,805.007385,0.200000,0.100000,0.000000
40,1,40,1.333333,0,8,596.339966,800.275574,0.050000,0.150000,0.000000
40,1,40,1.333333,0,9,668.737305,781.748108,0.100000,0.150000,0.000000
40,1,40,1.333333,0,10,736.105713,762.411499,0.150000,0.150000,0.000000
40,1,40,1.333333,0,11,804.009521,744.519592,0.200000,0.150000,0.000000
40,1,40,1.333333,0,12,583.454468,735.639160,0.050000,0.200000,0.000000
40,1,40,1.333333,0,13,655.480957,717.789246,0.100000,0.200000,0.000000
40,1,40,1.333333,0,14,725.730835,700.201660,0.150000,0.200000,0.000000
40,1,40,1.333333,0,15,793.327637,681.725525,0.200000,0.200000,0.000000
40,1,40,1.333333,0,16,569.505737,670.251831,0.050000,0.250000,0.000000
40,1,40,1.333333,0,17,643.191528,652.766235,0.100000,0.250000,0.000000
40,1,40,1.333333,0,18,714.933105,635.157776,0.150000,0.250000,0.000000
40,1,40,1.333333,0,19,783.664673,617.541321,0.200000,0.250000,0.000000
40,1,40,1.333333,0,20,555.473755,602.902039,0.050000,0.300000,0.000000
40,1,40,1.333333,0,21,630.129272,585.565552,0.100000,0.300000,0.000000
40,1,40,1.333333,0,22,702.815430,568.685669,0.150000,0.300000,0.000000
40,1,40,1.333333,0,23,772.227051,552.478271,0.200000,0.300000,0.000000
45,1,45,1.500000,0,0,626.170654,908.170044,0.050000,0.050000,0.000000
45,1,45,1.500000,0,1,695.092896,891.518616,0.100000,0.050000,0.000000
45,1,45,1.500000,0,2,761.919067,869.099182,0.150000,0.050000,0.000000
45,1,45,1.500000,0,3,827.874634,848.701965,0.200000,0.050000,0.000000
45,1,45,1.500000,0,6,751.498169,808.779846,0.150000,0.100000,0.000000
45,1,45,1.500000,0,7,817.023071,787.883606,0.200000,0.100000,0.000000
45,1,45,1.500000,0,10,740.348877,744.802490,0.150000,0.150000,0.000000
45,1,45,1.500000,0,11,807.053955,726.600159,0.200000,0.150000,0.000000
45,1,45,1.500000,0,12,586.876465,716.705444,0.050000,0.200000,0.000000
45,1,45,1.500000,0,13,658.598511,698.373779,0.100000,0.200000,0.000000
45,1,45,1.500000,0,14,728.758423,680.073608,0.150000,0.200000,0.000000
45,1,45,1.500000,0,15,796.133179,663.072937,0.200000,0.200000,0.000000
45,1,45,1.500000,0,16,572.365479,649.921631,0.050000,0.250000,0.000000
45,1,45,1.500000,0,17,645.420044,632.955139,0.100000,0.250000,0.000000
45,1,45,1.500000,0,18,716.046387,614.949585,0.150000,0.250000,0.000000
45,1,45,1.500000,0,19,785.151855,599.012878,0.200000,0.250000,0.000000
45,1,45,1.500000,0,20,557.883179,582.583435,0.050000,0.300000,0.000000
45,1,45,1.500000,0,21,632.220947,564.914185,0.100000,0.300000,0.000000
45,1,45,1.500000,0,22,704.914917,547.211548,0.150000,0.300000,0.000000
45,1,45,1.500000,0,23,774.587524,532.656738,0.200000,0.300000,0.000000
50,1,50,1.666667,0,2,763.960571,857.236206,0.150000,0.050000,0.000000
50,1,50,1.666667,0,3,828.008667,836.976196,0.200000,0.050000,0.000000
50,1,50,1.666667,0,4,613.893066,833.762573,0.050000,0.100000,0.000000
50,1,50,1.666667,0,5,683.410400,815.206360,0.100000,0.100000,0.000000
50,1,50,1.666667,0,6,751.332397,795.805115,0.150000,0.100000,0.000000
50,1,50,1.666667,0,7,817.612549,775.863831,0.200000,0.100000,0.000000
50,1,50,1.666667,0,8,599.917358,769.647888,0.050000,0.150000,0.000000
50,1,50,1.666667,0,9,671.202026,751.004700,0.100000,0.150000,0.000000
50,1,50,1.666667,0,10,740.697754,732.197815,0.150000,0.150000,0.000000
50,1,50,1.666667,0,11,806.343872,713.365295,0.200000,0.150000,0.000000
50,1,50,1.666667,0,12,586.112305,704.368042,0.050000,0.200000,0.000000
50,1,50,1.666667,0,13,658.155396,685.987915,0.100000,0.200000,0.000000
50,1,50,1.666667,0,14,727.705078,668.189453,0.150000,0.200000,0.000000
50,1,50,1.666667,0,15,794.302734,649.452393,0.200000,0.200000,0.000000
50,1,50,1.666667,0,16,572.101440,637.162292,0.050000,0.250000,0.000000
50,1,50,1.666667,0,17,644.288818,619.502380,0.100000,0.250000,0.000000
50,1,50,1.666667,0,18,714.856079,601.928833,0.150000,0.250000,0.000000
50,1,50,1.666667,0,19,783.793579,585.069763,0.200000,0.250000,0.000000
50,1,50,1.666667,0,20,556.753662,568.985657,0.050000,0.300000,0.000000
50,1,50,1.666667,0,21,629.987671,550.833557,0.100000,0.300000,0.000000
50,1,50,1.666667,0,22,702.972656,534.551147,0.150000,0.300000,0.000000
50,1,50,1.666667,0,23,772.702393,519.126221,0.200000,0.300000,0.000000
55,1,55,1.833333,0,0,625.333618,888.113281,0.050000,0.050000,0.000000
55,1,55,1.833333,0,1,694.481079,872.006104,0.100000,0.050000,0.000000
55,1,55,1.833333,0,2,759.777100,849.034607,0.150000,0.050000,0.000000
55,1,55,1.833333,0,3,826.193604,829.251038,0.200000,0.050000,0.000000
55,1,55,1.833333,0,4,613.466797,825.619080,0.050000,0.100000,0.000000
55,1,55,1.833333,0,5,680.827515,806.846985,0.100000,0.100000,0.000000
55,1,55,1.833333,0,6,749.530029,789.369507,0.150000,0.100000,0.000000
55,1,55,1.833333,0,7,813.507935,767.793884,0.200000,0.100000,0.000000
55,1,55,1.833333,0,8,599.356201,762.691956,0.050000,0.150000,0.000000
55,1,55,1.833333,0,9,670.302124,743.787048,0.100000,0.150000,0.000000
55,1,55,1.833333,0,10,737.581787,724.884155,0.150000,0.150000,0.000000
55,1,55,1.833333,0,11,805.545288,705.998779,0.200000,0.150000,0.000000
55,1,55,1.833333,0,12,585.309082,697.634460,0.050000,0.200000,0.000000
55,1,55,1.833333,0,13,655.008545,678.693848,0.100000,0.200000,0.000000
55,1,55,1.833333,0,14,725.811279,661.826660,0.150000,0.200000,0.000000
55,1,55,1.833333,0,15,794.063110,643.576538,0.200000,0.200000,0.000000
55,1,55,1.833333,0,16,569.632935,630.377991,0.050000,0.250000,0.000000
55,1,55,1.833333,0,17,643.269409,613.185486,0.100000,0.250000,0.000000
55,1,55,1.833333,0,18,712.524048,595.243713,0.150000,0.250000,0.000000
55,1,55,1.833333,0,19,781.561768,580.149292,0.200000,0.250000,0.000000
55,1,55,1.833333,0,20,555.665283,563.219482,0.050000,0.300000,0.000000
55,1,55,1.833333,0,21,630.416992,545.543823,0.100000,0.300000,0.000000
55,1,55,1.833333,0,22,700.443726,529.476074,0.150000,0.300000,0.000000
55,1,55,1.833333,0,23,770.431763,512.617188,0.200000,0.300000,0.000000
60,1,60,2.000000,0,0,624.907837,881.534058,0.050000,0.050000,0.000000
60,1,60,2.000000,0,1,695.218262,863.912537,0.100000,0.050000,0.000000
60,1,60,2.000000,0,2,762.831665,844.039246,0.150000,0.050000,0.000000
60,1,60,2.000000,0,3,825.514038,824.122437,0.200000,0.050000,0.000000
60,1,60,2.000000,0,4,612.806274,821.010071,0.050000,0.100000,0.000000
60,1,60,2.000000,0,5,681.862793,800.820251,0.100000,0.100000,0.000000
60,1,60,2.000000,0,6,749.324463,783.750061,0.150000,0.100000,0.000000
60,1,60,2.000000,0,7,815.644043,762.892700,0.200000,0.100000,0.000000
60,1,60,2.000000,0,8,597.937134,755.976746,0.050000,0.150000,0.000000
60,1,60,2.000000,0,9,670.129639,738.388611,0.100000,0.150000,0.000000
60,1,60,2.000000,0,10,736.601196,718.613281,0.150000,0.150000,0.000000
60,1,60,2.000000,0,11,803.644775,702.712097,0.200000,0.150000,0.000000
60,1,60,2.000000,0,12,585.356812,692.281555,0.050000,0.200000,0.000000
60,1,60,2.000000,0,13,656.358154,672.969727,0.100000,0.200000,0.000000
60,1,60,2.000000,0,14,725.681274,656.637512,0.150000,0.200000,0.000000
60,1,60,2.000000,0,15,793.395508,637.762024,0.200000,0.200000,0.000000
60,1,60,2.000000,0,16,570.032349,623.999390,0.050000,0.250000,0.000000
60,1,60,2.000000,0,17,643.256714,607.784912,0.100000,0.250000,0.000000
60,1,60,2.000000,0,18,714.866577,590.362061,0.150000,0.250000,0.000000
60,1,60,2.000000,0,19,781.767212,573.734192,0.200000,0.250000,0.000000
60,1,60,2.000000,0,20,556.080688,557.154724,0.050000,0.300000,0.000000
60,1,60,2.000000,0,21,630.408813,539.588989,0.100000,0.300000,0.000000
60,1,60,2.000000,0,22,701.780884,522.683533,0.150000,0.300000,0.000000
60,1,60,2.000000,0,23,770.804077,507.383453,0.200000,0.300000,0.000000
65,1,65,2.166667,0,0,630.437134,877.757690,0.050000,0.050000,0.000000
65,1,65,2.166667,0,1,698.427368,860.602356,0.100000,0.050000,0.000000
65,1,65,2.166667,0,2,765.615967,839.531067,0.150000,0.050000,0.000000
65,1,65,2.166667,0,3,828.647949,820.203918,0.200000,0.050000,0.000000
65,1,65,2.166667,0,4,617.396973,815.751526,0.050000,0.100000,0.000000
65,1,65,2.166667,0,5,687.189087,797.337708,0.100000,0.100000,0.000000
65,1,65,2.166667,0,8,602.729858,752.296814,0.050000,0.150000,0.000000
65,1,65,2.166667,0,9,673.714600,734.508118,0.100000,0.150000,0.000000
65,1,65,2.166667,0,12,589.157593,689.029602,0.050000,0.200000,0.000000
65,1,65,2.166667,0,13,661.398804,669.483887,0.100000,0.200000,0.000000
65,1,65,2.166667,0,14,729.982422,651.709961,0.150000,0.200000,0.000000
65,1,65,2.166667,0,15,797.673340,634.589600,0.200000,0.200000,0.000000
65,1,65,2.166667,0,16,574.534790,620.633118,0.050000,0.250000,0.000000
65,1,65,2.166667,0,17,648.089722,602.893616,0.100000,0.250000,0.000000
65,1,65,2.166667,0,18,717.372681,586.169983,0.150000,0.250000,0.000000
65,1,65,2.166667,0,19,785.529907,569.673401,0.200000,0.250000,0.000000
65,1,65,2.166667,0,20,560.810669,552.596130,0.050000,0.300000,0.000000
65,1,65,2.166667,0,21,633.845459,535.640076,0.100000,0.300000,0.000000
65,1,65,2.166667,0,22,704.785400,520.195007,0.150000,0.300000,0.000000
65,1,65,2.166667,0,23,774.311157,503.695038,0.200000,0.300000,0.000000
70,1,70,2.333333,0,0,631.232178,875.197388,0.050000,0.050000,0.000000
70,1,70,2.333333,0,1,700.429810,857.244080,0.100000,0.050000,0.000000
70,1,70,2.333333,0,2,765.939697,837.405457,0.150000,0.050000,0.000000
70,1,70,2.333333,0,3,830.979126,817.461426,0.200000,0.050000,0.000000
70,1,70,2.333333,0,4,619.107910,812.477783,0.050000,0.100000,0.000000
70,1,70,2.333333,0,5,688.066528,795.332947,0.100000,0.100000,0.000000
70,1,70,2.333333,0,6,755.892456,776.011414,0.150000,0.100000,0.000000
70,1,70,2.333333,0,7,820.962158,757.717590,0.200000,0.100000,0.000000
70,1,70,2.333333,0,8,605.123169,750.088440,0.050000,0.150000,0.000000
70,1,70,2.333333,0,9,675.815186,732.098389,0.100000,0.150000,0.000000
70,1,70,2.333333,0,10,744.284668,713.808044,0.150000,0.150000,0.000000
70,1,70,2.333333,0,11,810.326904,695.294800,0.200000,0.150000,0.000000
70,1,70,2.333333,0,12,591.415283,685.194885,0.050000,0.200000,0.000000
70,1,70,2.333333,0,13,662.465576,666.984131,0.100000,0.200000,0.000000
70,1,70,2.333333,0,14,731.675049,649.854187,0.150000,0.200000,0.000000
70,1,70,2.333333,0,15,800.070679,632.870483,0.200000,0.200000,0.000000
70,1,70,2.333333,0,16,577.331909,618.416199,0.050000,0.250000,0.000000
70,1,70,2.333333,0,17,649.760254,601.241394,0.100000,0.250000,0.000000
70,1,70,2.333333,0,18,719.473022,584.300293,0.150000,0.250000,0.000000
70,1,70,2.333333,0,19,788.296387,568.035889,0.200000,0.250000,0.000000
70,1,70,2.333333,0,20,562.722534,550.656494,0.050000,0.300000,0.000000
70,1,70,2.333333,0,21,636.370605,533.694458,0.100000,0.300000,0.000000
70,1,70,2.333333,0,22,707.774780,517.629089,0.150000,0.300000,0.000000
70,1,70,2.333333,0,23,776.186646,501.881134,0.200000,0.300000,0.000000
75,1,75,2.500000,0,1,706.877686,844.128845,0.100000,0.050000,0.000000
75,1,75,2.500000,0,2,774.411011,825.620911,0.150000,0.050000,0.000000
75,1,75,2.500000,0,3,837.561646,806.172974,0.200000,0.050000,0.000000
75,1,75,2.500000,0,12,598.484619,672.589905,0.050000,0.200000,0.000000
75,1,75,2.500000,0,13,671.151001,656.292847,0.100000,0.200000,0.000000
75,1,75,2.500000,0,14,740.008545,638.111633,0.150000,0.200000,0.000000
75,1,75,2.500000,0,15,807.311401,620.884521,0.200000,0.200000,0.000000
75,1,75,2.500000,0,16,583.844727,606.341797,0.050000,0.250000,0.000000
75,1,75,2.500000,0,17,656.793213,590.526489,0.100000,0.250000,0.000000
75,1,75,2.500000,0,18,727.434937,572.644531,0.150000,0.250000,0.000000
75,1,75,2.500000,0,19,796.927612,557.431091,0.200000,0.250000,0.000000
75,1,75,2.500000,0,20,569.790161,539.484009,0.050000,0.300000,0.000000
75,1,75,2.500000,0,21,642.616089,521.682556,0.100000,0.300000,0.000000
75,1,75,2.500000,0,22,716.557129,505.251343,0.150000,0.300000,0.000000
75,1,75,2.500000,0,23,784.505981,490.054932,0.200000,0.300000,0.000000
80,1,80,2.666667,0,0,640.453613,846.442627,0.050000,0.050000,0.000000
80,1,80,2.666667,0,1,708.394165,828.696960,0.100000,0.050000,0.000000
80,1,80,2.666667,0,2,775.495239,809.574097,0.150000,0.050000,0.000000
80,1,80,2.666667,0,3,839.572998,791.924255,0.200000,0.050000,0.000000
80,1,80,2.666667,0,6,765.134766,749.106140,0.150000,0.100000,0.000000
80,1,80,2.666667,0,7,830.393921,730.106079,0.200000,0.100000,0.000000
80,1,80,2.666667,0,10,753.539795,685.527954,0.150000,0.150000,0.000000
80,1,80,2.666667,0,11,820.525879,670.443909,0.200000,0.150000,0.000000
80,1,80,2.666667,0,12,601.882080,654.945801,0.050000,0.200000,0.000000
80,1,80,2.666667,0,13,671.576538,638.388123,0.100000,0.200000,0.000000
80,1,80,2.666667,0,14,743.970337,621.393372,0.150000,0.200000,0.000000
80,1,80,2.666667,0,15,809.743652,604.902649,0.200000,0.200000,0.000000
80,1,80,2.666667,0,16,586.912354,588.379333,0.050000,0.250000,0.000000
80,1,80,2.666667,0,17,661.115601,573.409424,0.100000,0.250000,0.000000
80,1,80,2.666667,0,18,732.805420,556.378174,0.150000,0.250000,0.000000
80,1,80,2.666667,0,19,801.448730,540.939575,0.200000,0.250000,0.000000
80,1,80,2.666667,0,20,573.572876,520.720459,0.050000,0.300000,0.000000
80,1,80,2.666667,0,21,649.108276,505.222748,0.100000,0.300000,0.000000
80,1,80,2.666667,0,22,720.274170,490.470459,0.150000,0.300000,0.000000
80,1,80,2.666667,0,23,791.414307,474.642181,0.200000,0.300000,0.000000
85,1,85,2.833333,0,0,631.064087,829.718079,0.050000,0.050000,0.000000
85,1,85,2.833333,0,1,700.477661,811.803284,0.100000,0.050000,0.000000
85,1,85,2.833333,0,2,767.821411,794.982361,0.150000,0.050000,0.000000
85,1,85,2.833333,0,6,757.113647,734.903809,0.150000,0.100000,0.000000
85,1,85,2.833333,0,10,747.196899,671.383423,0.150000,0.150000,0.000000
85,1,85,2.833333,0,11,814.430786,654.528809,0.200000,0.150000,0.000000
85,1,85,2.833333,0,12,594.278687,640.657593,0.050000,0.200000,0.000000
85,1,85,2.833333,0,13,666.156982,624.426758,0.100000,0.200000,0.000000
85,1,85,2.833333,0,14,736.688843,608.615417,0.150000,0.200000,0.000000
85,1,85,2.833333,0,15,804.226929,591.712219,0.200000,0.200000,0.000000
85,1,85,2.833333,0,16,581.045044,574.526489,0.050000,0.250000,0.000000
85,1,85,2.833333,0,17,654.586914,558.738281,0.100000,0.250000,0.000000
85,1,85,2.833333,0,18,725.046753,542.064026,0.150000,0.250000,0.000000
85,1,85,2.833333,0,19,795.925049,527.234802,0.200000,0.250000,0.000000
85,1,85,2.833333,0,20,567.694092,506.242157,0.050000,0.300000,0.000000
85,1,85,2.833333,0,21,642.407837,490.859772,0.100000,0.300000,0.000000
85,1,85,2.833333,0,22,715.239746,475.627808,0.150000,0.300000,0.000000
85,1,85,2.833333,0,23,785.003906,460.829346,0.200000,0.300000,0.000000
90,1,90,3.000000,0,0,606.178345,820.036499,0.050000,0.050000,0.000000
90,1,90,3.000000,0,1,675.997681,804.434021,0.100000,0.050000,0.000000
90,1,90,3.000000,0,2,745.820679,787.302002,0.150000,0.050000,0.000000
90,1,90,3.000000,0,3,806.858887,769.794739,0.200000,0.050000,0.000000
90,1,90,3.000000,0,6,732.324829,728.100281,0.150000,0.100000,0.000000
90,1,90,3.000000,0,7,798.150757,708.906006,0.200000,0.100000,0.000000
90,1,90,3.000000,0,11,790.149170,647.291138,0.200000,0.150000,0.000000
90,1,90,3.000000,0,12,570.652710,634.454651,0.050000,0.200000,0.000000
90,1,90,3.000000,0,15,778.828979,585.154724,0.200000,0.200000,0.000000
90,1,90,3.000000,0,16,558.673706,567.709717,0.050000,0.250000,0.000000
90,1,90,3.000000,0,17,631.057373,553.135193,0.100000,0.250000,0.000000
90,1,90,3.000000,0,18,699.734009,536.375122,0.150000,0.250000,0.000000
90,1,90,3.000000,0,19,771.719604,521.625427,0.200000,0.250000,0.000000
90,1,90,3.000000,0,20,544.669434,500.586212,0.050000,0.300000,0.000000
90,1,90,3.000000,0,21,618.722900,485.096222,0.100000,0.300000,0.000000
90,1,90,3.000000,0,22,692.408813,469.581055,0.150000,0.300000,0.000000
90,1,90,3.000000,0,23,759.962402,456.182373,0.200000,0.300000,0.000000
95,1,95,3.166667,0,2,720.878540,780.301147,0.150000,0.050000,0.000000
95,1,95,3.166667,0,3,784.543579,761.409485,0.200000,0.050000,0.000000
95,1,95,3.166667,0,6,711.392212,719.520386,0.150000,0.100000,0.000000
95,1,95,3.166667,0,7,773.784424,703.266968,0.200000,0.100000,0.000000
95,1,95,3.166667,0,11,767.292358,642.943787,0.200000,0.150000,0.000000
95,1,95,3.166667,0,12,550.462158,629.540833,0.050000,0.200000,0.000000
95,1,95,3.166667,0,15,757.659912,582.908447,0.200000,0.200000,0.000000
95,1,95,3.166667,0,16,537.183594,564.284363,0.050000,0.250000,0.000000
95,1,95,3.166667,0,17,610.496826,549.177612,0.100000,0.250000,0.000000
95,1,95,3.166667,0,18,678.963501,534.247925,0.150000,0.250000,0.000000
95,1,95,3.166667,0,19,748.188477,519.620544,0.200000,0.250000,0.000000
95,1,95,3.166667,0,20,525.635376,496.616821,0.050000,0.300000,0.000000
95,1,95,3.166667,0,21,598.091919,483.705200,0.100000,0.300000,0.000000
95,1,95,3.166667,0,22,668.769897,469.957916,0.150000,0.300000,0.000000
95,1,95,3.166667,0,23,737.344604,454.602692,0.200000,0.300000,0.000000
100,1,100,3.333333,0,0,574.854614,805.197388,0.050000,0.050000,0.000000
100,1,100,3.333333,0,1,643.545654,788.916260,0.100000,0.050000,0.000000
100,1,100,3.333333,0,2,708.579834,771.818237,0.150000,0.050000,0.000000
100,1,100,3.333333,0,3,771.683472,752.965088,0.200000,0.050000,0.000000
100,1,100,3.333333,0,4,563.524170,746.978638,0.050000,0.100000,0.000000
100,1,100,3.333333,0,5,632.890137,730.382141,0.100000,0.100000,0.000000
100,1,100,3.333333,0,6,698.135742,713.142395,0.150000,0.100000,0.000000
100,1,100,3.333333,0,7,762.981689,696.113831,0.200000,0.100000,0.000000
100,1,100,3.333333,0,8,551.014404,685.400879,0.050000,0.150000,0.000000
100,1,100,3.333333,0,9,620.683960,669.189636,0.100000,0.150000,0.000000
100,1,100,3.333333,0,10,688.886230,653.415100,0.150000,0.150000,0.000000
100,1,100,3.333333,0,11,753.785400,635.960449,0.200000,0.150000,0.000000
100,1,100,3.333333,0,12,538.187744,623.544983,0.050000,0.200000,0.000000
100,1,100,3.333333,0,13,608.532104,606.972290,0.100000,0.200000,0.000000
100,1,100,3.333333,0,14,677.375366,591.747437,0.150000,0.200000,0.000000
100,1,100,3.333333,0,15,744.337891,576.002808,0.200000,0.200000,0.000000
100,1,100,3.333333,0,16,525.644165,558.530640,0.050000,0.250000,0.000000
100,1,100,3.333333,0,17,596.614014,543.651794,0.100000,0.250000,0.000000
100,1,100,3.333333,0,18,665.691772,527.732849,0.150000,0.250000,0.000000
100,1,100,3.333333,0,19,734.222534,513.224854,0.200000,0.250000,0.000000
100,1,100,3.333333,0,20,511.851807,492.311951,0.050000,0.300000,0.000000
100,1,100,3.333333,0,21,584.218994,477.641388,0.100000,0.300000,0.000000
100,1,100,3.333333,0,22,654.817383,463.958435,0.150000,0.300000,0.000000
100,1,100,3.333333,0,23,723.123047,449.134064,0.200000,0.300000,0.000000
105,1,105,3.500000,0,0,582.347168,808.690247,0.050000,0.050000,0.000000
105,1,105,3.500000,0,1,647.746826,791.959900,0.100000,0.050000,0.000000
105,1,105,3.500000,0,2,711.643677,772.843567,0.150000,0.050000,0.000000
105,1,105,3.500000,0,3,777.169556,753.528992,0.200000,0.050000,0.000000
105,1,105,3.500000,0,4,569.024048,747.695190,0.050000,0.100000,0.000000
105,1,105,3.500000,0,5,637.168579,732.195618,0.100000,0.100000,0.000000
105,1,105,3.500000,0,6,703.097656,713.544250,0.150000,0.100000,0.000000
105,1,105,3.500000,0,7,766.746216,697.452332,0.200000,0.100000,0.000000
105,1,105,3.500000,0,8,554.523926,687.487915,0.050000,0.150000,0.000000
105,1,105,3.500000,0,9,624.896606,670.065796,0.100000,0.150000,0.000000
105,1,105,3.500000,0,10,691.175537,654.081055,0.150000,0.150000,0.000000
105,1,105,3.500000,0,11,756.453369,638.021118,0.200000,0.150000,0.000000
105,1,105,3.500000,0,12,540.835693,626.157227,0.050000,0.200000,0.000000
105,1,105,3.500000,0,13,611.481323,608.912598,0.100000,0.200000,0.000000
105,1,105,3.500000,0,14,680.313721,592.355103,0.150000,0.200000,0.000000
105,1,105,3.500000,0,15,746.071533,576.796875,0.200000,0.200000,0.000000
105,1,105,3.500000,0,16,526.362183,560.359497,0.050000,0.250000,0.000000
105,1,105,3.500000,0,17,598.593628,545.101746,0.100000,0.250000,0.000000
105,1,105,3.500000,0,18,669.691772,530.004944,0.150000,0.250000,0.000000
105,1,105,3.500000,0,19,736.111816,513.408325,0.200000,0.250000,0.000000
105,1,105,3.500000,0,20,513.658203,493.827789,0.050000,0.300000,0.000000
105,1,105,3.500000,0,21,586.441528,479.506165,0.100000,0.300000,0.000000
105,1,105,3.500000,0,22,656.525269,463.786072,0.150000,0.300000,0.000000
105,1,105,3.500000,0,23,724.272827,449.957275,0.200000,0.300000,0.000000
150,1,150,5.000000,0,6,1138.240417,622.205200,0.150000,0.100000,0.000000
155,1,155,5.166667,0,0,1034.719482,647.231750,0.050000,0.050000,0.000000
155,1,155,5.166667,0,1,1097.471680,661.412048,0.100000,0.050000,0.000000
155,1,155,5.166667,0,2,1156.795166,672.496521,0.150000,0.050000,0.000000
155,1,155,5.166667,0,3,1217.838379,683.480774,0.200000,0.050000,0.000000
155,1,155,5.166667,0,4,1045.640076,598.352783,0.050000,0.100000,0.000000
155,1,155,5.166667,0,5,1106.500488,612.159668,0.100000,0.100000,0.000000
155,1,155,5.166667,0,6,1169.397034,622.597595,0.150000,0.100000,0.000000
155,1,155,5.166667,0,7,1230.361328,632.713623,0.200000,0.100000,0.000000
155,1,155,5.166667,0,8,1053.105896,546.389343,0.050000,0.150000,0.000000
155,1,155,5.166667,0,11,1242.542480,582.928894,0.200000,0.150000,0.000000
155,1,155,5.166667,0,12,1063.099548,493.643341,0.050000,0.200000,0.000000
155,1,155,5.166667,0,15,1256.984497,528.478210,0.200000,0.200000,0.000000
155,1,155,5.166667,0,16,1074.263977,438.456299,0.050000,0.250000,0.000000
155,1,155,5.166667,0,17,1137.412964,449.891846,0.100000,0.250000,0.000000
155,1,155,5.166667,0,18,1204.989075,461.687744,0.150000,0.250000,0.000000
155,1,155,5.166667,0,19,1270.580017,473.599304,0.200000,0.250000,0.000000
155,1,155,5.166667,0,20,1084.352539,378.955902,0.050000,0.300000,0.000000
155,1,155,5.166667,0,21,1151.383484,392.083069,0.100000,0.300000,0.000000
155,1,155,5.166667,0,22,1217.236328,403.776337,0.150000,0.300000,0.000000
155,1,155,5.166667,0,23,1285.531311,415.797821,0.200000,0.300000,0.000000
160,1,160,5.333333,0,0,1052.545471,645.594971,0.050000,0.050000,0.000000
160,1,160,5.333333,0,1,1112.651489,660.289856,0.100000,0.050000,0.000000
160,1,160,5.333333,0,2,1173.447266,674.409485,0.150000,0.050000,0.000000
160,1,160,5.333333,0,4,1063.753967,595.247375,0.050000,0.100000,0.000000
160,1,160,5.333333,0,5,1122.608826,609.968628,0.100000,0.100000,0.000000
160,1,160,5.333333,0,6,1184.614685,624.140808,0.150000,0.100000,0.000000
160,1,160,5.333333,0,7,1247.139099,636.457336,0.200000,0.100000,0.000000
160,1,160,5.333333,0,8,1071.784485,543.512756,0.050000,0.150000,0.000000
160,1,160,5.333333,0,9,1134.478210,558.709778,0.100000,0.150000,0.000000
160,1,160,5.333333,0,10,1197.691956,571.504578,0.150000,0.150000,0.000000
160,1,160,5.333333,0,11,1261.605469,585.350281,0.200000,0.150000,0.000000
160,1,160,5.333333,0,12,1083.527527,490.670013,0.050000,0.200000,0.000000
160,1,160,5.333333,0,13,1146.518677,504.606659,0.100000,0.200000,0.000000
160,1,160,5.333333,0,14,1211.063721,518.622437,0.150000,0.200000,0.000000
160,1,160,5.333333,0,15,1275.649536,531.795837,0.200000,0.200000,0.000000
160,1,160,5.333333,0,16,1094.337708,435.046478,0.050000,0.250000,0.000000
160,1,160,5.333333,0,17,1160.225525,449.298096,0.100000,0.250000,0.000000
160,1,160,5.333333,0,18,1224.973389,463.518372,0.150000,0.250000,0.000000
160,1,160,5.333333,0,19,1292.356689,476.793823,0.200000,0.250000,0.000000
160,1,160,5.333333,0,20,1106.486877,376.922058,0.050000,0.300000,0.000000
160,1,160,5.333333,0,21,1172.666626,391.767120,0.100000,0.300000,0.000000
160,1,160,5.333333,0,22,1239.067505,405.433655,0.150000,0.300000,0.000000
160,1,160,5.333333,0,23,1306.730896,420.168457,0.200000,0.300000,0.000000
165,1,165,5.500000,0,0,1065.375671,639.652649,0.050000,0.050000,0.000000
165,1,165,5.500000,0,1,1125.715881,657.398682,0.100000,0.050000,0.000000
165,1,165,5.500000,0,2,1184.394348,672.978333,0.150000,0.050000,0.000000
165,1,165,5.500000,0,3,1246.810242,688.323364,0.200000,0.050000,0.000000
165,1,165,5.500000,0,4,1077.569580,590.943176,0.050000,0.100000,0.000000
165,1,165,5.500000,0,5,1137.081604,608.915527,0.100000,0.100000,0.000000
165,1,165,5.500000,0,6,1198.314819,623.850769,0.150000,0.100000,0.000000
165,1,165,5.500000,0,7,1260.340027,639.912476,0.200000,0.100000,0.000000
165,1,165,5.500000,0,8,1087.909241,540.703003,0.050000,0.150000,0.000000
165,1,165,5.500000,0,9,1148.291870,557.404541,0.100000,0.150000,0.000000
165,1,165,5.500000,0,10,1210.997864,571.751404,0.150000,0.150000,0.000000
165,1,165,5.500000,0,11,1272.809448,589.371033,0.200000,0.150000,0.000000
165,1,165,5.500000,0,12,1100.034058,486.739929,0.050000,0.200000,0.000000
165,1,165,5.500000,0,13,1162.477112,504.135010,0.100000,0.200000,0.000000
165,1,165,5.500000,0,14,1226.843140,519.258667,0.150000,0.200000,0.000000
165,1,165,5.500000,0,15,1289.837524,535.655823,0.200000,0.200000,0.000000
165,1,165,5.500000,0,16,1111.554749,432.324799,0.050000,0.250000,0.000000
165,1,165,5.500000,0,17,1175.781311,448.012787,0.100000,0.250000,0.000000
165,1,165,5.500000,0,18,1239.838440,464.386169,0.150000,0.250000,0.000000
165,1,165,5.500000,0,19,1304.800110,480.880493,0.200000,0.250000,0.000000
165,1,165,5.500000,0,20,1122.627502,374.532471,0.050000,0.300000,0.000000
165,1,165,5.500000,0,21,1188.856506,391.022858,0.100000,0.300000,0.000000
165,1,165,5.500000,0,22,1255.294495,406.805725,0.150000,0.300000,0.000000
165,1,165,5.500000,0,23,1322.177185,422.636169,0.200000,0.300000,0.000000
170,1,170,5.666667,0,0,1072.970581,648.421631,0.050000,0.050000,0.000000
170,1,170,5.666667,0,1,1133.740540,665.652405,0.100000,0.050000,0.000000
170,1,170,5.666667,0,2,1192.551941,681.403381,0.150000,0.050000,0.000000
170,1,170,5.666667,0,3,1254.298340,697.052612,0.200000,0.050000,0.000000
170,1,170,5.666667,0,4,1083.581848,597.742493,0.050000,0.100000,0.000000
170,1,170,5.666667,0,5,1144.326477,614.443970,0.100000,0.100000,0.000000
170,1,170,5.666667,0,6,1204.751343,630.251038,0.150000,0.100000,0.000000
170,1,170,5.666667,0,7,1268.075317,644.747253,0.200000,0.100000,0.000000
170,1,170,5.666667,0,8,1094.380127,544.032593,0.050000,0.150000,0.000000
170,1,170,5.666667,0,9,1156.554260,560.267639,0.100000,0.150000,0.000000
170,1,170,5.666667,0,10,1217.749634,574.669006,0.150000,0.150000,0.000000
170,1,170,5.666667,0,11,1281.137512,592.136108,0.200000,0.150000,0.000000
170,1,170,5.666667,0,12,1105.656067,488.972015,0.050000,0.200000,0.000000
170,1,170,5.666667,0,13,1167.697937,504.250458,0.100000,0.200000,0.000000
170,1,170,5.666667,0,14,1233.502075,519.841980,0.150000,0.200000,0.000000
170,1,170,5.666667,0,15,1296.597778,535.925049,0.200000,0.200000,0.000000
170,1,170,5.666667,0,16,1116.709900,430.595764,0.050000,0.250000,0.000000
170,1,170,5.666667,0,17,1182.112183,447.256866,0.100000,0.250000,0.000000
170,1,170,5.666667,0,18,1246.160034,463.397949,0.150000,0.250000,0.000000
170,1,170,5.666667,0,19,1311.855225,479.170258,0.200000,0.250000,0.000000
170,1,170,5.666667,0,20,1130.800598,371.855408,0.050000,0.300000,0.000000
170,1,170,5.666667,0,21,1195.215210,389.018829,0.100000,0.300000,0.000000
170,1,170,5.666667,0,22,1259.592529,404.212006,0.150000,0.300000,0.000000
170,1,170,5.666667,0,23,1327.981750,419.381073,0.200000,0.300000,0.000000
175,1,175,5.833333,0,0,1073.577332,653.028625,0.050000,0.050000,0.000000
175,1,175,5.833333,0,1,1133.190735,669.287109,0.100000,0.050000,0.000000
175,1,175,5.833333,0,2,1192.716309,684.321960,0.150000,0.050000,0.000000
175,1,175,5.833333,0,3,1254.024353,699.933716,0.200000,0.050000,0.000000
175,1,175,5.833333,0,4,1082.494141,601.397888,0.050000,0.100000,0.000000
175,1,175,5.833333,0,5,1143.128967,617.406128,0.100000,0.100000,0.000000
175,1,175,5.833333,0,6,1205.739197,632.542419,0.150000,0.100000,0.000000
175,1,175,5.833333,0,7,1266.919189,647.548462,0.200000,0.100000,0.000000
175,1,175,5.833333,0,8,1092.461548,547.192383,0.050000,0.150000,0.000000
175,1,175,5.833333,0,9,1154.709473,563.883606,0.100000,0.150000,0.000000
175,1,175,5.833333,0,10,1216.789124,578.830505,0.150000,0.150000,0.000000
175,1,175,5.833333,0,11,1283.282532,593.641113,0.200000,0.150000,0.000000
175,1,175,5.833333,0,12,1104.428650,492.318878,0.050000,0.200000,0.000000
175,1,175,5.833333,0,13,1166.574829,508.700256,0.100000,0.200000,0.000000
175,1,175,5.833333,0,14,1228.681580,524.445618,0.150000,0.200000,0.000000
175,1,175,5.833333,0,15,1294.911865,539.198120,0.200000,0.200000,0.000000
175,1,175,5.833333,0,16,1114.743774,435.436981,0.050000,0.250000,0.000000
175,1,175,5.833333,0,17,1178.418213,451.116486,0.100000,0.250000,0.000000
175,1,175,5.833333,0,18,1243.117310,466.335449,0.150000,0.250000,0.000000
175,1,175,5.833333,0,19,1310.229187,481.834045,0.200000,0.250000,0.000000
175,1,175,5.833333,0,20,1126.939758,375.470947,0.050000,0.300000,0.000000
175,1,175,5.833333,0,21,1191.092590,391.383728,0.100000,0.300000,0.000000
175,1,175,5.833333,0,22,1256.947815,407.069153,0.150000,0.300000,0.000000
175,1,175,5.833333,0,23,1324.699341,422.571625,0.200000,0.300000,0.000000
180,1,180,6.000000,0,0,1072.490295,653.492676,0.050000,0.050000,0.000000
180,1,180,6.000000,0,1,1131.707214,671.504517,0.100000,0.050000,0.000000
180,1,180,6.000000,0,2,1192.359741,686.634705,0.150000,0.050000,0.000000
180,1,180,6.000000,0,3,1253.621216,701.841980,0.200000,0.050000,0.000000
180,1,180,6.000000,0,4,1081.372803,604.392456,0.050000,0.100000,0.000000
180,1,180,6.000000,0,5,1142.278687,620.275818,0.100000,0.100000,0.000000
180,1,180,6.000000,0,6,1204.713135,635.199097,0.150000,0.100000,0.000000
180,1,180,6.000000,0,7,1266.736084,651.165344,0.200000,0.100000,0.000000
180,1,180,6.000000,0,8,1091.788330,551.150513,0.050000,0.150000,0.000000
180,1,180,6.000000,0,9,1153.141724,566.961060,0.100000,0.150000,0.000000
180,1,180,6.000000,0,10,1215.464539,582.127808,0.150000,0.150000,0.000000
180,1,180,6.000000,0,11,1280.337158,597.297485,0.200000,0.150000,0.000000
180,1,180,6.000000,0,12,1101.957275,496.303619,0.050000,0.200000,0.000000
180,1,180,6.000000,0,13,1164.441833,512.434998,0.100000,0.200000,0.000000
180,1,180,6.000000,0,14,1226.980713,527.542419,0.150000,0.200000,0.000000
180,1,180,6.000000,0,15,1292.775879,542.709595,0.200000,0.200000,0.000000
180,1,180,6.000000,0,16,1112.094666,440.118744,0.050000,0.250000,0.000000
180,1,180,6.000000,0,17,1176.209290,454.896912,0.100000,0.250000,0.000000
180,1,180,6.000000,0,18,1241.215576,470.875916,0.150000,0.250000,0.000000
180,1,180,6.000000,0,19,1308.501892,485.643433,0.200000,0.250000,0.000000
180,1,180,6.000000,0,20,1121.969055,381.058289,0.050000,0.300000,0.000000
180,1,180,6.000000,0,21,1188.477051,397.123840,0.100000,0.300000,0.000000
180,1,180,6.000000,0,22,1254.854797,411.338287,0.150000,0.300000,0.000000
180,1,180,6.000000,0,23,1321.470581,426.528534,0.200000,0.300000,0.000000
185,1,185,6.166667,0,0,1067.216553,652.479553,0.050000,0.050000,0.000000
185,1,185,6.166667,0,1,1127.257324,669.870483,0.100000,0.050000,0.000000
185,1,185,6.166667,0,2,1187.580627,685.838989,0.150000,0.050000,0.000000
185,1,185,6.166667,0,3,1249.059937,700.397095,0.200000,0.050000,0.000000
185,1,185,6.166667,0,4,1077.362183,601.535461,0.050000,0.100000,0.000000
185,1,185,6.166667,0,5,1136.568359,617.635071,0.100000,0.100000,0.000000
185,1,185,6.166667,0,6,1198.436890,633.530334,0.150000,0.100000,0.000000
185,1,185,6.166667,0,7,1260.763306,647.542480,0.200000,0.100000,0.000000
185,1,185,6.166667,0,8,1086.263794,548.264893,0.050000,0.150000,0.000000
185,1,185,6.166667,0,9,1149.144470,563.859558,0.100000,0.150000,0.000000
185,1,185,6.166667,0,10,1210.104187,578.729492,0.150000,0.150000,0.000000
185,1,185,6.166667,0,11,1274.648987,594.713562,0.200000,0.150000,0.000000
185,1,185,6.166667,0,12,1096.565918,492.926636,0.050000,0.200000,0.000000
185,1,185,6.166667,0,13,1159.214478,509.173462,0.100000,0.200000,0.000000
185,1,185,6.166667,0,14,1223.498535,523.665466,0.150000,0.200000,0.000000
185,1,185,6.166667,0,15,1287.938782,539.321899,0.200000,0.200000,0.000000
185,1,185,6.166667,0,16,1107.088318,436.638550,0.050000,0.250000,0.000000
185,1,185,6.166667,0,17,1170.478333,451.415344,0.100000,0.250000,0.000000
185,1,185,6.166667,0,18,1236.151611,467.890015,0.150000,0.250000,0.000000
185,1,185,6.166667,0,19,1303.369385,481.913300,0.200000,0.250000,0.000000
185,1,185,6.166667,0,20,1117.696106,376.686554,0.050000,0.300000,0.000000
185,1,185,6.166667,0,21,1182.410095,391.720184,0.100000,0.300000,0.000000
185,1,185,6.166667,0,22,1249.654602,406.904541,0.150000,0.300000,0.000000
185,1,185,6.166667,0,23,1316.010986,422.314636,0.200000,0.300000,0.000000
190,1,190,6.333333,0,0,1064.543762,652.682373,0.050000,0.050000,0.000000
190,1,190,6.333333,0,1,1123.586914,668.712097,0.100000,0.050000,0.000000
190,1,190,6.333333,0,2,1184.082275,683.968689,0.150000,0.050000,0.000000
190,1,190,6.333333,0,3,1245.163940,698.653137,0.200000,0.050000,0.000000
190,1,190,6.333333,0,4,1072.873047,600.516296,0.050000,0.100000,0.000000
190,1,190,6.333333,0,5,1132.603882,615.672546,0.100000,0.100000,0.000000
190,1,190,6.333333,0,6,1194.703552,631.739807,0.150000,0.100000,0.000000
190,1,190,6.333333,0,7,1258.128479,646.168518,0.200000,0.100000,0.000000
190,1,190,6.333333,0,8,1081.848206,546.699280,0.050000,0.150000,0.000000
190,1,190,6.333333,0,9,1143.827026,562.577209,0.100000,0.150000,0.000000
190,1,190,6.333333,0,10,1206.267151,576.531616,0.150000,0.150000,0.000000
190,1,190,6.333333,0,11,1271.424744,591.871948,0.200000,0.150000,0.000000
190,1,190,6.333333,0,12,1092.242798,491.137573,0.050000,0.200000,0.000000
190,1,190,6.333333,0,13,1154.367859,506.205811,0.100000,0.200000,0.000000
190,1,190,6.333333,0,14,1219.686584,520.915100,0.150000,0.200000,0.000000
190,1,190,6.333333,0,15,1283.603088,536.669800,0.200000,0.200000,0.000000
190,1,190,6.333333,0,16,1101.532776,433.449310,0.050000,0.250000,0.000000
190,1,190,6.333333,0,17,1165.905945,448.629791,0.100000,0.250000,0.000000
190,1,190,6.333333,0,18,1230.822144,463.553741,0.150000,0.250000,0.000000
190,1,190,6.333333,0,19,1296.743713,479.082733,0.200000,0.250000,0.000000
190,1,190,6.333333,0,20,1112.218994,373.791260,0.050000,0.300000,0.000000
190,1,190,6.333333,0,21,1177.865112,389.609283,0.100000,0.300000,0.000000
190,1,190,6.333333,0,22,1245.004395,403.476776,0.150000,0.300000,0.000000
190,1,190,6.333333,0,23,1310.973694,418.599670,0.200000,0.300000,0.000000
195,1,195,6.500000,0,0,1061.467407,651.234314,0.050000,0.050000,0.000000
195,1,195,6.500000,0,1,1120.727905,666.612366,0.100000,0.050000,0.000000
195,1,195,6.500000,0,2,1181.516846,681.990051,0.150000,0.050000,0.000000
195,1,195,6.500000,0,3,1243.349182,695.644043,0.200000,0.050000,0.000000
195,1,195,6.500000,0,4,1069.545837,598.539856,0.050000,0.100000,0.000000
195,1,195,6.500000,0,5,1130.118591,615.024963,0.100000,0.100000,0.000000
195,1,195,6.500000,0,6,1192.451904,628.775391,0.150000,0.100000,0.000000
195,1,195,6.500000,0,7,1254.728638,642.950256,0.200000,0.100000,0.000000
195,1,195,6.500000,0,8,1077.609619,544.299866,0.050000,0.150000,0.000000
195,1,195,6.500000,0,9,1138.435547,560.621826,0.100000,0.150000,0.000000
195,1,195,6.500000,0,10,1202.848328,574.570374,0.150000,0.150000,0.000000
195,1,195,6.500000,0,11,1266.916382,588.813354,0.200000,0.150000,0.000000
195,1,195,6.500000,0,12,1087.256470,488.826385,0.050000,0.200000,0.000000
195,1,195,6.500000,0,13,1149.679199,503.342224,0.100000,0.200000,0.000000
195,1,195,6.500000,0,14,1215.681519,517.498474,0.150000,0.200000,0.000000
195,1,195,6.500000,0,15,1280.140808,534.058594,0.200000,0.200000,0.000000
195,1,195,6.500000,0,16,1096.292725,431.303040,0.050000,0.250000,0.000000
195,1,195,6.500000,0,17,1160.327393,445.831940,0.100000,0.250000,0.000000
195,1,195,6.500000,0,18,1226.417603,460.785675,0.150000,0.250000,0.000000
195,1,195,6.500000,0,19,1291.568115,475.154358,0.200000,0.250000,0.000000
195,1,195,6.500000,0,20,1105.120361,371.589386,0.050000,0.300000,0.000000
195,1,195,6.500000,0,21,1170.949097,384.842834,0.100000,0.300000,0.000000
195,1,195,6.500000,0,22,1238.166992,399.916656,0.150000,0.300000,0.000000
195,1,195,6.500000,0,23,1306.389099,415.003479,0.200000,0.300000,0.000000
200,1,200,6.666667,0,0,1051.761780,649.358032,0.050000,0.050000,0.000000
200,1,200,6.666667,0,1,1111.616577,664.119263,0.100000,0.050000,0.000000
200,1,200,6.666667,0,2,1172.799255,677.704102,0.150000,0.050000,0.000000
200,1,200,6.666667,0,3,1234.424011,690.480530,0.200000,0.050000,0.000000
200,1,200,6.666667,0,4,1058.370667,597.490356,0.050000,0.100000,0.000000
200,1,200,6.666667,0,5,1120.541565,612.144287,0.100000,0.100000,0.000000
200,1,200,6.666667,0,6,1182.869202,624.518127,0.150000,0.100000,0.000000
200,1,200,6.666667,0,7,1246.410522,637.819275,0.200000,0.100000,0.000000
200,1,200,6.666667,0,8,1066.503601,542.510986,0.050000,0.150000,0.000000
200,1,200,6.666667,0,9,1129.890564,556.508179,0.100000,0.150000,0.000000
200,1,200,6.666667,0,10,1193.064453,569.668152,0.150000,0.150000,0.000000
200,1,200,6.666667,0,11,1258.306091,583.174377,0.200000,0.150000,0.000000
200,1,200,6.666667,0,12,1075.520874,486.704498,0.050000,0.200000,0.000000
200,1,200,6.666667,0,13,1139.011780,500.794922,0.100000,0.200000,0.000000
200,1,200,6.666667,0,14,1202.178162,514.278381,0.150000,0.200000,0.000000
200,1,200,6.666667,0,15,1269.595825,527.613770,0.200000,0.200000,0.000000
200,1,200,6.666667,0,16,1083.828674,428.721313,0.050000,0.250000,0.000000
200,1,200,6.666667,0,17,1149.199341,442.098816,0.100000,0.250000,0.000000
200,1,200,6.666667,0,18,1214.752441,455.593506,0.150000,0.250000,0.000000
200,1,200,6.666667,0,19,1282.380066,468.789337,0.200000,0.250000,0.000000
200,1,200,6.666667,0,20,1092.816223,368.576019,0.050000,0.300000,0.000000
200,1,200,6.666667,0,21,1159.905518,383.113831,0.100000,0.300000,0.000000
200,1,200,6.666667,0,22,1224.698120,395.910980,0.150000,0.300000,0.000000
200,1,200,6.666667,0,23,1294.461609,408.434174,0.200000,0.300000,0.000000
205,1,205,6.833333,0,2,1157.116150,675.386902,0.150000,0.050000,0.000000
205,1,205,6.833333,0,3,1220.222107,687.334106,0.200000,0.050000,0.000000
205,1,205,6.833333,0,4,1042.354797,597.152405,0.050000,0.100000,0.000000
205,1,205,6.833333,0,5,1105.131226,611.468811,0.100000,0.100000,0.000000
205,1,205,6.833333,0,6,1167.934204,622.411011,0.150000,0.100000,0.000000
205,1,205,6.833333,0,7,1230.109009,634.572510,0.200000,0.100000,0.000000
205,1,205,6.833333,0,8,1049.808289,542.371887,0.050000,0.150000,0.000000
205,1,205,6.833333,0,9,1111.684204,556.525024,0.100000,0.150000,0.000000
205,1,205,6.833333,0,10,1177.807922,568.698303,0.150000,0.150000,0.000000
205,1,205,6.833333,0,11,1241.056824,580.450195,0.200000,0.150000,0.000000
205,1,205,6.833333,0,12,1058.047546,486.364136,0.050000,0.200000,0.000000
205,1,205,6.833333,0,13,1122.411072,499.430450,0.100000,0.200000,0.000000
205,1,205,6.833333,0,14,1186.837585,511.663269,0.150000,0.200000,0.000000
205,1,205,6.833333,0,15,1252.835571,524.394531,0.200000,0.200000,0.000000
205,1,205,6.833333,0,16,1066.543457,428.159882,0.050000,0.250000,0.000000
205,1,205,6.833333,0,17,1131.500549,440.845581,0.100000,0.250000,0.000000
205,1,205,6.833333,0,18,1197.007385,452.350708,0.150000,0.250000,0.000000
205,1,205,6.833333,0,19,1265.532654,465.872223,0.200000,0.250000,0.000000
205,1,205,6.833333,0,20,1074.604370,368.078705,0.050000,0.300000,0.000000
205,1,205,6.833333,0,21,1141.747070,380.625214,0.100000,0.300000,0.000000
205,1,205,6.833333,0,22,1207.115295,393.627533,0.150000,0.300000,0.000000
230,1,230,7.666667,0,2,948.697021,669.848938,0.150000,0.050000,0.000000
230,1,230,7.666667,0,6,951.780457,619.357788,0.150000,0.100000,0.000000
230,1,230,7.666667,0,11,1017.532043,564.169861,0.200000,0.150000,0.000000
230,1,230,7.666667,0,12,821.674561,516.203613,0.050000,0.200000,0.000000
230,1,230,7.666667,0,15,1021.407471,510.783569,0.200000,0.200000,0.000000
230,1,230,7.666667,0,16,822.048462,459.349365,0.050000,0.250000,0.000000
230,1,230,7.666667,0,17,889.341187,457.881256,0.100000,0.250000,0.000000
230,1,230,7.666667,0,18,957.523682,456.235321,0.150000,0.250000,0.000000
230,1,230,7.666667,0,19,1024.317749,454.369202,0.200000,0.250000,0.000000
230,1,230,7.666667,0,20,821.658325,398.903595,0.050000,0.300000,0.000000
230,1,230,7.666667,0,21,889.959473,397.703186,0.100000,0.300000,0.000000
235,1,235,7.833333,0,2,926.818420,667.540771,0.150000,0.050000,0.000000
235,1,235,7.833333,0,3,988.645508,662.006042,0.200000,0.050000,0.000000
235,1,235,7.833333,0,6,928.549316,618.702637,0.150000,0.100000,0.000000
235,1,235,7.833333,0,7,991.161316,612.287537,0.200000,0.100000,0.000000
235,1,235,7.833333,0,11,993.777100,560.617188,0.200000,0.150000,0.000000
235,1,235,7.833333,0,12,796.738647,522.919006,0.050000,0.200000,0.000000
235,1,235,7.833333,0,15,996.666992,507.808533,0.200000,0.200000,0.000000
235,1,235,7.833333,0,16,796.153442,466.046082,0.050000,0.250000,0.000000
235,1,235,7.833333,0,17,864.405518,461.239380,0.100000,0.250000,0.000000
235,1,235,7.833333,0,18,930.816956,456.124542,0.150000,0.250000,0.000000
235,1,235,7.833333,0,19,999.082336,451.644470,0.200000,0.250000,0.000000
235,1,235,7.833333,0,22,933.400024,397.580780,0.150000,0.300000,0.000000
235,1,235,7.833333,0,23,1000.462891,393.575500,0.200000,0.300000,0.000000
240,1,240,8.000000,0,0,787.550293,682.167847,0.050000,0.050000,0.000000
240,1,240,8.000000,0,1,852.350342,676.805603,0.100000,0.050000,0.000000
240,1,240,8.000000,0,2,914.682251,669.602722,0.150000,0.050000,0.000000
240,1,240,8.000000,0,3,975.328613,660.601013,0.200000,0.050000,0.000000
240,1,240,8.000000,0,4,785.801392,634.429382,0.050000,0.100000,0.000000
240,1,240,8.000000,0,5,850.264893,627.472900,0.100000,0.100000,0.000000
240,1,240,8.000000,0,6,914.619385,619.937439,0.150000,0.100000,0.000000
240,1,240,8.000000,0,7,976.489990,611.638489,0.200000,0.100000,0.000000
240,1,240,8.000000,0,8,782.682129,582.214172,0.050000,0.150000,0.000000
240,1,240,8.000000,0,11,977.651123,561.634094,0.200000,0.150000,0.000000
240,1,240,8.000000,0,12,781.276123,528.709290,0.050000,0.200000,0.000000
240,1,240,8.000000,0,15,979.561523,508.486938,0.200000,0.200000,0.000000
240,1,240,8.000000,0,16,777.134766,472.468048,0.050000,0.250000,0.000000
240,1,240,8.000000,0,17,846.407227,466.964691,0.100000,0.250000,0.000000
240,1,240,8.000000,0,18,915.128479,460.450592,0.150000,0.250000,0.000000
240,1,240,8.000000,0,20,775.216064,414.277191,0.050000,0.300000,0.000000
240,1,240,8.000000,0,21,844.823486,407.951172,0.100000,0.300000,0.000000
245,1,245,8.166667,0,1,838.519287,671.461975,0.100000,0.050000,0.000000
245,1,245,8.166667,0,2,900.401978,663.506104,0.150000,0.050000,0.000000
245,1,245,8.166667,0,3,960.680664,653.446655,0.200000,0.050000,0.000000
245,1,245,8.166667,0,5,834.606079,622.354126,0.100000,0.100000,0.000000
245,1,245,8.166667,0,6,899.419922,613.327515,0.150000,0.100000,0.000000
245,1,245,8.166667,0,7,960.913452,604.316711,0.200000,0.100000,0.000000
245,1,245,8.166667,0,8,764.797119,577.651123,0.050000,0.150000,0.000000
245,1,245,8.166667,0,9,832.886475,570.155396,0.100000,0.150000,0.000000
245,1,245,8.166667,0,10,897.723816,561.837097,0.150000,0.150000,0.000000
245,1,245,8.166667,0,11,961.472717,553.719421,0.200000,0.150000,0.000000
245,1,245,8.166667,0,12,761.817505,524.082092,0.050000,0.200000,0.000000
245,1,245,8.166667,0,13,830.257812,517.163147,0.100000,0.200000,0.000000
245,1,245,8.166667,0,14,896.799072,507.934021,0.150000,0.200000,0.000000
245,1,245,8.166667,0,15,961.768921,500.503601,0.200000,0.200000,0.000000
245,1,245,8.166667,0,16,756.873901,467.173431,0.050000,0.250000,0.000000
245,1,245,8.166667,0,17,827.017944,460.356171,0.100000,0.250000,0.000000
245,1,245,8.166667,0,18,893.827881,452.205170,0.150000,0.250000,0.000000
245,1,245,8.166667,0,19,961.127441,445.485779,0.200000,0.250000,0.000000
245,1,245,8.166667,0,20,752.862061,408.958099,0.050000,0.300000,0.000000
245,1,245,8.166667,0,21,823.777954,401.383026,0.100000,0.300000,0.000000
245,1,245,8.166667,0,22,893.257568,394.577209,0.150000,0.300000,0.000000
245,1,245,8.166667,0,23,962.503723,387.474213,0.200000,0.300000,0.000000
250,1,250,8.333333,0,6,874.622803,614.481445,0.150000,0.100000,0.000000
250,1,250,8.333333,0,11,933.648438,550.021118,0.200000,0.150000,0.000000
260,1,260,8.666667,0,7,849.816895,612.275024,0.200000,0.100000,0.000000
265,1,265,8.833333,0,12,604.574097,568.318176,0.050000,0.200000,0.000000
270,1,270,9.000000,0,0,606.959961,726.093750,0.050000,0.050000,0.000000
270,1,270,9.000000,0,1,674.095459,704.902466,0.100000,0.050000,0.000000
270,1,270,9.000000,0,2,734.984131,681.259827,0.150000,0.050000,0.000000
270,1,270,9.000000,0,3,794.670898,658.034912,0.200000,0.050000,0.000000
270,1,270,9.000000,0,6,728.199463,631.805786,0.150000,0.100000,0.000000
270,1,270,9.000000,0,7,788.674316,609.272156,0.200000,0.100000,0.000000
270,1,270,9.000000,0,11,780.774658,559.312012,0.200000,0.150000,0.000000
270,1,270,9.000000,0,12,576.446167,568.907959,0.050000,0.200000,0.000000
270,1,270,9.000000,0,15,773.471436,504.089447,0.200000,0.200000,0.000000
270,1,270,9.000000,0,16,563.752686,512.726379,0.050000,0.250000,0.000000
270,1,270,9.000000,0,17,634.152466,489.935028,0.100000,0.250000,0.000000
270,1,270,9.000000,0,18,702.248779,469.582031,0.150000,0.250000,0.000000
270,1,270,9.000000,0,19,768.494141,447.947571,0.200000,0.250000,0.000000
270,1,270,9.000000,0,20,549.329956,453.121948,0.050000,0.300000,0.000000
270,1,270,9.000000,0,21,623.243896,431.150452,0.100000,0.300000,0.000000
275,1,275,9.166667,0,0,602.881104,723.350830,0.050000,0.050000,0.000000
275,1,275,9.166667,0,1,669.621338,702.315063,0.100000,0.050000,0.000000
275,1,275,9.166667,0,2,730.948608,679.269348,0.150000,0.050000,0.000000
275,1,275,9.166667,0,3,791.582642,654.900940,0.200000,0.050000,0.000000
275,1,275,9.166667,0,6,722.546631,630.512085,0.150000,0.100000,0.000000
275,1,275,9.166667,0,7,783.967773,606.806763,0.200000,0.100000,0.000000
275,1,275,9.166667,0,10,713.099121,576.468079,0.150000,0.150000,0.000000
275,1,275,9.166667,0,11,778.756470,553.416870,0.200000,0.150000,0.000000
275,1,275,9.166667,0,12,570.329590,566.540100,0.050000,0.200000,0.000000
275,1,275,9.166667,0,13,637.917480,544.080688,0.100000,0.200000,0.000000
275,1,275,9.166667,0,14,706.360107,521.792419,0.150000,0.200000,0.000000
275,1,275,9.166667,0,15,769.745728,500.845551,0.200000,0.200000,0.000000
275,1,275,9.166667,0,16,555.652832,508.368408,0.050000,0.250000,0.000000
275,1,275,9.166667,0,17,628.744995,486.499542,0.100000,0.250000,0.000000
275,1,275,9.166667,0,18,698.127319,466.185669,0.150000,0.250000,0.000000
275,1,275,9.166667,0,19,763.017822,444.774048,0.200000,0.250000,0.000000
275,1,275,9.166667,0,20,544.169067,447.466949,0.050000,0.300000,0.000000
275,1,275,9.166667,0,21,618.683228,427.395966,0.100000,0.300000,0.000000
275,1,275,9.166667,0,22,686.813599,406.357605,0.150000,0.300000,0.000000
275,1,275,9.166667,0,23,755.005249,385.446106,0.200000,0.300000,0.000000
280,1,280,9.333333,0,6,728.321411,635.734619,0.150000,0.100000,0.000000
280,1,280,9.333333,0,10,718.781250,582.579529,0.150000,0.150000,0.000000
280,1,280,9.333333,0,11,783.342041,560.986328,0.200000,0.150000,0.000000
280,1,280,9.333333,0,12,574.268188,568.720642,0.050000,0.200000,0.000000
280,1,280,9.333333,0,13,641.243408,548.072266,0.100000,0.200000,0.000000
280,1,280,9.333333,0,14,710.509033,528.106201,0.150000,0.200000,0.000000
280,1,280,9.333333,0,15,774.191528,506.665344,0.200000,0.200000,0.000000
280,1,280,9.333333,0,16,559.141235,510.986572,0.050000,0.250000,0.000000
280,1,280,9.333333,0,17,632.999634,489.942230,0.100000,0.250000,0.000000
280,1,280,9.333333,0,18,699.094849,468.953522,0.150000,0.250000,0.000000
280,1,280,9.333333,0,19,768.598877,449.724396,0.200000,0.250000,0.000000
280,1,280,9.333333,0,20,547.710327,449.809174,0.050000,0.300000,0.000000
280,1,280,9.333333,0,21,620.584351,429.711426,0.100000,0.300000,0.000000
280,1,280,9.333333,0,22,691.393188,411.155365,0.150000,0.300000,0.000000
280,1,280,9.333333,0,23,759.850952,390.567688,0.200000,0.300000,0.000000
285,1,285,9.500000,0,12,579.843384,583.699402,0.050000,0.200000,0.000000
285,1,285,9.500000,0,15,783.327393,524.485413,0.200000,0.200000,0.000000
285,1,285,9.500000,0,16,566.661499,521.842163,0.050000,0.250000,0.000000
285,1,285,9.500000,0,17,638.345459,502.839081,0.100000,0.250000,0.000000
285,1,285,9.500000,0,18,706.840576,482.811523,0.150000,0.250000,0.000000
285,1,285,9.500000,0,19,775.208862,464.479034,0.200000,0.250000,0.000000
285,1,285,9.500000,0,20,552.843994,456.926117,0.050000,0.300000,0.000000
285,1,285,9.500000,0,21,625.763184,437.409454,0.100000,0.300000,0.000000
285,1,285,9.500000,0,22,696.980347,420.344910,0.150000,0.300000,0.000000
285,1,285,9.500000,0,23,766.571899,401.253784,0.200000,0.300000,0.000000
290,1,290,9.666667,0,0,620.381958,783.385376,0.050000,0.050000,0.000000
290,1,290,9.666667,0,1,687.638916,763.162964,0.100000,0.050000,0.000000
290,1,290,9.666667,0,2,753.168457,741.549316,0.150000,0.050000,0.000000
290,1,290,9.666667,0,3,815.459473,719.824951,0.200000,0.050000,0.000000
290,1,290,9.666667,0,6,740.519653,681.289917,0.150000,0.100000,0.000000
290,1,290,9.666667,0,7,804.745972,660.378418,0.200000,0.100000,0.000000
290,1,290,9.666667,0,10,728.461060,619.645874,0.150000,0.150000,0.000000
290,1,290,9.666667,0,11,793.634277,598.772522,0.200000,0.150000,0.000000
290,1,290,9.666667,0,12,574.953613,596.873230,0.050000,0.200000,0.000000
290,1,290,9.666667,0,13,646.011230,576.388977,0.100000,0.200000,0.000000
290,1,290,9.666667,0,14,714.958496,557.139709,0.150000,0.200000,0.000000
290,1,290,9.666667,0,15,780.641113,537.026062,0.200000,0.200000,0.000000
290,1,290,9.666667,0,16,559.081909,530.682983,0.050000,0.250000,0.000000
290,1,290,9.666667,0,17,631.199829,511.365173,0.100000,0.250000,0.000000
290,1,290,9.666667,0,18,701.375854,491.436157,0.150000,0.250000,0.000000
290,1,290,9.666667,0,19,769.842651,473.209503,0.200000,0.250000,0.000000
290,1,290,9.666667,0,20,542.576050,461.837463,0.050000,0.300000,0.000000
290,1,290,9.666667,0,21,615.520020,442.856720,0.100000,0.300000,0.000000
290,1,290,9.666667,0,22,687.742310,425.135681,0.150000,0.300000,0.000000
290,1,290,9.666667,0,23,757.866089,407.177063,0.200000,0.300000,0.000000
295,1,295,9.833333,0,0,620.896118,781.299377,0.050000,0.050000,0.000000
295,1,295,9.833333,0,1,690.262817,758.990845,0.100000,0.050000,0.000000
295,1,295,9.833333,0,2,755.565308,736.105347,0.150000,0.050000,0.000000
295,1,295,9.833333,0,3,819.589844,712.610107,0.200000,0.050000,0.000000
295,1,295,9.833333,0,6,739.913330,672.132263,0.150000,0.100000,0.000000
295,1,295,9.833333,0,7,803.750244,649.751587,0.200000,0.100000,0.000000
295,1,295,9.833333,0,11,789.442505,585.867554,0.200000,0.150000,0.000000
295,1,295,9.833333,0,12,566.582153,584.123474,0.050000,0.200000,0.000000
295,1,295,9.833333,0,15,774.107422,521.432800,0.200000,0.200000,0.000000
295,1,295,9.833333,0,16,546.756470,515.102295,0.050000,0.250000,0.000000
295,1,295,9.833333,0,17,619.419922,494.399323,0.100000,0.250000,0.000000
295,1,295,9.833333,0,18,688.841919,474.096954,0.150000,0.250000,0.000000
295,1,295,9.833333,0,19,757.853516,454.412506,0.200000,0.250000,0.000000
295,1,295,9.833333,0,20,527.087891,444.678070,0.050000,0.300000,0.000000
295,1,295,9.833333,0,21,600.682129,424.565643,0.100000,0.300000,0.000000
295,1,295,9.833333,0,22,672.497437,405.257721,0.150000,0.300000,0.000000
295,1,295,9.833333,0,23,742.433228,386.777985,0.200000,0.300000,0.000000
300,1,300,10.000000,0,0,615.345947,780.124817,0.050000,0.050000,0.000000
300,1,300,10.000000,0,1,684.661987,756.859985,0.100000,0.050000,0.000000
300,1,300,10.000000,0,2,752.565918,733.865540,0.150000,0.050000,0.000000
300,1,300,10.000000,0,3,815.840088,710.116150,0.200000,0.050000,0.000000
300,1,300,10.000000,0,4,595.752686,714.347168,0.050000,0.100000,0.000000
300,1,300,10.000000,0,5,666.378662,691.278564,0.100000,0.100000,0.000000
300,1,300,10.000000,0,6,733.799683,668.849609,0.150000,0.100000,0.000000
300,1,300,10.000000,0,7,799.172363,646.446167,0.200000,0.100000,0.000000
300,1,300,10.000000,0,8,575.747437,646.795532,0.050000,0.150000,0.000000
300,1,300,10.000000,0,9,647.113159,624.884338,0.100000,0.150000,0.000000
300,1,300,10.000000,0,10,715.292114,602.545654,0.150000,0.150000,0.000000
300,1,300,10.000000,0,11,782.281494,580.783691,0.200000,0.150000,0.000000
300,1,300,10.000000,0,12,555.962280,578.362122,0.050000,0.200000,0.000000
300,1,300,10.000000,0,13,628.079712,556.888672,0.100000,0.200000,0.000000
300,1,300,10.000000,0,14,697.312622,535.472717,0.150000,0.200000,0.000000
300,1,300,10.000000,0,15,764.695068,515.427917,0.200000,0.200000,0.000000
300,1,300,10.000000,0,16,535.294922,508.617554,0.050000,0.250000,0.000000
300,1,300,10.000000,0,17,608.250244,487.858124,0.100000,0.250000,0.000000
300,1,300,10.000000,0,18,678.204102,467.578583,0.150000,0.250000,0.000000
300,1,300,10.000000,0,19,747.083862,448.108459,0.200000,0.250000,0.000000
300,1,300,10.000000,0,20,514.653809,438.109039,0.050000,0.300000,0.000000
300,1,300,10.000000,0,21,588.063965,418.102783,0.100000,0.300000,0.000000
300,1,300,10.000000,0,22,659.734985,398.291260,0.150000,0.300000,0.000000
300,1,300,10.000000,0,23,728.741089,379.445923,0.200000,0.300000,0.000000
305,1,305,10.166667,0,1,679.007324,746.619324,0.100000,0.050000,0.000000
305,1,305,10.166667,0,2,746.938721,724.290466,0.150000,0.050000,0.000000
305,1,305,10.166667,0,3,812.115601,701.961975,0.200000,0.050000,0.000000
305,1,305,10.166667,0,5,660.564697,679.985779,0.100000,0.100000,0.000000
305,1,305,10.166667,0,6,729.162354,659.007446,0.150000,0.100000,0.000000
305,1,305,10.166667,0,7,795.166870,636.663757,0.200000,0.100000,0.000000
305,1,305,10.166667,0,8,570.111328,633.729675,0.050000,0.150000,0.000000
305,1,305,10.166667,0,11,777.918457,570.607178,0.200000,0.150000,0.000000
305,1,305,10.166667,0,12,550.001709,565.083374,0.050000,0.200000,0.000000
305,1,305,10.166667,0,15,760.363647,503.794464,0.200000,0.200000,0.000000
305,1,305,10.166667,0,16,529.127686,494.078522,0.050000,0.250000,0.000000
305,1,305,10.166667,0,17,602.103882,475.049072,0.100000,0.250000,0.000000
305,1,305,10.166667,0,18,673.012451,454.589294,0.150000,0.250000,0.000000
305,1,305,10.166667,0,19,742.163452,436.672241,0.200000,0.250000,0.000000
305,1,305,10.166667,0,22,653.375000,386.262573,0.150000,0.300000,0.000000
305,1,305,10.166667,0,23,723.356201,366.769501,0.200000,0.300000,0.000000
310,1,310,10.333333,0,0,602.076660,744.522705,0.050000,0.050000,0.000000
310,1,310,10.333333,0,1,673.315308,722.637878,0.100000,0.050000,0.000000
310,1,310,10.333333,0,2,741.668945,700.736206,0.150000,0.050000,0.000000
310,1,310,10.333333,0,3,806.536621,679.868530,0.200000,0.050000,0.000000
310,1,310,10.333333,0,6,722.864014,633.579163,0.150000,0.100000,0.000000
310,1,310,10.333333,0,7,788.749268,612.837219,0.200000,0.100000,0.000000
310,1,310,10.333333,0,11,771.146362,545.652527,0.200000,0.150000,0.000000
310,1,310,10.333333,0,12,542.384644,536.767761,0.050000,0.200000,0.000000
310,1,310,10.333333,0,15,752.267944,478.942627,0.200000,0.200000,0.000000
310,1,310,10.333333,0,16,521.329468,466.031494,0.050000,0.250000,0.000000
310,1,310,10.333333,0,17,594.611206,447.294586,0.100000,0.250000,0.000000
310,1,310,10.333333,0,18,665.019531,428.573242,0.150000,0.250000,0.000000
310,1,310,10.333333,0,19,734.089478,410.623047,0.200000,0.250000,0.000000
310,1,310,10.333333,0,20,500.674683,395.666595,0.050000,0.300000,0.000000
310,1,310,10.333333,0,21,574.470947,376.423676,0.100000,0.300000,0.000000
310,1,310,10.333333,0,22,645.754272,359.189606,0.150000,0.300000,0.000000
310,1,310,10.333333,0,23,715.160156,341.306885,0.200000,0.300000,0.000000
315,1,315,10.500000,0,0,596.626343,730.758423,0.050000,0.050000,0.000000
315,1,315,10.500000,0,1,668.107178,709.306335,0.100000,0.050000,0.000000
315,1,315,10.500000,0,2,736.894531,688.316650,0.150000,0.050000,0.000000
315,1,315,10.500000,0,3,802.022461,668.029785,0.200000,0.050000,0.000000
315,1,315,10.500000,0,6,718.069824,620.809021,0.150000,0.100000,0.000000
315,1,315,10.500000,0,7,784.654541,601.055725,0.200000,0.100000,0.000000
315,1,315,10.500000,0,10,699.495239,552.381104,0.150000,0.150000,0.000000
315,1,315,10.500000,0,11,766.821655,533.646118,0.200000,0.150000,0.000000
315,1,315,10.500000,0,12,538.551025,521.503174,0.050000,0.200000,0.000000
315,1,315,10.500000,0,13,611.286743,502.370605,0.100000,0.200000,0.000000
315,1,315,10.500000,0,14,681.076904,483.974213,0.150000,0.200000,0.000000
315,1,315,10.500000,0,15,748.823486,466.260010,0.200000,0.200000,0.000000
315,1,315,10.500000,0,16,518.558350,450.198120,0.050000,0.250000,0.000000
315,1,315,10.500000,0,17,591.252686,432.771271,0.100000,0.250000,0.000000
315,1,315,10.500000,0,18,662.180054,414.840790,0.150000,0.250000,0.000000
315,1,315,10.500000,0,19,730.573730,398.305878,0.200000,0.250000,0.000000
315,1,315,10.500000,0,20,498.020386,378.763855,0.050000,0.300000,0.000000
315,1,315,10.500000,0,21,571.489258,361.883484,0.100000,0.300000,0.000000
315,1,315,10.500000,0,22,643.106934,345.252258,0.150000,0.300000,0.000000
315,1,315,10.500000,0,23,712.434692,328.839142,0.200000,0.300000,0.000000
320,1,320,10.666667,0,0,592.160645,727.174438,0.050000,0.050000,0.000000
320,1,320,10.666667,0,1,663.615723,706.208130,0.100000,0.050000,0.000000
320,1,320,10.666667,0,2,732.066284,686.196533,0.150000,0.050000,0.000000
320,1,320,10.666667,0,3,797.755005,666.160583,0.200000,0.050000,0.000000
320,1,320,10.666667,0,4,573.986694,657.292114,0.050000,0.100000,0.000000
320,1,320,10.666667,0,5,645.470947,637.810303,0.100000,0.100000,0.000000
320,1,320,10.666667,0,6,714.063843,618.364624,0.150000,0.100000,0.000000
320,1,320,10.666667,0,7,781.091309,599.438843,0.200000,0.100000,0.000000
320,1,320,10.666667,0,8,554.743286,587.335144,0.050000,0.150000,0.000000
320,1,320,10.666667,0,9,627.069458,568.150208,0.100000,0.150000,0.000000
320,1,320,10.666667,0,10,696.038452,550.142944,0.150000,0.150000,0.000000
320,1,320,10.666667,0,11,763.288940,532.101562,0.200000,0.150000,0.000000
320,1,320,10.666667,0,12,536.229370,517.178162,0.050000,0.200000,0.000000
320,1,320,10.666667,0,13,608.024048,498.916992,0.100000,0.200000,0.000000
320,1,320,10.666667,0,14,677.820312,481.221222,0.150000,0.200000,0.000000
320,1,320,10.666667,0,15,745.309448,464.626862,0.200000,0.200000,0.000000
320,1,320,10.666667,0,16,516.471680,446.050720,0.050000,0.250000,0.000000
320,1,320,10.666667,0,17,589.385986,428.864014,0.100000,0.250000,0.000000
320,1,320,10.666667,0,18,659.404175,412.650665,0.150000,0.250000,0.000000
320,1,320,10.666667,0,19,727.930786,396.272400,0.200000,0.250000,0.000000
320,1,320,10.666667,0,20,496.894531,375.236176,0.050000,0.300000,0.000000
320,1,320,10.666667,0,21,570.208008,358.650818,0.100000,0.300000,0.000000
320,1,320,10.666667,0,22,641.237427,343.176056,0.150000,0.300000,0.000000
320,1,320,10.666667,0,23,710.032104,327.782471,0.200000,0.300000,0.000000
325,1,325,10.833333,0,0,593.106323,723.765930,0.050000,0.050000,0.000000
325,1,325,10.833333,0,1,664.150146,703.132141,0.100000,0.050000,0.000000
325,1,325,10.833333,0,2,731.555664,683.248962,0.150000,0.050000,0.000000
325,1,325,10.833333,0,3,796.710693,663.475464,0.200000,0.050000,0.000000
325,1,325,10.833333,0,4,574.474365,654.468750,0.050000,0.100000,0.000000
325,1,325,10.833333,0,5,645.664673,634.722412,0.100000,0.100000,0.000000
325,1,325,10.833333,0,6,713.532959,616.080200,0.150000,0.100000,0.000000
325,1,325,10.833333,0,7,779.784668,597.004272,0.200000,0.100000,0.000000
325,1,325,10.833333,0,8,555.371216,584.491211,0.050000,0.150000,0.000000
325,1,325,10.833333,0,9,626.974976,566.024780,0.100000,0.150000,0.000000
325,1,325,10.833333,0,10,695.504639,547.847717,0.150000,0.150000,0.000000
325,1,325,10.833333,0,11,762.339111,530.120605,0.200000,0.150000,0.000000
325,1,325,10.833333,0,12,536.947510,514.188782,0.050000,0.200000,0.000000
325,1,325,10.833333,0,13,608.101074,496.644897,0.100000,0.200000,0.000000
325,1,325,10.833333,0,14,677.927734,479.341705,0.150000,0.200000,0.000000
325,1,325,10.833333,0,15,744.879517,463.156799,0.200000,0.200000,0.000000
325,1,325,10.833333,0,16,517.516479,443.688721,0.050000,0.250000,0.000000
325,1,325,10.833333,0,17,589.630615,427.739319,0.100000,0.250000,0.000000
325,1,325,10.833333,0,18,659.427368,411.211029,0.150000,0.250000,0.000000
325,1,325,10.833333,0,19,727.122192,395.286469,0.200000,0.250000,0.000000
325,1,325,10.833333,0,20,498.206787,372.995331,0.050000,0.300000,0.000000
325,1,325,10.833333,0,21,570.721680,357.341919,0.100000,0.300000,0.000000
325,1,325,10.833333,0,22,641.359253,341.864502,0.150000,0.300000,0.000000
325,1,325,10.833333,0,23,709.984497,327.063477,0.200000,0.300000,0.000000
330,1,330,11.000000,0,0,596.706787,727.911865,0.050000,0.050000,0.000000
330,1,330,11.000000,0,1,667.495117,706.424072,0.100000,0.050000,0.000000
330,1,330,11.000000,0,2,735.158203,686.760376,0.150000,0.050000,0.000000
330,1,330,11.000000,0,3,800.559937,666.590149,0.200000,0.050000,0.000000
330,1,330,11.000000,0,4,577.556030,658.685181,0.050000,0.100000,0.000000
330,1,330,11.000000,0,5,648.418579,638.401306,0.100000,0.100000,0.000000
330,1,330,11.000000,0,6,716.503174,619.650330,0.150000,0.100000,0.000000
330,1,330,11.000000,0,7,782.768799,600.453186,0.200000,0.100000,0.000000
330,1,330,11.000000,0,8,558.395264,588.746094,0.050000,0.150000,0.000000
330,1,330,11.000000,0,9,629.442993,569.926819,0.100000,0.150000,0.000000
330,1,330,11.000000,0,10,698.051025,551.590210,0.150000,0.150000,0.000000
330,1,330,11.000000,0,11,764.517456,533.467896,0.200000,0.150000,0.000000
330,1,330,11.000000,0,12,539.275879,519.112366,0.050000,0.200000,0.000000
330,1,330,11.000000,0,13,610.723145,501.012268,0.100000,0.200000,0.000000
330,1,330,11.000000,0,14,679.453735,484.036591,0.150000,0.200000,0.000000
330,1,330,11.000000,0,15,746.535278,466.877014,0.200000,0.200000,0.000000
330,1,330,11.000000,0,16,519.760254,448.758301,0.050000,0.250000,0.000000
330,1,330,11.000000,0,17,591.340698,431.559967,0.100000,0.250000,0.000000
330,1,330,11.000000,0,18,660.984741,415.484161,0.150000,0.250000,0.000000
330,1,330,11.000000,0,19,728.051758,399.642426,0.200000,0.250000,0.000000
330,1,330,11.000000,0,20,499.791260,378.375580,0.050000,0.300000,0.000000
330,1,330,11.000000,0,21,571.958618,362.519318,0.100000,0.300000,0.000000
330,1,330,11.000000,0,22,641.972534,347.450287,0.150000,0.300000,0.000000
330,1,330,11.000000,0,23,710.361938,331.823486,0.200000,0.300000,0.000000
335,1,335,11.166667,0,0,598.353027,733.179688,0.050000,0.050000,0.000000
335,1,335,11.166667,0,1,669.053345,712.863281,0.100000,0.050000,0.000000
335,1,335,11.166667,0,2,737.661621,692.103455,0.150000,0.050000,0.000000
335,1,335,11.166667,0,3,802.659058,671.959412,0.200000,0.050000,0.000000
335,1,335,11.166667,0,4,579.011230,664.099854,0.050000,0.100000,0.000000
335,1,335,11.166667,0,5,650.152710,643.714600,0.100000,0.100000,0.000000
335,1,335,11.166667,0,6,718.129272,624.999023,0.150000,0.100000,0.000000
335,1,335,11.166667,0,7,783.953491,605.886169,0.200000,0.100000,0.000000
335,1,335,11.166667,0,8,559.793091,593.887390,0.050000,0.150000,0.000000
335,1,335,11.166667,0,9,630.909546,575.121399,0.100000,0.150000,0.000000
335,1,335,11.166667,0,10,699.627441,556.824463,0.150000,0.150000,0.000000
335,1,335,11.166667,0,11,765.869507,539.539795,0.200000,0.150000,0.000000
335,1,335,11.166667,0,12,540.535645,524.021057,0.050000,0.200000,0.000000
335,1,335,11.166667,0,13,611.739136,506.278046,0.100000,0.200000,0.000000
335,1,335,11.166667,0,14,680.609741,489.347504,0.150000,0.200000,0.000000
335,1,335,11.166667,0,15,747.224731,472.356720,0.200000,0.200000,0.000000
335,1,335,11.166667,0,16,520.900513,454.366333,0.050000,0.250000,0.000000
335,1,335,11.166667,0,17,592.405273,437.399780,0.100000,0.250000,0.000000
335,1,335,11.166667,0,18,661.639160,421.366089,0.150000,0.250000,0.000000
335,1,335,11.166667,0,19,728.788818,405.785461,0.200000,0.250000,0.000000
335,1,335,11.166667,0,20,500.908936,384.323456,0.050000,0.300000,0.000000
335,1,335,11.166667,0,21,572.742920,368.305237,0.100000,0.300000,0.000000
335,1,335,11.166667,0,22,642.758545,353.310120,0.150000,0.300000,0.000000
335,1,335,11.166667,0,23,710.799683,338.181915,0.200000,0.300000,0.000000
340,1,340,11.333333,0,0,599.684570,735.822266,0.050000,0.050000,0.000000
340,1,340,11.333333,0,1,670.995850,714.195251,0.100000,0.050000,0.000000
340,1,340,11.333333,0,2,739.336060,693.807617,0.150000,0.050000,0.000000
340,1,340,11.333333,0,3,804.158447,672.950073,0.200000,0.050000,0.000000
340,1,340,11.333333,0,4,579.775391,666.442139,0.050000,0.100000,0.000000
340,1,340,11.333333,0,5,650.341431,645.258789,0.100000,0.100000,0.000000
340,1,340,11.333333,0,6,719.070190,625.558960,0.150000,0.100000,0.000000
340,1,340,11.333333,0,7,784.819580,606.531860,0.200000,0.100000,0.000000
340,1,340,11.333333,0,8,559.829346,596.725098,0.050000,0.150000,0.000000
340,1,340,11.333333,0,9,630.953613,576.724854,0.100000,0.150000,0.000000
340,1,340,11.333333,0,10,698.661865,558.276855,0.150000,0.150000,0.000000
340,1,340,11.333333,0,11,765.415649,540.329712,0.200000,0.150000,0.000000
340,1,340,11.333333,0,12,539.341309,527.266052,0.050000,0.200000,0.000000
340,1,340,11.333333,0,13,610.228760,508.341736,0.100000,0.200000,0.000000
340,1,340,11.333333,0,14,679.276489,491.104706,0.150000,0.200000,0.000000
340,1,340,11.333333,0,15,745.926514,473.640503,0.200000,0.200000,0.000000
340,1,340,11.333333,0,16,518.991699,457.150238,0.050000,0.250000,0.000000
340,1,340,11.333333,0,17,590.394653,440.001099,0.100000,0.250000,0.000000
340,1,340,11.333333,0,18,659.704712,423.322662,0.150000,0.250000,0.000000
340,1,340,11.333333,0,19,726.985474,406.660004,0.200000,0.250000,0.000000
340,1,340,11.333333,0,20,498.528320,387.430878,0.050000,0.300000,0.000000
340,1,340,11.333333,0,21,569.981567,371.531281,0.100000,0.300000,0.000000
340,1,340,11.333333,0,22,639.911377,355.558105,0.150000,0.300000,0.000000
340,1,340,11.333333,0,23,707.168945,340.274414,0.200000,0.300000,0.000000
345,1,345,11.500000,0,0,603.181030,742.537109,0.050000,0.050000,0.000000
345,1,345,11.500000,0,1,673.566040,720.507935,0.100000,0.050000,0.000000
345,1,345,11.500000,0,2,741.542725,699.181213,0.150000,0.050000,0.000000
345,1,345,11.500000,0,3,806.843506,678.281189,0.200000,0.050000,0.000000
345,1,345,11.500000,0,4,582.875122,672.447571,0.050000,0.100000,0.000000
345,1,345,11.500000,0,5,653.788696,651.706299,0.100000,0.100000,0.000000
345,1,345,11.500000,0,6,721.513306,631.846802,0.150000,0.100000,0.000000
345,1,345,11.500000,0,7,787.399902,611.974731,0.200000,0.100000,0.000000
345,1,345,11.500000,0,8,562.284180,603.230347,0.050000,0.150000,0.000000
345,1,345,11.500000,0,9,633.284058,582.945374,0.100000,0.150000,0.000000
345,1,345,11.500000,0,10,701.656250,563.937622,0.150000,0.150000,0.000000
345,1,345,11.500000,0,11,767.305786,545.098389,0.200000,0.150000,0.000000
345,1,345,11.500000,0,12,541.538696,533.413879,0.050000,0.200000,0.000000
345,1,345,11.500000,0,13,612.518311,514.496582,0.100000,0.200000,0.000000
345,1,345,11.500000,0,14,681.518188,495.969757,0.150000,0.200000,0.000000
345,1,345,11.500000,0,15,747.795654,478.860809,0.200000,0.200000,0.000000
345,1,345,11.500000,0,16,520.440063,463.403900,0.050000,0.250000,0.000000
345,1,345,11.500000,0,17,592.385254,445.557953,0.100000,0.250000,0.000000
345,1,345,11.500000,0,18,661.234131,429.042603,0.150000,0.250000,0.000000
345,1,345,11.500000,0,19,728.134399,412.040222,0.200000,0.250000,0.000000
345,1,345,11.500000,0,20,499.478271,393.631927,0.050000,0.300000,0.000000
345,1,345,11.500000,0,21,571.362061,377.284241,0.100000,0.300000,0.000000
345,1,345,11.500000,0,22,641.311157,361.218109,0.150000,0.300000,0.000000
345,1,345,11.500000,0,23,708.715210,345.432556,0.200000,0.300000,0.000000
350,1,350,11.666667,0,0,607.952759,746.889404,0.050000,0.050000,0.000000
350,1,350,11.666667,0,1,678.778931,724.274658,0.100000,0.050000,0.000000
350,1,350,11.666667,0,2,746.341919,702.734192,0.150000,0.050000,0.000000
350,1,350,11.666667,0,3,811.042358,680.960754,0.200000,0.050000,0.000000
350,1,350,11.666667,0,4,587.211548,677.234375,0.050000,0.100000,0.000000
350,1,350,11.666667,0,5,657.628540,655.522888,0.100000,0.100000,0.000000
350,1,350,11.666667,0,6,725.565674,634.810425,0.150000,0.100000,0.000000
350,1,350,11.666667,0,7,789.577271,614.771240,0.200000,0.100000,0.000000
350,1,350,11.666667,0,8,566.232666,607.413940,0.050000,0.150000,0.000000
350,1,350,11.666667,0,9,636.695801,587.027344,0.100000,0.150000,0.000000
350,1,350,11.666667,0,10,704.488525,567.679565,0.150000,0.150000,0.000000
350,1,350,11.666667,0,11,770.403198,548.414001,0.200000,0.150000,0.000000
350,1,350,11.666667,0,12,544.909180,538.131104,0.050000,0.200000,0.000000
350,1,350,11.666667,0,13,615.208862,518.995056,0.100000,0.200000,0.000000
350,1,350,11.666667,0,14,684.159180,500.333221,0.150000,0.200000,0.000000
350,1,350,11.666667,0,15,749.594971,482.285919,0.200000,0.200000,0.000000
350,1,350,11.666667,0,16,523.374756,469.008972,0.050000,0.250000,0.000000
350,1,350,11.666667,0,17,594.728516,450.250732,0.100000,0.250000,0.000000
350,1,350,11.666667,0,18,663.352173,433.171509,0.150000,0.250000,0.000000
350,1,350,11.666667,0,19,730.080688,416.149689,0.200000,0.250000,0.000000
350,1,350,11.666667,0,20,502.040405,399.375580,0.050000,0.300000,0.000000
350,1,350,11.666667,0,21,573.760010,382.533783,0.100000,0.300000,0.000000
350,1,350,11.666667,0,22,643.050903,366.045471,0.150000,0.300000,0.000000
350,1,350,11.666667,0,23,710.638306,350.108612,0.200000,0.300000,0.000000
355,1,355,11.833333,0,0,611.361572,757.687805,0.050000,0.050000,0.000000
355,1,355,11.833333,0,1,681.393066,735.692810,0.100000,0.050000,0.000000
355,1,355,11.833333,0,2,749.830811,713.289185,0.150000,0.050000,0.000000
355,1,355,11.833333,0,3,814.005737,693.090210,0.200000,0.050000,0.000000
355,1,355,11.833333,0,4,590.700439,688.180969,0.050000,0.100000,0.000000
355,1,355,11.833333,0,5,661.004395,665.985291,0.100000,0.100000,0.000000
355,1,355,11.833333,0,6,728.915527,645.275940,0.150000,0.100000,0.000000
355,1,355,11.833333,0,7,794.105225,625.834900,0.200000,0.100000,0.000000
355,1,355,11.833333,0,8,569.805542,618.451660,0.050000,0.150000,0.000000
355,1,355,11.833333,0,9,640.727905,597.973877,0.100000,0.150000,0.000000
355,1,355,11.833333,0,10,708.236206,578.540955,0.150000,0.150000,0.000000
355,1,355,11.833333,0,11,774.313599,558.841492,0.200000,0.150000,0.000000
355,1,355,11.833333,0,12,548.942993,549.199036,0.050000,0.200000,0.000000
355,1,355,11.833333,0,13,619.769043,529.491211,0.100000,0.200000,0.000000
355,1,355,11.833333,0,14,687.996582,511.685547,0.150000,0.200000,0.000000
355,1,355,11.833333,0,15,754.358276,493.446594,0.200000,0.200000,0.000000
355,1,355,11.833333,0,16,527.840820,479.426666,0.050000,0.250000,0.000000
355,1,355,11.833333,0,17,599.116455,461.079102,0.100000,0.250000,0.000000
355,1,355,11.833333,0,18,667.782593,443.938019,0.150000,0.250000,0.000000
355,1,355,11.833333,0,19,734.587524,426.023224,0.200000,0.250000,0.000000
355,1,355,11.833333,0,20,506.854248,410.174164,0.050000,0.300000,0.000000
355,1,355,11.833333,0,21,577.912354,393.317932,0.100000,0.300000,0.000000
355,1,355,11.833333,0,22,647.194946,377.199493,0.150000,0.300000,0.000000
355,1,355,11.833333,0,23,714.203369,360.510620,0.200000,0.300000,0.000000
360,1,360,12.000000,0,0,612.618042,763.156433,0.050000,0.050000,0.000000
360,1,360,12.000000,0,1,683.037354,740.988098,0.100000,0.050000,0.000000
360,1,360,12.000000,0,2,751.777100,719.571899,0.150000,0.050000,0.000000
360,1,360,12.000000,0,3,816.274292,699.191284,0.200000,0.050000,0.000000
360,1,360,12.000000,0,4,592.012329,693.312805,0.050000,0.100000,0.000000
360,1,360,12.000000,0,5,663.407715,672.094421,0.100000,0.100000,0.000000
360,1,360,12.000000,0,6,730.757568,652.063232,0.150000,0.100000,0.000000
360,1,360,12.000000,0,7,796.497070,632.255432,0.200000,0.100000,0.000000
360,1,360,12.000000,0,8,571.306763,624.026062,0.050000,0.150000,0.000000
360,1,360,12.000000,0,9,642.128296,603.686096,0.100000,0.150000,0.000000
360,1,360,12.000000,0,10,709.577637,584.815613,0.150000,0.150000,0.000000
360,1,360,12.000000,0,11,776.157715,565.936951,0.200000,0.150000,0.000000
360,1,360,12.000000,0,12,550.756470,555.010071,0.050000,0.200000,0.000000
360,1,360,12.000000,0,13,621.563599,535.971863,0.100000,0.200000,0.000000
360,1,360,12.000000,0,14,690.000732,517.839600,0.150000,0.200000,0.000000
360,1,360,12.000000,0,15,756.128540,500.156219,0.200000,0.200000,0.000000
360,1,360,12.000000,0,16,529.985962,485.944824,0.050000,0.250000,0.000000
360,1,360,12.000000,0,17,600.811157,468.381287,0.100000,0.250000,0.000000
360,1,360,12.000000,0,18,668.860840,450.955231,0.150000,0.250000,0.000000
360,1,360,12.000000,0,19,736.306030,433.900421,0.200000,0.250000,0.000000
360,1,360,12.000000,0,20,509.151855,417.120026,0.050000,0.300000,0.000000
360,1,360,12.000000,0,21,580.070190,400.606873,0.100000,0.300000,0.000000
360,1,360,12.000000,0,22,649.427856,383.820648,0.150000,0.300000,0.000000
360,1,360,12.000000,0,23,716.072266,368.349487,0.200000,0.300000,0.000000
365,1,365,12.166667,0,0,613.826538,759.322388,0.050000,0.050000,0.000000
365,1,365,12.166667,0,1,684.560059,737.290894,0.100000,0.050000,0.000000
365,1,365,12.166667,0,2,752.486084,715.862610,0.150000,0.050000,0.000000
365,1,365,12.166667,0,3,817.674194,695.603210,0.200000,0.050000,0.000000
365,1,365,12.166667,0,4,593.459229,689.994934,0.050000,0.100000,0.000000
365,1,365,12.166667,0,5,663.922607,668.661743,0.100000,0.100000,0.000000
365,1,365,12.166667,0,6,732.027344,648.755737,0.150000,0.100000,0.000000
365,1,365,12.166667,0,7,796.997681,629.236084,0.200000,0.100000,0.000000
365,1,365,12.166667,0,8,573.018066,620.274719,0.050000,0.150000,0.000000
365,1,365,12.166667,0,9,643.381836,600.468384,0.100000,0.150000,0.000000
365,1,365,12.166667,0,10,711.018555,581.586731,0.150000,0.150000,0.000000
365,1,365,12.166667,0,11,777.508057,562.545532,0.200000,0.150000,0.000000
365,1,365,12.166667,0,12,552.228516,551.499451,0.050000,0.200000,0.000000
365,1,365,12.166667,0,13,622.393066,532.684387,0.100000,0.200000,0.000000
365,1,365,12.166667,0,14,691.218506,514.825012,0.150000,0.200000,0.000000
365,1,365,12.166667,0,15,757.264404,497.272278,0.200000,0.200000,0.000000
365,1,365,12.166667,0,16,531.866699,482.799225,0.050000,0.250000,0.000000
365,1,365,12.166667,0,17,602.395996,465.285095,0.100000,0.250000,0.000000
365,1,365,12.166667,0,18,670.273804,448.152924,0.150000,0.250000,0.000000
365,1,365,12.166667,0,19,737.040283,432.412994,0.200000,0.250000,0.000000
365,1,365,12.166667,0,20,510.612427,414.749329,0.050000,0.300000,0.000000
365,1,365,12.166667,0,21,581.497925,398.057007,0.100000,0.300000,0.000000
365,1,365,12.166667,0,22,650.543823,382.880463,0.150000,0.300000,0.000000
365,1,365,12.166667,0,23,717.242310,366.364288,0.200000,0.300000,0.000000
370,1,370,12.333333,0,0,615.857300,758.660522,0.050000,0.050000,0.000000
370,1,370,12.333333,0,1,686.572632,736.758606,0.100000,0.050000,0.000000
370,1,370,12.333333,0,2,754.269287,715.672119,0.150000,0.050000,0.000000
370,1,370,12.333333,0,3,818.714600,695.455078,0.200000,0.050000,0.000000
370,1,370,12.333333,0,4,595.814697,689.426819,0.050000,0.100000,0.000000
370,1,370,12.333333,0,5,665.599487,668.109253,0.100000,0.100000,0.000000
370,1,370,12.333333,0,6,733.719482,648.530884,0.150000,0.100000,0.000000
370,1,370,12.333333,0,7,798.876343,629.054199,0.200000,0.100000,0.000000
370,1,370,12.333333,0,8,575.301270,620.221863,0.050000,0.150000,0.000000
370,1,370,12.333333,0,9,645.869751,599.914734,0.100000,0.150000,0.000000
370,1,370,12.333333,0,10,713.450317,581.478882,0.150000,0.150000,0.000000
370,1,370,12.333333,0,11,779.094604,562.346985,0.200000,0.150000,0.000000
370,1,370,12.333333,0,12,554.965576,551.394592,0.050000,0.200000,0.000000
370,1,370,12.333333,0,13,624.822144,532.321838,0.100000,0.200000,0.000000
370,1,370,12.333333,0,14,692.973022,514.888672,0.150000,0.200000,0.000000
370,1,370,12.333333,0,15,758.789185,497.364105,0.200000,0.200000,0.000000
370,1,370,12.333333,0,16,533.902222,482.657837,0.050000,0.250000,0.000000
370,1,370,12.333333,0,17,604.796875,465.118561,0.100000,0.250000,0.000000
370,1,370,12.333333,0,18,672.696899,448.115356,0.150000,0.250000,0.000000
370,1,370,12.333333,0,19,739.028931,432.091003,0.200000,0.250000,0.000000
370,1,370,12.333333,0,20,513.459839,414.563782,0.050000,0.300000,0.000000
370,1,370,12.333333,0,21,584.050049,397.793945,0.100000,0.300000,0.000000
370,1,370,12.333333,0,22,653.204590,381.648926,0.150000,0.300000,0.000000
370,1,370,12.333333,0,23,719.786743,366.131165,0.200000,0.300000,0.000000
375,1,375,12.500000,0,0,614.009888,755.229553,0.050000,0.050000,0.000000
375,1,375,12.500000,0,1,683.981201,733.341492,0.100000,0.050000,0.000000
375,1,375,12.500000,0,2,751.263062,712.233765,0.150000,0.050000,0.000000
375,1,375,12.500000,0,3,815.952148,691.985413,0.200000,0.050000,0.000000
375,1,375,12.500000,0,4,593.481079,685.808655,0.050000,0.100000,0.000000
375,1,375,12.500000,0,5,663.904785,665.058105,0.100000,0.100000,0.000000
375,1,375,12.500000,0,6,731.325317,645.164124,0.150000,0.100000,0.000000
375,1,375,12.500000,0,7,796.185669,626.073608,0.200000,0.100000,0.000000
375,1,375,12.500000,0,8,573.194824,616.851135,0.050000,0.150000,0.000000
375,1,375,12.500000,0,9,643.673706,597.348755,0.100000,0.150000,0.000000
375,1,375,12.500000,0,10,710.822998,578.091309,0.150000,0.150000,0.000000
375,1,375,12.500000,0,11,776.821655,560.406433,0.200000,0.150000,0.000000
375,1,375,12.500000,0,12,552.959106,547.822693,0.050000,0.200000,0.000000
375,1,375,12.500000,0,13,623.038574,529.415466,0.100000,0.200000,0.000000
375,1,375,12.500000,0,14,691.195679,512.911377,0.150000,0.200000,0.000000
375,1,375,12.500000,0,15,757.405029,494.434296,0.200000,0.200000,0.000000
375,1,375,12.500000,0,16,532.262207,479.345337,0.050000,0.250000,0.000000
375,1,375,12.500000,0,17,603.323853,462.097198,0.100000,0.250000,0.000000
375,1,375,12.500000,0,18,671.036255,445.235504,0.150000,0.250000,0.000000
375,1,375,12.500000,0,19,737.569458,429.639618,0.200000,0.250000,0.000000
375,1,375,12.500000,0,20,511.762451,411.911041,0.050000,0.300000,0.000000
375,1,375,12.500000,0,21,583.101318,394.726471,0.100000,0.300000,0.000000
375,1,375,12.500000,0,22,651.623779,378.648682,0.150000,0.300000,0.000000
375,1,375,12.500000,0,23,718.380737,363.262604,0.200000,0.300000,0.000000
380,1,380,12.666667,0,0,609.239624,759.947083,0.050000,0.050000,0.000000
380,1,380,12.666667,0,1,679.231812,738.541565,0.100000,0.050000,0.000000
380,1,380,12.666667,0,2,746.871582,716.235107,0.150000,0.050000,0.000000
380,1,380,12.666667,0,3,811.621826,695.268250,0.200000,0.050000,0.000000
380,1,380,12.666667,0,4,588.866821,691.010742,0.050000,0.100000,0.000000
380,1,380,12.666667,0,5,659.393921,669.392944,0.100000,0.100000,0.000000
380,1,380,12.666667,0,6,727.031128,648.292053,0.150000,0.100000,0.000000
380,1,380,12.666667,0,7,792.617188,629.286987,0.200000,0.100000,0.000000
380,1,380,12.666667,0,8,568.384277,621.650269,0.050000,0.150000,0.000000
380,1,380,12.666667,0,9,638.688721,600.984558,0.100000,0.150000,0.000000
380,1,380,12.666667,0,10,706.179077,581.839966,0.150000,0.150000,0.000000
380,1,380,12.666667,0,11,772.457764,562.413940,0.200000,0.150000,0.000000
380,1,380,12.666667,0,12,547.625244,552.505798,0.050000,0.200000,0.000000
380,1,380,12.666667,0,13,617.665405,533.390808,0.100000,0.200000,0.000000
380,1,380,12.666667,0,14,686.671997,514.463440,0.150000,0.200000,0.000000
380,1,380,12.666667,0,15,751.632690,496.697510,0.200000,0.200000,0.000000
380,1,380,12.666667,0,16,526.832153,483.672821,0.050000,0.250000,0.000000
380,1,380,12.666667,0,17,597.726562,464.933990,0.100000,0.250000,0.000000
380,1,380,12.666667,0,18,666.178955,447.874664,0.150000,0.250000,0.000000
380,1,380,12.666667,0,19,732.937378,430.230865,0.200000,0.250000,0.000000
380,1,380,12.666667,0,20,506.021973,415.092468,0.050000,0.300000,0.000000
380,1,380,12.666667,0,21,576.873779,397.332794,0.100000,0.300000,0.000000
380,1,380,12.666667,0,22,645.902222,380.232513,0.150000,0.300000,0.000000
380,1,380,12.666667,0,23,712.674316,364.856720,0.200000,0.300000,0.000000
385,1,385,12.833333,0,0,606.925049,768.641602,0.050000,0.050000,0.000000
385,1,385,12.833333,0,1,676.908081,747.057007,0.100000,0.050000,0.000000
385,1,385,12.833333,0,2,744.015991,725.258667,0.150000,0.050000,0.000000
385,1,385,12.833333,0,3,808.413086,704.231079,0.200000,0.050000,0.000000
385,1,385,12.833333,0,4,587.719849,700.041138,0.050000,0.100000,0.000000
385,1,385,12.833333,0,5,657.519409,678.578674,0.100000,0.100000,0.000000
385,1,385,12.833333,0,6,724.888550,657.759644,0.150000,0.100000,0.000000
385,1,385,12.833333,0,7,789.843262,637.984802,0.200000,0.100000,0.000000
385,1,385,12.833333,0,8,567.651123,630.742065,0.050000,0.150000,0.000000
385,1,385,12.833333,0,9,638.355835,610.421936,0.100000,0.150000,0.000000
385,1,385,12.833333,0,10,705.953369,590.845093,0.150000,0.150000,0.000000
385,1,385,12.833333,0,11,771.862915,572.158569,0.200000,0.150000,0.000000
385,1,385,12.833333,0,12,548.077026,560.959167,0.050000,0.200000,0.000000
385,1,385,12.833333,0,13,618.937744,542.029114,0.100000,0.200000,0.000000
385,1,385,12.833333,0,14,686.959229,523.611389,0.150000,0.200000,0.000000
385,1,385,12.833333,0,15,752.394287,505.207520,0.200000,0.200000,0.000000
385,1,385,12.833333,0,16,527.711914,491.613647,0.050000,0.250000,0.000000
385,1,385,12.833333,0,17,599.114380,473.237488,0.100000,0.250000,0.000000
385,1,385,12.833333,0,18,667.609741,455.545654,0.150000,0.250000,0.000000
385,1,385,12.833333,0,19,734.808472,439.575317,0.200000,0.250000,0.000000
385,1,385,12.833333,0,20,507.743774,421.460236,0.050000,0.300000,0.000000
385,1,385,12.833333,0,21,579.420044,404.557312,0.100000,0.300000,0.000000
385,1,385,12.833333,0,22,648.689331,387.527222,0.150000,0.300000,0.000000
385,1,385,12.833333,0,23,715.724976,371.674103,0.200000,0.300000,0.000000
390,1,390,13.000000,0,0,604.775513,770.786743,0.050000,0.050000,0.000000
390,1,390,13.000000,0,1,674.767212,748.768616,0.100000,0.050000,0.000000
390,1,390,13.000000,0,2,741.590576,727.114136,0.150000,0.050000,0.000000
390,1,390,13.000000,0,3,805.830688,705.576294,0.200000,0.050000,0.000000
390,1,390,13.000000,0,4,585.930054,702.307434,0.050000,0.100000,0.000000
390,1,390,13.000000,0,5,655.979004,681.070740,0.100000,0.100000,0.000000
390,1,390,13.000000,0,6,723.150024,660.898499,0.150000,0.100000,0.000000
390,1,390,13.000000,0,7,787.840576,640.220459,0.200000,0.100000,0.000000
390,1,390,13.000000,0,8,566.838013,633.820129,0.050000,0.150000,0.000000
390,1,390,13.000000,0,9,636.962402,613.363098,0.100000,0.150000,0.000000
390,1,390,13.000000,0,10,704.482544,593.840576,0.150000,0.150000,0.000000
390,1,390,13.000000,0,11,770.537231,574.624634,0.200000,0.150000,0.000000
390,1,390,13.000000,0,12,547.224243,564.394836,0.050000,0.200000,0.000000
390,1,390,13.000000,0,13,617.738892,545.066772,0.100000,0.200000,0.000000
390,1,390,13.000000,0,14,686.276489,526.532104,0.150000,0.200000,0.000000
390,1,390,13.000000,0,15,751.954102,507.870148,0.200000,0.200000,0.000000
390,1,390,13.000000,0,16,527.280396,494.665985,0.050000,0.250000,0.000000
390,1,390,13.000000,0,17,598.563354,476.776367,0.100000,0.250000,0.000000
390,1,390,13.000000,0,18,667.527344,458.430664,0.150000,0.250000,0.000000
390,1,390,13.000000,0,19,734.219238,441.273529,0.200000,0.250000,0.000000
390,1,390,13.000000,0,20,507.269165,424.773376,0.050000,0.300000,0.000000
390,1,390,13.000000,0,21,578.975220,407.086487,0.100000,0.300000,0.000000
390,1,390,13.000000,0,22,648.840942,389.774780,0.150000,0.300000,0.000000
390,1,390,13.000000,0,23,716.776123,373.711182,0.200000,0.300000,0.000000
395,1,395,13.166667,0,0,600.190674,769.028320,0.050000,0.050000,0.000000
395,1,395,13.166667,0,1,670.605347,748.640808,0.100000,0.050000,0.000000
395,1,395,13.166667,0,2,737.266602,728.306274,0.150000,0.050000,0.000000
395,1,395,13.166667,0,3,801.809326,708.247131,0.200000,0.050000,0.000000
395,1,395,13.166667,0,4,584.040649,701.950256,0.050000,0.100000,0.000000
395,1,395,13.166667,0,5,653.964600,681.437134,0.100000,0.100000,0.000000
395,1,395,13.166667,0,6,721.931274,662.085083,0.150000,0.100000,0.000000
395,1,395,13.166667,0,7,787.879028,643.504456,0.200000,0.100000,0.000000
395,1,395,13.166667,0,8,566.558838,633.141968,0.050000,0.150000,0.000000
395,1,395,13.166667,0,9,637.626465,614.280823,0.100000,0.150000,0.000000
395,1,395,13.166667,0,10,704.719482,595.502258,0.150000,0.150000,0.000000
395,1,395,13.166667,0,11,771.677368,577.240295,0.200000,0.150000,0.000000
395,1,395,13.166667,0,12,549.238892,564.013245,0.050000,0.200000,0.000000
395,1,395,13.166667,0,13,620.197021,545.682800,0.100000,0.200000,0.000000
395,1,395,13.166667,0,14,689.330200,527.842896,0.150000,0.200000,0.000000
395,1,395,13.166667,0,15,755.912109,510.991058,0.200000,0.200000,0.000000
395,1,395,13.166667,0,16,531.342163,493.715759,0.050000,0.250000,0.000000
395,1,395,13.166667,0,17,603.053711,476.694794,0.100000,0.250000,0.000000
395,1,395,13.166667,0,18,672.752319,460.169220,0.150000,0.250000,0.000000
395,1,395,13.166667,0,19,740.385498,443.855225,0.200000,0.250000,0.000000
395,1,395,13.166667,0,20,513.217163,423.114166,0.050000,0.300000,0.000000
395,1,395,13.166667,0,21,585.202026,406.861115,0.100000,0.300000,0.000000
395,1,395,13.166667,0,22,656.187500,391.066071,0.150000,0.300000,0.000000
395,1,395,13.166667,0,23,724.622803,375.703857,0.200000,0.300000,0.000000
400,1,400,13.333333,0,0,602.854858,775.932495,0.050000,0.050000,0.000000
400,1,400,13.333333,0,1,672.651001,756.494995,0.100000,0.050000,0.000000
400,1,400,13.333333,0,2,739.822998,736.428101,0.150000,0.050000,0.000000
400,1,400,13.333333,0,3,803.522583,716.448486,0.200000,0.050000,0.000000
400,1,400,13.333333,0,4,587.320435,709.823792,0.050000,0.100000,0.000000
400,1,400,13.333333,0,5,657.467896,690.461609,0.100000,0.100000,0.000000
400,1,400,13.333333,0,6,724.598755,671.066528,0.150000,0.100000,0.000000
400,1,400,13.333333,0,7,788.938599,651.785095,0.200000,0.100000,0.000000
400,1,400,13.333333,0,8,571.035522,642.072327,0.050000,0.150000,0.000000
400,1,400,13.333333,0,9,641.866211,623.471130,0.100000,0.150000,0.000000
400,1,400,13.333333,0,10,708.933350,604.471558,0.150000,0.150000,0.000000
400,1,400,13.333333,0,11,775.461060,586.908386,0.200000,0.150000,0.000000
400,1,400,13.333333,0,12,554.469482,573.600281,0.050000,0.200000,0.000000
400,1,400,13.333333,0,13,625.497314,555.673096,0.100000,0.200000,0.000000
400,1,400,13.333333,0,14,694.799072,538.209778,0.150000,0.200000,0.000000
400,1,400,13.333333,0,15,761.879150,521.024475,0.200000,0.200000,0.000000
400,1,400,13.333333,0,16,536.982666,503.388855,0.050000,0.250000,0.000000
400,1,400,13.333333,0,17,609.290527,487.127930,0.100000,0.250000,0.000000
400,1,400,13.333333,0,18,678.524048,469.843201,0.150000,0.250000,0.000000
400,1,400,13.333333,0,19,746.602539,453.755951,0.200000,0.250000,0.000000
400,1,400,13.333333,0,20,519.937256,432.635132,0.050000,0.300000,0.000000
400,1,400,13.333333,0,21,592.440063,416.600769,0.100000,0.300000,0.000000
400,1,400,13.333333,0,22,663.495605,400.600037,0.150000,0.300000,0.000000
400,1,400,13.333333,0,23,731.814941,385.316895,0.200000,0.300000,0.000000
405,1,405,13.500000,0,0,600.027344,782.026184,0.050000,0.050000,0.000000
405,1,405,13.500000,0,1,670.276733,764.106750,0.100000,0.050000,0.000000
405,1,405,13.500000,0,2,737.182983,743.908691,0.150000,0.050000,0.000000
405,1,405,13.500000,0,3,800.903320,724.661255,0.200000,0.050000,0.000000
405,1,405,13.500000,0,4,586.232788,717.384705,0.050000,0.100000,0.000000
405,1,405,13.500000,0,5,656.061890,698.191040,0.100000,0.100000,0.000000
405,1,405,13.500000,0,6,723.448242,680.139709,0.150000,0.100000,0.000000
405,1,405,13.500000,0,7,786.980835,660.556458,0.200000,0.100000,0.000000
405,1,405,13.500000,0,8,571.148560,650.177856,0.050000,0.150000,0.000000
405,1,405,13.500000,0,9,642.144409,632.355469,0.100000,0.150000,0.000000
405,1,405,13.500000,0,10,710.435791,614.206909,0.150000,0.150000,0.000000
405,1,405,13.500000,0,11,776.446411,596.398682,0.200000,0.150000,0.000000
405,1,405,13.500000,0,12,555.906616,582.312866,0.050000,0.200000,0.000000
405,1,405,13.500000,0,13,627.146606,564.765564,0.100000,0.200000,0.000000
405,1,405,13.500000,0,14,696.213135,547.411926,0.150000,0.200000,0.000000
405,1,405,13.500000,0,15,762.514526,530.650574,0.200000,0.200000,0.000000
405,1,405,13.500000,0,16,539.798584,512.633972,0.050000,0.250000,0.000000
405,1,405,13.500000,0,17,612.097168,496.078461,0.100000,0.250000,0.000000
405,1,405,13.500000,0,18,682.249634,479.961212,0.150000,0.250000,0.000000
405,1,405,13.500000,0,19,750.354858,463.527710,0.200000,0.250000,0.000000
405,1,405,13.500000,0,20,523.173096,442.282318,0.050000,0.300000,0.000000
405,1,405,13.500000,0,21,596.326538,426.283142,0.100000,0.300000,0.000000
405,1,405,13.500000,0,22,667.850708,411.384766,0.150000,0.300000,0.000000
405,1,405,13.500000,0,23,736.972534,396.167236,0.200000,0.300000,0.000000
410,1,410,13.666667,0,0,604.054810,789.873962,0.050000,0.050000,0.000000
410,1,410,13.666667,0,1,673.935425,771.301819,0.100000,0.050000,0.000000
410,1,410,13.666667,0,2,740.912964,751.709473,0.150000,0.050000,0.000000
410,1,410,13.666667,0,3,805.624268,731.721558,0.200000,0.050000,0.000000
410,1,410,13.666667,0,4,589.796143,724.527832,0.050000,0.100000,0.000000
410,1,410,13.666667,0,5,659.604004,706.015930,0.100000,0.100000,0.000000
410,1,410,13.666667,0,6,727.414551,687.450623,0.150000,0.100000,0.000000
410,1,410,13.666667,0,7,793.506836,669.210205,0.200000,0.100000,0.000000
410,1,410,13.666667,0,8,574.515137,657.542419,0.050000,0.150000,0.000000
410,1,410,13.666667,0,9,645.730713,639.540039,0.100000,0.150000,0.000000
410,1,410,13.666667,0,10,713.786865,621.427368,0.150000,0.150000,0.000000
410,1,410,13.666667,0,11,780.378784,604.058044,0.200000,0.150000,0.000000
410,1,410,13.666667,0,12,558.732056,589.760803,0.050000,0.200000,0.000000
410,1,410,13.666667,0,13,630.575684,572.485535,0.100000,0.200000,0.000000
410,1,410,13.666667,0,14,700.025635,554.911865,0.150000,0.200000,0.000000
410,1,410,13.666667,0,15,767.805542,538.520325,0.200000,0.200000,0.000000
410,1,410,13.666667,0,16,542.762939,520.223511,0.050000,0.250000,0.000000
410,1,410,13.666667,0,17,615.412598,503.802063,0.100000,0.250000,0.000000
410,1,410,13.666667,0,18,685.479980,487.568420,0.150000,0.250000,0.000000
410,1,410,13.666667,0,19,754.213867,471.527405,0.200000,0.250000,0.000000
410,1,410,13.666667,0,20,526.655640,449.277863,0.050000,0.300000,0.000000
410,1,410,13.666667,0,21,599.934204,433.410461,0.100000,0.300000,0.000000
410,1,410,13.666667,0,22,671.600952,418.349854,0.150000,0.300000,0.000000
410,1,410,13.666667,0,23,740.778931,403.355469,0.200000,0.300000,0.000000
415,1,415,13.833333,0,0,606.548828,779.323181,0.050000,0.050000,0.000000
415,1,415,13.833333,0,1,676.666870,760.988281,0.100000,0.050000,0.000000
415,1,415,13.833333,0,2,743.405884,741.957153,0.150000,0.050000,0.000000
415,1,415,13.833333,0,3,807.311035,722.077759,0.200000,0.050000,0.000000
415,1,415,13.833333,0,6,730.710205,677.154663,0.150000,0.100000,0.000000
415,1,415,13.833333,0,7,795.408936,659.735474,0.200000,0.100000,0.000000
415,1,415,13.833333,0,10,717.834595,612.615540,0.150000,0.150000,0.000000
415,1,415,13.833333,0,11,783.596069,595.338745,0.200000,0.150000,0.000000
415,1,415,13.833333,0,12,563.858154,580.413574,0.050000,0.200000,0.000000
415,1,415,13.833333,0,13,635.709106,563.770325,0.100000,0.200000,0.000000
415,1,415,13.833333,0,14,704.146851,546.835205,0.150000,0.200000,0.000000
415,1,415,13.833333,0,15,771.510376,530.106506,0.200000,0.200000,0.000000
415,1,415,13.833333,0,16,547.883667,511.136414,0.050000,0.250000,0.000000
415,1,415,13.833333,0,17,620.789062,495.153137,0.100000,0.250000,0.000000
415,1,415,13.833333,0,18,690.679443,479.308624,0.150000,0.250000,0.000000
415,1,415,13.833333,0,19,759.186401,463.150726,0.200000,0.250000,0.000000
415,1,415,13.833333,0,20,532.583252,440.539917,0.050000,0.300000,0.000000
415,1,415,13.833333,0,21,605.643677,425.360199,0.100000,0.300000,0.000000
415,1,415,13.833333,0,22,677.103027,410.601624,0.150000,0.300000,0.000000
415,1,415,13.833333,0,23,746.430054,395.651855,0.200000,0.300000,0.000000
420,1,420,14.000000,0,12,559.665405,550.889587,0.050000,0.200000,0.000000
420,1,420,14.000000,0,16,545.731201,483.621063,0.050000,0.250000,0.000000
420,1,420,14.000000,0,17,618.976440,467.944824,0.100000,0.250000,0.000000
420,1,420,14.000000,0,18,687.796265,452.401886,0.150000,0.250000,0.000000
420,1,420,14.000000,0,19,758.644775,436.881958,0.200000,0.250000,0.000000
420,1,420,14.000000,0,20,531.709351,414.608521,0.050000,0.300000,0.000000
420,1,420,14.000000,0,21,605.759888,400.038849,0.100000,0.300000,0.000000
420,1,420,14.000000,0,22,678.312866,385.729065,0.150000,0.300000,0.000000
420,1,420,14.000000,0,23,746.732056,370.557739,0.200000,0.300000,0.000000
425,1,425,14.166667,0,15,748.224121,451.315033,0.200000,0.200000,0.000000
425,1,425,14.166667,0,16,525.987427,443.396790,0.050000,0.250000,0.000000
425,1,425,14.166667,0,17,599.876221,426.649445,0.100000,0.250000,0.000000
425,1,425,14.166667,0,18,671.007080,409.694702,0.150000,0.250000,0.000000
425,1,425,14.166667,0,19,741.330688,392.135986,0.200000,0.250000,0.000000
425,1,425,14.166667,0,20,513.151733,380.966339,0.050000,0.300000,0.000000
425,1,425,14.166667,0,21,588.141968,364.552734,0.100000,0.300000,0.000000
425,1,425,14.166667,0,22,662.080444,347.707184,0.150000,0.300000,0.000000
425,1,425,14.166667,0,23,734.122681,332.943848,0.200000,0.300000,0.000000
430,1,430,14.333333,0,15,739.090332,428.031006,0.200000,0.200000,0.000000
430,1,430,14.333333,0,16,520.313843,426.850800,0.050000,0.250000,0.000000
430,1,430,14.333333,0,17,595.062378,411.393158,0.100000,0.250000,0.000000
430,1,430,14.333333,0,18,664.430542,393.266113,0.150000,0.250000,0.000000
430,1,430,14.333333,0,19,736.837280,378.703247,0.200000,0.250000,0.000000
430,1,430,14.333333,0,20,509.374390,373.401978,0.050000,0.300000,0.000000
430,1,430,14.333333,0,21,584.578979,357.024170,0.100000,0.300000,0.000000
430,1,430,14.333333,0,22,660.196655,341.942322,0.150000,0.300000,0.000000
430,1,430,14.333333,0,23,730.829956,325.315247,0.200000,0.300000,0.000000
445,1,445,14.833333,0,12,453.590332,393.246307,0.050000,0.200000,0.000000
445,1,445,14.833333,0,16,442.900146,349.768616,0.050000,0.250000,0.000000
445,1,445,14.833333,0,17,517.095581,328.390106,0.100000,0.250000,0.000000
445,1,445,14.833333,0,20,432.508179,302.940460,0.050000,0.300000,0.000000
445,1,445,14.833333,0,21,506.150269,280.138336,0.100000,0.300000,0.000000
450,1,450,15.000000,0,16,440.834595,347.119171,0.050000,0.250000,0.000000
450,1,450,15.000000,0,17,514.818970,322.005798,0.100000,0.250000,0.000000
450,1,450,15.000000,0,18,581.101318,297.277924,0.150000,0.250000,0.000000
450,1,450,15.000000,0,20,432.636841,304.684753,0.050000,0.300000,0.000000
450,1,450,15.000000,0,21,510.917358,278.534637,0.100000,0.300000,0.000000
450,1,450,15.000000,0,22,580.968628,253.944458,0.150000,0.300000,0.000000
455,1,455,15.166667,0,15,673.578247,312.813049,0.200000,0.200000,0.000000
455,1,455,15.166667,0,16,461.133911,345.008545,0.050000,0.250000,0.000000
455,1,455,15.166667,0,17,536.332764,320.727234,0.100000,0.250000,0.000000
455,1,455,15.166667,0,18,608.245728,297.740540,0.150000,0.250000,0.000000
455,1,455,15.166667,0,20,455.378418,305.111481,0.050000,0.300000,0.000000
455,1,455,15.166667,0,21,533.236816,280.683990,0.100000,0.300000,0.000000
455,1,455,15.166667,0,22,603.796021,256.049042,0.150000,0.300000,0.000000
460,1,460,15.333333,0,13,546.025513,358.607910,0.100000,0.200000,0.000000
460,1,460,15.333333,0,14,610.298584,335.074554,0.150000,0.200000,0.000000
460,1,460,15.333333,0,15,678.974976,311.708344,0.200000,0.200000,0.000000
460,1,460,15.333333,0,16,465.955322,345.799530,0.050000,0.250000,0.000000
460,1,460,15.333333,0,19,676.326294,273.789276,0.200000,0.250000,0.000000
460,1,460,15.333333,0,20,459.419189,305.102386,0.050000,0.300000,0.000000
465,1,465,15.500000,0,15,667.145386,304.858948,0.200000,0.200000,0.000000
465,1,465,15.500000,0,16,454.197876,339.225769,0.050000,0.250000,0.000000
465,1,465,15.500000,0,19,667.898071,265.804016,0.200000,0.250000,0.000000
465,1,465,15.500000,0,20,446.865967,296.472412,0.050000,0.300000,0.000000
470,1,470,15.666667,0,11,659.491455,337.325653,0.200000,0.150000,0.000000
470,1,470,15.666667,0,15,657.790771,300.460449,0.200000,0.200000,0.000000
470,1,470,15.666667,0,16,444.117188,334.446350,0.050000,0.250000,0.000000
470,1,470,15.666667,0,17,517.003296,309.790192,0.100000,0.250000,0.000000
470,1,470,15.666667,0,18,590.208618,284.496429,0.150000,0.250000,0.000000
470,1,470,15.666667,0,19,656.519165,260.833282,0.200000,0.250000,0.000000
470,1,470,15.666667,0,20,434.609497,291.700958,0.050000,0.300000,0.000000
470,1,470,15.666667,0,21,512.080688,266.300903,0.100000,0.300000,0.000000
470,1,470,15.666667,0,22,584.464844,241.234650,0.150000,0.300000,0.000000
470,1,470,15.666667,0,23,656.226074,218.072342,0.200000,0.300000,0.000000
500,1,500,16.666667,0,17,497.437256,527.212830,0.100000,0.250000,0.000000
500,1,500,16.666667,0,18,569.043457,494.862549,0.150000,0.250000,0.000000
500,1,500,16.666667,0,19,634.239868,464.487915,0.200000,0.250000,0.000000
505,1,505,16.833333,0,19,615.322632,463.034424,0.200000,0.250000,0.000000
510,1,510,17.000000,0,3,642.259277,606.575073,0.200000,0.050000,0.000000
510,1,510,17.000000,0,7,625.661133,575.784546,0.200000,0.100000,0.000000
510,1,510,17.000000,0,11,614.623413,542.403992,0.200000,0.150000,0.000000
510,1,510,17.000000,0,15,597.327881,507.504791,0.200000,0.200000,0.000000
510,1,510,17.000000,0,16,391.325562,583.596436,0.050000,0.250000,0.000000
510,1,510,17.000000,0,17,457.745850,545.851990,0.100000,0.250000,0.000000
510,1,510,17.000000,0,18,521.843994,507.108276,0.150000,0.250000,0.000000
510,1,510,17.000000,0,19,583.530151,470.716278,0.200000,0.250000,0.000000
510,1,510,17.000000,0,20,366.729858,545.566284,0.050000,0.300000,0.000000
510,1,510,17.000000,0,21,435.250977,506.311646,0.100000,0.300000,0.000000
510,1,510,17.000000,0,22,501.680908,468.110657,0.150000,0.300000,0.000000
510,1,510,17.000000,0,23,566.467529,430.155548,0.200000,0.300000,0.000000
515,1,515,17.166667,0,2,589.253540,641.975220,0.150000,0.050000,0.000000
515,1,515,17.166667,0,6,576.111084,609.663574,0.150000,0.100000,0.000000
515,1,515,17.166667,0,11,615.051636,542.471130,0.200000,0.150000,0.000000
515,1,515,17.166667,0,12,418.226807,617.798035,0.050000,0.200000,0.000000
515,1,515,17.166667,0,15,598.654907,506.932220,0.200000,0.200000,0.000000
515,1,515,17.166667,0,16,392.973022,584.848145,0.050000,0.250000,0.000000
515,1,515,17.166667,0,17,458.095093,547.147522,0.100000,0.250000,0.000000
515,1,515,17.166667,0,18,521.928589,507.567383,0.150000,0.250000,0.000000
515,1,515,17.166667,0,19,583.383179,469.824280,0.200000,0.250000,0.000000
515,1,515,17.166667,0,20,367.305908,547.385620,0.050000,0.300000,0.000000
515,1,515,17.166667,0,21,435.381104,507.306915,0.100000,0.300000,0.000000
515,1,515,17.166667,0,22,501.894165,468.036163,0.150000,0.300000,0.000000
515,1,515,17.166667,0,23,567.691162,429.425720,0.200000,0.300000,0.000000
520,1,520,17.333333,0,12,418.098267,631.640991,0.050000,0.200000,0.000000
520,1,520,17.333333,0,15,597.697510,519.236328,0.200000,0.200000,0.000000
520,1,520,17.333333,0,16,394.919312,596.995667,0.050000,0.250000,0.000000
520,1,520,17.333333,0,17,460.589600,557.901794,0.100000,0.250000,0.000000
520,1,520,17.333333,0,18,523.549316,519.656982,0.150000,0.250000,0.000000
520,1,520,17.333333,0,19,585.163574,480.646301,0.200000,0.250000,0.000000
520,1,520,17.333333,0,20,371.009888,559.761353,0.050000,0.300000,0.000000
520,1,520,17.333333,0,21,439.224243,519.651306,0.100000,0.300000,0.000000
520,1,520,17.333333,0,22,505.007324,480.925323,0.150000,0.300000,0.000000
520,1,520,17.333333,0,23,570.140503,442.261139,0.200000,0.300000,0.000000
525,1,525,17.500000,0,10,560.646240,596.158203,0.150000,0.150000,0.000000
525,1,525,17.500000,0,11,617.666138,558.273926,0.200000,0.150000,0.000000
525,1,525,17.500000,0,12,420.347290,637.438599,0.050000,0.200000,0.000000
525,1,525,17.500000,0,13,482.721191,599.423584,0.100000,0.200000,0.000000
525,1,525,17.500000,0,14,543.533081,560.815491,0.150000,0.200000,0.000000
525,1,525,17.500000,0,15,601.969727,523.788086,0.200000,0.200000,0.000000
525,1,525,17.500000,0,16,396.611816,601.626770,0.050000,0.250000,0.000000
525,1,525,17.500000,0,17,461.798950,562.413269,0.100000,0.250000,0.000000
525,1,525,17.500000,0,18,524.647461,523.701050,0.150000,0.250000,0.000000
525,1,525,17.500000,0,19,585.835449,485.841553,0.200000,0.250000,0.000000
525,1,525,17.500000,0,20,371.652100,563.822998,0.050000,0.300000,0.000000
525,1,525,17.500000,0,21,438.997681,523.131348,0.100000,0.300000,0.000000
525,1,525,17.500000,0,22,504.878418,484.933746,0.150000,0.300000,0.000000
525,1,525,17.500000,0,23,569.721313,445.590668,0.200000,0.300000,0.000000
530,1,530,17.666667,0,6,578.982910,630.025757,0.150000,0.100000,0.000000
530,1,530,17.666667,0,7,635.312866,591.291565,0.200000,0.100000,0.000000
530,1,530,17.666667,0,10,562.532471,595.103394,0.150000,0.150000,0.000000
530,1,530,17.666667,0,11,619.036987,557.542542,0.200000,0.150000,0.000000
530,1,530,17.666667,0,12,423.302368,635.940002,0.050000,0.200000,0.000000
530,1,530,17.666667,0,13,484.501587,598.056335,0.100000,0.200000,0.000000
530,1,530,17.666667,0,14,545.258789,559.497559,0.150000,0.200000,0.000000
530,1,530,17.666667,0,15,602.578003,522.329651,0.200000,0.200000,0.000000
530,1,530,17.666667,0,16,399.113647,600.075073,0.050000,0.250000,0.000000
530,1,530,17.666667,0,17,464.046509,561.577759,0.100000,0.250000,0.000000
530,1,530,17.666667,0,18,526.533936,522.060120,0.150000,0.250000,0.000000
530,1,530,17.666667,0,19,588.001587,484.143433,0.200000,0.250000,0.000000
530,1,530,17.666667,0,20,374.466431,562.157288,0.050000,0.300000,0.000000
530,1,530,17.666667,0,21,441.919556,521.518555,0.100000,0.300000,0.000000
530,1,530,17.666667,0,22,507.230835,482.499908,0.150000,0.300000,0.000000
530,1,530,17.666667,0,23,571.364380,444.015930,0.200000,0.300000,0.000000
535,1,535,17.833333,0,2,596.519653,661.857727,0.150000,0.050000,0.000000
535,1,535,17.833333,0,3,649.335571,624.842041,0.200000,0.050000,0.000000
535,1,535,17.833333,0,6,580.964233,628.869263,0.150000,0.100000,0.000000
535,1,535,17.833333,0,7,635.290771,592.044006,0.200000,0.100000,0.000000
535,1,535,17.833333,0,11,620.159424,558.640930,0.200000,0.150000,0.000000
535,1,535,17.833333,0,12,422.892822,632.355347,0.050000,0.200000,0.000000
535,1,535,17.833333,0,15,604.228882,520.203247,0.200000,0.200000,0.000000
535,1,535,17.833333,0,16,398.779663,594.909912,0.050000,0.250000,0.000000
535,1,535,17.833333,0,17,463.823975,556.282532,0.100000,0.250000,0.000000
535,1,535,17.833333,0,18,526.525269,518.522278,0.150000,0.250000,0.000000
535,1,535,17.833333,0,19,587.838501,480.601990,0.200000,0.250000,0.000000
535,1,535,17.833333,0,20,372.839233,555.577148,0.050000,0.300000,0.000000
535,1,535,17.833333,0,21,440.364990,515.682800,0.100000,0.300000,0.000000
535,1,535,17.833333,0,22,506.391113,477.665009,0.150000,0.300000,0.000000
535,1,535,17.833333,0,23,569.546509,438.788361,0.200000,0.300000,0.000000
540,1,540,18.000000,0,2,596.284302,662.781555,0.150000,0.050000,0.000000
540,1,540,18.000000,0,6,580.895386,628.068298,0.150000,0.100000,0.000000
540,1,540,18.000000,0,10,564.505615,592.050293,0.150000,0.150000,0.000000
540,1,540,18.000000,0,11,621.952759,556.818542,0.200000,0.150000,0.000000
540,1,540,18.000000,0,12,422.539551,624.348267,0.050000,0.200000,0.000000
540,1,540,18.000000,0,13,485.721191,589.112793,0.100000,0.200000,0.000000
540,1,540,18.000000,0,14,547.271606,553.209045,0.150000,0.200000,0.000000
540,1,540,18.000000,0,15,607.286743,517.664246,0.200000,0.200000,0.000000
540,1,540,18.000000,0,16,398.454468,585.226501,0.050000,0.250000,0.000000
540,1,540,18.000000,0,17,465.073364,548.212708,0.100000,0.250000,0.000000
540,1,540,18.000000,0,18,529.667114,512.401978,0.150000,0.250000,0.000000
540,1,540,18.000000,0,19,590.884277,477.014465,0.200000,0.250000,0.000000
540,1,540,18.000000,0,20,374.882446,543.072998,0.050000,0.300000,0.000000
540,1,540,18.000000,0,21,442.782349,505.539795,0.100000,0.300000,0.000000
540,1,540,18.000000,0,22,509.194702,469.206055,0.150000,0.300000,0.000000
540,1,540,18.000000,0,23,573.119873,433.351349,0.200000,0.300000,0.000000
545,1,545,18.166667,0,0,479.326294,728.273010,0.050000,0.050000,0.000000
545,1,545,18.166667,0,1,538.815063,697.550293,0.100000,0.050000,0.000000
545,1,545,18.166667,0,2,593.556885,662.860535,0.150000,0.050000,0.000000
545,1,545,18.166667,0,3,649.997559,630.055908,0.200000,0.050000,0.000000
545,1,545,18.166667,0,4,462.599854,694.036316,0.050000,0.100000,0.000000
545,1,545,18.166667,0,5,521.674194,660.974548,0.100000,0.100000,0.000000
545,1,545,18.166667,0,6,580.700562,627.424194,0.150000,0.100000,0.000000
545,1,545,18.166667,0,7,640.067505,592.811462,0.200000,0.100000,0.000000
545,1,545,18.166667,0,8,442.223389,656.903015,0.050000,0.150000,0.000000
545,1,545,18.166667,0,9,506.019043,622.941772,0.100000,0.150000,0.000000
545,1,545,18.166667,0,10,567.194946,588.601929,0.150000,0.150000,0.000000
545,1,545,18.166667,0,11,623.940430,554.401123,0.200000,0.150000,0.000000
545,1,545,18.166667,0,12,421.843384,618.750000,0.050000,0.200000,0.000000
545,1,545,18.166667,0,13,487.016113,583.518433,0.100000,0.200000,0.000000
545,1,545,18.166667,0,14,549.448242,547.729004,0.150000,0.200000,0.000000
545,1,545,18.166667,0,15,607.112305,515.148743,0.200000,0.200000,0.000000
545,1,545,18.166667,0,16,399.834595,576.387024,0.050000,0.250000,0.000000
545,1,545,18.166667,0,17,467.108398,542.236877,0.100000,0.250000,0.000000
545,1,545,18.166667,0,18,532.023804,506.430908,0.150000,0.250000,0.000000
545,1,545,18.166667,0,19,594.256958,473.257416,0.200000,0.250000,0.000000
545,1,545,18.166667,0,20,377.059082,532.960938,0.050000,0.300000,0.000000
545,1,545,18.166667,0,21,445.754150,496.149597,0.100000,0.300000,0.000000
545,1,545,18.166667,0,22,513.319214,461.489685,0.150000,0.300000,0.000000
545,1,545,18.166667,0,23,577.760742,427.315521,0.200000,0.300000,0.000000
550,1,550,18.333333,0,2,600.434204,663.154297,0.150000,0.050000,0.000000
550,1,550,18.333333,0,6,585.986694,627.137573,0.150000,0.100000,0.000000
550,1,550,18.333333,0,10,572.271118,590.247437,0.150000,0.150000,0.000000
550,1,550,18.333333,0,11,629.140137,556.301086,0.200000,0.150000,0.000000
550,1,550,18.333333,0,12,427.983643,618.723938,0.050000,0.200000,0.000000
550,1,550,18.333333,0,13,492.445801,584.460876,0.100000,0.200000,0.000000
550,1,550,18.333333,0,14,554.875122,550.016968,0.150000,0.200000,0.000000
550,1,550,18.333333,0,15,614.774292,516.898987,0.200000,0.200000,0.000000
550,1,550,18.333333,0,16,406.802490,577.447266,0.050000,0.250000,0.000000
550,1,550,18.333333,0,17,473.812500,542.211914,0.100000,0.250000,0.000000
550,1,550,18.333333,0,18,538.201172,508.231232,0.150000,0.250000,0.000000
550,1,550,18.333333,0,19,600.979858,474.250031,0.200000,0.250000,0.000000
550,1,550,18.333333,0,20,383.923828,533.748474,0.050000,0.300000,0.000000
550,1,550,18.333333,0,21,452.651001,497.786194,0.100000,0.300000,0.000000
555,1,555,18.500000,0,0,491.638184,727.866272,0.050000,0.050000,0.000000
555,1,555,18.500000,0,1,550.650391,697.079468,0.100000,0.050000,0.000000
555,1,555,18.500000,0,2,606.482300,664.826782,0.150000,0.050000,0.000000
555,1,555,18.500000,0,3,661.089966,630.865479,0.200000,0.050000,0.000000
555,1,555,18.500000,0,4,474.670532,692.841980,0.050000,0.100000,0.000000
555,1,555,18.500000,0,5,535.327881,661.310974,0.100000,0.100000,0.000000
555,1,555,18.500000,0,9,519.171631,623.390686,0.100000,0.150000,0.000000
555,1,555,18.500000,0,13,501.652466,583.590210,0.100000,0.200000,0.000000
555,1,555,18.500000,0,14,563.519775,549.330872,0.150000,0.200000,0.000000
555,1,555,18.500000,0,15,624.133057,516.420471,0.200000,0.200000,0.000000
555,1,555,18.500000,0,16,415.914795,575.225647,0.050000,0.250000,0.000000
555,1,555,18.500000,0,17,483.023193,540.949280,0.100000,0.250000,0.000000
555,1,555,18.500000,0,18,546.971313,507.141113,0.150000,0.250000,0.000000
555,1,555,18.500000,0,19,610.307739,472.908081,0.200000,0.250000,0.000000
555,1,555,18.500000,0,20,394.647705,530.309021,0.050000,0.300000,0.000000
555,1,555,18.500000,0,21,462.879272,496.020111,0.100000,0.300000,0.000000
555,1,555,18.500000,0,22,530.182861,462.348175,0.150000,0.300000,0.000000
555,1,555,18.500000,0,23,595.289551,428.702789,0.200000,0.300000,0.000000
560,1,560,18.666667,0,0,493.357300,729.506958,0.050000,0.050000,0.000000
560,1,560,18.666667,0,1,553.406494,697.465088,0.100000,0.050000,0.000000
560,1,560,18.666667,0,2,607.318481,664.974609,0.150000,0.050000,0.000000
560,1,560,18.666667,0,3,663.218506,631.706238,0.200000,0.050000,0.000000
560,1,560,18.666667,0,6,595.767456,629.914368,0.150000,0.100000,0.000000
560,1,560,18.666667,0,7,651.512451,595.587219,0.200000,0.100000,0.000000
560,1,560,18.666667,0,11,640.399780,556.982910,0.200000,0.150000,0.000000
560,1,560,18.666667,0,12,440.263794,619.207458,0.050000,0.200000,0.000000
560,1,560,18.666667,0,15,625.613770,517.482422,0.200000,0.200000,0.000000
560,1,560,18.666667,0,16,420.664307,577.389465,0.050000,0.250000,0.000000
560,1,560,18.666667,0,17,486.149780,543.629089,0.100000,0.250000,0.000000
560,1,560,18.666667,0,18,553.434814,508.208282,0.150000,0.250000,0.000000
560,1,560,18.666667,0,19,613.809326,473.875580,0.200000,0.250000,0.000000
560,1,560,18.666667,0,20,398.338867,533.721924,0.050000,0.300000,0.000000
560,1,560,18.666667,0,21,467.691406,497.467224,0.100000,0.300000,0.000000
560,1,560,18.666667,0,22,534.623901,462.532867,0.150000,0.300000,0.000000
560,1,560,18.666667,0,23,601.262695,429.768066,0.200000,0.300000,0.000000
565,1,565,18.833333,0,3,663.337891,632.383057,0.200000,0.050000,0.000000
565,1,565,18.833333,0,4,478.847656,696.350281,0.050000,0.100000,0.000000
565,1,565,18.833333,0,8,459.387817,660.912842,0.050000,0.150000,0.000000
565,1,565,18.833333,0,9,521.749146,627.750793,0.100000,0.150000,0.000000
565,1,565,18.833333,0,12,440.391479,621.698120,0.050000,0.200000,0.000000
565,1,565,18.833333,0,13,503.493286,586.881775,0.100000,0.200000,0.000000
565,1,565,18.833333,0,14,566.113159,552.303040,0.150000,0.200000,0.000000
565,1,565,18.833333,0,15,624.021973,518.601746,0.200000,0.200000,0.000000
565,1,565,18.833333,0,16,419.332520,579.659241,0.050000,0.250000,0.000000
565,1,565,18.833333,0,17,485.930664,544.211731,0.100000,0.250000,0.000000
565,1,565,18.833333,0,18,549.379517,509.672119,0.150000,0.250000,0.000000
565,1,565,18.833333,0,19,612.221680,475.307465,0.200000,0.250000,0.000000
565,1,565,18.833333,0,20,397.755981,535.160583,0.050000,0.300000,0.000000
565,1,565,18.833333,0,21,466.545288,499.990326,0.100000,0.300000,0.000000
565,1,565,18.833333,0,22,532.887573,464.622894,0.150000,0.300000,0.000000
565,1,565,18.833333,0,23,597.246338,430.899963,0.200000,0.300000,0.000000
570,1,570,19.000000,0,2,608.990967,668.373047,0.150000,0.050000,0.000000
570,1,570,19.000000,0,4,479.114258,698.240479,0.050000,0.100000,0.000000
570,1,570,19.000000,0,5,538.818970,666.121521,0.100000,0.100000,0.000000
570,1,570,19.000000,0,8,459.355713,661.885437,0.050000,0.150000,0.000000
570,1,570,19.000000,0,9,521.965332,628.012695,0.100000,0.150000,0.000000
570,1,570,19.000000,0,12,441.079590,621.961182,0.050000,0.200000,0.000000
570,1,570,19.000000,0,13,504.384521,587.600037,0.100000,0.200000,0.000000
570,1,570,19.000000,0,14,565.883179,553.043640,0.150000,0.200000,0.000000
570,1,570,19.000000,0,15,626.700439,518.375061,0.200000,0.200000,0.000000
570,1,570,19.000000,0,16,419.801270,579.994324,0.050000,0.250000,0.000000
570,1,570,19.000000,0,17,485.972656,544.464722,0.100000,0.250000,0.000000
570,1,570,19.000000,0,18,549.743286,509.421356,0.150000,0.250000,0.000000
570,1,570,19.000000,0,19,611.467651,475.454285,0.200000,0.250000,0.000000
570,1,570,19.000000,0,20,397.154663,535.960754,0.050000,0.300000,0.000000
570,1,570,19.000000,0,21,466.000854,498.931152,0.100000,0.300000,0.000000
570,1,570,19.000000,0,22,532.289795,464.306122,0.150000,0.300000,0.000000
570,1,570,19.000000,0,23,596.000854,430.379059,0.200000,0.300000,0.000000
575,1,575,19.166667,0,2,615.376465,689.549622,0.150000,0.050000,0.000000
575,1,575,19.166667,0,4,482.192505,715.492004,0.050000,0.100000,0.000000
575,1,575,19.166667,0,5,542.693970,682.441162,0.100000,0.100000,0.000000
575,1,575,19.166667,0,8,460.984375,673.975403,0.050000,0.150000,0.000000
575,1,575,19.166667,0,9,523.211060,639.784790,0.100000,0.150000,0.000000
575,1,575,19.166667,0,12,439.110718,628.984985,0.050000,0.200000,0.000000
575,1,575,19.166667,0,13,502.812866,594.204346,0.100000,0.200000,0.000000
575,1,575,19.166667,0,14,564.239380,559.665527,0.150000,0.200000,0.000000
575,1,575,19.166667,0,15,623.184814,525.852722,0.200000,0.200000,0.000000
575,1,575,19.166667,0,16,415.815186,582.198120,0.050000,0.250000,0.000000
575,1,575,19.166667,0,17,481.793091,546.956970,0.100000,0.250000,0.000000
575,1,575,19.166667,0,18,546.318726,511.830597,0.150000,0.250000,0.000000
575,1,575,19.166667,0,19,606.830933,478.119446,0.200000,0.250000,0.000000
575,1,575,19.166667,0,20,391.036987,532.148743,0.050000,0.300000,0.000000
575,1,575,19.166667,0,21,459.568359,495.976501,0.100000,0.300000,0.000000
575,1,575,19.166667,0,22,525.331665,461.824890,0.150000,0.300000,0.000000
575,1,575,19.166667,0,23,589.102783,428.016968,0.200000,0.300000,0.000000
580,1,580,19.333333,0,10,592.578979,616.409912,0.150000,0.150000,0.000000
580,1,580,19.333333,0,11,650.747437,582.425476,0.200000,0.150000,0.000000
580,1,580,19.333333,0,12,445.440796,637.513123,0.050000,0.200000,0.000000
580,1,580,19.333333,0,13,509.776123,602.159363,0.100000,0.200000,0.000000
580,1,580,19.333333,0,14,572.410889,567.436646,0.150000,0.200000,0.000000
580,1,580,19.333333,0,15,631.397217,534.300903,0.200000,0.200000,0.000000
580,1,580,19.333333,0,16,419.424683,586.380432,0.050000,0.250000,0.000000
580,1,580,19.333333,0,17,486.128296,551.795654,0.100000,0.250000,0.000000
580,1,580,19.333333,0,18,550.196533,516.720154,0.150000,0.250000,0.000000
580,1,580,19.333333,0,19,612.695557,483.629578,0.200000,0.250000,0.000000
580,1,580,19.333333,0,20,392.525635,532.999756,0.050000,0.300000,0.000000
580,1,580,19.333333,0,21,460.935181,497.424652,0.100000,0.300000,0.000000
580,1,580,19.333333,0,22,527.615967,463.365906,0.150000,0.300000,0.000000
580,1,580,19.333333,0,23,593.362305,429.884521,0.200000,0.300000,0.000000
585,1,585,19.500000,0,2,644.893921,724.279602,0.150000,0.050000,0.000000
585,1,585,19.500000,0,3,698.349976,688.253906,0.200000,0.050000,0.000000
585,1,585,19.500000,0,6,624.615356,678.412964,0.150000,0.100000,0.000000
585,1,585,19.500000,0,7,682.050537,643.093262,0.200000,0.100000,0.000000
585,1,585,19.500000,0,10,603.660156,629.991272,0.150000,0.150000,0.000000
585,1,585,19.500000,0,11,661.692871,594.535217,0.200000,0.150000,0.000000
585,1,585,19.500000,0,12,456.153809,651.840027,0.050000,0.200000,0.000000
585,1,585,19.500000,0,13,520.546631,615.460327,0.100000,0.200000,0.000000
585,1,585,19.500000,0,14,582.287476,579.742371,0.150000,0.200000,0.000000
585,1,585,19.500000,0,15,639.872803,544.795288,0.200000,0.200000,0.000000
585,1,585,19.500000,0,16,429.077026,598.224548,0.050000,0.250000,0.000000
585,1,585,19.500000,0,17,496.021729,562.364624,0.100000,0.250000,0.000000
585,1,585,19.500000,0,18,560.053101,526.852112,0.150000,0.250000,0.000000
585,1,585,19.500000,0,19,621.536743,492.268433,0.200000,0.250000,0.000000
585,1,585,19.500000,0,20,401.462646,542.979187,0.050000,0.300000,0.000000
585,1,585,19.500000,0,21,469.578491,506.564423,0.100000,0.300000,0.000000
585,1,585,19.500000,0,22,536.062134,471.975861,0.150000,0.300000,0.000000
585,1,585,19.500000,0,23,601.747559,437.261261,0.200000,0.300000,0.000000
590,1,590,19.666667,0,0,531.169678,819.352722,0.050000,0.050000,0.000000
590,1,590,19.666667,0,1,591.089600,782.777527,0.100000,0.050000,0.000000
590,1,590,19.666667,0,2,647.205322,745.459473,0.150000,0.050000,0.000000
590,1,590,19.666667,0,3,701.262817,709.554565,0.200000,0.050000,0.000000
590,1,590,19.666667,0,12,456.541748,671.011963,0.050000,0.200000,0.000000
590,1,590,19.666667,0,15,643.926392,560.080811,0.200000,0.200000,0.000000
590,1,590,19.666667,0,16,428.880859,616.753784,0.050000,0.250000,0.000000
590,1,590,19.666667,0,17,495.429199,578.803467,0.100000,0.250000,0.000000
590,1,590,19.666667,0,18,558.774292,542.325012,0.150000,0.250000,0.000000
590,1,590,19.666667,0,19,620.922119,506.122681,0.200000,0.250000,0.000000
590,1,590,19.666667,0,20,400.137573,559.600464,0.050000,0.300000,0.000000
590,1,590,19.666667,0,21,468.238281,521.655701,0.100000,0.300000,0.000000
590,1,590,19.666667,0,22,534.093384,485.295441,0.150000,0.300000,0.000000
590,1,590,19.666667,0,23,597.637207,449.711121,0.200000,0.300000,0.000000
595,1,595,19.833333,0,0,532.892944,835.468506,0.050000,0.050000,0.000000
595,1,595,19.833333,0,1,593.419678,797.503296,0.100000,0.050000,0.000000
595,1,595,19.833333,0,2,650.243164,759.150146,0.150000,0.050000,0.000000
595,1,595,19.833333,0,3,703.864014,721.403320,0.200000,0.050000,0.000000
595,1,595,19.833333,0,4,509.271484,787.853699,0.050000,0.100000,0.000000
595,1,595,19.833333,0,5,570.147461,749.634399,0.100000,0.100000,0.000000
595,1,595,19.833333,0,6,628.518433,711.066528,0.150000,0.100000,0.000000
595,1,595,19.833333,0,7,686.384521,673.464600,0.200000,0.100000,0.000000
595,1,595,19.833333,0,8,482.891235,738.126343,0.050000,0.150000,0.000000
595,1,595,19.833333,0,9,546.291382,699.293518,0.100000,0.150000,0.000000
595,1,595,19.833333,0,10,604.866089,660.841553,0.150000,0.150000,0.000000
595,1,595,19.833333,0,11,663.693726,623.497925,0.200000,0.150000,0.000000
595,1,595,19.833333,0,12,456.000610,685.790894,0.050000,0.200000,0.000000
595,1,595,19.833333,0,13,520.177124,646.567749,0.100000,0.200000,0.000000
595,1,595,19.833333,0,14,582.500122,608.727295,0.150000,0.200000,0.000000
595,1,595,19.833333,0,15,641.779053,571.478699,0.200000,0.200000,0.000000
595,1,595,19.833333,0,16,427.171509,630.614075,0.050000,0.250000,0.000000
595,1,595,19.833333,0,17,494.385986,591.880005,0.100000,0.250000,0.000000
595,1,595,19.833333,0,18,558.176270,553.733826,0.150000,0.250000,0.000000
595,1,595,19.833333,0,19,619.695801,516.945007,0.200000,0.250000,0.000000
595,1,595,19.833333,0,20,397.528442,573.481567,0.050000,0.300000,0.000000
595,1,595,19.833333,0,21,466.407227,534.179321,0.100000,0.300000,0.000000
595,1,595,19.833333,0,22,532.609985,496.435242,0.150000,0.300000,0.000000
595,1,595,19.833333,0,23,596.588501,460.192078,0.200000,0.300000,0.000000
600,1,600,20.000000,0,0,539.477661,833.397095,0.050000,0.050000,0.000000
600,1,600,20.000000,0,1,600.638062,794.745056,0.100000,0.050000,0.000000
600,1,600,20.000000,0,2,656.417725,754.705627,0.150000,0.050000,0.000000
600,1,600,20.000000,0,3,709.410645,715.059265,0.200000,0.050000,0.000000
600,1,600,20.000000,0,4,516.098877,786.353882,0.050000,0.100000,0.000000
600,1,600,20.000000,0,5,577.733032,746.241028,0.100000,0.100000,0.000000
600,1,600,20.000000,0,8,489.822998,736.165466,0.050000,0.150000,0.000000
600,1,600,20.000000,0,9,551.569214,696.438171,0.100000,0.150000,0.000000
600,1,600,20.000000,0,12,461.478638,684.309265,0.050000,0.200000,0.000000
600,1,600,20.000000,0,13,525.659180,643.540283,0.100000,0.200000,0.000000
600,1,600,20.000000,0,14,586.239136,604.455933,0.150000,0.200000,0.000000
600,1,600,20.000000,0,15,646.789795,566.117676,0.200000,0.200000,0.000000
600,1,600,20.000000,0,16,431.786621,629.260254,0.050000,0.250000,0.000000
600,1,600,20.000000,0,17,497.233276,589.201599,0.100000,0.250000,0.000000
600,1,600,20.000000,0,18,560.199341,549.806824,0.150000,0.250000,0.000000
600,1,600,20.000000,0,19,621.380127,511.963898,0.200000,0.250000,0.000000
600,1,600,20.000000,0,20,399.786743,572.557129,0.050000,0.300000,0.000000
600,1,600,20.000000,0,21,467.944824,531.579712,0.100000,0.300000,0.000000
600,1,600,20.000000,0,22,533.539551,492.227051,0.150000,0.300000,0.000000
600,1,600,20.000000,0,23,595.444214,454.479767,0.200000,0.300000,0.000000
620,1,620,20.666667,0,2,835.511719,739.412537,0.150000,0.050000,0.000000
620,1,620,20.666667,0,7,897.020447,672.369995,0.200000,0.100000,0.000000
620,1,620,20.666667,0,16,684.248901,525.409790,0.050000,0.250000,0.000000
625,1,625,20.833333,0,0,720.766968,761.771179,0.050000,0.050000,0.000000
625,1,625,20.833333,0,1,789.022827,753.785767,0.100000,0.050000,0.000000
625,1,625,20.833333,0,6,853.763916,687.751343,0.150000,0.100000,0.000000
625,1,625,20.833333,0,7,916.198608,677.885437,0.200000,0.100000,0.000000
625,1,625,20.833333,0,11,916.353882,623.218628,0.200000,0.150000,0.000000
625,1,625,20.833333,0,12,711.626831,590.461365,0.050000,0.200000,0.000000
625,1,625,20.833333,0,15,915.962891,564.245789,0.200000,0.200000,0.000000
625,1,625,20.833333,0,16,705.279663,527.857178,0.050000,0.250000,0.000000
625,1,625,20.833333,0,17,778.735840,520.704956,0.100000,0.250000,0.000000
625,1,625,20.833333,0,18,848.178955,512.927795,0.150000,0.250000,0.000000
625,1,625,20.833333,0,19,917.927307,503.887146,0.200000,0.250000,0.000000
625,1,625,20.833333,0,20,702.940186,465.177460,0.050000,0.300000,0.000000
625,1,625,20.833333,0,21,775.421997,457.614777,0.100000,0.300000,0.000000
625,1,625,20.833333,0,22,847.133057,449.595428,0.150000,0.300000,0.000000
625,1,625,20.833333,0,23,917.492615,443.458923,0.200000,0.300000,0.000000
630,1,630,21.000000,0,0,735.897217,769.658691,0.050000,0.050000,0.000000
630,1,630,21.000000,0,1,803.552490,762.701416,0.100000,0.050000,0.000000
630,1,630,21.000000,0,2,869.545288,754.616150,0.150000,0.050000,0.000000
630,1,630,21.000000,0,6,869.262451,697.956299,0.150000,0.100000,0.000000
630,1,630,21.000000,0,11,934.057373,633.541260,0.200000,0.150000,0.000000
630,1,630,21.000000,0,12,727.412231,598.759644,0.050000,0.200000,0.000000
630,1,630,21.000000,0,15,936.818604,577.212158,0.200000,0.200000,0.000000
630,1,630,21.000000,0,16,725.800781,537.352417,0.050000,0.250000,0.000000
630,1,630,21.000000,0,17,797.177368,529.713989,0.100000,0.250000,0.000000
630,1,630,21.000000,0,18,866.990845,522.819336,0.150000,0.250000,0.000000
630,1,630,21.000000,0,19,936.730103,515.547791,0.200000,0.250000,0.000000
630,1,630,21.000000,0,20,721.591919,472.682281,0.050000,0.300000,0.000000
630,1,630,21.000000,0,21,794.555908,466.398132,0.100000,0.300000,0.000000
630,1,630,21.000000,0,22,865.608276,460.935944,0.150000,0.300000,0.000000
630,1,630,21.000000,0,23,936.840149,454.307129,0.200000,0.300000,0.000000
635,1,635,21.166667,0,2,893.810791,760.550293,0.150000,0.050000,0.000000
635,1,635,21.166667,0,3,959.236328,749.617188,0.200000,0.050000,0.000000
635,1,635,21.166667,0,12,754.543335,597.038818,0.050000,0.200000,0.000000
635,1,635,21.166667,0,16,753.070190,535.161987,0.050000,0.250000,0.000000
640,1,640,21.333333,0,6,932.052307,710.113220,0.150000,0.100000,0.000000
640,1,640,21.333333,0,12,797.608643,596.646057,0.050000,0.200000,0.000000
640,1,640,21.333333,0,16,796.213867,534.120117,0.050000,0.250000,0.000000
640,1,640,21.333333,0,20,795.581055,469.763214,0.050000,0.300000,0.000000
650,1,650,21.666667,0,0,873.414917,781.851135,0.050000,0.050000,0.000000
650,1,650,21.666667,0,1,941.169373,786.799011,0.100000,0.050000,0.000000
650,1,650,21.666667,0,2,1009.370056,789.923889,0.150000,0.050000,0.000000
650,1,650,21.666667,0,6,1015.358215,731.487183,0.150000,0.100000,0.000000
650,1,650,21.666667,0,11,1090.753540,675.153015,0.200000,0.150000,0.000000
650,1,650,21.666667,0,12,884.131592,603.375854,0.050000,0.200000,0.000000
650,1,650,21.666667,0,15,1095.891418,614.718994,0.200000,0.200000,0.000000
650,1,650,21.666667,0,16,888.554810,541.453918,0.050000,0.250000,0.000000
650,1,650,21.666667,0,17,959.757751,544.495728,0.100000,0.250000,0.000000
650,1,650,21.666667,0,18,1031.846985,548.356262,0.150000,0.250000,0.000000
650,1,650,21.666667,0,19,1103.273926,552.895325,0.200000,0.250000,0.000000
650,1,650,21.666667,0,20,891.208008,474.372498,0.050000,0.300000,0.000000
650,1,650,21.666667,0,21,965.599243,479.501251,0.100000,0.300000,0.000000
650,1,650,21.666667,0,22,1038.106445,483.463074,0.150000,0.300000,0.000000
650,1,650,21.666667,0,23,1111.585388,487.616974,0.200000,0.300000,0.000000
655,1,655,21.833333,0,0,884.108765,791.445923,0.050000,0.050000,0.000000
655,1,655,21.833333,0,1,952.618286,798.907166,0.100000,0.050000,0.000000
655,1,655,21.833333,0,2,1020.400879,803.093689,0.150000,0.050000,0.000000
655,1,655,21.833333,0,3,1088.579163,806.207214,0.200000,0.050000,0.000000
655,1,655,21.833333,0,4,889.958374,733.998657,0.050000,0.100000,0.000000
655,1,655,21.833333,0,5,959.693359,740.372620,0.100000,0.100000,0.000000
655,1,655,21.833333,0,6,1027.960999,745.008362,0.150000,0.100000,0.000000
655,1,655,21.833333,0,7,1096.135620,749.251282,0.200000,0.100000,0.000000
655,1,655,21.833333,0,8,895.721558,673.412048,0.050000,0.150000,0.000000
655,1,655,21.833333,0,9,966.520325,679.220642,0.100000,0.150000,0.000000
655,1,655,21.833333,0,10,1036.113892,685.169739,0.150000,0.150000,0.000000
655,1,655,21.833333,0,11,1104.913208,689.455078,0.200000,0.150000,0.000000
655,1,655,21.833333,0,12,901.741211,611.211853,0.050000,0.200000,0.000000
655,1,655,21.833333,0,13,972.764771,617.542053,0.100000,0.200000,0.000000
655,1,655,21.833333,0,14,1042.545898,623.308655,0.150000,0.200000,0.000000
655,1,655,21.833333,0,15,1113.658936,627.857422,0.200000,0.200000,0.000000
655,1,655,21.833333,0,16,906.662292,546.713806,0.050000,0.250000,0.000000
655,1,655,21.833333,0,17,978.920532,553.859802,0.100000,0.250000,0.000000
655,1,655,21.833333,0,18,1051.547729,559.594604,0.150000,0.250000,0.000000
655,1,655,21.833333,0,19,1122.920288,565.480408,0.200000,0.250000,0.000000
655,1,655,21.833333,0,20,912.557678,481.547729,0.050000,0.300000,0.000000
655,1,655,21.833333,0,21,986.629395,487.474030,0.100000,0.300000,0.000000
655,1,655,21.833333,0,22,1060.130249,493.383942,0.150000,0.300000,0.000000
655,1,655,21.833333,0,23,1132.408020,499.968414,0.200000,0.300000,0.000000
660,1,660,22.000000,0,0,889.372070,793.753235,0.050000,0.050000,0.000000
660,1,660,22.000000,0,1,957.670227,800.476562,0.100000,0.050000,0.000000
660,1,660,22.000000,0,2,1024.998291,805.666077,0.150000,0.050000,0.000000
660,1,660,22.000000,0,3,1093.503479,809.201904,0.200000,0.050000,0.000000
660,1,660,22.000000,0,4,895.482056,734.246094,0.050000,0.100000,0.000000
660,1,660,22.000000,0,5,964.326721,740.942383,0.100000,0.100000,0.000000
660,1,660,22.000000,0,6,1033.387573,745.923523,0.150000,0.100000,0.000000
660,1,660,22.000000,0,7,1101.463928,751.339355,0.200000,0.100000,0.000000
660,1,660,22.000000,0,8,901.318726,672.928223,0.050000,0.150000,0.000000
660,1,660,22.000000,0,9,972.464111,678.705750,0.100000,0.150000,0.000000
660,1,660,22.000000,0,10,1041.022156,684.564880,0.150000,0.150000,0.000000
660,1,660,22.000000,0,11,1110.603516,690.193115,0.200000,0.150000,0.000000
660,1,660,22.000000,0,12,907.638184,609.929749,0.050000,0.200000,0.000000
660,1,660,22.000000,0,13,978.878479,616.347046,0.100000,0.200000,0.000000
660,1,660,22.000000,0,14,1050.079712,621.594116,0.150000,0.200000,0.000000
660,1,660,22.000000,0,15,1119.284607,627.473083,0.200000,0.200000,0.000000
660,1,660,22.000000,0,16,913.576782,544.680420,0.050000,0.250000,0.000000
660,1,660,22.000000,0,17,986.609253,551.184387,0.100000,0.250000,0.000000
660,1,660,22.000000,0,18,1057.631531,557.545471,0.150000,0.250000,0.000000
660,1,660,22.000000,0,19,1129.648499,564.214233,0.200000,0.250000,0.000000
660,1,660,22.000000,0,20,920.412048,478.141052,0.050000,0.300000,0.000000
660,1,660,22.000000,0,21,994.120239,485.101898,0.100000,0.300000,0.000000
660,1,660,22.000000,0,22,1067.241577,491.376434,0.150000,0.300000,0.000000
660,1,660,22.000000,0,23,1139.763428,498.473755,0.200000,0.300000,0.000000
665,1,665,22.166667,0,0,869.488037,781.456604,0.050000,0.050000,0.000000
665,1,665,22.166667,0,1,938.882446,790.656433,0.100000,0.050000,0.000000
665,1,665,22.166667,0,2,1007.139954,797.908630,0.150000,0.050000,0.000000
665,1,665,22.166667,0,3,1074.800598,804.160522,0.200000,0.050000,0.000000
665,1,665,22.166667,0,4,877.936035,720.038330,0.050000,0.100000,0.000000
665,1,665,22.166667,0,5,947.751465,728.398560,0.100000,0.100000,0.000000
665,1,665,22.166667,0,6,1017.176575,735.382507,0.150000,0.100000,0.000000
665,1,665,22.166667,0,7,1085.795166,742.649353,0.200000,0.100000,0.000000
665,1,665,22.166667,0,8,886.716553,656.472961,0.050000,0.150000,0.000000
665,1,665,22.166667,0,9,957.685791,664.317810,0.100000,0.150000,0.000000
665,1,665,22.166667,0,10,1027.326660,672.010559,0.150000,0.150000,0.000000
665,1,665,22.166667,0,11,1096.863037,679.810425,0.200000,0.150000,0.000000
665,1,665,22.166667,0,12,895.497314,590.918884,0.050000,0.200000,0.000000
665,1,665,22.166667,0,13,967.115540,599.542847,0.100000,0.200000,0.000000
665,1,665,22.166667,0,14,1038.163635,607.322571,0.150000,0.200000,0.000000
665,1,665,22.166667,0,15,1108.309570,615.545044,0.200000,0.200000,0.000000
665,1,665,22.166667,0,16,904.345215,523.535461,0.050000,0.250000,0.000000
665,1,665,22.166667,0,17,977.139221,532.209106,0.100000,0.250000,0.000000
665,1,665,22.166667,0,18,1048.652283,541.132446,0.150000,0.250000,0.000000
665,1,665,22.166667,0,19,1119.936829,549.739807,0.200000,0.250000,0.000000
665,1,665,22.166667,0,20,912.954163,455.641571,0.050000,0.300000,0.000000
665,1,665,22.166667,0,21,987.099182,463.992004,0.100000,0.300000,0.000000
665,1,665,22.166667,0,22,1060.113708,473.166016,0.150000,0.300000,0.000000
665,1,665,22.166667,0,23,1132.101074,482.129974,0.200000,0.300000,0.000000
675,1,675,22.500000,0,2,1072.319824,796.916138,0.150000,0.050000,0.000000
675,1,675,22.500000,0,3,1138.884583,804.478210,0.200000,0.050000,0.000000
675,1,675,22.500000,0,12,962.722107,586.779968,0.050000,0.200000,0.000000
675,1,675,22.500000,0,16,973.973694,520.763916,0.050000,0.250000,0.000000
685,1,685,22.833333,0,0,1045.626770,773.305908,0.050000,0.050000,0.000000
685,1,685,22.833333,0,1,1115.628906,785.709045,0.100000,0.050000,0.000000
685,1,685,22.833333,0,12,1079.724121,582.135498,0.050000,0.200000,0.000000
685,1,685,22.833333,0,13,1150.974060,592.881409,0.100000,0.200000,0.000000
685,1,685,22.833333,0,14,1222.514099,603.647949,0.150000,0.200000,0.000000
685,1,685,22.833333,0,15,1293.465698,615.248291,0.200000,0.200000,0.000000
685,1,685,22.833333,0,16,1090.946960,514.190308,0.050000,0.250000,0.000000
685,1,685,22.833333,0,19,1307.727661,548.285339,0.200000,0.250000,0.000000
685,1,685,22.833333,0,20,1102.102539,446.389832,0.050000,0.300000,0.000000
685,1,685,22.833333,0,23,1322.401917,479.196747,0.200000,0.300000,0.000000
690,1,690,23.000000,0,0,1068.875610,774.272400,0.050000,0.050000,0.000000
690,1,690,23.000000,0,1,1136.778748,787.544495,0.100000,0.050000,0.000000
690,1,690,23.000000,0,2,1208.511658,799.036560,0.150000,0.050000,0.000000
690,1,690,23.000000,0,3,1275.854370,806.958313,0.200000,0.050000,0.000000
690,1,690,23.000000,0,4,1080.960022,711.683716,0.050000,0.100000,0.000000
690,1,690,23.000000,0,5,1149.000183,722.285522,0.100000,0.100000,0.000000
690,1,690,23.000000,0,6,1220.970093,733.568787,0.150000,0.100000,0.000000
690,1,690,23.000000,0,7,1289.272827,743.713867,0.200000,0.100000,0.000000
690,1,690,23.000000,0,8,1092.516907,647.370544,0.050000,0.150000,0.000000
690,1,690,23.000000,0,11,1303.575256,679.674683,0.200000,0.150000,0.000000
690,1,690,23.000000,0,12,1105.123108,580.601074,0.050000,0.200000,0.000000
690,1,690,23.000000,0,15,1317.833862,613.763123,0.200000,0.200000,0.000000
690,1,690,23.000000,0,16,1115.801575,513.239075,0.050000,0.250000,0.000000
690,1,690,23.000000,0,17,1187.374329,524.548401,0.100000,0.250000,0.000000
690,1,690,23.000000,0,18,1260.633301,535.654785,0.150000,0.250000,0.000000
690,1,690,23.000000,0,19,1333.742432,546.827332,0.200000,0.250000,0.000000
690,1,690,23.000000,0,20,1127.620422,443.909729,0.050000,0.300000,0.000000
690,1,690,23.000000,0,21,1201.329834,454.509033,0.100000,0.300000,0.000000
690,1,690,23.000000,0,22,1274.783447,466.572083,0.150000,0.300000,0.000000
690,1,690,23.000000,0,23,1348.006653,477.875793,0.200000,0.300000,0.000000
695,1,695,23.166667,0,0,1085.487427,780.370728,0.050000,0.050000,0.000000
695,1,695,23.166667,0,1,1154.547668,793.437622,0.100000,0.050000,0.000000
695,1,695,23.166667,0,2,1224.617371,804.714783,0.150000,0.050000,0.000000
695,1,695,23.166667,0,3,1294.348206,814.380676,0.200000,0.050000,0.000000
695,1,695,23.166667,0,4,1097.524536,716.892578,0.050000,0.100000,0.000000
695,1,695,23.166667,0,5,1167.310669,728.295349,0.100000,0.100000,0.000000
695,1,695,23.166667,0,6,1238.476440,739.658997,0.150000,0.100000,0.000000
695,1,695,23.166667,0,7,1307.652222,750.375977,0.200000,0.100000,0.000000
695,1,695,23.166667,0,8,1109.442322,650.603394,0.050000,0.150000,0.000000
695,1,695,23.166667,0,9,1180.707886,663.069031,0.100000,0.150000,0.000000
695,1,695,23.166667,0,10,1251.525757,674.475159,0.150000,0.150000,0.000000
695,1,695,23.166667,0,11,1323.596252,685.393799,0.200000,0.150000,0.000000
695,1,695,23.166667,0,12,1122.751648,584.333862,0.050000,0.200000,0.000000
695,1,695,23.166667,0,13,1194.387329,596.862244,0.100000,0.200000,0.000000
695,1,695,23.166667,0,14,1265.005432,607.920532,0.150000,0.200000,0.000000
695,1,695,23.166667,0,15,1337.616028,619.440552,0.200000,0.200000,0.000000
695,1,695,23.166667,0,16,1134.898315,515.545532,0.050000,0.250000,0.000000
695,1,695,23.166667,0,17,1208.523499,527.708252,0.100000,0.250000,0.000000
695,1,695,23.166667,0,18,1280.197937,539.837769,0.150000,0.250000,0.000000
695,1,695,23.166667,0,19,1352.640503,551.445251,0.200000,0.250000,0.000000
695,1,695,23.166667,0,20,1149.930969,445.964233,0.050000,0.300000,0.000000
695,1,695,23.166667,0,21,1221.997742,458.796814,0.100000,0.300000,0.000000
695,1,695,23.166667,0,22,1295.443970,469.912262,0.150000,0.300000,0.000000
695,1,695,23.166667,0,23,1368.702026,481.501892,0.200000,0.300000,0.000000
700,1,700,23.333333,0,0,1089.548462,780.202515,0.050000,0.050000,0.000000
700,1,700,23.333333,0,1,1159.072083,792.026428,0.100000,0.050000,0.000000
700,1,700,23.333333,0,2,1228.612305,803.075745,0.150000,0.050000,0.000000
700,1,700,23.333333,0,3,1297.330383,813.182617,0.200000,0.050000,0.000000
700,1,700,23.333333,0,4,1100.801453,715.622375,0.050000,0.100000,0.000000
700,1,700,23.333333,0,5,1171.481750,727.315002,0.100000,0.100000,0.000000
700,1,700,23.333333,0,6,1240.731262,738.224121,0.150000,0.100000,0.000000
700,1,700,23.333333,0,7,1311.587891,748.418091,0.200000,0.100000,0.000000
700,1,700,23.333333,0,8,1112.793945,649.394836,0.050000,0.150000,0.000000
700,1,700,23.333333,0,9,1184.586426,660.659790,0.100000,0.150000,0.000000
700,1,700,23.333333,0,10,1254.253479,671.174072,0.150000,0.150000,0.000000
700,1,700,23.333333,0,11,1325.094543,683.157837,0.200000,0.150000,0.000000
700,1,700,23.333333,0,12,1125.054016,581.903015,0.050000,0.200000,0.000000
700,1,700,23.333333,0,13,1195.989563,592.330383,0.100000,0.200000,0.000000
700,1,700,23.333333,0,14,1269.596436,604.326477,0.150000,0.200000,0.000000
700,1,700,23.333333,0,15,1339.947449,615.621887,0.200000,0.200000,0.000000
700,1,700,23.333333,0,16,1137.739746,513.229004,0.050000,0.250000,0.000000
700,1,700,23.333333,0,17,1209.933716,524.759399,0.100000,0.250000,0.000000
700,1,700,23.333333,0,18,1282.969055,537.298767,0.150000,0.250000,0.000000
700,1,700,23.333333,0,19,1354.976379,547.762451,0.200000,0.250000,0.000000
700,1,700,23.333333,0,20,1150.369812,443.374298,0.050000,0.300000,0.000000
700,1,700,23.333333,0,21,1223.735046,455.138580,0.100000,0.300000,0.000000
700,1,700,23.333333,0,22,1297.277222,466.226501,0.150000,0.300000,0.000000
700,1,700,23.333333,0,23,1371.100159,478.287994,0.200000,0.300000,0.000000
705,1,705,23.500000,0,0,1091.211670,778.382324,0.050000,0.050000,0.000000
705,1,705,23.500000,0,1,1161.573547,789.449768,0.100000,0.050000,0.000000
705,1,705,23.500000,0,2,1230.066467,799.669739,0.150000,0.050000,0.000000
705,1,705,23.500000,0,3,1299.986511,809.803101,0.200000,0.050000,0.000000
705,1,705,23.500000,0,4,1101.702576,713.213013,0.050000,0.100000,0.000000
705,1,705,23.500000,0,5,1172.248169,724.225647,0.100000,0.100000,0.000000
705,1,705,23.500000,0,6,1242.875183,734.848572,0.150000,0.100000,0.000000
705,1,705,23.500000,0,7,1313.678589,745.485229,0.200000,0.100000,0.000000
705,1,705,23.500000,0,8,1113.566711,646.897156,0.050000,0.150000,0.000000
705,1,705,23.500000,0,9,1184.150757,658.158691,0.100000,0.150000,0.000000
705,1,705,23.500000,0,10,1256.138550,669.206726,0.150000,0.150000,0.000000
705,1,705,23.500000,0,11,1326.675964,679.134521,0.200000,0.150000,0.000000
705,1,705,23.500000,0,12,1125.048828,578.991028,0.050000,0.200000,0.000000
705,1,705,23.500000,0,13,1196.735474,589.612549,0.100000,0.200000,0.000000
705,1,705,23.500000,0,14,1268.748840,600.714294,0.150000,0.200000,0.000000
705,1,705,23.500000,0,15,1340.967651,611.525391,0.200000,0.200000,0.000000
705,1,705,23.500000,0,16,1136.944580,510.046692,0.050000,0.250000,0.000000
705,1,705,23.500000,0,17,1208.796204,521.383545,0.100000,0.250000,0.000000
705,1,705,23.500000,0,18,1282.452637,532.476196,0.150000,0.250000,0.000000
705,1,705,23.500000,0,19,1355.841492,542.670898,0.200000,0.250000,0.000000
705,1,705,23.500000,0,20,1149.518799,439.438324,0.050000,0.300000,0.000000
705,1,705,23.500000,0,21,1222.115540,449.502594,0.100000,0.300000,0.000000
705,1,705,23.500000,0,22,1296.784973,461.612946,0.150000,0.300000,0.000000
705,1,705,23.500000,0,23,1370.316833,472.457214,0.200000,0.300000,0.000000
710,1,710,23.666667,0,0,1091.289490,779.390747,0.050000,0.050000,0.000000
710,1,710,23.666667,0,1,1162.408752,789.691101,0.100000,0.050000,0.000000
710,1,710,23.666667,0,2,1230.994934,800.418213,0.150000,0.050000,0.000000
710,1,710,23.666667,0,3,1301.973877,809.491638,0.200000,0.050000,0.000000
710,1,710,23.666667,0,4,1102.307739,713.532898,0.050000,0.100000,0.000000
710,1,710,23.666667,0,5,1172.075073,724.440491,0.100000,0.100000,0.000000
710,1,710,23.666667,0,6,1242.750549,734.894226,0.150000,0.100000,0.000000
710,1,710,23.666667,0,7,1313.671814,744.451050,0.200000,0.100000,0.000000
710,1,710,23.666667,0,8,1112.018433,646.615601,0.050000,0.150000,0.000000
710,1,710,23.666667,0,9,1183.732849,658.095154,0.100000,0.150000,0.000000
710,1,710,23.666667,0,10,1255.145996,667.938049,0.150000,0.150000,0.000000
710,1,710,23.666667,0,11,1326.230469,678.402710,0.200000,0.150000,0.000000
710,1,710,23.666667,0,12,1123.528320,579.219177,0.050000,0.200000,0.000000
710,1,710,23.666667,0,13,1195.672241,589.966675,0.100000,0.200000,0.000000
710,1,710,23.666667,0,14,1268.230713,600.069702,0.150000,0.200000,0.000000
710,1,710,23.666667,0,15,1339.922729,610.338196,0.200000,0.200000,0.000000
710,1,710,23.666667,0,16,1135.074036,509.803955,0.050000,0.250000,0.000000
710,1,710,23.666667,0,17,1208.048767,520.522278,0.100000,0.250000,0.000000
710,1,710,23.666667,0,18,1280.406433,530.690430,0.150000,0.250000,0.000000
710,1,710,23.666667,0,19,1354.828186,541.501831,0.200000,0.250000,0.000000
710,1,710,23.666667,0,20,1146.348694,439.379028,0.050000,0.300000,0.000000
710,1,710,23.666667,0,21,1220.724121,450.614807,0.100000,0.300000,0.000000
710,1,710,23.666667,0,22,1294.178467,460.419861,0.150000,0.300000,0.000000
710,1,710,23.666667,0,23,1367.971619,470.437988,0.200000,0.300000,0.000000
715,1,715,23.833333,0,0,1087.581055,786.452026,0.050000,0.050000,0.000000
715,1,715,23.833333,0,1,1158.689270,796.379028,0.100000,0.050000,0.000000
715,1,715,23.833333,0,2,1229.138977,804.039124,0.150000,0.050000,0.000000
715,1,715,23.833333,0,3,1300.811951,811.434692,0.200000,0.050000,0.000000
715,1,715,23.833333,0,4,1097.670532,719.134094,0.050000,0.100000,0.000000
715,1,715,23.833333,0,5,1167.950562,728.876282,0.100000,0.100000,0.000000
715,1,715,23.833333,0,6,1239.350708,736.818726,0.150000,0.100000,0.000000
715,1,715,23.833333,0,7,1310.700806,744.640625,0.200000,0.100000,0.000000
715,1,715,23.833333,0,8,1105.506897,651.272766,0.050000,0.150000,0.000000
715,1,715,23.833333,0,9,1176.678467,660.535461,0.100000,0.150000,0.000000
715,1,715,23.833333,0,10,1249.323547,668.419495,0.150000,0.150000,0.000000
715,1,715,23.833333,0,11,1321.466064,676.444275,0.200000,0.150000,0.000000
715,1,715,23.833333,0,12,1115.365601,581.685913,0.050000,0.200000,0.000000
715,1,715,23.833333,0,13,1187.465271,591.324585,0.100000,0.200000,0.000000
715,1,715,23.833333,0,14,1260.221375,598.803894,0.150000,0.200000,0.000000
715,1,715,23.833333,0,15,1332.744141,607.940125,0.200000,0.200000,0.000000
715,1,715,23.833333,0,16,1123.716797,511.448395,0.050000,0.250000,0.000000
715,1,715,23.833333,0,17,1196.448975,520.458008,0.100000,0.250000,0.000000
715,1,715,23.833333,0,18,1270.214600,528.650146,0.150000,0.250000,0.000000
715,1,715,23.833333,0,19,1343.781433,537.019470,0.200000,0.250000,0.000000
715,1,715,23.833333,0,20,1134.209045,439.750031,0.050000,0.300000,0.000000
715,1,715,23.833333,0,21,1207.728394,449.272705,0.100000,0.300000,0.000000
715,1,715,23.833333,0,22,1281.353516,457.214691,0.150000,0.300000,0.000000
715,1,715,23.833333,0,23,1355.812012,466.040436,0.200000,0.300000,0.000000
720,1,720,24.000000,0,0,1079.601318,794.563538,0.050000,0.050000,0.000000
720,1,720,24.000000,0,1,1151.797363,803.022034,0.100000,0.050000,0.000000
720,1,720,24.000000,0,2,1223.508240,810.712891,0.150000,0.050000,0.000000
720,1,720,24.000000,0,3,1294.703369,817.135010,0.200000,0.050000,0.000000
720,1,720,24.000000,0,4,1088.055237,725.432007,0.050000,0.100000,0.000000
720,1,720,24.000000,0,5,1159.320801,733.688660,0.100000,0.100000,0.000000
720,1,720,24.000000,0,6,1232.102539,740.266846,0.150000,0.100000,0.000000
720,1,720,24.000000,0,7,1303.604614,748.207336,0.200000,0.100000,0.000000
720,1,720,24.000000,0,8,1095.540833,656.375977,0.050000,0.150000,0.000000
720,1,720,24.000000,0,9,1167.197327,663.407410,0.100000,0.150000,0.000000
720,1,720,24.000000,0,10,1239.599976,670.599976,0.150000,0.150000,0.000000
720,1,720,24.000000,0,11,1312.119873,677.737915,0.200000,0.150000,0.000000
720,1,720,24.000000,0,12,1103.047302,584.574829,0.050000,0.200000,0.000000
720,1,720,24.000000,0,13,1176.036804,592.765259,0.100000,0.200000,0.000000
720,1,720,24.000000,0,14,1248.421265,599.677673,0.150000,0.200000,0.000000
720,1,720,24.000000,0,15,1321.400330,607.053040,0.200000,0.200000,0.000000
720,1,720,24.000000,0,16,1110.450378,513.420715,0.050000,0.250000,0.000000
720,1,720,24.000000,0,17,1183.201477,521.315186,0.100000,0.250000,0.000000
720,1,720,24.000000,0,18,1257.269226,528.433533,0.150000,0.250000,0.000000
720,1,720,24.000000,0,19,1331.274048,535.314697,0.200000,0.250000,0.000000
720,1,720,24.000000,0,20,1118.712280,441.224701,0.050000,0.300000,0.000000
720,1,720,24.000000,0,21,1192.485840,448.576965,0.100000,0.300000,0.000000
720,1,720,24.000000,0,22,1265.886230,456.109772,0.150000,0.300000,0.000000
720,1,720,24.000000,0,23,1340.469666,463.187164,0.200000,0.300000,0.000000
725,1,725,24.166667,0,0,1073.770752,795.426758,0.050000,0.050000,0.000000
725,1,725,24.166667,0,1,1146.470886,803.528259,0.100000,0.050000,0.000000
725,1,725,24.166667,0,2,1218.336609,811.788391,0.150000,0.050000,0.000000
725,1,725,24.166667,0,3,1290.688538,817.816101,0.200000,0.050000,0.000000
725,1,725,24.166667,0,4,1081.393433,725.331238,0.050000,0.100000,0.000000
725,1,725,24.166667,0,5,1153.795166,733.533997,0.100000,0.100000,0.000000
725,1,725,24.166667,0,6,1225.858826,740.696777,0.150000,0.100000,0.000000
725,1,725,24.166667,0,7,1298.527100,748.145691,0.200000,0.100000,0.000000
725,1,725,24.166667,0,8,1088.479492,654.328369,0.050000,0.150000,0.000000
725,1,725,24.166667,0,9,1161.680786,661.944702,0.100000,0.150000,0.000000
725,1,725,24.166667,0,10,1233.833069,669.036255,0.150000,0.150000,0.000000
725,1,725,24.166667,0,11,1306.977295,677.068604,0.200000,0.150000,0.000000
725,1,725,24.166667,0,12,1097.220276,582.901794,0.050000,0.200000,0.000000
725,1,725,24.166667,0,13,1169.208130,590.649841,0.100000,0.200000,0.000000
725,1,725,24.166667,0,14,1242.374084,597.975586,0.150000,0.200000,0.000000
725,1,725,24.166667,0,15,1315.680481,605.672546,0.200000,0.200000,0.000000
725,1,725,24.166667,0,16,1103.842224,511.054962,0.050000,0.250000,0.000000
725,1,725,24.166667,0,17,1177.806213,518.357666,0.100000,0.250000,0.000000
725,1,725,24.166667,0,18,1250.809387,526.171570,0.150000,0.250000,0.000000
725,1,725,24.166667,0,19,1324.645386,533.603821,0.200000,0.250000,0.000000
725,1,725,24.166667,0,20,1112.224060,438.371307,0.050000,0.300000,0.000000
725,1,725,24.166667,0,21,1185.418762,445.761475,0.100000,0.300000,0.000000
725,1,725,24.166667,0,22,1259.625244,453.170044,0.150000,0.300000,0.000000
725,1,725,24.166667,0,23,1334.090393,460.953278,0.200000,0.300000,0.000000
730,1,730,24.333333,0,0,1066.246582,793.388733,0.050000,0.050000,0.000000
730,1,730,24.333333,0,1,1139.050354,800.878662,0.100000,0.050000,0.000000
730,1,730,24.333333,0,2,1211.982666,807.865356,0.150000,0.050000,0.000000
730,1,730,24.333333,0,3,1284.931824,814.218689,0.200000,0.050000,0.000000
730,1,730,24.333333,0,4,1072.926514,721.452026,0.050000,0.100000,0.000000
730,1,730,24.333333,0,5,1145.915039,728.949402,0.100000,0.100000,0.000000
730,1,730,24.333333,0,6,1219.162964,735.721558,0.150000,0.100000,0.000000
730,1,730,24.333333,0,7,1291.875305,742.395752,0.200000,0.100000,0.000000
730,1,730,24.333333,0,8,1079.734741,649.279053,0.050000,0.150000,0.000000
730,1,730,24.333333,0,9,1152.946899,656.430115,0.100000,0.150000,0.000000
730,1,730,24.333333,0,10,1225.711304,663.418457,0.150000,0.150000,0.000000
730,1,730,24.333333,0,11,1299.669067,669.981323,0.200000,0.150000,0.000000
730,1,730,24.333333,0,12,1086.731201,576.869202,0.050000,0.200000,0.000000
730,1,730,24.333333,0,13,1159.811890,584.176270,0.100000,0.200000,0.000000
730,1,730,24.333333,0,14,1232.836548,590.964417,0.150000,0.200000,0.000000
730,1,730,24.333333,0,15,1306.504456,597.930786,0.200000,0.200000,0.000000
730,1,730,24.333333,0,16,1093.388672,504.508850,0.050000,0.250000,0.000000
730,1,730,24.333333,0,17,1166.727478,511.349731,0.100000,0.250000,0.000000
730,1,730,24.333333,0,18,1240.285156,518.331177,0.150000,0.250000,0.000000
730,1,730,24.333333,0,19,1314.234497,524.829712,0.200000,0.250000,0.000000
730,1,730,24.333333,0,20,1100.190002,431.448975,0.050000,0.300000,0.000000
730,1,730,24.333333,0,21,1174.135620,438.809082,0.100000,0.300000,0.000000
730,1,730,24.333333,0,22,1248.027954,445.006226,0.150000,0.300000,0.000000
730,1,730,24.333333,0,23,1322.038086,452.099426,0.200000,0.300000,0.000000
735,1,735,24.500000,0,0,1062.600037,793.936890,0.050000,0.050000,0.000000
735,1,735,24.500000,0,1,1135.576233,801.757324,0.100000,0.050000,0.000000
735,1,735,24.500000,0,2,1209.135254,809.310913,0.150000,0.050000,0.000000
735,1,735,24.500000,0,3,1282.426331,814.867432,0.200000,0.050000,0.000000
735,1,735,24.500000,0,4,1068.612122,722.266357,0.050000,0.100000,0.000000
735,1,735,24.500000,0,5,1143.033081,730.557617,0.100000,0.100000,0.000000
735,1,735,24.500000,0,6,1214.631409,736.494629,0.150000,0.100000,0.000000
735,1,735,24.500000,0,7,1289.005615,743.395203,0.200000,0.100000,0.000000
735,1,735,24.500000,0,8,1076.208923,649.667542,0.050000,0.150000,0.000000
735,1,735,24.500000,0,9,1149.017944,656.499207,0.100000,0.150000,0.000000
735,1,735,24.500000,0,10,1222.796143,663.887573,0.150000,0.150000,0.000000
735,1,735,24.500000,0,11,1296.157288,670.212708,0.200000,0.150000,0.000000
735,1,735,24.500000,0,12,1081.789062,577.244751,0.050000,0.200000,0.000000
735,1,735,24.500000,0,13,1155.824829,583.561523,0.100000,0.200000,0.000000
735,1,735,24.500000,0,14,1228.689758,590.989563,0.150000,0.200000,0.000000
735,1,735,24.500000,0,15,1303.432922,597.897644,0.200000,0.200000,0.000000
735,1,735,24.500000,0,16,1089.278381,503.611145,0.050000,0.250000,0.000000
735,1,735,24.500000,0,17,1162.586365,511.089386,0.100000,0.250000,0.000000
735,1,735,24.500000,0,18,1237.057617,518.456726,0.150000,0.250000,0.000000
735,1,735,24.500000,0,19,1310.808289,524.437378,0.200000,0.250000,0.000000
735,1,735,24.500000,0,20,1096.134766,431.034363,0.050000,0.300000,0.000000
735,1,735,24.500000,0,21,1170.313110,438.290497,0.100000,0.300000,0.000000
735,1,735,24.500000,0,22,1243.853210,444.623291,0.150000,0.300000,0.000000
735,1,735,24.500000,0,23,1318.606079,451.418427,0.200000,0.300000,0.000000
740,1,740,24.666667,0,0,1060.249084,796.491638,0.050000,0.050000,0.000000
740,1,740,24.666667,0,1,1133.109009,804.379578,0.100000,0.050000,0.000000
740,1,740,24.666667,0,2,1206.813721,811.292053,0.150000,0.050000,0.000000
740,1,740,24.666667,0,3,1280.119629,817.845581,0.200000,0.050000,0.000000
740,1,740,24.666667,0,4,1066.969849,723.870544,0.050000,0.100000,0.000000
740,1,740,24.666667,0,5,1140.291870,731.577026,0.100000,0.100000,0.000000
740,1,740,24.666667,0,6,1213.688904,738.629456,0.150000,0.100000,0.000000
740,1,740,24.666667,0,7,1286.850830,745.277893,0.200000,0.100000,0.000000
740,1,740,24.666667,0,8,1074.096191,651.894775,0.050000,0.150000,0.000000
740,1,740,24.666667,0,9,1147.144592,658.519775,0.100000,0.150000,0.000000
740,1,740,24.666667,0,10,1220.695007,665.305359,0.150000,0.150000,0.000000
740,1,740,24.666667,0,11,1294.221680,672.353455,0.200000,0.150000,0.000000
740,1,740,24.666667,0,12,1080.325806,578.823975,0.050000,0.200000,0.000000
740,1,740,24.666667,0,13,1154.005798,585.508606,0.100000,0.200000,0.000000
740,1,740,24.666667,0,14,1227.929077,592.575378,0.150000,0.200000,0.000000
740,1,740,24.666667,0,15,1301.432983,600.068848,0.200000,0.200000,0.000000
740,1,740,24.666667,0,16,1087.634033,505.910156,0.050000,0.250000,0.000000
740,1,740,24.666667,0,17,1161.037537,512.597717,0.100000,0.250000,0.000000
740,1,740,24.666667,0,18,1234.649780,519.668640,0.150000,0.250000,0.000000
740,1,740,24.666667,0,19,1309.241577,526.418884,0.200000,0.250000,0.000000
740,1,740,24.666667,0,20,1094.308411,432.612122,0.050000,0.300000,0.000000
740,1,740,24.666667,0,21,1168.163391,439.496826,0.100000,0.300000,0.000000
740,1,740,24.666667,0,22,1242.219727,446.467377,0.150000,0.300000,0.000000
740,1,740,24.666667,0,23,1316.563904,453.042847,0.200000,0.300000,0.000000
745,1,745,24.833333,0,0,1059.586243,796.519409,0.050000,0.050000,0.000000
745,1,745,24.833333,0,1,1132.178162,803.559387,0.100000,0.050000,0.000000
745,1,745,24.833333,0,2,1206.505798,811.305847,0.150000,0.050000,0.000000
745,1,745,24.833333,0,3,1278.937378,817.200867,0.200000,0.050000,0.000000
745,1,745,24.833333,0,4,1065.639648,723.393372,0.050000,0.100000,0.000000
745,1,745,24.833333,0,5,1140.005615,731.873047,0.100000,0.100000,0.000000
745,1,745,24.833333,0,6,1211.879761,738.074280,0.150000,0.100000,0.000000
745,1,745,24.833333,0,7,1286.023438,744.554688,0.200000,0.100000,0.000000
745,1,745,24.833333,0,8,1072.665955,650.768860,0.050000,0.150000,0.000000
745,1,745,24.833333,0,9,1146.101746,657.781311,0.100000,0.150000,0.000000
745,1,745,24.833333,0,10,1219.482300,664.738708,0.150000,0.150000,0.000000
745,1,745,24.833333,0,11,1293.365173,671.556274,0.200000,0.150000,0.000000
745,1,745,24.833333,0,12,1079.322571,577.775391,0.050000,0.200000,0.000000
745,1,745,24.833333,0,13,1153.341370,585.341431,0.100000,0.200000,0.000000
745,1,745,24.833333,0,14,1227.192871,591.540955,0.150000,0.200000,0.000000
745,1,745,24.833333,0,15,1300.767761,599.348328,0.200000,0.200000,0.000000
745,1,745,24.833333,0,16,1086.489685,504.891235,0.050000,0.250000,0.000000
745,1,745,24.833333,0,17,1159.952637,511.754089,0.100000,0.250000,0.000000
745,1,745,24.833333,0,18,1233.874146,519.144287,0.150000,0.250000,0.000000
745,1,745,24.833333,0,19,1307.914673,525.642151,0.200000,0.250000,0.000000
745,1,745,24.833333,0,20,1093.285706,431.504913,0.050000,0.300000,0.000000
745,1,745,24.833333,0,21,1167.032349,439.017334,0.100000,0.300000,0.000000
745,1,745,24.833333,0,22,1240.866333,445.625580,0.150000,0.300000,0.000000
745,1,745,24.833333,0,23,1315.585266,452.369568,0.200000,0.300000,0.000000
750,1,750,25.000000,0,0,1057.673096,793.529175,0.050000,0.050000,0.000000
750,1,750,25.000000,0,1,1131.635376,800.802063,0.100000,0.050000,0.000000
750,1,750,25.000000,0,2,1204.541077,807.770813,0.150000,0.050000,0.000000
750,1,750,25.000000,0,3,1277.590576,814.361023,0.200000,0.050000,0.000000
750,1,750,25.000000,0,4,1064.135437,721.412170,0.050000,0.100000,0.000000
750,1,750,25.000000,0,5,1137.891296,728.400818,0.100000,0.100000,0.000000
750,1,750,25.000000,0,6,1211.211914,735.155212,0.150000,0.100000,0.000000
750,1,750,25.000000,0,7,1284.735168,741.891418,0.200000,0.100000,0.000000
750,1,750,25.000000,0,8,1070.670166,648.486816,0.050000,0.150000,0.000000
750,1,750,25.000000,0,9,1143.994141,655.719055,0.100000,0.150000,0.000000
750,1,750,25.000000,0,10,1217.972717,662.531128,0.150000,0.150000,0.000000
750,1,750,25.000000,0,11,1291.569336,668.648438,0.200000,0.150000,0.000000
750,1,750,25.000000,0,12,1077.571350,575.588318,0.050000,0.200000,0.000000
750,1,750,25.000000,0,13,1150.859924,582.827759,0.100000,0.200000,0.000000
750,1,750,25.000000,0,14,1223.916687,589.586853,0.150000,0.200000,0.000000
750,1,750,25.000000,0,15,1299.072632,596.977478,0.200000,0.200000,0.000000
750,1,750,25.000000,0,16,1084.073120,503.213959,0.050000,0.250000,0.000000
750,1,750,25.000000,0,17,1157.455566,509.620972,0.100000,0.250000,0.000000
750,1,750,25.000000,0,18,1231.360046,516.411499,0.150000,0.250000,0.000000
750,1,750,25.000000,0,19,1305.554810,522.722534,0.200000,0.250000,0.000000
750,1,750,25.000000,0,20,1089.832947,429.908905,0.050000,0.300000,0.000000
750,1,750,25.000000,0,21,1164.495239,436.532257,0.100000,0.300000,0.000000
750,1,750,25.000000,0,22,1238.364258,442.789124,0.150000,0.300000,0.000000
750,1,750,25.000000,0,23,1312.708923,449.347015,0.200000,0.300000,0.000000
755,1,755,25.166667,0,0,1053.499939,790.953857,0.050000,0.050000,0.000000
755,1,755,25.166667,0,1,1127.060425,798.752625,0.100000,0.050000,0.000000
755,1,755,25.166667,0,2,1200.589233,806.073181,0.150000,0.050000,0.000000
755,1,755,25.166667,0,3,1273.733276,812.316833,0.200000,0.050000,0.000000
755,1,755,25.166667,0,4,1059.978577,718.949646,0.050000,0.100000,0.000000
755,1,755,25.166667,0,5,1134.005737,726.127869,0.100000,0.100000,0.000000
755,1,755,25.166667,0,6,1207.407288,732.561218,0.150000,0.100000,0.000000
755,1,755,25.166667,0,7,1280.253967,739.434937,0.200000,0.100000,0.000000
755,1,755,25.166667,0,8,1067.533508,647.032166,0.050000,0.150000,0.000000
755,1,755,25.166667,0,9,1140.145203,653.337280,0.100000,0.150000,0.000000
755,1,755,25.166667,0,10,1213.959045,660.183289,0.150000,0.150000,0.000000
755,1,755,25.166667,0,11,1287.257507,666.900208,0.200000,0.150000,0.000000
755,1,755,25.166667,0,12,1072.928711,573.737488,0.050000,0.200000,0.000000
755,1,755,25.166667,0,13,1147.343323,580.822327,0.100000,0.200000,0.000000
755,1,755,25.166667,0,14,1220.297424,587.158936,0.150000,0.200000,0.000000
755,1,755,25.166667,0,15,1294.440796,594.101318,0.200000,0.200000,0.000000
755,1,755,25.166667,0,16,1080.222473,500.511017,0.050000,0.250000,0.000000
755,1,755,25.166667,0,17,1153.416382,507.492798,0.100000,0.250000,0.000000
755,1,755,25.166667,0,18,1227.410156,513.893982,0.150000,0.250000,0.000000
755,1,755,25.166667,0,19,1301.395020,520.757629,0.200000,0.250000,0.000000
755,1,755,25.166667,0,20,1087.140991,426.872559,0.050000,0.300000,0.000000
755,1,755,25.166667,0,21,1160.716919,434.161102,0.100000,0.300000,0.000000
755,1,755,25.166667,0,22,1233.978333,441.111359,0.150000,0.300000,0.000000
755,1,755,25.166667,0,23,1309.199646,447.662445,0.200000,0.300000,0.000000
760,1,760,25.333333,0,0,1048.163879,784.678528,0.050000,0.050000,0.000000
760,1,760,25.333333,0,1,1121.557129,792.352722,0.100000,0.050000,0.000000
760,1,760,25.333333,0,2,1194.344910,800.452393,0.150000,0.050000,0.000000
760,1,760,25.333333,0,3,1267.618164,806.807129,0.200000,0.050000,0.000000
760,1,760,25.333333,0,4,1054.965820,713.464600,0.050000,0.100000,0.000000
760,1,760,25.333333,0,5,1128.613220,721.230286,0.100000,0.100000,0.000000
760,1,760,25.333333,0,6,1201.632690,728.222229,0.150000,0.100000,0.000000
760,1,760,25.333333,0,7,1275.002075,736.131226,0.200000,0.100000,0.000000
760,1,760,25.333333,0,8,1062.517273,640.968872,0.050000,0.150000,0.000000
760,1,760,25.333333,0,9,1135.540039,648.958008,0.100000,0.150000,0.000000
760,1,760,25.333333,0,10,1209.003540,656.128479,0.150000,0.150000,0.000000
760,1,760,25.333333,0,11,1283.033081,663.262634,0.200000,0.150000,0.000000
760,1,760,25.333333,0,12,1070.229248,568.646545,0.050000,0.200000,0.000000
760,1,760,25.333333,0,13,1143.275574,576.397156,0.100000,0.200000,0.000000
760,1,760,25.333333,0,14,1216.914368,583.554749,0.150000,0.200000,0.000000
760,1,760,25.333333,0,15,1290.708252,591.156189,0.200000,0.200000,0.000000
760,1,760,25.333333,0,16,1076.895264,496.070953,0.050000,0.250000,0.000000
760,1,760,25.333333,0,17,1150.741760,503.467499,0.100000,0.250000,0.000000
760,1,760,25.333333,0,18,1224.496521,510.846283,0.150000,0.250000,0.000000
760,1,760,25.333333,0,19,1299.009399,517.923706,0.200000,0.250000,0.000000
760,1,760,25.333333,0,20,1083.897766,423.738281,0.050000,0.300000,0.000000
760,1,760,25.333333,0,21,1158.249023,430.346710,0.100000,0.300000,0.000000
760,1,760,25.333333,0,22,1232.689148,437.469635,0.150000,0.300000,0.000000
760,1,760,25.333333,0,23,1306.993530,444.483887,0.200000,0.300000,0.000000
765,1,765,25.500000,0,8,1057.232056,620.463623,0.050000,0.150000,0.000000
765,1,765,25.500000,0,11,1276.111389,644.803406,0.200000,0.150000,0.000000
765,1,765,25.500000,0,12,1065.237915,550.278259,0.050000,0.200000,0.000000
765,1,765,25.500000,0,15,1285.446289,574.196228,0.200000,0.200000,0.000000
765,1,765,25.500000,0,17,1146.708069,487.423431,0.100000,0.250000,0.000000
765,1,765,25.500000,0,18,1220.918823,495.553589,0.150000,0.250000,0.000000
765,1,765,25.500000,0,19,1296.161804,502.920441,0.200000,0.250000,0.000000
765,1,765,25.500000,0,21,1155.418091,416.057709,0.100000,0.300000,0.000000
770,1,770,25.666667,0,15,1273.116211,533.703979,0.200000,0.200000,0.000000
770,1,770,25.666667,0,17,1134.558716,450.164948,0.100000,0.250000,0.000000
770,1,770,25.666667,0,18,1208.692261,459.927094,0.150000,0.250000,0.000000
770,1,770,25.666667,0,19,1283.740967,466.746765,0.200000,0.250000,0.000000
770,1,770,25.666667,0,21,1140.561401,379.456696,0.100000,0.300000,0.000000
775,1,775,25.833333,0,20,1054.614197,327.418884,0.050000,0.300000,0.000000
775,1,775,25.833333,0,21,1129.748291,332.556335,0.100000,0.300000,0.000000
775,1,775,25.833333,0,22,1206.327393,338.601135,0.150000,0.300000,0.000000
780,1,780,26.000000,0,16,1045.456604,365.448975,0.050000,0.250000,0.000000
780,1,780,26.000000,0,17,1116.872437,371.676605,0.100000,0.250000,0.000000
780,1,780,26.000000,0,18,1189.221130,376.548340,0.150000,0.250000,0.000000
780,1,780,26.000000,0,19,1264.827393,383.177582,0.200000,0.250000,0.000000
780,1,780,26.000000,0,20,1038.642456,315.677032,0.050000,0.300000,0.000000
780,1,780,26.000000,0,21,1112.509644,321.216797,0.100000,0.300000,0.000000
785,1,785,26.166667,0,15,1257.306824,416.019684,0.200000,0.200000,0.000000
785,1,785,26.166667,0,16,1038.006836,360.614075,0.050000,0.250000,0.000000
785,1,785,26.166667,0,17,1108.187195,366.762268,0.100000,0.250000,0.000000
785,1,785,26.166667,0,18,1181.378296,371.706635,0.150000,0.250000,0.000000
785,1,785,26.166667,0,19,1254.815918,376.597198,0.200000,0.250000,0.000000
785,1,785,26.166667,0,20,1027.297729,318.987427,0.050000,0.300000,0.000000
785,1,785,26.166667,0,21,1100.226257,324.114410,0.100000,0.300000,0.000000
785,1,785,26.166667,0,22,1173.811218,329.250305,0.150000,0.300000,0.000000
785,1,785,26.166667,0,23,1250.771667,334.298370,0.200000,0.300000,0.000000
810,1,810,27.000000,0,20,1025.542419,346.391937,0.050000,0.300000,0.000000
810,1,810,27.000000,0,23,1246.763306,374.843445,0.200000,0.300000,0.000000
815,1,815,27.166667,0,18,1172.548706,404.013214,0.150000,0.250000,0.000000
815,1,815,27.166667,0,19,1243.437012,414.877716,0.200000,0.250000,0.000000
815,1,815,27.166667,0,20,1020.153748,347.572479,0.050000,0.300000,0.000000
815,1,815,27.166667,0,21,1092.946838,357.082977,0.100000,0.300000,0.000000
815,1,815,27.166667,0,22,1168.275452,367.256409,0.150000,0.300000,0.000000
815,1,815,27.166667,0,23,1241.683960,377.547638,0.200000,0.300000,0.000000
820,1,820,27.333333,0,16,1030.154419,382.445740,0.050000,0.250000,0.000000
820,1,820,27.333333,0,20,1018.904053,345.487579,0.050000,0.300000,0.000000
820,1,820,27.333333,0,23,1240.442566,372.840637,0.200000,0.300000,0.000000
825,1,825,27.500000,0,16,1036.455200,379.465424,0.050000,0.250000,0.000000
825,1,825,27.500000,0,17,1105.944458,388.290070,0.100000,0.250000,0.000000
825,1,825,27.500000,0,20,1027.145630,337.643158,0.050000,0.300000,0.000000
825,1,825,27.500000,0,21,1099.669556,344.274750,0.100000,0.300000,0.000000
825,1,825,27.500000,0,22,1173.127625,352.109833,0.150000,0.300000,0.000000
825,1,825,27.500000,0,23,1249.191101,358.397186,0.200000,0.300000,0.000000
830,1,830,27.666667,0,20,1031.679626,352.406219,0.050000,0.300000,0.000000
830,1,830,27.666667,0,21,1102.159058,363.735687,0.100000,0.300000,0.000000
830,1,830,27.666667,0,22,1176.194702,375.292877,0.150000,0.300000,0.000000
830,1,830,27.666667,0,23,1251.095764,386.615265,0.200000,0.300000,0.000000
835,1,835,27.833333,0,11,1258.502563,520.968262,0.200000,0.150000,0.000000
835,1,835,27.833333,0,15,1259.090332,479.994781,0.200000,0.200000,0.000000
835,1,835,27.833333,0,18,1185.929504,431.881805,0.150000,0.250000,0.000000
835,1,835,27.833333,0,19,1260.201355,437.023956,0.200000,0.250000,0.000000
835,1,835,27.833333,0,21,1108.614197,379.147369,0.100000,0.300000,0.000000
835,1,835,27.833333,0,22,1183.964844,385.331787,0.150000,0.300000,0.000000
835,1,835,27.833333,0,23,1261.079468,390.752747,0.200000,0.300000,0.000000
840,1,840,28.000000,0,0,1049.375305,602.570190,0.050000,0.050000,0.000000
840,1,840,28.000000,0,1,1114.700928,606.239685,0.100000,0.050000,0.000000
840,1,840,28.000000,0,2,1180.651550,607.183533,0.150000,0.050000,0.000000
840,1,840,28.000000,0,3,1248.523315,604.970093,0.200000,0.050000,0.000000
840,1,840,28.000000,0,4,1045.034363,562.232239,0.050000,0.100000,0.000000
840,1,840,28.000000,0,5,1109.892639,565.414246,0.100000,0.100000,0.000000
840,1,840,28.000000,0,6,1177.528564,565.809692,0.150000,0.100000,0.000000
840,1,840,28.000000,0,7,1246.830017,565.465576,0.200000,0.100000,0.000000
840,1,840,28.000000,0,8,1037.617493,520.113770,0.050000,0.150000,0.000000
840,1,840,28.000000,0,9,1105.634766,522.269104,0.100000,0.150000,0.000000
840,1,840,28.000000,0,10,1175.947449,522.009033,0.150000,0.150000,0.000000
840,1,840,28.000000,0,11,1246.072998,521.682739,0.200000,0.150000,0.000000
840,1,840,28.000000,0,12,1031.314026,474.311401,0.050000,0.200000,0.000000
840,1,840,28.000000,0,13,1101.742554,476.012299,0.100000,0.200000,0.000000
840,1,840,28.000000,0,14,1173.101929,475.590271,0.150000,0.200000,0.000000
840,1,840,28.000000,0,15,1244.914856,475.511078,0.200000,0.200000,0.000000
840,1,840,28.000000,0,16,1024.482727,426.509125,0.050000,0.250000,0.000000
840,1,840,28.000000,0,17,1096.463135,427.358734,0.100000,0.250000,0.000000
840,1,840,28.000000,0,18,1169.343689,426.597443,0.150000,0.250000,0.000000
840,1,840,28.000000,0,19,1245.317139,426.602600,0.200000,0.250000,0.000000
840,1,840,28.000000,0,20,1016.447510,375.323639,0.050000,0.300000,0.000000
840,1,840,28.000000,0,21,1090.465515,374.626129,0.100000,0.300000,0.000000
840,1,840,28.000000,0,22,1165.774902,376.544220,0.150000,0.300000,0.000000
840,1,840,28.000000,0,23,1243.594727,374.533661,0.200000,0.300000,0.000000
845,1,845,28.166667,0,0,1040.128479,609.416870,0.050000,0.050000,0.000000
845,1,845,28.166667,0,1,1105.845825,611.274780,0.100000,0.050000,0.000000
845,1,845,28.166667,0,2,1171.848267,610.272461,0.150000,0.050000,0.000000
845,1,845,28.166667,0,3,1239.291809,607.520020,0.200000,0.050000,0.000000
845,1,845,28.166667,0,4,1034.900085,566.182068,0.050000,0.100000,0.000000
845,1,845,28.166667,0,5,1101.740723,567.767517,0.100000,0.100000,0.000000
845,1,845,28.166667,0,6,1168.970459,566.209656,0.150000,0.100000,0.000000
845,1,845,28.166667,0,7,1238.082031,563.762329,0.200000,0.100000,0.000000
845,1,845,28.166667,0,8,1028.318115,520.714966,0.050000,0.150000,0.000000
845,1,845,28.166667,0,9,1096.897217,521.021118,0.100000,0.150000,0.000000
845,1,845,28.166667,0,10,1166.878784,519.321838,0.150000,0.150000,0.000000
845,1,845,28.166667,0,11,1237.728088,517.384644,0.200000,0.150000,0.000000
845,1,845,28.166667,0,12,1022.110352,471.903442,0.050000,0.200000,0.000000
845,1,845,28.166667,0,13,1092.325317,471.447723,0.100000,0.200000,0.000000
845,1,845,28.166667,0,14,1164.386841,470.347168,0.150000,0.200000,0.000000
845,1,845,28.166667,0,15,1236.505859,468.388397,0.200000,0.200000,0.000000
845,1,845,28.166667,0,16,1015.173584,420.343872,0.050000,0.250000,0.000000
845,1,845,28.166667,0,17,1087.580322,420.003143,0.100000,0.250000,0.000000
845,1,845,28.166667,0,18,1161.807251,418.325714,0.150000,0.250000,0.000000
845,1,845,28.166667,0,19,1236.885986,416.688812,0.200000,0.250000,0.000000
845,1,845,28.166667,0,20,1008.312195,365.736115,0.050000,0.300000,0.000000
845,1,845,28.166667,0,21,1082.332275,364.234741,0.100000,0.300000,0.000000
845,1,845,28.166667,0,22,1159.216248,363.337158,0.150000,0.300000,0.000000
845,1,845,28.166667,0,23,1236.431458,361.789642,0.200000,0.300000,0.000000
850,1,850,28.333333,0,0,1038.635254,611.635620,0.050000,0.050000,0.000000
850,1,850,28.333333,0,1,1105.075867,612.996948,0.100000,0.050000,0.000000
850,1,850,28.333333,0,2,1171.790833,611.462097,0.150000,0.050000,0.000000
850,1,850,28.333333,0,3,1238.031189,607.308472,0.200000,0.050000,0.000000
850,1,850,28.333333,0,4,1034.404480,569.441101,0.050000,0.100000,0.000000
850,1,850,28.333333,0,5,1101.141357,569.871765,0.100000,0.100000,0.000000
850,1,850,28.333333,0,6,1168.221619,567.358582,0.150000,0.100000,0.000000
850,1,850,28.333333,0,7,1236.525330,563.554749,0.200000,0.100000,0.000000
850,1,850,28.333333,0,8,1026.661499,524.125305,0.050000,0.150000,0.000000
850,1,850,28.333333,0,9,1097.086243,523.568420,0.100000,0.150000,0.000000
850,1,850,28.333333,0,10,1166.877686,521.314453,0.150000,0.150000,0.000000
850,1,850,28.333333,0,11,1237.545288,517.864685,0.200000,0.150000,0.000000
850,1,850,28.333333,0,12,1020.834961,476.774200,0.050000,0.200000,0.000000
850,1,850,28.333333,0,13,1092.325073,475.373260,0.100000,0.200000,0.000000
850,1,850,28.333333,0,14,1163.863953,472.753479,0.150000,0.200000,0.000000
850,1,850,28.333333,0,15,1236.418518,469.963318,0.200000,0.200000,0.000000
850,1,850,28.333333,0,16,1014.132690,425.656952,0.050000,0.250000,0.000000
850,1,850,28.333333,0,17,1087.044067,424.121307,0.100000,0.250000,0.000000
850,1,850,28.333333,0,18,1160.290039,420.705536,0.150000,0.250000,0.000000
850,1,850,28.333333,0,19,1236.318359,418.546722,0.200000,0.250000,0.000000
850,1,850,28.333333,0,20,1007.426758,371.526764,0.050000,0.300000,0.000000
850,1,850,28.333333,0,21,1082.321350,369.294525,0.100000,0.300000,0.000000
850,1,850,28.333333,0,22,1158.321228,366.890167,0.150000,0.300000,0.000000
850,1,850,28.333333,0,23,1235.443726,363.559875,0.200000,0.300000,0.000000
855,1,855,28.500000,0,0,1037.323669,611.820068,0.050000,0.050000,0.000000
855,1,855,28.500000,0,1,1103.083679,613.819458,0.100000,0.050000,0.000000
855,1,855,28.500000,0,2,1170.240295,612.216492,0.150000,0.050000,0.000000
855,1,855,28.500000,0,3,1235.849121,608.855347,0.200000,0.050000,0.000000
855,1,855,28.500000,0,4,1033.298767,569.415527,0.050000,0.100000,0.000000
855,1,855,28.500000,0,5,1099.299805,570.134583,0.100000,0.100000,0.000000
855,1,855,28.500000,0,6,1167.565491,567.876648,0.150000,0.100000,0.000000
855,1,855,28.500000,0,7,1235.466064,565.226074,0.200000,0.100000,0.000000
855,1,855,28.500000,0,8,1025.815735,524.187683,0.050000,0.150000,0.000000
855,1,855,28.500000,0,9,1095.640503,524.219238,0.100000,0.150000,0.000000
855,1,855,28.500000,0,10,1165.317566,521.828247,0.150000,0.150000,0.000000
855,1,855,28.500000,0,11,1235.753174,519.585022,0.200000,0.150000,0.000000
855,1,855,28.500000,0,12,1020.949951,476.136688,0.050000,0.200000,0.000000
855,1,855,28.500000,0,13,1090.860474,475.084930,0.100000,0.200000,0.000000
855,1,855,28.500000,0,14,1163.228149,473.316162,0.150000,0.200000,0.000000
855,1,855,28.500000,0,15,1234.980286,470.789276,0.200000,0.200000,0.000000
855,1,855,28.500000,0,16,1014.291077,425.496185,0.050000,0.250000,0.000000
855,1,855,28.500000,0,17,1087.045593,424.219727,0.100000,0.250000,0.000000
855,1,855,28.500000,0,18,1160.290344,421.871338,0.150000,0.250000,0.000000
855,1,855,28.500000,0,19,1235.066040,420.176697,0.200000,0.250000,0.000000
855,1,855,28.500000,0,20,1007.105469,371.718750,0.050000,0.300000,0.000000
855,1,855,28.500000,0,21,1081.889587,369.537170,0.100000,0.300000,0.000000
855,1,855,28.500000,0,22,1158.375610,367.730194,0.150000,0.300000,0.000000
855,1,855,28.500000,0,23,1234.994934,365.053101,0.200000,0.300000,0.000000
860,1,860,28.666667,0,0,1036.573120,612.594482,0.050000,0.050000,0.000000
860,1,860,28.666667,0,1,1102.499573,614.047546,0.100000,0.050000,0.000000
860,1,860,28.666667,0,2,1168.016357,612.449219,0.150000,0.050000,0.000000
860,1,860,28.666667,0,3,1235.461182,609.491516,0.200000,0.050000,0.000000
860,1,860,28.666667,0,4,1031.653015,569.544739,0.050000,0.100000,0.000000
860,1,860,28.666667,0,5,1098.563232,570.371033,0.100000,0.100000,0.000000
860,1,860,28.666667,0,6,1166.464294,567.795837,0.150000,0.100000,0.000000
860,1,860,28.666667,0,7,1234.241211,564.773804,0.200000,0.100000,0.000000
860,1,860,28.666667,0,8,1025.123352,523.897583,0.050000,0.150000,0.000000
860,1,860,28.666667,0,9,1094.315308,523.242371,0.100000,0.150000,0.000000
860,1,860,28.666667,0,10,1163.445862,520.558167,0.150000,0.150000,0.000000
860,1,860,28.666667,0,11,1234.365112,518.831299,0.200000,0.150000,0.000000
860,1,860,28.666667,0,12,1018.661987,475.332520,0.050000,0.200000,0.000000
860,1,860,28.666667,0,13,1090.302856,474.518738,0.100000,0.200000,0.000000
860,1,860,28.666667,0,14,1161.139160,471.751923,0.150000,0.200000,0.000000
860,1,860,28.666667,0,15,1233.548767,469.486084,0.200000,0.200000,0.000000
860,1,860,28.666667,0,16,1011.162964,423.095978,0.050000,0.250000,0.000000
860,1,860,28.666667,0,17,1084.836914,421.935822,0.100000,0.250000,0.000000
860,1,860,28.666667,0,18,1158.368286,419.420074,0.150000,0.250000,0.000000
860,1,860,28.666667,0,19,1233.555542,417.348541,0.200000,0.250000,0.000000
860,1,860,28.666667,0,20,1005.244324,368.417755,0.050000,0.300000,0.000000
860,1,860,28.666667,0,21,1079.183777,366.462067,0.100000,0.300000,0.000000
860,1,860,28.666667,0,22,1155.421692,364.639069,0.150000,0.300000,0.000000
860,1,860,28.666667,0,23,1232.974487,362.118683,0.200000,0.300000,0.000000
865,1,865,28.833333,0,0,1035.667114,614.537476,0.050000,0.050000,0.000000
865,1,865,28.833333,0,1,1101.356018,615.842529,0.100000,0.050000,0.000000
865,1,865,28.833333,0,2,1167.776306,615.176208,0.150000,0.050000,0.000000
865,1,865,28.833333,0,3,1234.607056,611.758240,0.200000,0.050000,0.000000
865,1,865,28.833333,0,4,1031.078308,570.393982,0.050000,0.100000,0.000000
865,1,865,28.833333,0,5,1096.602112,571.334839,0.100000,0.100000,0.000000
865,1,865,28.833333,0,6,1165.416504,569.713684,0.150000,0.100000,0.000000
865,1,865,28.833333,0,7,1233.372192,567.073914,0.200000,0.100000,0.000000
865,1,865,28.833333,0,8,1023.440674,524.257385,0.050000,0.150000,0.000000
865,1,865,28.833333,0,9,1093.140930,523.874878,0.100000,0.150000,0.000000
865,1,865,28.833333,0,10,1162.538879,522.296265,0.150000,0.150000,0.000000
865,1,865,28.833333,0,11,1233.578247,520.112732,0.200000,0.150000,0.000000
865,1,865,28.833333,0,12,1018.140564,474.926239,0.050000,0.200000,0.000000
865,1,865,28.833333,0,13,1087.846069,474.041718,0.100000,0.200000,0.000000
865,1,865,28.833333,0,14,1160.565735,472.384705,0.150000,0.200000,0.000000
865,1,865,28.833333,0,15,1232.628479,470.564117,0.200000,0.200000,0.000000
865,1,865,28.833333,0,16,1010.259399,422.769257,0.050000,0.250000,0.000000
865,1,865,28.833333,0,17,1084.073425,421.616516,0.100000,0.250000,0.000000
865,1,865,28.833333,0,18,1156.693970,419.564850,0.150000,0.250000,0.000000
865,1,865,28.833333,0,19,1232.593994,417.758972,0.200000,0.250000,0.000000
865,1,865,28.833333,0,20,1003.717712,368.118591,0.050000,0.300000,0.000000
865,1,865,28.833333,0,21,1078.005432,366.055145,0.100000,0.300000,0.000000
865,1,865,28.833333,0,22,1154.107666,364.542969,0.150000,0.300000,0.000000
865,1,865,28.833333,0,23,1231.610107,362.270569,0.200000,0.300000,0.000000
870,1,870,29.000000,0,0,1034.219727,628.957764,0.050000,0.050000,0.000000
870,1,870,29.000000,0,1,1100.406006,630.100037,0.100000,0.050000,0.000000
870,1,870,29.000000,0,2,1165.726990,628.446350,0.150000,0.050000,0.000000
870,1,870,29.000000,0,3,1233.713501,626.502808,0.200000,0.050000,0.000000
870,1,870,29.000000,0,4,1028.323853,580.612244,0.050000,0.100000,0.000000
870,1,870,29.000000,0,5,1095.464661,581.450073,0.100000,0.100000,0.000000
870,1,870,29.000000,0,6,1163.045410,579.532654,0.150000,0.100000,0.000000
870,1,870,29.000000,0,7,1231.816284,576.553040,0.200000,0.100000,0.000000
870,1,870,29.000000,0,8,1021.274475,530.044128,0.050000,0.150000,0.000000
870,1,870,29.000000,0,9,1090.326843,529.556030,0.100000,0.150000,0.000000
870,1,870,29.000000,0,10,1160.344299,527.655701,0.150000,0.150000,0.000000
870,1,870,29.000000,0,11,1230.747925,525.203796,0.200000,0.150000,0.000000
870,1,870,29.000000,0,12,1014.852295,476.162445,0.050000,0.200000,0.000000
870,1,870,29.000000,0,13,1084.778137,475.374481,0.100000,0.200000,0.000000
870,1,870,29.000000,0,14,1156.689636,472.949677,0.150000,0.200000,0.000000
870,1,870,29.000000,0,15,1229.435669,471.453125,0.200000,0.200000,0.000000
870,1,870,29.000000,0,16,1007.435547,420.424469,0.050000,0.250000,0.000000
870,1,870,29.000000,0,17,1079.516479,418.356079,0.100000,0.250000,0.000000
870,1,870,29.000000,0,18,1152.313477,415.967987,0.150000,0.250000,0.000000
870,1,870,29.000000,0,19,1226.852905,414.117889,0.200000,0.250000,0.000000
870,1,870,29.000000,0,20,999.595825,360.906464,0.050000,0.300000,0.000000
870,1,870,29.000000,0,21,1073.301392,358.408478,0.100000,0.300000,0.000000
870,1,870,29.000000,0,22,1148.827393,356.129120,0.150000,0.300000,0.000000
870,1,870,29.000000,0,23,1224.969910,353.489014,0.200000,0.300000,0.000000
875,1,875,29.166667,0,2,1163.811707,645.118347,0.150000,0.050000,0.000000
875,1,875,29.166667,0,3,1233.177063,641.094543,0.200000,0.050000,0.000000
875,1,875,29.166667,0,6,1160.376282,591.009216,0.150000,0.100000,0.000000
875,1,875,29.166667,0,7,1229.786133,587.484131,0.200000,0.100000,0.000000
875,1,875,29.166667,0,10,1154.802551,533.748474,0.150000,0.150000,0.000000
875,1,875,29.166667,0,11,1226.268127,529.840332,0.200000,0.150000,0.000000
875,1,875,29.166667,0,12,1010.064392,481.702179,0.050000,0.200000,0.000000
875,1,875,29.166667,0,13,1079.615845,479.790649,0.100000,0.200000,0.000000
875,1,875,29.166667,0,14,1150.110901,475.518951,0.150000,0.200000,0.000000
875,1,875,29.166667,0,15,1222.715576,471.471649,0.200000,0.200000,0.000000
875,1,875,29.166667,0,16,1000.818298,421.812775,0.050000,0.250000,0.000000
875,1,875,29.166667,0,17,1072.797791,418.128326,0.100000,0.250000,0.000000
875,1,875,29.166667,0,18,1144.459045,413.550751,0.150000,0.250000,0.000000
875,1,875,29.166667,0,19,1219.511597,409.249817,0.200000,0.250000,0.000000
875,1,875,29.166667,0,20,992.678101,358.897766,0.050000,0.300000,0.000000
875,1,875,29.166667,0,21,1065.756470,354.352325,0.100000,0.300000,0.000000
875,1,875,29.166667,0,22,1139.849182,350.316498,0.150000,0.300000,0.000000
875,1,875,29.166667,0,23,1215.572144,345.473297,0.200000,0.300000,0.000000
895,1,895,29.833333,0,0,927.564026,852.280151,0.050000,0.050000,0.000000
895,1,895,29.833333,0,1,1002.684326,847.948914,0.100000,0.050000,0.000000
895,1,895,29.833333,0,2,1077.642273,843.336426,0.150000,0.050000,0.000000
895,1,895,29.833333,0,3,1152.862305,838.029297,0.200000,0.050000,0.000000
895,1,895,29.833333,0,6,1072.133728,768.975952,0.150000,0.100000,0.000000
895,1,895,29.833333,0,7,1147.860962,764.230774,0.200000,0.100000,0.000000
895,1,895,29.833333,0,10,1066.823792,694.207458,0.150000,0.150000,0.000000
895,1,895,29.833333,0,12,910.650757,630.530212,0.050000,0.200000,0.000000
895,1,895,29.833333,0,13,986.122925,624.984009,0.100000,0.200000,0.000000
895,1,895,29.833333,0,14,1061.288757,620.063049,0.150000,0.200000,0.000000
895,1,895,29.833333,0,16,905.281067,554.905029,0.050000,0.250000,0.000000
895,1,895,29.833333,0,17,980.633057,550.063110,0.100000,0.250000,0.000000
895,1,895,29.833333,0,18,1056.339294,545.121155,0.150000,0.250000,0.000000
895,1,895,29.833333,0,19,1132.344360,539.699402,0.200000,0.250000,0.000000
895,1,895,29.833333,0,20,899.929260,480.084137,0.050000,0.300000,0.000000
895,1,895,29.833333,0,21,975.264404,474.790894,0.100000,0.300000,0.000000
895,1,895,29.833333,0,22,1051.197510,469.813049,0.150000,0.300000,0.000000
895,1,895,29.833333,0,23,1127.926514,464.936707,0.200000,0.300000,0.000000
900,1,900,30.000000,0,0,927.737244,846.910706,0.050000,0.050000,0.000000
900,1,900,30.000000,0,1,1003.117249,842.170959,0.100000,0.050000,0.000000
900,1,900,30.000000,0,2,1078.210266,836.972900,0.150000,0.050000,0.000000
900,1,900,30.000000,0,3,1153.022583,831.331238,0.200000,0.050000,0.000000
900,1,900,30.000000,0,4,921.782043,772.669983,0.050000,0.100000,0.000000
900,1,900,30.000000,0,5,996.545349,767.939148,0.100000,0.100000,0.000000
900,1,900,30.000000,0,6,1071.918823,761.977234,0.150000,0.100000,0.000000
900,1,900,30.000000,0,7,1148.005554,756.638977,0.200000,0.100000,0.000000
900,1,900,30.000000,0,8,915.219421,698.577759,0.050000,0.150000,0.000000
900,1,900,30.000000,0,9,990.142151,693.411194,0.100000,0.150000,0.000000
900,1,900,30.000000,0,10,1066.212463,687.836304,0.150000,0.150000,0.000000
900,1,900,30.000000,0,11,1141.434387,681.149170,0.200000,0.150000,0.000000
900,1,900,30.000000,0,12,908.378479,624.347229,0.050000,0.200000,0.000000
900,1,900,30.000000,0,13,984.375488,618.814636,0.100000,0.200000,0.000000
900,1,900,30.000000,0,14,1059.678772,612.480957,0.150000,0.200000,0.000000
900,1,900,30.000000,0,15,1135.542419,607.119263,0.200000,0.200000,0.000000
900,1,900,30.000000,0,16,902.205261,549.450500,0.050000,0.250000,0.000000
900,1,900,30.000000,0,17,977.986511,543.383423,0.100000,0.250000,0.000000
900,1,900,30.000000,0,18,1053.592224,538.131592,0.150000,0.250000,0.000000
900,1,900,30.000000,0,19,1129.501526,531.275513,0.200000,0.250000,0.000000
900,1,900,30.000000,0,20,895.464600,474.664948,0.050000,0.300000,0.000000
900,1,900,30.000000,0,21,970.774902,468.262421,0.100000,0.300000,0.000000
900,1,900,30.000000,0,22,1047.393433,462.282440,0.150000,0.300000,0.000000
900,1,900,30.000000,0,23,1124.073120,456.765900,0.200000,0.300000,0.000000
905,1,905,30.166667,0,0,930.529236,843.666382,0.050000,0.050000,0.000000
905,1,905,30.166667,0,1,1004.458679,839.172302,0.100000,0.050000,0.000000
905,1,905,30.166667,0,2,1080.505066,833.116516,0.150000,0.050000,0.000000
905,1,905,30.166667,0,3,1155.016968,826.359436,0.200000,0.050000,0.000000
905,1,905,30.166667,0,4,923.817566,769.655273,0.050000,0.100000,0.000000
905,1,905,30.166667,0,5,998.958557,764.634094,0.100000,0.100000,0.000000
905,1,905,30.166667,0,6,1073.835022,758.280518,0.150000,0.100000,0.000000
905,1,905,30.166667,0,7,1148.719543,752.264587,0.200000,0.100000,0.000000
905,1,905,30.166667,0,8,917.749146,695.728394,0.050000,0.150000,0.000000
905,1,905,30.166667,0,9,992.198242,689.957886,0.100000,0.150000,0.000000
905,1,905,30.166667,0,10,1067.933228,683.938843,0.150000,0.150000,0.000000
905,1,905,30.166667,0,11,1142.832825,677.684143,0.200000,0.150000,0.000000
905,1,905,30.166667,0,12,910.674438,621.690857,0.050000,0.200000,0.000000
905,1,905,30.166667,0,13,986.121887,615.474121,0.100000,0.200000,0.000000
905,1,905,30.166667,0,14,1061.484253,609.029114,0.150000,0.200000,0.000000
905,1,905,30.166667,0,15,1136.628540,603.347473,0.200000,0.200000,0.000000
905,1,905,30.166667,0,16,903.836060,545.971436,0.050000,0.250000,0.000000
905,1,905,30.166667,0,17,979.654968,540.461060,0.100000,0.250000,0.000000
905,1,905,30.166667,0,18,1055.597656,534.744263,0.150000,0.250000,0.000000
905,1,905,30.166667,0,19,1130.729004,528.248230,0.200000,0.250000,0.000000
905,1,905,30.166667,0,20,897.874329,471.933594,0.050000,0.300000,0.000000
905,1,905,30.166667,0,21,973.626038,465.661987,0.100000,0.300000,0.000000
905,1,905,30.166667,0,22,1048.800354,459.518555,0.150000,0.300000,0.000000
905,1,905,30.166667,0,23,1124.882385,453.066406,0.200000,0.300000,0.000000
910,1,910,30.333333,0,0,928.087219,842.551758,0.050000,0.050000,0.000000
910,1,910,30.333333,0,1,1002.374756,837.878296,0.100000,0.050000,0.000000
910,1,910,30.333333,0,2,1077.122437,832.969971,0.150000,0.050000,0.000000
910,1,910,30.333333,0,3,1152.036560,827.069336,0.200000,0.050000,0.000000
910,1,910,30.333333,0,4,921.970947,768.324951,0.050000,0.100000,0.000000
910,1,910,30.333333,0,5,996.497803,763.836975,0.100000,0.100000,0.000000
910,1,910,30.333333,0,6,1071.355896,758.523071,0.150000,0.100000,0.000000
910,1,910,30.333333,0,7,1146.650818,753.260498,0.200000,0.100000,0.000000
910,1,910,30.333333,0,8,916.059387,694.356812,0.050000,0.150000,0.000000
910,1,910,30.333333,0,9,990.612671,689.789612,0.100000,0.150000,0.000000
910,1,910,30.333333,0,10,1065.990417,684.177368,0.150000,0.150000,0.000000
910,1,910,30.333333,0,11,1141.058533,678.875244,0.200000,0.150000,0.000000
910,1,910,30.333333,0,12,910.285522,620.060547,0.050000,0.200000,0.000000
910,1,910,30.333333,0,13,985.232788,615.041748,0.100000,0.200000,0.000000
910,1,910,30.333333,0,14,1060.282227,609.740173,0.150000,0.200000,0.000000
910,1,910,30.333333,0,15,1136.000977,604.383179,0.200000,0.200000,0.000000
910,1,910,30.333333,0,16,904.523682,545.675964,0.050000,0.250000,0.000000
910,1,910,30.333333,0,17,979.841248,539.990112,0.100000,0.250000,0.000000
910,1,910,30.333333,0,18,1054.964050,535.112671,0.150000,0.250000,0.000000
910,1,910,30.333333,0,19,1130.619507,529.599182,0.200000,0.250000,0.000000
910,1,910,30.333333,0,20,898.523132,471.078461,0.050000,0.300000,0.000000
910,1,910,30.333333,0,21,973.529663,465.252838,0.100000,0.300000,0.000000
910,1,910,30.333333,0,22,1049.648132,460.016663,0.150000,0.300000,0.000000
910,1,910,30.333333,0,23,1125.288635,454.392639,0.200000,0.300000,0.000000
915,1,915,30.500000,0,0,924.323730,841.683838,0.050000,0.050000,0.000000
915,1,915,30.500000,0,1,999.213562,837.898621,0.100000,0.050000,0.000000
915,1,915,30.500000,0,2,1074.017517,832.755676,0.150000,0.050000,0.000000
915,1,915,30.500000,0,3,1148.770935,828.037354,0.200000,0.050000,0.000000
915,1,915,30.500000,0,4,919.458008,768.003540,0.050000,0.100000,0.000000
915,1,915,30.500000,0,5,993.905273,763.676819,0.100000,0.100000,0.000000
915,1,915,30.500000,0,6,1068.957153,758.650818,0.150000,0.100000,0.000000
915,1,915,30.500000,0,7,1143.806213,753.732849,0.200000,0.100000,0.000000
915,1,915,30.500000,0,8,914.200012,694.297119,0.050000,0.150000,0.000000
915,1,915,30.500000,0,9,988.705688,689.458618,0.100000,0.150000,0.000000
915,1,915,30.500000,0,10,1063.340637,683.999451,0.150000,0.150000,0.000000
915,1,915,30.500000,0,11,1139.343079,678.898499,0.200000,0.150000,0.000000
915,1,915,30.500000,0,12,908.171692,619.870300,0.050000,0.200000,0.000000
915,1,915,30.500000,0,13,983.647034,615.255615,0.100000,0.200000,0.000000
915,1,915,30.500000,0,14,1058.132568,610.155273,0.150000,0.200000,0.000000
915,1,915,30.500000,0,15,1134.553833,605.320374,0.200000,0.200000,0.000000
915,1,915,30.500000,0,16,902.254761,545.092102,0.050000,0.250000,0.000000
915,1,915,30.500000,0,17,977.641724,540.357117,0.100000,0.250000,0.000000
915,1,915,30.500000,0,18,1052.854553,534.931824,0.150000,0.250000,0.000000
915,1,915,30.500000,0,19,1128.580811,530.255066,0.200000,0.250000,0.000000
915,1,915,30.500000,0,20,896.804321,470.389221,0.050000,0.300000,0.000000
915,1,915,30.500000,0,21,972.486389,465.303772,0.100000,0.300000,0.000000
915,1,915,30.500000,0,22,1048.380798,459.640717,0.150000,0.300000,0.000000
915,1,915,30.500000,0,23,1123.653625,454.611938,0.200000,0.300000,0.000000
920,1,920,30.666667,0,0,919.517456,843.168213,0.050000,0.050000,0.000000
920,1,920,30.666667,0,1,994.357788,839.615906,0.100000,0.050000,0.000000
920,1,920,30.666667,0,2,1069.187683,835.316345,0.150000,0.050000,0.000000
920,1,920,30.666667,0,3,1143.830200,829.872314,0.200000,0.050000,0.000000
920,1,920,30.666667,0,4,914.140564,769.762024,0.050000,0.100000,0.000000
920,1,920,30.666667,0,5,989.254639,765.721863,0.100000,0.100000,0.000000
920,1,920,30.666667,0,6,1063.861450,760.818115,0.150000,0.100000,0.000000
920,1,920,30.666667,0,7,1139.573425,756.080383,0.200000,0.100000,0.000000
920,1,920,30.666667,0,8,909.304871,695.764893,0.050000,0.150000,0.000000
920,1,920,30.666667,0,9,983.913147,691.253662,0.100000,0.150000,0.000000
920,1,920,30.666667,0,10,1059.585266,686.811218,0.150000,0.150000,0.000000
920,1,920,30.666667,0,11,1134.068665,681.958801,0.200000,0.150000,0.000000
920,1,920,30.666667,0,12,903.457031,621.846985,0.050000,0.200000,0.000000
920,1,920,30.666667,0,13,979.085876,617.061096,0.100000,0.200000,0.000000
920,1,920,30.666667,0,14,1053.982910,611.844116,0.150000,0.200000,0.000000
920,1,920,30.666667,0,15,1129.638611,607.201416,0.200000,0.200000,0.000000
920,1,920,30.666667,0,16,898.365845,546.842163,0.050000,0.250000,0.000000
920,1,920,30.666667,0,17,973.927795,541.966919,0.100000,0.250000,0.000000
920,1,920,30.666667,0,18,1048.901550,536.966797,0.150000,0.250000,0.000000
920,1,920,30.666667,0,19,1124.736877,532.111511,0.200000,0.250000,0.000000
920,1,920,30.666667,0,20,892.918457,472.148407,0.050000,0.300000,0.000000
920,1,920,30.666667,0,21,968.166565,467.025574,0.100000,0.300000,0.000000
920,1,920,30.666667,0,22,1044.039429,461.954315,0.150000,0.300000,0.000000
920,1,920,30.666667,0,23,1119.707397,456.959503,0.200000,0.300000,0.000000
925,1,925,30.833333,0,0,909.399414,848.071594,0.050000,0.050000,0.000000
925,1,925,30.833333,0,1,983.873535,843.812805,0.100000,0.050000,0.000000
925,1,925,30.833333,0,2,1058.504578,839.132324,0.150000,0.050000,0.000000
925,1,925,30.833333,0,3,1133.216919,833.326050,0.200000,0.050000,0.000000
925,1,925,30.833333,0,4,903.572632,774.753601,0.050000,0.100000,0.000000
925,1,925,30.833333,0,5,978.862183,770.515381,0.100000,0.100000,0.000000
925,1,925,30.833333,0,6,1053.430237,765.221558,0.150000,0.100000,0.000000
925,1,925,30.833333,0,7,1128.436890,760.230225,0.200000,0.100000,0.000000
925,1,925,30.833333,0,8,898.795288,700.888428,0.050000,0.150000,0.000000
925,1,925,30.833333,0,9,973.213379,695.791687,0.100000,0.150000,0.000000
925,1,925,30.833333,0,10,1048.422058,690.904053,0.150000,0.150000,0.000000
925,1,925,30.833333,0,11,1124.084167,685.408569,0.200000,0.150000,0.000000
925,1,925,30.833333,0,12,892.825562,626.648132,0.050000,0.200000,0.000000
925,1,925,30.833333,0,13,968.383789,621.644287,0.100000,0.200000,0.000000
925,1,925,30.833333,0,14,1043.717102,616.327759,0.150000,0.200000,0.000000
925,1,925,30.833333,0,15,1118.989746,611.671753,0.200000,0.200000,0.000000
925,1,925,30.833333,0,16,887.077637,551.518188,0.050000,0.250000,0.000000
925,1,925,30.833333,0,17,962.796448,546.884216,0.100000,0.250000,0.000000
925,1,925,30.833333,0,18,1038.166016,541.459167,0.150000,0.250000,0.000000
925,1,925,30.833333,0,19,1114.658752,536.514343,0.200000,0.250000,0.000000
925,1,925,30.833333,0,20,882.287231,476.633179,0.050000,0.300000,0.000000
925,1,925,30.833333,0,21,958.090820,471.885010,0.100000,0.300000,0.000000
925,1,925,30.833333,0,22,1033.546326,466.591339,0.150000,0.300000,0.000000
925,1,925,30.833333,0,23,1110.297546,461.700348,0.200000,0.300000,0.000000
930,1,930,31.000000,0,0,894.234741,856.595886,0.050000,0.050000,0.000000
930,1,930,31.000000,0,1,968.338501,850.278015,0.100000,0.050000,0.000000
930,1,930,31.000000,0,2,1042.830811,843.278137,0.150000,0.050000,0.000000
930,1,930,31.000000,0,3,1116.276001,836.251465,0.200000,0.050000,0.000000
930,1,930,31.000000,0,4,884.888428,784.808411,0.050000,0.100000,0.000000
930,1,930,31.000000,0,5,962.499695,776.878967,0.100000,0.100000,0.000000
930,1,930,31.000000,0,6,1036.278137,769.560547,0.150000,0.100000,0.000000
930,1,930,31.000000,0,7,1111.883911,763.107910,0.200000,0.100000,0.000000
930,1,930,31.000000,0,8,879.309814,709.210693,0.050000,0.150000,0.000000
930,1,930,31.000000,0,11,1105.868530,688.476074,0.200000,0.150000,0.000000
930,1,930,31.000000,0,12,872.259399,635.857483,0.050000,0.200000,0.000000
930,1,930,31.000000,0,15,1099.321045,615.105591,0.200000,0.200000,0.000000
930,1,930,31.000000,0,16,866.211426,559.952759,0.050000,0.250000,0.000000
930,1,930,31.000000,0,17,942.377258,553.547302,0.100000,0.250000,0.000000
930,1,930,31.000000,0,18,1018.583069,547.656372,0.150000,0.250000,0.000000
930,1,930,31.000000,0,19,1094.349731,539.738464,0.200000,0.250000,0.000000
930,1,930,31.000000,0,20,859.796753,484.297729,0.050000,0.300000,0.000000
930,1,930,31.000000,0,21,935.898743,478.792053,0.100000,0.300000,0.000000
930,1,930,31.000000,0,22,1012.917603,470.640198,0.150000,0.300000,0.000000
930,1,930,31.000000,0,23,1087.578369,464.902435,0.200000,0.300000,0.000000
945,1,945,31.500000,0,0,737.425171,889.281799,0.050000,0.050000,0.000000
945,1,945,31.500000,0,1,812.819092,866.811462,0.100000,0.050000,0.000000
945,1,945,31.500000,0,2,887.160278,843.933533,0.150000,0.050000,0.000000
945,1,945,31.500000,0,3,956.963257,820.026062,0.200000,0.050000,0.000000
945,1,945,31.500000,0,6,866.425415,772.640625,0.150000,0.100000,0.000000
945,1,945,31.500000,0,7,939.111755,750.507080,0.200000,0.100000,0.000000
945,1,945,31.500000,0,11,919.682373,679.366638,0.200000,0.150000,0.000000
945,1,945,31.500000,0,12,674.751831,675.049622,0.050000,0.200000,0.000000
950,1,950,31.666667,0,12,639.835449,684.445557,0.050000,0.200000,0.000000
950,1,950,31.666667,0,16,614.785156,611.207031,0.050000,0.250000,0.000000
950,1,950,31.666667,0,17,692.428711,587.258850,0.100000,0.250000,0.000000
955,1,955,31.833333,0,2,835.950806,848.875854,0.150000,0.050000,0.000000
955,1,955,31.833333,0,3,907.064270,822.589111,0.200000,0.050000,0.000000
955,1,955,31.833333,0,4,667.182495,830.669495,0.050000,0.100000,0.000000
955,1,955,31.833333,0,5,741.741455,804.015076,0.100000,0.100000,0.000000
955,1,955,31.833333,0,6,814.279053,778.214172,0.150000,0.100000,0.000000
955,1,955,31.833333,0,7,885.538208,752.913086,0.200000,0.100000,0.000000
955,1,955,31.833333,0,8,643.565674,757.544312,0.050000,0.150000,0.000000
955,1,955,31.833333,0,9,718.627930,732.592651,0.100000,0.150000,0.000000
955,1,955,31.833333,0,10,791.323975,707.090332,0.150000,0.150000,0.000000
955,1,955,31.833333,0,11,863.084351,681.939758,0.200000,0.150000,0.000000
955,1,955,31.833333,0,12,619.886108,685.881531,0.050000,0.200000,0.000000
955,1,955,31.833333,0,13,695.442505,660.306641,0.100000,0.200000,0.000000
955,1,955,31.833333,0,14,768.880249,636.126343,0.150000,0.200000,0.000000
955,1,955,31.833333,0,15,841.809570,612.088013,0.200000,0.200000,0.000000
955,1,955,31.833333,0,16,595.770874,611.884155,0.050000,0.250000,0.000000
955,1,955,31.833333,0,17,671.658691,587.863220,0.100000,0.250000,0.000000
955,1,955,31.833333,0,18,745.811157,564.049011,0.150000,0.250000,0.000000
955,1,955,31.833333,0,19,818.387085,540.773193,0.200000,0.250000,0.000000
955,1,955,31.833333,0,20,571.283813,538.682007,0.050000,0.300000,0.000000
955,1,955,31.833333,0,21,647.974243,514.299805,0.100000,0.300000,0.000000
955,1,955,31.833333,0,22,722.373535,491.346924,0.150000,0.300000,0.000000
955,1,955,31.833333,0,23,795.341309,468.043182,0.200000,0.300000,0.000000
960,1,960,32.000000,0,0,680.322388,889.955994,0.050000,0.050000,0.000000
960,1,960,32.000000,0,1,755.249146,863.418518,0.100000,0.050000,0.000000
960,1,960,32.000000,0,2,827.671021,836.941956,0.150000,0.050000,0.000000
960,1,960,32.000000,0,3,898.400635,811.229248,0.200000,0.050000,0.000000
960,1,960,32.000000,0,4,657.176758,815.938721,0.050000,0.100000,0.000000
960,1,960,32.000000,0,5,732.166382,790.275696,0.100000,0.100000,0.000000
960,1,960,32.000000,0,6,804.953979,764.864807,0.150000,0.100000,0.000000
960,1,960,32.000000,0,7,875.807373,739.685974,0.200000,0.100000,0.000000
960,1,960,32.000000,0,8,633.326538,742.260071,0.050000,0.150000,0.000000
960,1,960,32.000000,0,9,708.714600,717.098022,0.100000,0.150000,0.000000
960,1,960,32.000000,0,10,781.795288,692.375793,0.150000,0.150000,0.000000
960,1,960,32.000000,0,11,853.340454,668.357422,0.200000,0.150000,0.000000
960,1,960,32.000000,0,12,609.754272,668.709290,0.050000,0.200000,0.000000
960,1,960,32.000000,0,13,685.080078,644.026123,0.100000,0.200000,0.000000
960,1,960,32.000000,0,14,759.317871,619.973938,0.150000,0.200000,0.000000
960,1,960,32.000000,0,15,830.847778,596.331360,0.200000,0.200000,0.000000
960,1,960,32.000000,0,16,585.879272,594.554749,0.050000,0.250000,0.000000
960,1,960,32.000000,0,17,661.578979,570.891235,0.100000,0.250000,0.000000
960,1,960,32.000000,0,18,735.487915,547.387817,0.150000,0.250000,0.000000
960,1,960,32.000000,0,19,807.918457,524.998169,0.200000,0.250000,0.000000
960,1,960,32.000000,0,20,561.326660,520.593811,0.050000,0.300000,0.000000
960,1,960,32.000000,0,21,637.758423,497.206512,0.100000,0.300000,0.000000
960,1,960,32.000000,0,22,712.551636,474.911316,0.150000,0.300000,0.000000
960,1,960,32.000000,0,23,784.801025,452.992950,0.200000,0.300000,0.000000
965,1,965,32.166667,0,0,680.298950,902.047485,0.050000,0.050000,0.000000
965,1,965,32.166667,0,1,755.292358,876.627441,0.100000,0.050000,0.000000
965,1,965,32.166667,0,2,827.882690,849.777161,0.150000,0.050000,0.000000
965,1,965,32.166667,0,3,898.317383,824.273987,0.200000,0.050000,0.000000
965,1,965,32.166667,0,4,657.265747,828.695984,0.050000,0.100000,0.000000
965,1,965,32.166667,0,5,733.181763,803.008545,0.100000,0.100000,0.000000
965,1,965,32.166667,0,6,805.827271,777.742493,0.150000,0.100000,0.000000
965,1,965,32.166667,0,7,876.594116,752.407471,0.200000,0.100000,0.000000
965,1,965,32.166667,0,8,634.434814,753.504456,0.050000,0.150000,0.000000
965,1,965,32.166667,0,9,709.922729,728.674316,0.100000,0.150000,0.000000
965,1,965,32.166667,0,10,783.323120,704.181274,0.150000,0.150000,0.000000
965,1,965,32.166667,0,11,855.065430,680.275696,0.200000,0.150000,0.000000
965,1,965,32.166667,0,12,611.611206,679.185852,0.050000,0.200000,0.000000
965,1,965,32.166667,0,13,687.302490,655.088623,0.100000,0.200000,0.000000
965,1,965,32.166667,0,14,761.285400,631.844482,0.150000,0.200000,0.000000
965,1,965,32.166667,0,15,832.712524,608.700012,0.200000,0.200000,0.000000
965,1,965,32.166667,0,16,588.361450,604.606140,0.050000,0.250000,0.000000
965,1,965,32.166667,0,17,664.541870,581.921265,0.100000,0.250000,0.000000
965,1,965,32.166667,0,18,738.411743,558.918274,0.150000,0.250000,0.000000
965,1,965,32.166667,0,19,810.932983,537.406250,0.200000,0.250000,0.000000
965,1,965,32.166667,0,20,565.029541,529.778015,0.050000,0.300000,0.000000
965,1,965,32.166667,0,21,641.291382,507.320831,0.100000,0.300000,0.000000
965,1,965,32.166667,0,22,716.252075,485.932037,0.150000,0.300000,0.000000
965,1,965,32.166667,0,23,788.816040,464.565704,0.200000,0.300000,0.000000
970,1,970,32.333333,0,0,672.711060,917.144165,0.050000,0.050000,0.000000
970,1,970,32.333333,0,1,748.047607,890.188721,0.100000,0.050000,0.000000
970,1,970,32.333333,0,2,820.032349,863.462219,0.150000,0.050000,0.000000
970,1,970,32.333333,0,3,889.520630,837.326965,0.200000,0.050000,0.000000
970,1,970,32.333333,0,4,649.638916,842.845032,0.050000,0.100000,0.000000
970,1,970,32.333333,0,5,724.729736,816.454773,0.100000,0.100000,0.000000
970,1,970,32.333333,0,6,797.727295,791.125977,0.150000,0.100000,0.000000
970,1,970,32.333333,0,7,867.467041,765.545593,0.200000,0.100000,0.000000
970,1,970,32.333333,0,8,626.576416,768.458313,0.050000,0.150000,0.000000
970,1,970,32.333333,0,9,702.411133,743.074341,0.100000,0.150000,0.000000
970,1,970,32.333333,0,10,774.924316,718.205322,0.150000,0.150000,0.000000
970,1,970,32.333333,0,11,846.153076,694.272888,0.200000,0.150000,0.000000
970,1,970,32.333333,0,12,603.624268,694.124695,0.050000,0.200000,0.000000
970,1,970,32.333333,0,13,679.744385,669.296936,0.100000,0.200000,0.000000
970,1,970,32.333333,0,14,753.208130,645.808838,0.150000,0.200000,0.000000
970,1,970,32.333333,0,15,824.625854,622.488464,0.200000,0.200000,0.000000
970,1,970,32.333333,0,16,580.367432,619.285522,0.050000,0.250000,0.000000
970,1,970,32.333333,0,17,656.647705,595.765015,0.100000,0.250000,0.000000
970,1,970,32.333333,0,18,730.684204,573.164978,0.150000,0.250000,0.000000
970,1,970,32.333333,0,19,802.458496,551.025146,0.200000,0.250000,0.000000
970,1,970,32.333333,0,20,556.589233,544.740723,0.050000,0.300000,0.000000
970,1,970,32.333333,0,21,633.233032,521.928101,0.100000,0.300000,0.000000
970,1,970,32.333333,0,22,707.938232,500.216095,0.150000,0.300000,0.000000
970,1,970,32.333333,0,23,780.301147,478.729340,0.200000,0.300000,0.000000
975,1,975,32.500000,0,0,658.031982,926.359863,0.050000,0.050000,0.000000
975,1,975,32.500000,0,1,733.044800,900.012329,0.100000,0.050000,0.000000
975,1,975,32.500000,0,2,806.528076,872.993958,0.150000,0.050000,0.000000
975,1,975,32.500000,0,3,876.071777,846.770325,0.200000,0.050000,0.000000
975,1,975,32.500000,0,4,635.614014,851.739319,0.050000,0.100000,0.000000
975,1,975,32.500000,0,5,711.233032,825.121277,0.100000,0.100000,0.000000
975,1,975,32.500000,0,6,784.291992,799.731201,0.150000,0.100000,0.000000
975,1,975,32.500000,0,7,854.888428,775.096741,0.200000,0.100000,0.000000
975,1,975,32.500000,0,8,613.299072,776.215515,0.050000,0.150000,0.000000
975,1,975,32.500000,0,9,689.191528,751.380615,0.100000,0.150000,0.000000
975,1,975,32.500000,0,10,762.318481,726.742249,0.150000,0.150000,0.000000
975,1,975,32.500000,0,11,833.642944,703.379944,0.200000,0.150000,0.000000
975,1,975,32.500000,0,12,590.511475,701.102783,0.050000,0.200000,0.000000
975,1,975,32.500000,0,13,666.656372,676.841492,0.100000,0.200000,0.000000
975,1,975,32.500000,0,14,740.742798,654.313660,0.150000,0.200000,0.000000
975,1,975,32.500000,0,15,813.220825,631.263977,0.200000,0.200000,0.000000
975,1,975,32.500000,0,16,567.371948,625.860901,0.050000,0.250000,0.000000
975,1,975,32.500000,0,17,644.608643,602.885803,0.100000,0.250000,0.000000
975,1,975,32.500000,0,18,718.461182,580.513245,0.150000,0.250000,0.000000
975,1,975,32.500000,0,19,790.912231,559.456421,0.200000,0.250000,0.000000
975,1,975,32.500000,0,20,545.190308,550.775757,0.050000,0.300000,0.000000
975,1,975,32.500000,0,21,622.454102,528.387573,0.100000,0.300000,0.000000
975,1,975,32.500000,0,22,697.205566,507.075287,0.150000,0.300000,0.000000
975,1,975,32.500000,0,23,769.674683,486.756897,0.200000,0.300000,0.000000
980,1,980,32.666667,0,0,636.728149,931.962280,0.050000,0.050000,0.000000
980,1,980,32.666667,0,1,712.535522,905.616455,0.100000,0.050000,0.000000
980,1,980,32.666667,0,2,786.705688,878.833130,0.150000,0.050000,0.000000
980,1,980,32.666667,0,3,856.156372,853.541016,0.200000,0.050000,0.000000
980,1,980,32.666667,0,4,614.723022,856.492554,0.050000,0.100000,0.000000
980,1,980,32.666667,0,5,691.605835,830.751282,0.100000,0.100000,0.000000
980,1,980,32.666667,0,8,592.413574,780.915222,0.050000,0.150000,0.000000
980,1,980,32.666667,0,9,669.143799,756.472107,0.100000,0.150000,0.000000
980,1,980,32.666667,0,12,570.360596,705.669067,0.050000,0.200000,0.000000
980,1,980,32.666667,0,13,647.650024,681.670105,0.100000,0.200000,0.000000
980,1,980,32.666667,0,14,721.607788,658.554077,0.150000,0.200000,0.000000
980,1,980,32.666667,0,15,793.303223,636.195251,0.200000,0.200000,0.000000
980,1,980,32.666667,0,16,548.429932,629.644043,0.050000,0.250000,0.000000
980,1,980,32.666667,0,17,625.611816,607.631775,0.100000,0.250000,0.000000
980,1,980,32.666667,0,18,700.274292,585.440918,0.150000,0.250000,0.000000
980,1,980,32.666667,0,19,773.070557,563.798523,0.200000,0.250000,0.000000
980,1,980,32.666667,0,20,525.724976,554.257202,0.050000,0.300000,0.000000
980,1,980,32.666667,0,21,603.418945,532.610840,0.100000,0.300000,0.000000
980,1,980,32.666667,0,22,678.491821,512.544556,0.150000,0.300000,0.000000
980,1,980,32.666667,0,23,752.248535,491.915283,0.200000,0.300000,0.000000
985,1,985,32.833333,0,12,523.699829,712.352417,0.050000,0.200000,0.000000
985,1,985,32.833333,0,16,501.412476,636.948975,0.050000,0.250000,0.000000
990,1,990,33.000000,0,0,562.687988,948.174683,0.050000,0.050000,0.000000
990,1,990,33.000000,0,1,640.469238,918.803711,0.100000,0.050000,0.000000
990,1,990,33.000000,0,2,714.012573,889.525879,0.150000,0.050000,0.000000
990,1,990,33.000000,0,3,785.697632,861.644592,0.200000,0.050000,0.000000
990,1,990,33.000000,0,12,490.345459,720.209595,0.050000,0.200000,0.000000
990,1,990,33.000000,0,15,717.164917,644.909546,0.200000,0.200000,0.000000
990,1,990,33.000000,0,16,465.726807,643.700378,0.050000,0.250000,0.000000
990,1,990,33.000000,0,17,544.719727,619.480835,0.100000,0.250000,0.000000
990,1,990,33.000000,0,18,619.703125,595.379272,0.150000,0.250000,0.000000
990,1,990,33.000000,0,19,694.262207,572.551636,0.200000,0.250000,0.000000
990,1,990,33.000000,0,20,441.755249,567.750000,0.050000,0.300000,0.000000
990,1,990,33.000000,0,21,520.580933,544.501953,0.100000,0.300000,0.000000
995,1,995,33.166667,0,0,553.001343,949.274841,0.050000,0.050000,0.000000
995,1,995,33.166667,0,1,631.063110,919.722839,0.100000,0.050000,0.000000
995,1,995,33.166667,0,2,705.788940,890.424011,0.150000,0.050000,0.000000
995,1,995,33.166667,0,3,777.556885,862.536621,0.200000,0.050000,0.000000
995,1,995,33.166667,0,4,528.182129,873.545349,0.050000,0.100000,0.000000
995,1,995,33.166667,0,5,606.222778,844.370483,0.100000,0.100000,0.000000
995,1,995,33.166667,0,6,681.035156,817.076355,0.150000,0.100000,0.000000
995,1,995,33.166667,0,7,753.602051,789.679993,0.200000,0.100000,0.000000
995,1,995,33.166667,0,8,503.049805,797.364746,0.050000,0.150000,0.000000
995,1,995,33.166667,0,9,581.273438,770.115479,0.100000,0.150000,0.000000
995,1,995,33.166667,0,10,656.421021,743.244873,0.150000,0.150000,0.000000
995,1,995,33.166667,0,11,729.442627,718.036560,0.200000,0.150000,0.000000
995,1,995,33.166667,0,12,477.845581,721.440308,0.050000,0.200000,0.000000
995,1,995,33.166667,0,13,556.394043,695.633484,0.100000,0.200000,0.000000
995,1,995,33.166667,0,14,632.256348,670.214661,0.150000,0.200000,0.000000
995,1,995,33.166667,0,15,705.632812,645.701050,0.200000,0.200000,0.000000
995,1,995,33.166667,0,16,452.700928,646.285767,0.050000,0.250000,0.000000
995,1,995,33.166667,0,17,531.557617,621.694702,0.100000,0.250000,0.000000
995,1,995,33.166667,0,18,607.611572,597.181641,0.150000,0.250000,0.000000
995,1,995,33.166667,0,19,681.360718,574.507385,0.200000,0.250000,0.000000
995,1,995,33.166667,0,20,427.312500,571.150452,0.050000,0.300000,0.000000
995,1,995,33.166667,0,21,506.652100,547.141785,0.100000,0.300000,0.000000
995,1,995,33.166667,0,22,583.323364,524.562744,0.150000,0.300000,0.000000
995,1,995,33.166667,0,23,657.080811,501.930908,0.200000,0.300000,0.000000
1000,1,1000,33.333333,0,0,552.160278,918.573975,0.050000,0.050000,0.000000
1000,1,1000,33.333333,0,1,630.205933,888.602539,0.100000,0.050000,0.000000
1000,1,1000,33.333333,0,6,679.408081,787.353088,0.150000,0.100000,0.000000
1000,1,1000,33.333333,0,7,751.544800,760.332153,0.200000,0.100000,0.000000
1000,1,1000,33.333333,0,10,654.226074,713.712952,0.150000,0.150000,0.000000
1000,1,1000,33.333333,0,11,726.908936,688.859558,0.200000,0.150000,0.000000
1000,1,1000,33.333333,0,12,475.538330,693.144043,0.050000,0.200000,0.000000
1000,1,1000,33.333333,0,13,553.504639,665.854919,0.100000,0.200000,0.000000
1000,1,1000,33.333333,0,14,629.109619,641.564514,0.150000,0.200000,0.000000
1000,1,1000,33.333333,0,15,702.034546,617.334045,0.200000,0.200000,0.000000
1000,1,1000,33.333333,0,16,450.197632,617.303955,0.050000,0.250000,0.000000
1000,1,1000,33.333333,0,17,528.578003,592.238953,0.100000,0.250000,0.000000
1000,1,1000,33.333333,0,18,604.327271,569.201172,0.150000,0.250000,0.000000
1000,1,1000,33.333333,0,19,677.633179,545.809509,0.200000,0.250000,0.000000
1000,1,1000,33.333333,0,20,423.882690,544.188354,0.050000,0.300000,0.000000
1000,1,1000,33.333333,0,21,503.186279,519.878357,0.100000,0.300000,0.000000
1000,1,1000,33.333333,0,22,579.371460,497.611969,0.150000,0.300000,0.000000
1000,1,1000,33.333333,0,23,653.490967,475.974640,0.200000,0.300000,0.000000
1005,1,1005,33.500000,0,0,558.122925,888.409790,0.050000,0.050000,0.000000
1005,1,1005,33.500000,0,1,635.445068,860.376099,0.100000,0.050000,0.000000
1005,1,1005,33.500000,0,2,709.859131,831.382385,0.150000,0.050000,0.000000
1005,1,1005,33.500000,0,3,781.040649,805.073975,0.200000,0.050000,0.000000
1005,1,1005,33.500000,0,6,683.988770,760.568481,0.150000,0.100000,0.000000
1005,1,1005,33.500000,0,7,756.634888,732.784363,0.200000,0.100000,0.000000
1005,1,1005,33.500000,0,10,659.522217,685.794678,0.150000,0.150000,0.000000
1005,1,1005,33.500000,0,12,480.845947,664.901917,0.050000,0.200000,0.000000
1005,1,1005,33.500000,0,13,559.066406,638.106812,0.100000,0.200000,0.000000
1005,1,1005,33.500000,0,14,633.782349,615.330994,0.150000,0.200000,0.000000
1005,1,1005,33.500000,0,16,455.501465,589.443054,0.050000,0.250000,0.000000
1005,1,1005,33.500000,0,19,681.010010,522.522644,0.200000,0.250000,0.000000
1015,1,1015,33.833333,0,12,453.798706,537.633789,0.050000,0.200000,0.000000
1015,1,1015,33.833333,0,15,677.437866,464.299042,0.200000,0.200000,0.000000
1015,1,1015,33.833333,0,17,505.330200,441.193207,0.100000,0.250000,0.000000
1015,1,1015,33.833333,0,18,582.687866,417.194031,0.150000,0.250000,0.000000
1020,1,1020,34.000000,0,12,431.066772,519.008789,0.050000,0.200000,0.000000
1020,1,1020,34.000000,0,15,647.683350,433.477142,0.200000,0.200000,0.000000
1020,1,1020,34.000000,0,16,401.987183,451.993042,0.050000,0.250000,0.000000
1020,1,1020,34.000000,0,17,478.221313,422.738739,0.100000,0.250000,0.000000
1020,1,1020,34.000000,0,18,551.077515,394.692932,0.150000,0.250000,0.000000
1020,1,1020,34.000000,0,19,622.952026,366.899109,0.200000,0.250000,0.000000
1020,1,1020,34.000000,0,20,371.940796,382.120026,0.050000,0.300000,0.000000
1020,1,1020,34.000000,0,21,448.980713,352.762787,0.100000,0.300000,0.000000
1020,1,1020,34.000000,0,22,525.362793,325.013336,0.150000,0.300000,0.000000
1020,1,1020,34.000000,0,23,598.251709,298.149353,0.200000,0.300000,0.000000
1025,1,1025,34.166667,0,12,378.255859,470.151062,0.050000,0.200000,0.000000
1025,1,1025,34.166667,0,15,593.666626,385.279999,0.200000,0.200000,0.000000
1025,1,1025,34.166667,0,16,347.269531,402.557617,0.050000,0.250000,0.000000
1025,1,1025,34.166667,0,17,424.478149,374.764587,0.100000,0.250000,0.000000
1025,1,1025,34.166667,0,18,497.677612,347.063293,0.150000,0.250000,0.000000
1025,1,1025,34.166667,0,20,316.628540,335.077454,0.050000,0.300000,0.000000
1025,1,1025,34.166667,0,21,394.401489,306.023193,0.100000,0.300000,0.000000
1025,1,1025,34.166667,0,22,471.119385,278.881897,0.150000,0.300000,0.000000
1030,1,1030,34.333333,0,0,460.800171,631.727783,0.050000,0.050000,0.000000
1030,1,1030,34.333333,0,1,530.043457,605.754700,0.100000,0.050000,0.000000
1030,1,1030,34.333333,0,2,594.107666,576.933838,0.150000,0.050000,0.000000
1030,1,1030,34.333333,0,3,659.191406,549.217285,0.200000,0.050000,0.000000
1030,1,1030,34.333333,0,4,438.806152,574.745911,0.050000,0.100000,0.000000
1030,1,1030,34.333333,0,5,509.212158,547.871216,0.100000,0.100000,0.000000
1030,1,1030,34.333333,0,6,576.175415,519.683838,0.150000,0.100000,0.000000
1030,1,1030,34.333333,0,7,641.906616,493.314209,0.200000,0.100000,0.000000
1030,1,1030,34.333333,0,8,414.542725,514.539734,0.050000,0.150000,0.000000
1030,1,1030,34.333333,0,11,622.367310,433.659668,0.200000,0.150000,0.000000
1030,1,1030,34.333333,0,12,388.834473,452.363159,0.050000,0.200000,0.000000
1030,1,1030,34.333333,0,15,602.792480,372.534668,0.200000,0.200000,0.000000
1030,1,1030,34.333333,0,16,362.206421,386.206085,0.050000,0.250000,0.000000
1030,1,1030,34.333333,0,17,436.960693,360.437347,0.100000,0.250000,0.000000
1030,1,1030,34.333333,0,18,509.555786,333.245667,0.150000,0.250000,0.000000
1030,1,1030,34.333333,0,20,332.064453,317.053101,0.050000,0.300000,0.000000
1030,1,1030,34.333333,0,21,410.242065,291.195557,0.100000,0.300000,0.000000
1035,1,1035,34.500000,0,0,475.296387,629.069702,0.050000,0.050000,0.000000
1035,1,1035,34.500000,0,1,542.487427,599.948608,0.100000,0.050000,0.000000
1035,1,1035,34.500000,0,2,606.266357,568.469238,0.150000,0.050000,0.000000
1035,1,1035,34.500000,0,3,668.520874,537.792908,0.200000,0.050000,0.000000
1035,1,1035,34.500000,0,4,450.277344,575.728516,0.050000,0.100000,0.000000
1035,1,1035,34.500000,0,5,518.744141,544.932312,0.100000,0.100000,0.000000
1035,1,1035,34.500000,0,6,585.280640,513.461487,0.150000,0.100000,0.000000
1035,1,1035,34.500000,0,7,648.301025,483.861938,0.200000,0.100000,0.000000
1035,1,1035,34.500000,0,8,422.723633,518.179382,0.050000,0.150000,0.000000
1035,1,1035,34.500000,0,9,493.814941,487.934784,0.100000,0.150000,0.000000
1035,1,1035,34.500000,0,10,561.241211,456.591888,0.150000,0.150000,0.000000
1035,1,1035,34.500000,0,11,627.611694,426.859100,0.200000,0.150000,0.000000
1035,1,1035,34.500000,0,12,394.879761,458.850464,0.050000,0.200000,0.000000
1035,1,1035,34.500000,0,13,466.933838,427.679016,0.100000,0.200000,0.000000
1035,1,1035,34.500000,0,14,537.831421,397.037720,0.150000,0.200000,0.000000
1035,1,1035,34.500000,0,15,605.353638,367.441284,0.200000,0.200000,0.000000
1035,1,1035,34.500000,0,16,364.476685,395.396606,0.050000,0.250000,0.000000
1035,1,1035,34.500000,0,17,439.235840,364.823853,0.100000,0.250000,0.000000
1035,1,1035,34.500000,0,18,511.987183,334.413879,0.150000,0.250000,0.000000
1035,1,1035,34.500000,0,19,582.012329,304.801697,0.200000,0.250000,0.000000
1035,1,1035,34.500000,0,20,332.913574,328.738861,0.050000,0.300000,0.000000
1035,1,1035,34.500000,0,21,409.340454,297.768280,0.100000,0.300000,0.000000
1035,1,1035,34.500000,0,22,485.042236,268.553284,0.150000,0.300000,0.000000
1035,1,1035,34.500000,0,23,557.488525,238.786438,0.200000,0.300000,0.000000
1040,1,1040,34.666667,0,0,478.102051,616.464783,0.050000,0.050000,0.000000
1040,1,1040,34.666667,0,1,546.529175,587.385742,0.100000,0.050000,0.000000
1040,1,1040,34.666667,0,2,612.330688,556.294922,0.150000,0.050000,0.000000
1040,1,1040,34.666667,0,3,673.504150,524.188965,0.200000,0.050000,0.000000
1040,1,1040,34.666667,0,6,589.837769,500.736237,0.150000,0.100000,0.000000
1040,1,1040,34.666667,0,7,655.497070,471.423401,0.200000,0.100000,0.000000
1040,1,1040,34.666667,0,11,633.471191,414.309448,0.200000,0.150000,0.000000
1040,1,1040,34.666667,0,12,399.388306,444.598053,0.050000,0.200000,0.000000
1040,1,1040,34.666667,0,15,609.670166,353.686432,0.200000,0.200000,0.000000
1040,1,1040,34.666667,0,16,370.077881,381.022797,0.050000,0.250000,0.000000
1040,1,1040,34.666667,0,17,444.757446,350.887909,0.100000,0.250000,0.000000
1040,1,1040,34.666667,0,18,517.636719,320.027985,0.150000,0.250000,0.000000
1040,1,1040,34.666667,0,19,588.733154,290.743011,0.200000,0.250000,0.000000
1040,1,1040,34.666667,0,20,338.266724,313.667358,0.050000,0.300000,0.000000
1040,1,1040,34.666667,0,21,415.469971,282.676941,0.100000,0.300000,0.000000
1040,1,1040,34.666667,0,22,491.537720,253.876770,0.150000,0.300000,0.000000
1040,1,1040,34.666667,0,23,564.643555,223.965607,0.200000,0.300000,0.000000
1045,1,1045,34.833333,0,0,481.309082,601.265442,0.050000,0.050000,0.000000
1045,1,1045,34.833333,0,1,549.017090,573.329712,0.100000,0.050000,0.000000
1045,1,1045,34.833333,0,2,612.458740,541.521118,0.150000,0.050000,0.000000
1045,1,1045,34.833333,0,3,676.466675,511.378052,0.200000,0.050000,0.000000
1045,1,1045,34.833333,0,4,457.890991,546.329346,0.050000,0.100000,0.000000
1045,1,1045,34.833333,0,5,526.797974,517.797546,0.100000,0.100000,0.000000
1045,1,1045,34.833333,0,8,431.744507,490.456848,0.050000,0.150000,0.000000
1045,1,1045,34.833333,0,9,503.384888,460.506500,0.100000,0.150000,0.000000
1045,1,1045,34.833333,0,12,405.012939,430.052917,0.050000,0.200000,0.000000
1045,1,1045,34.833333,0,13,478.017090,400.724091,0.100000,0.200000,0.000000
1045,1,1045,34.833333,0,14,548.779175,372.058258,0.150000,0.200000,0.000000
1045,1,1045,34.833333,0,15,617.873291,341.641510,0.200000,0.200000,0.000000
1045,1,1045,34.833333,0,16,375.738647,367.345093,0.050000,0.250000,0.000000
1045,1,1045,34.833333,0,17,451.552368,337.935852,0.100000,0.250000,0.000000
1045,1,1045,34.833333,0,18,525.198486,307.692505,0.150000,0.250000,0.000000
1045,1,1045,34.833333,0,19,596.678223,278.551910,0.200000,0.250000,0.000000
1045,1,1045,34.833333,0,20,345.564941,300.220978,0.050000,0.300000,0.000000
1045,1,1045,34.833333,0,21,423.773926,270.429657,0.100000,0.300000,0.000000
1045,1,1045,34.833333,0,22,499.908936,240.590485,0.150000,0.300000,0.000000
1045,1,1045,34.833333,0,23,573.265625,212.225403,0.200000,0.300000,0.000000
1050,1,1050,35.000000,0,0,483.083496,571.736145,0.050000,0.050000,0.000000
1050,1,1050,35.000000,0,1,551.602295,544.520691,0.100000,0.050000,0.000000
1050,1,1050,35.000000,0,2,615.638794,515.609375,0.150000,0.050000,0.000000
1050,1,1050,35.000000,0,3,680.647705,486.656860,0.200000,0.050000,0.000000
1050,1,1050,35.000000,0,6,598.323486,461.298157,0.150000,0.100000,0.000000
1050,1,1050,35.000000,0,7,664.895386,432.970062,0.200000,0.100000,0.000000
1050,1,1050,35.000000,0,10,577.920288,404.472656,0.150000,0.150000,0.000000
1050,1,1050,35.000000,0,11,645.733887,376.538788,0.200000,0.150000,0.000000
1050,1,1050,35.000000,0,12,410.302612,401.621155,0.050000,0.200000,0.000000
1050,1,1050,35.000000,0,13,484.031982,373.038055,0.100000,0.200000,0.000000
1050,1,1050,35.000000,0,14,556.262085,344.956482,0.150000,0.200000,0.000000
1050,1,1050,35.000000,0,15,626.638184,316.355499,0.200000,0.200000,0.000000
1050,1,1050,35.000000,0,16,382.468140,337.916351,0.050000,0.250000,0.000000
1050,1,1050,35.000000,0,17,459.393311,309.843140,0.100000,0.250000,0.000000
1050,1,1050,35.000000,0,18,533.936157,280.757843,0.150000,0.250000,0.000000
1050,1,1050,35.000000,0,19,606.383301,253.603241,0.200000,0.250000,0.000000
1050,1,1050,35.000000,0,20,353.344238,270.799530,0.050000,0.300000,0.000000
1050,1,1050,35.000000,0,21,433.341553,241.935776,0.100000,0.300000,0.000000
1050,1,1050,35.000000,0,22,510.257935,214.508896,0.150000,0.300000,0.000000
1050,1,1050,35.000000,0,23,585.018555,186.402695,0.200000,0.300000,0.000000
1055,1,1055,35.166667,0,0,486.957153,558.642639,0.050000,0.050000,0.000000
1055,1,1055,35.166667,0,1,556.587280,532.002319,0.100000,0.050000,0.000000
1055,1,1055,35.166667,0,2,622.946167,504.266815,0.150000,0.050000,0.000000
1055,1,1055,35.166667,0,3,686.531006,476.143921,0.200000,0.050000,0.000000
1055,1,1055,35.166667,0,4,465.591919,505.658875,0.050000,0.100000,0.000000
1055,1,1055,35.166667,0,5,536.057617,478.653564,0.100000,0.100000,0.000000
1055,1,1055,35.166667,0,6,604.470581,450.478058,0.150000,0.100000,0.000000
1055,1,1055,35.166667,0,7,671.506226,423.038300,0.200000,0.100000,0.000000
1055,1,1055,35.166667,0,8,441.984497,449.053314,0.050000,0.150000,0.000000
1055,1,1055,35.166667,0,9,514.923950,421.844086,0.100000,0.150000,0.000000
1055,1,1055,35.166667,0,10,584.409424,393.792847,0.150000,0.150000,0.000000
1055,1,1055,35.166667,0,11,653.195923,366.500305,0.200000,0.150000,0.000000
1055,1,1055,35.166667,0,12,417.067017,389.602631,0.050000,0.200000,0.000000
1055,1,1055,35.166667,0,13,491.736206,361.610107,0.100000,0.200000,0.000000
1055,1,1055,35.166667,0,14,564.506104,334.054535,0.150000,0.200000,0.000000
1055,1,1055,35.166667,0,15,634.199097,306.564117,0.200000,0.200000,0.000000
1055,1,1055,35.166667,0,16,390.333130,326.217255,0.050000,0.250000,0.000000
1055,1,1055,35.166667,0,17,467.822266,298.581177,0.100000,0.250000,0.000000
1055,1,1055,35.166667,0,18,542.748657,270.641907,0.150000,0.250000,0.000000
1055,1,1055,35.166667,0,19,616.639771,243.583023,0.200000,0.250000,0.000000
1055,1,1055,35.166667,0,20,361.260864,259.279175,0.050000,0.300000,0.000000
1055,1,1055,35.166667,0,21,441.864624,230.494232,0.100000,0.300000,0.000000
1055,1,1055,35.166667,0,22,520.180786,203.327927,0.150000,0.300000,0.000000
1055,1,1055,35.166667,0,23,595.964355,176.421661,0.200000,0.300000,0.000000
1060,1,1060,35.333333,0,0,487.994995,551.570007,0.050000,0.050000,0.000000
1060,1,1060,35.333333,0,1,557.865112,526.301758,0.100000,0.050000,0.000000
1060,1,1060,35.333333,0,2,625.553223,499.439819,0.150000,0.050000,0.000000
1060,1,1060,35.333333,0,3,689.452026,471.669556,0.200000,0.050000,0.000000
1060,1,1060,35.333333,0,4,467.503052,499.722107,0.050000,0.100000,0.000000
1060,1,1060,35.333333,0,5,538.094482,473.990417,0.100000,0.100000,0.000000
1060,1,1060,35.333333,0,6,607.936523,446.507812,0.150000,0.100000,0.000000
1060,1,1060,35.333333,0,7,675.045166,419.447205,0.200000,0.100000,0.000000
1060,1,1060,35.333333,0,8,444.462280,444.194153,0.050000,0.150000,0.000000
1060,1,1060,35.333333,0,9,518.763550,417.836792,0.100000,0.150000,0.000000
1060,1,1060,35.333333,0,10,589.526489,390.495422,0.150000,0.150000,0.000000
1060,1,1060,35.333333,0,11,659.421387,363.649139,0.200000,0.150000,0.000000
1060,1,1060,35.333333,0,12,421.360352,384.927521,0.050000,0.200000,0.000000
1060,1,1060,35.333333,0,13,496.670410,358.503540,0.100000,0.200000,0.000000
1060,1,1060,35.333333,0,14,571.007935,331.777771,0.150000,0.200000,0.000000
1060,1,1060,35.333333,0,15,642.865356,305.147034,0.200000,0.200000,0.000000
1060,1,1060,35.333333,0,16,395.445923,322.355865,0.050000,0.250000,0.000000
1060,1,1060,35.333333,0,17,474.314575,295.582367,0.100000,0.250000,0.000000
1060,1,1060,35.333333,0,18,550.999268,268.729218,0.150000,0.250000,0.000000
1060,1,1060,35.333333,0,19,625.136719,242.933304,0.200000,0.250000,0.000000
1060,1,1060,35.333333,0,20,368.422241,256.060059,0.050000,0.300000,0.000000
1060,1,1060,35.333333,0,21,450.001099,228.813904,0.100000,0.300000,0.000000
1060,1,1060,35.333333,0,22,529.367065,202.349319,0.150000,0.300000,0.000000
1060,1,1060,35.333333,0,23,606.662354,176.306061,0.200000,0.300000,0.000000
1065,1,1065,35.500000,0,0,488.304199,539.580811,0.050000,0.050000,0.000000
1065,1,1065,35.500000,0,1,559.200806,513.871094,0.100000,0.050000,0.000000
1065,1,1065,35.500000,0,2,628.928223,486.566132,0.150000,0.050000,0.000000
1065,1,1065,35.500000,0,3,693.381348,457.453430,0.200000,0.050000,0.000000
1065,1,1065,35.500000,0,4,468.129150,486.605591,0.050000,0.100000,0.000000
1065,1,1065,35.500000,0,5,541.012573,461.403625,0.100000,0.100000,0.000000
1065,1,1065,35.500000,0,6,610.882568,433.923798,0.150000,0.100000,0.000000
1065,1,1065,35.500000,0,7,680.546509,406.574158,0.200000,0.100000,0.000000
1065,1,1065,35.500000,0,8,445.463257,432.194855,0.050000,0.150000,0.000000
1065,1,1065,35.500000,0,9,520.785889,405.230896,0.100000,0.150000,0.000000
1065,1,1065,35.500000,0,10,594.663452,377.302155,0.150000,0.150000,0.000000
1065,1,1065,35.500000,0,11,664.257690,350.425903,0.200000,0.150000,0.000000
1065,1,1065,35.500000,0,12,422.180420,373.219147,0.050000,0.200000,0.000000
1065,1,1065,35.500000,0,13,498.935547,345.263672,0.100000,0.200000,0.000000
1065,1,1065,35.500000,0,14,574.854492,318.663422,0.150000,0.200000,0.000000
1065,1,1065,35.500000,0,15,647.699341,291.170746,0.200000,0.200000,0.000000
1065,1,1065,35.500000,0,16,396.601074,309.637726,0.050000,0.250000,0.000000
1065,1,1065,35.500000,0,17,477.356323,282.041138,0.100000,0.250000,0.000000
1065,1,1065,35.500000,0,18,555.051514,254.623138,0.150000,0.250000,0.000000
1065,1,1065,35.500000,0,19,631.028564,228.997528,0.200000,0.250000,0.000000
1065,1,1065,35.500000,0,20,369.638184,242.340668,0.050000,0.300000,0.000000
1065,1,1065,35.500000,0,21,452.722900,214.447388,0.100000,0.300000,0.000000
1065,1,1065,35.500000,0,22,534.288086,187.845734,0.150000,0.300000,0.000000
1065,1,1065,35.500000,0,23,613.023926,161.221069,0.200000,0.300000,0.000000
1070,1,1070,35.666667,0,0,486.886597,539.933716,0.050000,0.050000,0.000000
1070,1,1070,35.666667,0,1,558.272217,513.912903,0.100000,0.050000,0.000000
1070,1,1070,35.666667,0,2,625.200439,486.759949,0.150000,0.050000,0.000000
1070,1,1070,35.666667,0,3,692.270752,458.890991,0.200000,0.050000,0.000000
1070,1,1070,35.666667,0,4,467.018555,487.469788,0.050000,0.100000,0.000000
1070,1,1070,35.666667,0,5,539.734131,461.182709,0.100000,0.100000,0.000000
1070,1,1070,35.666667,0,6,609.986206,434.102905,0.150000,0.100000,0.000000
1070,1,1070,35.666667,0,7,678.133911,406.615387,0.200000,0.100000,0.000000
1070,1,1070,35.666667,0,8,444.917480,431.962555,0.050000,0.150000,0.000000
1070,1,1070,35.666667,0,9,520.252197,405.219360,0.100000,0.150000,0.000000
1070,1,1070,35.666667,0,10,592.391724,377.306793,0.150000,0.150000,0.000000
1070,1,1070,35.666667,0,11,663.850708,350.547363,0.200000,0.150000,0.000000
1070,1,1070,35.666667,0,12,421.369873,372.866638,0.050000,0.200000,0.000000
1070,1,1070,35.666667,0,13,499.041992,344.893768,0.100000,0.200000,0.000000
1070,1,1070,35.666667,0,14,574.677979,318.105316,0.150000,0.200000,0.000000
1070,1,1070,35.666667,0,15,647.473022,291.152710,0.200000,0.200000,0.000000
1070,1,1070,35.666667,0,16,396.145386,309.380646,0.050000,0.250000,0.000000
1070,1,1070,35.666667,0,17,476.559326,281.587280,0.100000,0.250000,0.000000
1070,1,1070,35.666667,0,18,555.281982,254.420975,0.150000,0.250000,0.000000
1070,1,1070,35.666667,0,19,631.424683,228.021286,0.200000,0.250000,0.000000
1070,1,1070,35.666667,0,20,369.400269,241.490097,0.050000,0.300000,0.000000
1070,1,1070,35.666667,0,21,452.889648,213.583344,0.100000,0.300000,0.000000
1070,1,1070,35.666667,0,22,534.468750,187.133636,0.150000,0.300000,0.000000
1070,1,1070,35.666667,0,23,613.244873,160.719299,0.200000,0.300000,0.000000
1075,1,1075,35.833333,0,0,486.592896,540.902222,0.050000,0.050000,0.000000
1075,1,1075,35.833333,0,1,557.492676,516.369995,0.100000,0.050000,0.000000
1075,1,1075,35.833333,0,2,623.846436,487.414215,0.150000,0.050000,0.000000
1075,1,1075,35.833333,0,3,692.693359,457.773346,0.200000,0.050000,0.000000
1075,1,1075,35.833333,0,4,466.063843,488.681183,0.050000,0.100000,0.000000
1075,1,1075,35.833333,0,5,538.989258,462.618469,0.100000,0.100000,0.000000
1075,1,1075,35.833333,0,6,609.698486,434.575195,0.150000,0.100000,0.000000
1075,1,1075,35.833333,0,7,679.289429,407.340607,0.200000,0.100000,0.000000
1075,1,1075,35.833333,0,8,444.829834,433.812775,0.050000,0.150000,0.000000
1075,1,1075,35.833333,0,9,519.304077,407.673950,0.100000,0.150000,0.000000
1075,1,1075,35.833333,0,10,593.414307,378.551086,0.150000,0.150000,0.000000
1075,1,1075,35.833333,0,11,663.430542,351.468658,0.200000,0.150000,0.000000
1075,1,1075,35.833333,0,12,420.831299,374.257721,0.050000,0.200000,0.000000
1075,1,1075,35.833333,0,13,498.650269,346.879395,0.100000,0.200000,0.000000
1075,1,1075,35.833333,0,14,574.197266,319.008484,0.150000,0.200000,0.000000
1075,1,1075,35.833333,0,15,646.258545,292.048401,0.200000,0.200000,0.000000
1075,1,1075,35.833333,0,16,395.523926,310.732849,0.050000,0.250000,0.000000
1075,1,1075,35.833333,0,17,476.451172,283.676697,0.100000,0.250000,0.000000
1075,1,1075,35.833333,0,18,554.060547,256.170105,0.150000,0.250000,0.000000
1075,1,1075,35.833333,0,19,630.693970,229.215363,0.200000,0.250000,0.000000
1075,1,1075,35.833333,0,20,368.852051,243.537292,0.050000,0.300000,0.000000
1075,1,1075,35.833333,0,21,451.909058,215.337723,0.100000,0.300000,0.000000
1075,1,1075,35.833333,0,22,534.392700,188.651505,0.150000,0.300000,0.000000
1075,1,1075,35.833333,0,23,613.085083,162.001175,0.200000,0.300000,0.000000
1080,1,1080,36.000000,0,0,479.179199,555.539917,0.050000,0.050000,0.000000
1080,1,1080,36.000000,0,1,550.660400,527.843506,0.100000,0.050000,0.000000
1080,1,1080,36.000000,0,2,617.641724,501.277222,0.150000,0.050000,0.000000
1080,1,1080,36.000000,0,3,683.450195,473.090698,0.200000,0.050000,0.000000
1080,1,1080,36.000000,0,4,458.889526,503.213196,0.050000,0.100000,0.000000
1080,1,1080,36.000000,0,5,530.760010,477.952942,0.100000,0.100000,0.000000
1080,1,1080,36.000000,0,6,601.297485,448.958344,0.150000,0.100000,0.000000
1080,1,1080,36.000000,0,7,671.033813,421.376587,0.200000,0.100000,0.000000
1080,1,1080,36.000000,0,8,435.352539,450.552002,0.050000,0.150000,0.000000
1080,1,1080,36.000000,0,9,510.838379,422.730347,0.100000,0.150000,0.000000
1080,1,1080,36.000000,0,10,582.222412,394.212341,0.150000,0.150000,0.000000
1080,1,1080,36.000000,0,11,653.211548,368.096710,0.200000,0.150000,0.000000
1080,1,1080,36.000000,0,12,410.888062,393.168915,0.050000,0.200000,0.000000
1080,1,1080,36.000000,0,13,488.671387,364.179260,0.100000,0.200000,0.000000
1080,1,1080,36.000000,0,14,564.139648,336.283722,0.150000,0.200000,0.000000
1080,1,1080,36.000000,0,15,636.592163,308.298950,0.200000,0.200000,0.000000
1080,1,1080,36.000000,0,16,385.640381,330.086761,0.050000,0.250000,0.000000
1080,1,1080,36.000000,0,17,465.596680,302.596497,0.100000,0.250000,0.000000
1080,1,1080,36.000000,0,18,544.274170,274.023621,0.150000,0.250000,0.000000
1080,1,1080,36.000000,0,19,620.254028,246.106918,0.200000,0.250000,0.000000
1080,1,1080,36.000000,0,20,357.253052,264.019836,0.050000,0.300000,0.000000
1080,1,1080,36.000000,0,21,440.779053,235.813690,0.100000,0.300000,0.000000
1080,1,1080,36.000000,0,22,522.468506,207.660645,0.150000,0.300000,0.000000
1080,1,1080,36.000000,0,23,601.248169,180.145218,0.200000,0.300000,0.000000
1085,1,1085,36.166667,0,0,476.659302,570.613037,0.050000,0.050000,0.000000
1085,1,1085,36.166667,0,1,547.874268,544.426392,0.100000,0.050000,0.000000
1085,1,1085,36.166667,0,2,617.153320,515.687195,0.150000,0.050000,0.000000
1085,1,1085,36.166667,0,3,681.050903,486.767609,0.200000,0.050000,0.000000
1085,1,1085,36.166667,0,4,456.059814,521.129517,0.050000,0.100000,0.000000
1085,1,1085,36.166667,0,5,528.944702,493.579620,0.100000,0.100000,0.000000
1085,1,1085,36.166667,0,6,599.098755,463.731232,0.150000,0.100000,0.000000
1085,1,1085,36.166667,0,7,664.421631,435.906769,0.200000,0.100000,0.000000
1085,1,1085,36.166667,0,8,432.792480,466.715881,0.050000,0.150000,0.000000
1085,1,1085,36.166667,0,9,507.925781,438.886658,0.100000,0.150000,0.000000
1085,1,1085,36.166667,0,10,578.906616,410.087463,0.150000,0.150000,0.000000
1085,1,1085,36.166667,0,11,650.372559,383.323364,0.200000,0.150000,0.000000
1085,1,1085,36.166667,0,12,408.997681,409.780792,0.050000,0.200000,0.000000
1085,1,1085,36.166667,0,13,485.360107,381.847137,0.100000,0.200000,0.000000
1085,1,1085,36.166667,0,14,561.071289,352.842224,0.150000,0.200000,0.000000
1085,1,1085,36.166667,0,15,634.440186,325.027039,0.200000,0.200000,0.000000
1085,1,1085,36.166667,0,16,381.574707,348.922363,0.050000,0.250000,0.000000
1085,1,1085,36.166667,0,17,462.267822,320.502106,0.100000,0.250000,0.000000
1085,1,1085,36.166667,0,18,540.007568,291.947418,0.150000,0.250000,0.000000
1085,1,1085,36.166667,0,19,616.345093,263.632843,0.200000,0.250000,0.000000
1085,1,1085,36.166667,0,20,353.634277,284.380280,0.050000,0.300000,0.000000
1085,1,1085,36.166667,0,21,436.864014,255.021698,0.100000,0.300000,0.000000
1085,1,1085,36.166667,0,22,518.535034,225.866791,0.150000,0.300000,0.000000
1085,1,1085,36.166667,0,23,597.056641,198.631805,0.200000,0.300000,0.000000
1095,1,1095,36.500000,0,9,480.415283,495.043701,0.100000,0.150000,0.000000
1095,1,1095,36.500000,0,10,551.085571,464.569183,0.150000,0.150000,0.000000
1095,1,1095,36.500000,0,11,622.104858,433.990051,0.200000,0.150000,0.000000
1095,1,1095,36.500000,0,13,457.771606,446.509308,0.100000,0.200000,0.000000
1095,1,1095,36.500000,0,14,532.807739,415.778778,0.150000,0.200000,0.000000
1095,1,1095,36.500000,0,15,605.797363,385.712097,0.200000,0.200000,0.000000
1095,1,1095,36.500000,0,16,353.893677,425.602539,0.050000,0.250000,0.000000
1095,1,1095,36.500000,0,17,433.614624,394.689301,0.100000,0.250000,0.000000
1095,1,1095,36.500000,0,18,511.416382,363.195190,0.150000,0.250000,0.000000
1095,1,1095,36.500000,0,19,588.201416,333.104279,0.200000,0.250000,0.000000
1095,1,1095,36.500000,0,20,324.840820,370.688446,0.050000,0.300000,0.000000
1095,1,1095,36.500000,0,21,408.243530,338.179718,0.100000,0.300000,0.000000
1095,1,1095,36.500000,0,22,489.427856,307.444153,0.150000,0.300000,0.000000
1095,1,1095,36.500000,0,23,567.904907,276.810638,0.200000,0.300000,0.000000
1100,1,1100,36.666667,0,0,423.586548,593.000427,0.050000,0.050000,0.000000
1100,1,1100,36.666667,0,1,494.459717,566.374451,0.100000,0.050000,0.000000
1100,1,1100,36.666667,0,4,404.002075,558.929016,0.050000,0.100000,0.000000
1100,1,1100,36.666667,0,5,476.962524,530.378723,0.100000,0.100000,0.000000
1100,1,1100,36.666667,0,8,382.197388,521.501892,0.050000,0.150000,0.000000
1100,1,1100,36.666667,0,9,457.596802,491.285767,0.100000,0.150000,0.000000
1100,1,1100,36.666667,0,12,359.511963,480.441223,0.050000,0.200000,0.000000
1100,1,1100,36.666667,0,13,437.101562,450.036652,0.100000,0.200000,0.000000
1100,1,1100,36.666667,0,14,512.583374,418.301514,0.150000,0.200000,0.000000
1100,1,1100,36.666667,0,15,583.495850,388.465332,0.200000,0.200000,0.000000
1100,1,1100,36.666667,0,16,333.012573,436.965668,0.050000,0.250000,0.000000
1100,1,1100,36.666667,0,17,414.688721,405.567017,0.100000,0.250000,0.000000
1100,1,1100,36.666667,0,18,493.195190,374.260406,0.150000,0.250000,0.000000
1100,1,1100,36.666667,0,19,570.628052,342.873260,0.200000,0.250000,0.000000
1100,1,1100,36.666667,0,20,305.213257,391.408356,0.050000,0.300000,0.000000
1100,1,1100,36.666667,0,21,390.126343,357.360626,0.100000,0.300000,0.000000
1100,1,1100,36.666667,0,22,472.944824,326.487946,0.150000,0.300000,0.000000
1100,1,1100,36.666667,0,23,553.386230,294.566254,0.200000,0.300000,0.000000
1105,1,1105,36.833333,0,2,555.762817,543.301758,0.150000,0.050000,0.000000
1105,1,1105,36.833333,0,12,354.259155,488.424713,0.050000,0.200000,0.000000
1105,1,1105,36.833333,0,13,432.691528,457.672516,0.100000,0.200000,0.000000
1105,1,1105,36.833333,0,14,508.144043,427.517426,0.150000,0.200000,0.000000
1105,1,1105,36.833333,0,15,582.486938,398.269226,0.200000,0.200000,0.000000
1105,1,1105,36.833333,0,16,329.122559,444.582153,0.050000,0.250000,0.000000
1105,1,1105,36.833333,0,17,410.718506,414.485107,0.100000,0.250000,0.000000
1105,1,1105,36.833333,0,18,489.900879,383.789917,0.150000,0.250000,0.000000
1105,1,1105,36.833333,0,19,567.208008,354.163544,0.200000,0.250000,0.000000
1105,1,1105,36.833333,0,20,302.160034,398.884186,0.050000,0.300000,0.000000
1105,1,1105,36.833333,0,21,387.158081,366.823029,0.100000,0.300000,0.000000
1105,1,1105,36.833333,0,22,470.358032,336.619293,0.150000,0.300000,0.000000
1105,1,1105,36.833333,0,23,550.811768,306.008789,0.200000,0.300000,0.000000
1110,1,1110,37.000000,0,15,575.339478,413.559998,0.200000,0.200000,0.000000
1110,1,1110,37.000000,0,18,482.890381,398.570557,0.150000,0.250000,0.000000
1110,1,1110,37.000000,0,19,560.070190,368.229614,0.200000,0.250000,0.000000
1110,1,1110,37.000000,0,21,380.055054,382.252075,0.100000,0.300000,0.000000
1110,1,1110,37.000000,0,22,462.689941,351.184174,0.150000,0.300000,0.000000
1110,1,1110,37.000000,0,23,542.656738,320.636230,0.200000,0.300000,0.000000
1120,1,1120,37.333333,0,10,511.638550,555.035645,0.150000,0.150000,0.000000
1120,1,1120,37.333333,0,11,582.017700,525.126038,0.200000,0.150000,0.000000
1120,1,1120,37.333333,0,12,338.723633,583.071960,0.050000,0.200000,0.000000
1120,1,1120,37.333333,0,13,416.821899,550.318298,0.100000,0.200000,0.000000
1120,1,1120,37.333333,0,14,491.642212,519.597717,0.150000,0.200000,0.000000
1120,1,1120,37.333333,0,15,566.112915,487.981232,0.200000,0.200000,0.000000
1120,1,1120,37.333333,0,16,312.432617,542.697998,0.050000,0.250000,0.000000
1120,1,1120,37.333333,0,17,392.969727,510.742554,0.100000,0.250000,0.000000
1120,1,1120,37.333333,0,18,471.294067,478.883606,0.150000,0.250000,0.000000
1120,1,1120,37.333333,0,19,547.122803,449.119293,0.200000,0.250000,0.000000
1120,1,1120,37.333333,0,20,282.617310,502.321686,0.050000,0.300000,0.000000
1120,1,1120,37.333333,0,21,366.635742,468.478912,0.100000,0.300000,0.000000
1120,1,1120,37.333333,0,22,448.273071,438.128265,0.150000,0.300000,0.000000
1120,1,1120,37.333333,0,23,528.840942,404.997192,0.200000,0.300000,0.000000
1125,1,1125,37.500000,0,2,544.895142,629.243042,0.150000,0.050000,0.000000
1125,1,1125,37.500000,0,5,459.277710,627.341736,0.100000,0.100000,0.000000
1125,1,1125,37.500000,0,6,528.048340,597.035645,0.150000,0.100000,0.000000
1125,1,1125,37.500000,0,8,363.477539,622.817993,0.050000,0.150000,0.000000
1125,1,1125,37.500000,0,9,437.578857,593.184204,0.100000,0.150000,0.000000
1125,1,1125,37.500000,0,10,509.372070,561.590332,0.150000,0.150000,0.000000
1125,1,1125,37.500000,0,11,580.405273,530.866455,0.200000,0.150000,0.000000
1125,1,1125,37.500000,0,12,338.767334,586.588318,0.050000,0.200000,0.000000
1125,1,1125,37.500000,0,13,414.142456,556.444397,0.100000,0.200000,0.000000
1125,1,1125,37.500000,0,14,489.665405,525.095276,0.150000,0.200000,0.000000
1125,1,1125,37.500000,0,15,562.847046,493.851044,0.200000,0.200000,0.000000
1125,1,1125,37.500000,0,16,309.707397,549.368530,0.050000,0.250000,0.000000
1125,1,1125,37.500000,0,17,390.796265,517.254822,0.100000,0.250000,0.000000
1125,1,1125,37.500000,0,18,468.709717,485.622803,0.150000,0.250000,0.000000
1125,1,1125,37.500000,0,19,545.389648,454.093567,0.200000,0.250000,0.000000
1125,1,1125,37.500000,0,20,279.670898,508.547089,0.050000,0.300000,0.000000
1125,1,1125,37.500000,0,21,363.763916,475.072845,0.100000,0.300000,0.000000
1125,1,1125,37.500000,0,22,445.834839,442.987427,0.150000,0.300000,0.000000
1125,1,1125,37.500000,0,23,525.545532,411.764313,0.200000,0.300000,0.000000
1130,1,1130,37.666667,0,10,504.211304,567.438660,0.150000,0.150000,0.000000
1130,1,1130,37.666667,0,11,574.715820,534.965881,0.200000,0.150000,0.000000
1130,1,1130,37.666667,0,12,332.594971,593.564209,0.050000,0.200000,0.000000
1130,1,1130,37.666667,0,13,408.585083,562.524902,0.100000,0.200000,0.000000
1130,1,1130,37.666667,0,14,483.131592,529.821716,0.150000,0.200000,0.000000
1130,1,1130,37.666667,0,15,555.962158,497.945068,0.200000,0.200000,0.000000
1130,1,1130,37.666667,0,16,302.821899,555.069458,0.050000,0.250000,0.000000
1130,1,1130,37.666667,0,17,383.386841,521.682861,0.100000,0.250000,0.000000
1130,1,1130,37.666667,0,18,460.285034,489.328064,0.150000,0.250000,0.000000
1130,1,1130,37.666667,0,19,536.869263,456.415161,0.200000,0.250000,0.000000
1130,1,1130,37.666667,0,20,271.499390,513.853516,0.050000,0.300000,0.000000
1130,1,1130,37.666667,0,21,354.596680,479.359039,0.100000,0.300000,0.000000
1130,1,1130,37.666667,0,22,436.752563,444.893463,0.150000,0.300000,0.000000
1130,1,1130,37.666667,0,23,515.286255,413.657532,0.200000,0.300000,0.000000
1135,1,1135,37.833333,0,16,320.165894,554.000854,0.050000,0.250000,0.000000
1135,1,1135,37.833333,0,17,401.352417,519.880615,0.100000,0.250000,0.000000
1135,1,1135,37.833333,0,20,290.073120,511.593140,0.050000,0.300000,0.000000
1135,1,1135,37.833333,0,21,373.450928,478.675842,0.100000,0.300000,0.000000
1165,1,1165,38.833333,0,16,473.156128,658.361023,0.050000,0.250000,0.000000
1170,1,1170,39.000000,0,23,685.668213,541.880737,0.200000,0.300000,0.000000
1175,1,1175,39.166667,0,18,609.639160,610.990173,0.150000,0.250000,0.000000
1175,1,1175,39.166667,0,19,687.819458,581.898438,0.200000,0.250000,0.000000
1185,1,1185,39.500000,0,20,447.873413,648.869324,0.050000,0.300000,0.000000
1185,1,1185,39.500000,0,23,683.550537,564.000061,0.200000,0.300000,0.000000
1190,1,1190,39.666667,0,13,558.926270,689.472107,0.100000,0.200000,0.000000
1190,1,1190,39.666667,0,16,465.974976,684.864075,0.050000,0.250000,0.000000
1190,1,1190,39.666667,0,20,447.577515,649.726501,0.050000,0.300000,0.000000
1190,1,1190,39.666667,0,23,683.043457,561.393738,0.200000,0.300000,0.000000
1205,1,1205,40.166667,0,15,619.135010,623.185486,0.200000,0.200000,0.000000
1205,1,1205,40.166667,0,18,528.357544,613.006226,0.150000,0.250000,0.000000
1205,1,1205,40.166667,0,19,605.427246,584.167236,0.200000,0.250000,0.000000
1205,1,1205,40.166667,0,21,427.125366,600.542664,0.100000,0.300000,0.000000
1205,1,1205,40.166667,0,22,508.797119,571.983643,0.150000,0.300000,0.000000
1205,1,1205,40.166667,0,23,588.945923,543.569153,0.200000,0.300000,0.000000
1210,1,1210,40.333333,0,12,401.224976,705.152588,0.050000,0.200000,0.000000
1210,1,1210,40.333333,0,15,623.552368,623.233398,0.200000,0.200000,0.000000
1210,1,1210,40.333333,0,16,376.596436,668.217285,0.050000,0.250000,0.000000
1210,1,1210,40.333333,0,20,350.641479,628.938660,0.050000,0.300000,0.000000
1225,1,1225,40.833333,0,13,573.618164,690.576965,0.100000,0.200000,0.000000
1225,1,1225,40.833333,0,16,482.781494,683.085999,0.050000,0.250000,0.000000
1225,1,1225,40.833333,0,17,560.769897,653.469666,0.100000,0.250000,0.000000
1225,1,1225,40.833333,0,20,465.494019,643.818726,0.050000,0.300000,0.000000
1225,1,1225,40.833333,0,21,545.432129,614.283081,0.100000,0.300000,0.000000
1225,1,1225,40.833333,0,22,623.925659,585.333740,0.150000,0.300000,0.000000
1225,1,1225,40.833333,0,23,700.426392,555.992126,0.200000,0.300000,0.000000
1230,1,1230,41.000000,0,15,725.831787,634.846313,0.200000,0.200000,0.000000
1230,1,1230,41.000000,0,16,490.303589,687.010620,0.050000,0.250000,0.000000
1230,1,1230,41.000000,0,17,568.104248,656.781982,0.100000,0.250000,0.000000
1230,1,1230,41.000000,0,18,641.765503,627.738892,0.150000,0.250000,0.000000
1230,1,1230,41.000000,0,20,473.133057,648.071777,0.050000,0.300000,0.000000
1230,1,1230,41.000000,0,21,553.189087,618.362122,0.100000,0.300000,0.000000
1235,1,1235,41.166667,0,15,721.301880,637.005432,0.200000,0.200000,0.000000
1235,1,1235,41.166667,0,16,491.991333,688.668823,0.050000,0.250000,0.000000
1235,1,1235,41.166667,0,17,568.581787,660.405823,0.100000,0.250000,0.000000
1235,1,1235,41.166667,0,18,643.635742,629.676086,0.150000,0.250000,0.000000
1235,1,1235,41.166667,0,19,715.991821,601.135986,0.200000,0.250000,0.000000
1235,1,1235,41.166667,0,22,633.052856,591.254089,0.150000,0.300000,0.000000
1235,1,1235,41.166667,0,23,706.889771,562.542236,0.200000,0.300000,0.000000
1240,1,1240,41.333333,0,13,578.231812,695.427063,0.100000,0.200000,0.000000
1240,1,1240,41.333333,0,14,649.875977,666.417358,0.150000,0.200000,0.000000
1240,1,1240,41.333333,0,16,488.385376,689.893738,0.050000,0.250000,0.000000
1240,1,1240,41.333333,0,19,712.612305,600.067932,0.200000,0.250000,0.000000
1240,1,1240,41.333333,0,20,471.261841,652.515564,0.050000,0.300000,0.000000
1240,1,1240,41.333333,0,23,703.824585,561.987183,0.200000,0.300000,0.000000
1245,1,1245,41.500000,0,15,717.833374,637.440430,0.200000,0.200000,0.000000
1245,1,1245,41.500000,0,19,710.359009,602.016357,0.200000,0.250000,0.000000
1250,1,1250,41.666667,0,20,466.895508,654.523987,0.050000,0.300000,0.000000
1250,1,1250,41.666667,0,21,545.799316,624.113342,0.100000,0.300000,0.000000
1250,1,1250,41.666667,0,22,624.440796,594.519592,0.150000,0.300000,0.000000
1250,1,1250,41.666667,0,23,702.871826,564.170898,0.200000,0.300000,0.000000
1255,1,1255,41.833333,0,16,484.415649,692.786865,0.050000,0.250000,0.000000
1255,1,1255,41.833333,0,17,561.739624,663.742493,0.100000,0.250000,0.000000
1255,1,1255,41.833333,0,18,636.727905,633.840393,0.150000,0.250000,0.000000
1255,1,1255,41.833333,0,19,709.654907,605.325867,0.200000,0.250000,0.000000
1255,1,1255,41.833333,0,22,625.975098,595.898743,0.150000,0.300000,0.000000
1255,1,1255,41.833333,0,23,701.804321,566.959595,0.200000,0.300000,0.000000
1260,1,1260,42.000000,0,13,577.088623,698.556458,0.100000,0.200000,0.000000
1260,1,1260,42.000000,0,14,650.072510,669.127136,0.150000,0.200000,0.000000
1260,1,1260,42.000000,0,15,716.332520,640.618774,0.200000,0.200000,0.000000
1260,1,1260,42.000000,0,16,487.349731,693.162659,0.050000,0.250000,0.000000
1260,1,1260,42.000000,0,19,711.249146,605.395325,0.200000,0.250000,0.000000
1265,1,1265,42.166667,0,13,577.023682,698.757324,0.100000,0.200000,0.000000
1265,1,1265,42.166667,0,14,648.834961,669.472961,0.150000,0.200000,0.000000
1265,1,1265,42.166667,0,15,717.107788,640.780701,0.200000,0.200000,0.000000
1265,1,1265,42.166667,0,17,564.202148,663.985962,0.100000,0.250000,0.000000
1265,1,1265,42.166667,0,18,638.594604,633.830444,0.150000,0.250000,0.000000
1265,1,1265,42.166667,0,19,711.857544,605.124756,0.200000,0.250000,0.000000
1265,1,1265,42.166667,0,21,549.634888,625.829651,0.100000,0.300000,0.000000
1265,1,1265,42.166667,0,22,627.530273,596.387939,0.150000,0.300000,0.000000
1265,1,1265,42.166667,0,23,702.923584,567.230469,0.200000,0.300000,0.000000
1270,1,1270,42.333333,0,15,720.492554,640.291260,0.200000,0.200000,0.000000
1270,1,1270,42.333333,0,16,486.637329,692.300049,0.050000,0.250000,0.000000
1270,1,1270,42.333333,0,19,711.322754,605.160950,0.200000,0.250000,0.000000
1270,1,1270,42.333333,0,20,469.111084,655.753113,0.050000,0.300000,0.000000
1270,1,1270,42.333333,0,23,702.764282,566.708801,0.200000,0.300000,0.000000
1275,1,1275,42.500000,0,13,576.239746,698.769897,0.100000,0.200000,0.000000
1275,1,1275,42.500000,0,17,563.379395,663.541748,0.100000,0.250000,0.000000
1275,1,1275,42.500000,0,21,549.303101,625.441284,0.100000,0.300000,0.000000
1275,1,1275,42.500000,0,22,627.404785,595.951050,0.150000,0.300000,0.000000
1275,1,1275,42.500000,0,23,702.876953,567.150085,0.200000,0.300000,0.000000
1280,1,1280,42.666667,0,17,562.427246,663.291382,0.100000,0.250000,0.000000
1280,1,1280,42.666667,0,18,636.540405,634.605713,0.150000,0.250000,0.000000
1280,1,1280,42.666667,0,19,709.426880,605.728516,0.200000,0.250000,0.000000
1280,1,1280,42.666667,0,21,547.171753,625.587036,0.100000,0.300000,0.000000
1280,1,1280,42.666667,0,22,625.727173,596.671509,0.150000,0.300000,0.000000
1280,1,1280,42.666667,0,23,701.604858,567.283569,0.200000,0.300000,0.000000
1285,1,1285,42.833333,0,13,573.983765,700.209351,0.100000,0.200000,0.000000
1285,1,1285,42.833333,0,16,483.086792,694.417908,0.050000,0.250000,0.000000
1290,1,1290,43.000000,0,17,561.589600,666.097717,0.100000,0.250000,0.000000
1290,1,1290,43.000000,0,18,636.405029,636.336975,0.150000,0.250000,0.000000
1290,1,1290,43.000000,0,19,709.684570,607.770081,0.200000,0.250000,0.000000
1290,1,1290,43.000000,0,21,547.550903,627.671570,0.100000,0.300000,0.000000
1290,1,1290,43.000000,0,22,625.553101,599.016541,0.150000,0.300000,0.000000
1290,1,1290,43.000000,0,23,700.899292,570.076538,0.200000,0.300000,0.000000
1295,1,1295,43.166667,0,15,721.747681,642.231689,0.200000,0.200000,0.000000
1295,1,1295,43.166667,0,16,488.748413,694.163147,0.050000,0.250000,0.000000
1295,1,1295,43.166667,0,17,565.304688,664.774048,0.100000,0.250000,0.000000
1295,1,1295,43.166667,0,18,639.946167,635.389099,0.150000,0.250000,0.000000
1295,1,1295,43.166667,0,19,713.092896,606.805969,0.200000,0.250000,0.000000
1295,1,1295,43.166667,0,20,471.430420,657.702087,0.050000,0.300000,0.000000
1295,1,1295,43.166667,0,21,551.308350,627.340637,0.100000,0.300000,0.000000
1295,1,1295,43.166667,0,22,629.280518,598.192871,0.150000,0.300000,0.000000
1295,1,1295,43.166667,0,23,704.439941,568.725708,0.200000,0.300000,0.000000
1300,1,1300,43.333333,0,13,582.639648,698.225769,0.100000,0.200000,0.000000
1300,1,1300,43.333333,0,14,655.231812,669.218811,0.150000,0.200000,0.000000
1300,1,1300,43.333333,0,15,726.498047,640.377075,0.200000,0.200000,0.000000
1300,1,1300,43.333333,0,17,570.683594,663.313782,0.100000,0.250000,0.000000
1300,1,1300,43.333333,0,18,644.992554,633.687500,0.150000,0.250000,0.000000
1300,1,1300,43.333333,0,19,717.357910,605.335266,0.200000,0.250000,0.000000
1300,1,1300,43.333333,0,22,633.906738,596.717896,0.150000,0.300000,0.000000
1300,1,1300,43.333333,0,23,709.959595,567.210327,0.200000,0.300000,0.000000
1305,1,1305,43.500000,0,15,726.100952,637.981140,0.200000,0.200000,0.000000
1305,1,1305,43.500000,0,19,717.348022,602.347229,0.200000,0.250000,0.000000
1305,1,1305,43.500000,0,20,476.897217,653.214233,0.050000,0.300000,0.000000
1305,1,1305,43.500000,0,23,709.503784,563.215271,0.200000,0.300000,0.000000
1310,1,1310,43.666667,0,12,505.343872,725.416992,0.050000,0.200000,0.000000
1310,1,1310,43.666667,0,15,721.661499,638.408875,0.200000,0.200000,0.000000
1310,1,1310,43.666667,0,16,488.897583,690.843811,0.050000,0.250000,0.000000
1310,1,1310,43.666667,0,17,566.131348,661.275818,0.100000,0.250000,0.000000
1310,1,1310,43.666667,0,18,640.237549,631.253479,0.150000,0.250000,0.000000
1310,1,1310,43.666667,0,19,712.773926,602.496887,0.200000,0.250000,0.000000
1310,1,1310,43.666667,0,20,471.799927,653.595825,0.050000,0.300000,0.000000
1310,1,1310,43.666667,0,21,551.414551,622.970764,0.100000,0.300000,0.000000
1310,1,1310,43.666667,0,22,629.329590,593.286926,0.150000,0.300000,0.000000
1310,1,1310,43.666667,0,23,705.709595,563.518188,0.200000,0.300000,0.000000
1315,1,1315,43.833333,0,12,487.154297,726.024475,0.050000,0.200000,0.000000
1315,1,1315,43.833333,0,13,561.823853,695.493408,0.100000,0.200000,0.000000
1315,1,1315,43.833333,0,17,548.196167,658.986389,0.100000,0.250000,0.000000
1315,1,1315,43.833333,0,21,533.198486,620.284973,0.100000,0.300000,0.000000
1315,1,1315,43.833333,0,22,611.288818,590.913086,0.150000,0.300000,0.000000
1315,1,1315,43.833333,0,23,686.310059,561.600952,0.200000,0.300000,0.000000
1320,1,1320,44.000000,0,11,707.052734,672.355347,0.200000,0.150000,0.000000
1320,1,1320,44.000000,0,20,445.207275,652.612427,0.050000,0.300000,0.000000
1330,1,1330,44.333333,0,15,716.589600,636.898987,0.200000,0.200000,0.000000
1330,1,1330,44.333333,0,16,481.499268,689.257141,0.050000,0.250000,0.000000
1330,1,1330,44.333333,0,19,707.030151,600.690002,0.200000,0.250000,0.000000
1330,1,1330,44.333333,0,20,463.861938,650.935486,0.050000,0.300000,0.000000
1345,1,1345,44.833333,0,16,363.461548,678.815918,0.050000,0.250000,0.000000
1345,1,1345,44.833333,0,19,599.858643,595.142700,0.200000,0.250000,0.000000
1345,1,1345,44.833333,0,20,339.151367,637.433472,0.050000,0.300000,0.000000
1350,1,1350,45.000000,0,12,347.510254,718.120483,0.050000,0.200000,0.000000
1350,1,1350,45.000000,0,16,322.862549,677.514526,0.050000,0.250000,0.000000
1355,1,1355,45.166667,0,12,304.605225,722.065613,0.050000,0.200000,0.000000
1355,1,1355,45.166667,0,15,532.803101,632.817139,0.200000,0.200000,0.000000
1355,1,1355,45.166667,0,16,276.099487,685.462585,0.050000,0.250000,0.000000
1355,1,1355,45.166667,0,17,357.953491,654.689392,0.100000,0.250000,0.000000
1355,1,1355,45.166667,0,18,437.741577,624.083801,0.150000,0.250000,0.000000
1355,1,1355,45.166667,0,19,515.378540,593.741943,0.200000,0.250000,0.000000
1355,1,1355,45.166667,0,20,247.358398,644.492493,0.050000,0.300000,0.000000
1355,1,1355,45.166667,0,21,331.835938,612.993835,0.100000,0.300000,0.000000
1360,1,1360,45.333333,0,8,323.478882,756.559265,0.050000,0.150000,0.000000
1360,1,1360,45.333333,0,9,398.615356,727.631104,0.100000,0.150000,0.000000
1360,1,1360,45.333333,0,10,471.764648,695.733765,0.150000,0.150000,0.000000
1360,1,1360,45.333333,0,11,543.183594,665.827637,0.200000,0.150000,0.000000
1360,1,1360,45.333333,0,12,297.559692,720.020630,0.050000,0.200000,0.000000
1360,1,1360,45.333333,0,13,375.283447,689.240112,0.100000,0.200000,0.000000
1360,1,1360,45.333333,0,14,451.976074,658.730774,0.150000,0.200000,0.000000
1360,1,1360,45.333333,0,15,525.931396,628.201599,0.200000,0.200000,0.000000
1360,1,1360,45.333333,0,16,270.551392,680.656738,0.050000,0.250000,0.000000
1360,1,1360,45.333333,0,17,351.499756,650.026062,0.100000,0.250000,0.000000
1360,1,1360,45.333333,0,18,430.526001,618.606201,0.150000,0.250000,0.000000
1360,1,1360,45.333333,0,19,508.571655,587.190247,0.200000,0.250000,0.000000
1360,1,1360,45.333333,0,20,240.043945,638.345825,0.050000,0.300000,0.000000
1360,1,1360,45.333333,0,21,325.566406,606.518372,0.100000,0.300000,0.000000
1360,1,1360,45.333333,0,22,408.701172,575.403809,0.150000,0.300000,0.000000
1360,1,1360,45.333333,0,23,488.555176,544.685486,0.200000,0.300000,0.000000
1365,1,1365,45.500000,0,2,524.813477,778.371765,0.150000,0.050000,0.000000
1365,1,1365,45.500000,0,3,589.859619,744.622437,0.200000,0.050000,0.000000
1365,1,1365,45.500000,0,12,312.629517,719.383423,0.050000,0.200000,0.000000
1365,1,1365,45.500000,0,13,389.489258,687.932678,0.100000,0.200000,0.000000
1365,1,1365,45.500000,0,14,464.474609,655.855530,0.150000,0.200000,0.000000
1365,1,1365,45.500000,0,15,536.420166,624.837463,0.200000,0.200000,0.000000
1365,1,1365,45.500000,0,16,284.088501,674.320374,0.050000,0.250000,0.000000
1365,1,1365,45.500000,0,17,364.219360,642.193115,0.100000,0.250000,0.000000
1365,1,1365,45.500000,0,18,441.498413,610.240540,0.150000,0.250000,0.000000
1365,1,1365,45.500000,0,19,517.668457,579.202820,0.200000,0.250000,0.000000
1365,1,1365,45.500000,0,20,253.805176,626.643738,0.050000,0.300000,0.000000
1365,1,1365,45.500000,0,21,337.011841,593.821411,0.100000,0.300000,0.000000
1365,1,1365,45.500000,0,22,417.907593,561.929504,0.150000,0.300000,0.000000
1365,1,1365,45.500000,0,23,496.471069,530.825439,0.200000,0.300000,0.000000
1370,1,1370,45.666667,0,0,393.923218,847.861328,0.050000,0.050000,0.000000
1370,1,1370,45.666667,0,1,463.186523,817.854370,0.100000,0.050000,0.000000
1370,1,1370,45.666667,0,2,527.582642,785.767212,0.150000,0.050000,0.000000
1370,1,1370,45.666667,0,3,593.691772,751.907837,0.200000,0.050000,0.000000
1370,1,1370,45.666667,0,4,369.728394,809.038574,0.050000,0.100000,0.000000
1370,1,1370,45.666667,0,5,441.173706,777.248718,0.100000,0.100000,0.000000
1370,1,1370,45.666667,0,6,510.465820,743.580139,0.150000,0.100000,0.000000
1370,1,1370,45.666667,0,7,574.775024,712.101624,0.200000,0.100000,0.000000
1370,1,1370,45.666667,0,8,344.388550,766.377747,0.050000,0.150000,0.000000
1370,1,1370,45.666667,0,9,417.534546,735.221619,0.100000,0.150000,0.000000
1370,1,1370,45.666667,0,10,488.022095,700.868225,0.150000,0.150000,0.000000
1370,1,1370,45.666667,0,11,558.190308,667.898865,0.200000,0.150000,0.000000
1370,1,1370,45.666667,0,12,317.777466,720.093018,0.050000,0.200000,0.000000
1370,1,1370,45.666667,0,13,392.760742,687.733093,0.100000,0.200000,0.000000
1370,1,1370,45.666667,0,14,466.795044,654.415222,0.150000,0.200000,0.000000
1370,1,1370,45.666667,0,15,538.195557,622.487305,0.200000,0.200000,0.000000
1370,1,1370,45.666667,0,16,288.301392,672.757507,0.050000,0.250000,0.000000
1370,1,1370,45.666667,0,17,367.272827,639.444214,0.100000,0.250000,0.000000
1370,1,1370,45.666667,0,18,442.866455,606.386780,0.150000,0.250000,0.000000
1370,1,1370,45.666667,0,19,517.537720,575.052246,0.200000,0.250000,0.000000
1370,1,1370,45.666667,0,20,257.253418,622.618774,0.050000,0.300000,0.000000
1370,1,1370,45.666667,0,21,338.658081,587.427124,0.100000,0.300000,0.000000
1370,1,1370,45.666667,0,22,418.296631,554.566101,0.150000,0.300000,0.000000
1370,1,1370,45.666667,0,23,495.354858,522.746826,0.200000,0.300000,0.000000
1375,1,1375,45.833333,0,0,398.639648,851.307495,0.050000,0.050000,0.000000
1375,1,1375,45.833333,0,1,468.502075,818.454773,0.100000,0.050000,0.000000
1375,1,1375,45.833333,0,2,531.817261,786.523071,0.150000,0.050000,0.000000
1375,1,1375,45.833333,0,3,596.295532,753.132263,0.200000,0.050000,0.000000
1375,1,1375,45.833333,0,4,374.247070,808.630310,0.050000,0.100000,0.000000
1375,1,1375,45.833333,0,5,445.070190,775.492737,0.100000,0.100000,0.000000
1375,1,1375,45.833333,0,6,512.071777,742.657532,0.150000,0.100000,0.000000
1375,1,1375,45.833333,0,7,576.861084,708.399292,0.200000,0.100000,0.000000
1375,1,1375,45.833333,0,8,347.499146,762.214050,0.050000,0.150000,0.000000
1375,1,1375,45.833333,0,9,420.338379,728.610901,0.100000,0.150000,0.000000
1375,1,1375,45.833333,0,10,489.680542,694.589172,0.150000,0.150000,0.000000
1375,1,1375,45.833333,0,11,558.768066,661.048706,0.200000,0.150000,0.000000
1375,1,1375,45.833333,0,12,319.551147,713.310547,0.050000,0.200000,0.000000
1375,1,1375,45.833333,0,13,394.582153,679.279785,0.100000,0.200000,0.000000
1375,1,1375,45.833333,0,14,466.840454,646.553467,0.150000,0.200000,0.000000
1375,1,1375,45.833333,0,15,537.353516,612.811035,0.200000,0.200000,0.000000
1375,1,1375,45.833333,0,16,289.358887,661.265991,0.050000,0.250000,0.000000
1375,1,1375,45.833333,0,17,367.301636,628.169922,0.100000,0.250000,0.000000
1375,1,1375,45.833333,0,18,442.138550,593.552490,0.150000,0.250000,0.000000
1375,1,1375,45.833333,0,19,515.556519,561.461487,0.200000,0.250000,0.000000
1375,1,1375,45.833333,0,20,257.988770,606.975769,0.050000,0.300000,0.000000
1375,1,1375,45.833333,0,21,338.205688,572.320618,0.100000,0.300000,0.000000
1375,1,1375,45.833333,0,22,416.756348,538.298523,0.150000,0.300000,0.000000
1375,1,1375,45.833333,0,23,492.460083,505.561584,0.200000,0.300000,0.000000
1380,1,1380,46.000000,0,0,405.972900,848.243286,0.050000,0.050000,0.000000
1380,1,1380,46.000000,0,1,474.870972,816.245972,0.100000,0.050000,0.000000
1380,1,1380,46.000000,0,2,538.542358,781.373352,0.150000,0.050000,0.000000
1380,1,1380,46.000000,0,3,602.098267,748.388367,0.200000,0.050000,0.000000
1380,1,1380,46.000000,0,4,381.562256,799.293823,0.050000,0.100000,0.000000
1380,1,1380,46.000000,0,5,450.317871,767.250000,0.100000,0.100000,0.000000
1380,1,1380,46.000000,0,6,518.741821,731.858887,0.150000,0.100000,0.000000
1380,1,1380,46.000000,0,7,582.040161,698.988281,0.200000,0.100000,0.000000
1380,1,1380,46.000000,0,8,353.184570,750.399780,0.050000,0.150000,0.000000
1380,1,1380,46.000000,0,9,425.658691,715.656555,0.100000,0.150000,0.000000
1380,1,1380,46.000000,0,10,494.418457,681.858337,0.150000,0.150000,0.000000
1380,1,1380,46.000000,0,11,562.417969,647.696350,0.200000,0.150000,0.000000
1380,1,1380,46.000000,0,12,324.398682,697.552856,0.050000,0.200000,0.000000
1380,1,1380,46.000000,0,13,398.578613,663.005310,0.100000,0.200000,0.000000
1380,1,1380,46.000000,0,14,470.460449,628.986633,0.150000,0.200000,0.000000
1380,1,1380,46.000000,0,15,539.383179,595.998657,0.200000,0.200000,0.000000
1380,1,1380,46.000000,0,16,293.579224,641.677856,0.050000,0.250000,0.000000
1380,1,1380,46.000000,0,17,370.834106,606.931519,0.100000,0.250000,0.000000
1380,1,1380,46.000000,0,18,444.471436,573.603394,0.150000,0.250000,0.000000
1380,1,1380,46.000000,0,19,516.569458,539.323669,0.200000,0.250000,0.000000
1380,1,1380,46.000000,0,20,261.691284,583.071472,0.050000,0.300000,0.000000
1380,1,1380,46.000000,0,21,340.280640,548.177002,0.100000,0.300000,0.000000
1380,1,1380,46.000000,0,22,417.266724,514.590332,0.150000,0.300000,0.000000
1380,1,1380,46.000000,0,23,491.933838,481.674469,0.200000,0.300000,0.000000
1385,1,1385,46.166667,0,0,406.935547,845.477722,0.050000,0.050000,0.000000
1385,1,1385,46.166667,0,1,474.903564,814.834290,0.100000,0.050000,0.000000
1385,1,1385,46.166667,0,2,539.717285,779.531860,0.150000,0.050000,0.000000
1385,1,1385,46.166667,0,3,603.655884,745.667236,0.200000,0.050000,0.000000
1385,1,1385,46.166667,0,4,381.574585,798.338806,0.050000,0.100000,0.000000
1385,1,1385,46.166667,0,5,451.720581,764.528870,0.100000,0.100000,0.000000
1385,1,1385,46.166667,0,6,518.672119,730.189392,0.150000,0.100000,0.000000
1385,1,1385,46.166667,0,7,581.432617,697.048157,0.200000,0.100000,0.000000
1385,1,1385,46.166667,0,8,354.844482,746.917969,0.050000,0.150000,0.000000
1385,1,1385,46.166667,0,9,426.607056,713.075195,0.100000,0.150000,0.000000
1385,1,1385,46.166667,0,10,495.460938,678.866943,0.150000,0.150000,0.000000
1385,1,1385,46.166667,0,11,562.828857,645.854126,0.200000,0.150000,0.000000
1385,1,1385,46.166667,0,12,325.857788,694.469849,0.050000,0.200000,0.000000
1385,1,1385,46.166667,0,13,399.829590,659.087708,0.100000,0.200000,0.000000
1385,1,1385,46.166667,0,14,471.595947,625.322937,0.150000,0.200000,0.000000
1385,1,1385,46.166667,0,15,541.128296,592.843872,0.200000,0.200000,0.000000
1385,1,1385,46.166667,0,16,295.192017,637.021057,0.050000,0.250000,0.000000
1385,1,1385,46.166667,0,17,372.336548,602.765320,0.100000,0.250000,0.000000
1385,1,1385,46.166667,0,18,445.822388,568.986084,0.150000,0.250000,0.000000
1385,1,1385,46.166667,0,19,517.898315,536.774719,0.200000,0.250000,0.000000
1385,1,1385,46.166667,0,20,263.985107,577.641296,0.050000,0.300000,0.000000
1385,1,1385,46.166667,0,21,342.262451,543.214722,0.100000,0.300000,0.000000
1385,1,1385,46.166667,0,22,419.000854,509.956757,0.150000,0.300000,0.000000
1385,1,1385,46.166667,0,23,492.809326,477.588715,0.200000,0.300000,0.000000
1390,1,1390,46.333333,0,0,406.751953,849.168823,0.050000,0.050000,0.000000
1390,1,1390,46.333333,0,1,475.133179,816.306885,0.100000,0.050000,0.000000
1390,1,1390,46.333333,0,2,538.026245,782.487000,0.150000,0.050000,0.000000
1390,1,1390,46.333333,0,3,602.410645,749.278076,0.200000,0.050000,0.000000
1390,1,1390,46.333333,0,4,381.373657,801.758728,0.050000,0.100000,0.000000
1390,1,1390,46.333333,0,5,451.214966,767.986206,0.100000,0.100000,0.000000
1390,1,1390,46.333333,0,6,518.388550,733.163391,0.150000,0.100000,0.000000
1390,1,1390,46.333333,0,7,580.989868,699.641785,0.200000,0.100000,0.000000
1390,1,1390,46.333333,0,8,354.799438,750.714661,0.050000,0.150000,0.000000
1390,1,1390,46.333333,0,9,426.080322,717.269348,0.100000,0.150000,0.000000
1390,1,1390,46.333333,0,10,495.242676,681.822021,0.150000,0.150000,0.000000
1390,1,1390,46.333333,0,11,562.381592,647.936218,0.200000,0.150000,0.000000
1390,1,1390,46.333333,0,12,325.826904,696.700806,0.050000,0.200000,0.000000
1390,1,1390,46.333333,0,13,399.302368,662.418335,0.100000,0.200000,0.000000
1390,1,1390,46.333333,0,14,470.747437,629.146973,0.150000,0.200000,0.000000
1390,1,1390,46.333333,0,15,539.744385,595.216553,0.200000,0.200000,0.000000
1390,1,1390,46.333333,0,16,295.724976,640.182373,0.050000,0.250000,0.000000
1390,1,1390,46.333333,0,17,371.683228,606.069214,0.100000,0.250000,0.000000
1390,1,1390,46.333333,0,18,444.628052,572.148560,0.150000,0.250000,0.000000
1390,1,1390,46.333333,0,19,517.127197,538.912720,0.200000,0.250000,0.000000
1390,1,1390,46.333333,0,20,263.607422,580.773010,0.050000,0.300000,0.000000
1390,1,1390,46.333333,0,21,342.310181,545.914673,0.100000,0.300000,0.000000
1390,1,1390,46.333333,0,22,418.528076,512.415344,0.150000,0.300000,0.000000
1390,1,1390,46.333333,0,23,492.633423,480.260406,0.200000,0.300000,0.000000
1395,1,1395,46.500000,0,0,396.875854,857.635254,0.050000,0.050000,0.000000
1395,1,1395,46.500000,0,1,465.451050,821.676392,0.100000,0.050000,0.000000
1395,1,1395,46.500000,0,2,527.992310,788.321838,0.150000,0.050000,0.000000
1395,1,1395,46.500000,0,3,592.838745,751.363159,0.200000,0.050000,0.000000
1395,1,1395,46.500000,0,4,371.255859,807.820862,0.050000,0.100000,0.000000
1395,1,1395,46.500000,0,5,439.973633,773.792114,0.100000,0.100000,0.000000
1395,1,1395,46.500000,0,6,507.874512,737.845886,0.150000,0.100000,0.000000
1395,1,1395,46.500000,0,7,574.012207,704.068542,0.200000,0.100000,0.000000
1395,1,1395,46.500000,0,9,414.684692,721.713501,0.100000,0.150000,0.000000
1395,1,1395,46.500000,0,10,483.166748,686.801392,0.150000,0.150000,0.000000
1395,1,1395,46.500000,0,11,550.005371,652.935913,0.200000,0.150000,0.000000
1395,1,1395,46.500000,0,13,386.885864,668.576416,0.100000,0.200000,0.000000
1395,1,1395,46.500000,0,16,282.076294,647.069946,0.050000,0.250000,0.000000
1395,1,1395,46.500000,0,17,358.578369,611.973450,0.100000,0.250000,0.000000
1395,1,1395,46.500000,0,20,249.660522,587.854065,0.050000,0.300000,0.000000
1395,1,1395,46.500000,0,21,327.756470,551.735352,0.100000,0.300000,0.000000
1395,1,1395,46.500000,0,22,403.732178,517.753906,0.150000,0.300000,0.000000
1395,1,1395,46.500000,0,23,477.013672,483.874512,0.200000,0.300000,0.000000
1400,1,1400,46.666667,0,0,369.905151,861.756470,0.050000,0.050000,0.000000
1400,1,1400,46.666667,0,1,440.190186,827.373108,0.100000,0.050000,0.000000
1400,1,1400,46.666667,0,2,504.957031,794.131104,0.150000,0.050000,0.000000
1400,1,1400,46.666667,0,3,569.098755,757.443542,0.200000,0.050000,0.000000
1400,1,1400,46.666667,0,4,346.003418,812.231995,0.050000,0.100000,0.000000
1400,1,1400,46.666667,0,5,415.925293,778.558838,0.100000,0.100000,0.000000
1400,1,1400,46.666667,0,6,483.295288,743.863281,0.150000,0.100000,0.000000
1400,1,1400,46.666667,0,7,546.518311,710.213196,0.200000,0.100000,0.000000
1400,1,1400,46.666667,0,8,318.388428,760.542358,0.050000,0.150000,0.000000
1400,1,1400,46.666667,0,9,391.055176,726.342712,0.100000,0.150000,0.000000
1400,1,1400,46.666667,0,10,459.981445,691.499207,0.150000,0.150000,0.000000
1400,1,1400,46.666667,0,11,527.281494,657.825378,0.200000,0.150000,0.000000
1400,1,1400,46.666667,0,12,289.858032,705.693176,0.050000,0.200000,0.000000
1400,1,1400,46.666667,0,13,364.478271,671.124634,0.100000,0.200000,0.000000
1400,1,1400,46.666667,0,14,436.299194,637.275696,0.150000,0.200000,0.000000
1400,1,1400,46.666667,0,15,505.590088,603.946716,0.200000,0.200000,0.000000
1400,1,1400,46.666667,0,16,259.666016,647.908752,0.050000,0.250000,0.000000
1400,1,1400,46.666667,0,17,336.750122,613.511169,0.100000,0.250000,0.000000
1400,1,1400,46.666667,0,18,410.605469,579.538574,0.150000,0.250000,0.000000
1400,1,1400,46.666667,0,19,482.260132,547.173523,0.200000,0.250000,0.000000
1400,1,1400,46.666667,0,20,227.928833,587.521667,0.050000,0.300000,0.000000
1400,1,1400,46.666667,0,21,307.514771,552.842102,0.100000,0.300000,0.000000
1400,1,1400,46.666667,0,22,384.111938,519.968384,0.150000,0.300000,0.000000
1400,1,1400,46.666667,0,23,457.788452,487.008820,0.200000,0.300000,0.000000
1405,1,1405,46.833333,0,0,355.622437,863.566589,0.050000,0.050000,0.000000
1405,1,1405,46.833333,0,1,426.198364,830.135864,0.100000,0.050000,0.000000
1405,1,1405,46.833333,0,2,490.929810,796.680847,0.150000,0.050000,0.000000
1405,1,1405,46.833333,0,3,555.372925,761.539307,0.200000,0.050000,0.000000
1405,1,1405,46.833333,0,4,332.081543,812.758789,0.050000,0.100000,0.000000
1405,1,1405,46.833333,0,5,401.845947,779.959229,0.100000,0.100000,0.000000
1405,1,1405,46.833333,0,6,470.134644,746.713745,0.150000,0.100000,0.000000
1405,1,1405,46.833333,0,7,536.726440,712.449463,0.200000,0.100000,0.000000
1405,1,1405,46.833333,0,8,305.608643,760.776794,0.050000,0.150000,0.000000
1405,1,1405,46.833333,0,9,378.481201,726.689941,0.100000,0.150000,0.000000
1405,1,1405,46.833333,0,10,448.399292,693.031860,0.150000,0.150000,0.000000
1405,1,1405,46.833333,0,11,516.181274,658.904846,0.200000,0.150000,0.000000
1405,1,1405,46.833333,0,12,278.378906,705.153931,0.050000,0.200000,0.000000
1405,1,1405,46.833333,0,13,352.516724,671.374390,0.100000,0.200000,0.000000
1405,1,1405,46.833333,0,14,425.202759,637.782288,0.150000,0.200000,0.000000
1405,1,1405,46.833333,0,15,493.252808,605.498962,0.200000,0.200000,0.000000
1405,1,1405,46.833333,0,16,248.606201,646.782898,0.050000,0.250000,0.000000
1405,1,1405,46.833333,0,17,326.029785,613.316162,0.100000,0.250000,0.000000
1405,1,1405,46.833333,0,18,400.533936,580.188293,0.150000,0.250000,0.000000
1405,1,1405,46.833333,0,19,472.453979,547.758057,0.200000,0.250000,0.000000
1405,1,1405,46.833333,0,20,217.760132,585.978943,0.050000,0.300000,0.000000
1405,1,1405,46.833333,0,21,297.597534,551.936218,0.100000,0.300000,0.000000
1405,1,1405,46.833333,0,22,374.757935,519.478394,0.150000,0.300000,0.000000
1405,1,1405,46.833333,0,23,448.593994,487.768951,0.200000,0.300000,0.000000
1410,1,1410,47.000000,0,1,413.471802,836.517456,0.100000,0.050000,0.000000
1410,1,1410,47.000000,0,2,479.747925,800.241699,0.150000,0.050000,0.000000
1410,1,1410,47.000000,0,3,543.355591,764.864685,0.200000,0.050000,0.000000
1410,1,1410,47.000000,0,6,457.088379,749.740479,0.150000,0.100000,0.000000
1410,1,1410,47.000000,0,7,522.930054,714.869751,0.200000,0.100000,0.000000
1410,1,1410,47.000000,0,10,433.640259,695.325317,0.150000,0.150000,0.000000
1410,1,1410,47.000000,0,11,501.781860,661.041199,0.200000,0.150000,0.000000
1415,1,1415,47.166667,0,2,457.485962,822.666321,0.150000,0.050000,0.000000
1415,1,1415,47.166667,0,6,431.831909,772.122009,0.150000,0.100000,0.000000
1415,1,1415,47.166667,0,12,236.389404,735.140076,0.050000,0.200000,0.000000
1415,1,1415,47.166667,0,16,203.344482,677.065308,0.050000,0.250000,0.000000
1415,1,1415,47.166667,0,19,424.079224,569.162903,0.200000,0.250000,0.000000
1415,1,1415,47.166667,0,20,169.687012,617.193604,0.050000,0.300000,0.000000
1415,1,1415,47.166667,0,23,398.266724,507.302460,0.200000,0.300000,0.000000
1420,1,1420,47.333333,0,0,286.479492,913.062805,0.050000,0.050000,0.000000
1420,1,1420,47.333333,0,1,357.044312,878.977661,0.100000,0.050000,0.000000
1420,1,1420,47.333333,0,2,421.537598,841.269897,0.150000,0.050000,0.000000
1420,1,1420,47.333333,0,3,484.958862,806.742981,0.200000,0.050000,0.000000
1420,1,1420,47.333333,0,4,261.715454,861.082458,0.050000,0.100000,0.000000
1420,1,1420,47.333333,0,5,334.133789,824.578552,0.100000,0.100000,0.000000
1420,1,1420,47.333333,0,6,400.827026,788.979065,0.150000,0.100000,0.000000
1420,1,1420,47.333333,0,7,468.043091,753.885132,0.200000,0.100000,0.000000
1420,1,1420,47.333333,0,8,235.473511,805.886963,0.050000,0.150000,0.000000
1420,1,1420,47.333333,0,9,308.694214,769.713257,0.100000,0.150000,0.000000
1420,1,1420,47.333333,0,10,378.642090,734.031677,0.150000,0.150000,0.000000
1420,1,1420,47.333333,0,11,446.212646,699.869202,0.200000,0.150000,0.000000
1420,1,1420,47.333333,0,12,207.521851,748.969849,0.050000,0.200000,0.000000
1420,1,1420,47.333333,0,13,282.412109,712.342529,0.100000,0.200000,0.000000
1420,1,1420,47.333333,0,14,355.017822,677.913391,0.150000,0.200000,0.000000
1420,1,1420,47.333333,0,15,425.570068,643.818970,0.200000,0.200000,0.000000
1420,1,1420,47.333333,0,16,177.987061,688.400574,0.050000,0.250000,0.000000
1420,1,1420,47.333333,0,17,256.208252,652.984863,0.100000,0.250000,0.000000
1420,1,1420,47.333333,0,18,330.423950,618.354553,0.150000,0.250000,0.000000
1420,1,1420,47.333333,0,19,401.613892,585.702881,0.200000,0.250000,0.000000
1420,1,1420,47.333333,0,20,148.208374,625.338867,0.050000,0.300000,0.000000
1420,1,1420,47.333333,0,21,227.148071,590.271301,0.100000,0.300000,0.000000
1420,1,1420,47.333333,0,22,305.091309,557.019226,0.150000,0.300000,0.000000
1420,1,1420,47.333333,0,23,378.532227,524.348450,0.200000,0.300000,0.000000
1425,1,1425,47.500000,0,0,270.455444,917.441650,0.050000,0.050000,0.000000
1425,1,1425,47.500000,0,1,340.859009,881.741699,0.100000,0.050000,0.000000
1425,1,1425,47.500000,0,2,405.436279,844.200684,0.150000,0.050000,0.000000
1425,1,1425,47.500000,0,3,469.300171,808.247009,0.200000,0.050000,0.000000
1425,1,1425,47.500000,0,6,384.374634,790.174194,0.150000,0.100000,0.000000
1425,1,1425,47.500000,0,7,446.926880,754.614685,0.200000,0.100000,0.000000
1425,1,1425,47.500000,0,11,427.194092,699.252258,0.200000,0.150000,0.000000
1425,1,1425,47.500000,0,12,188.117554,748.360962,0.050000,0.200000,0.000000
1425,1,1425,47.500000,0,15,402.406982,642.078186,0.200000,0.200000,0.000000
1425,1,1425,47.500000,0,16,158.123413,686.467285,0.050000,0.250000,0.000000
1425,1,1425,47.500000,0,17,235.187012,651.096619,0.100000,0.250000,0.000000
1425,1,1425,47.500000,0,18,309.412354,616.589172,0.150000,0.250000,0.000000
1425,1,1425,47.500000,0,19,380.885986,583.232422,0.200000,0.250000,0.000000
1425,1,1425,47.500000,0,20,127.056763,622.857361,0.050000,0.300000,0.000000
1425,1,1425,47.500000,0,21,205.864014,587.538269,0.100000,0.300000,0.000000
1430,1,1430,47.666667,0,0,250.339478,923.567383,0.050000,0.050000,0.000000
1430,1,1430,47.666667,0,1,321.394897,887.913086,0.100000,0.050000,0.000000
1430,1,1430,47.666667,0,2,390.127075,851.724365,0.150000,0.050000,0.000000
1430,1,1430,47.666667,0,3,450.862671,815.842224,0.200000,0.050000,0.000000
1430,1,1430,47.666667,0,4,224.580688,869.879761,0.050000,0.100000,0.000000
1430,1,1430,47.666667,0,5,297.028198,833.672180,0.100000,0.100000,0.000000
1430,1,1430,47.666667,0,6,365.373413,798.280762,0.150000,0.100000,0.000000
1430,1,1430,47.666667,0,7,429.047119,762.886292,0.200000,0.100000,0.000000
1430,1,1430,47.666667,0,8,198.060059,813.556335,0.050000,0.150000,0.000000
1430,1,1430,47.666667,0,9,271.543457,777.778442,0.100000,0.150000,0.000000
1430,1,1430,47.666667,0,10,342.380981,741.782043,0.150000,0.150000,0.000000
1430,1,1430,47.666667,0,11,410.020020,707.461670,0.200000,0.150000,0.000000
1430,1,1430,47.666667,0,12,170.087158,754.593323,0.050000,0.200000,0.000000
1430,1,1430,47.666667,0,13,245.631226,718.666382,0.100000,0.200000,0.000000
1430,1,1430,47.666667,0,14,318.267822,684.155090,0.150000,0.200000,0.000000
1430,1,1430,47.666667,0,15,387.643433,650.352173,0.200000,0.200000,0.000000
1430,1,1430,47.666667,0,16,139.939209,692.417664,0.050000,0.250000,0.000000
1430,1,1430,47.666667,0,17,218.070679,657.431580,0.100000,0.250000,0.000000
1430,1,1430,47.666667,0,18,292.558838,623.504456,0.150000,0.250000,0.000000
1430,1,1430,47.666667,0,19,365.051636,590.709229,0.200000,0.250000,0.000000
1430,1,1430,47.666667,0,20,109.811646,628.447632,0.050000,0.300000,0.000000
1430,1,1430,47.666667,0,21,189.508911,593.724304,0.100000,0.300000,0.000000
1430,1,1430,47.666667,0,22,266.878540,560.833130,0.150000,0.300000,0.000000
1430,1,1430,47.666667,0,23,340.326050,528.497986,0.200000,0.300000,0.000000
1435,1,1435,47.833333,0,0,232.301392,929.607849,0.050000,0.050000,0.000000
1435,1,1435,47.833333,0,1,303.674072,893.516296,0.100000,0.050000,0.000000
1435,1,1435,47.833333,0,2,370.734375,858.215942,0.150000,0.050000,0.000000
1435,1,1435,47.833333,0,4,207.263184,875.317993,0.050000,0.100000,0.000000
1435,1,1435,47.833333,0,5,279.273926,839.397156,0.100000,0.100000,0.000000
1435,1,1435,47.833333,0,6,349.927856,803.339844,0.150000,0.100000,0.000000
1435,1,1435,47.833333,0,8,181.543335,817.718262,0.050000,0.150000,0.000000
1435,1,1435,47.833333,0,9,255.127075,782.604614,0.100000,0.150000,0.000000
1435,1,1435,47.833333,0,10,324.284912,747.028748,0.150000,0.150000,0.000000
1435,1,1435,47.833333,0,11,394.756958,713.424072,0.200000,0.150000,0.000000
1435,1,1435,47.833333,0,12,153.934326,757.669067,0.050000,0.200000,0.000000
1435,1,1435,47.833333,0,13,230.103027,722.810669,0.100000,0.200000,0.000000
1435,1,1435,47.833333,0,14,303.242065,688.613342,0.150000,0.200000,0.000000
1435,1,1435,47.833333,0,15,374.418213,655.347412,0.200000,0.200000,0.000000
1435,1,1435,47.833333,0,16,125.665771,695.293396,0.050000,0.250000,0.000000
1435,1,1435,47.833333,0,17,203.612305,661.567810,0.100000,0.250000,0.000000
1435,1,1435,47.833333,0,18,278.448975,627.481018,0.150000,0.250000,0.000000
1435,1,1435,47.833333,0,19,351.233398,595.625610,0.200000,0.250000,0.000000
1435,1,1435,47.833333,0,20,95.525391,631.241516,0.050000,0.300000,0.000000
1435,1,1435,47.833333,0,21,175.654907,596.569214,0.100000,0.300000,0.000000
1435,1,1435,47.833333,0,22,253.569214,564.423950,0.150000,0.300000,0.000000
1435,1,1435,47.833333,0,23,327.803345,532.743835,0.200000,0.300000,0.000000
1440,1,1440,48.000000,0,0,214.840698,933.892883,0.050000,0.050000,0.000000
1440,1,1440,48.000000,0,1,287.421875,898.983582,0.100000,0.050000,0.000000
1440,1,1440,48.000000,0,2,355.994385,862.766846,0.150000,0.050000,0.000000
1440,1,1440,48.000000,0,3,419.619507,828.249512,0.200000,0.050000,0.000000
1440,1,1440,48.000000,0,4,192.784180,878.132507,0.050000,0.100000,0.000000
1440,1,1440,48.000000,0,5,264.786987,843.118286,0.100000,0.100000,0.000000
1440,1,1440,48.000000,0,6,334.568604,808.395447,0.150000,0.100000,0.000000
1440,1,1440,48.000000,0,7,402.823486,773.829956,0.200000,0.100000,0.000000
1440,1,1440,48.000000,0,8,167.527832,820.277893,0.050000,0.150000,0.000000
1440,1,1440,48.000000,0,9,242.154541,785.561829,0.100000,0.150000,0.000000
1440,1,1440,48.000000,0,10,313.679565,750.908691,0.150000,0.150000,0.000000
1440,1,1440,48.000000,0,11,381.936401,717.992859,0.200000,0.150000,0.000000
1440,1,1440,48.000000,0,12,141.140747,759.461670,0.050000,0.200000,0.000000
1440,1,1440,48.000000,0,13,217.570190,725.312683,0.100000,0.200000,0.000000
1440,1,1440,48.000000,0,14,291.248779,691.767761,0.150000,0.200000,0.000000
1440,1,1440,48.000000,0,15,361.729492,659.315491,0.200000,0.200000,0.000000
1440,1,1440,48.000000,0,16,113.738647,696.447510,0.050000,0.250000,0.000000
1440,1,1440,48.000000,0,17,192.634766,663.000488,0.100000,0.250000,0.000000
1440,1,1440,48.000000,0,18,267.955566,630.050293,0.150000,0.250000,0.000000
1440,1,1440,48.000000,0,19,340.455933,598.788269,0.200000,0.250000,0.000000
1440,1,1440,48.000000,0,20,85.320435,630.916992,0.050000,0.300000,0.000000
1440,1,1440,48.000000,0,21,165.614258,597.937195,0.100000,0.300000,0.000000
1440,1,1440,48.000000,0,22,243.750488,566.335388,0.150000,0.300000,0.000000
1440,1,1440,48.000000,0,23,318.288696,535.957825,0.200000,0.300000,0.000000
1445,1,1445,48.166667,0,0,202.909424,934.384521,0.050000,0.050000,0.000000
1445,1,1445,48.166667,0,1,275.437134,900.643494,0.100000,0.050000,0.000000
1445,1,1445,48.166667,0,2,341.682129,865.957825,0.150000,0.050000,0.000000
1445,1,1445,48.166667,0,3,408.838257,831.917358,0.200000,0.050000,0.000000
1445,1,1445,48.166667,0,4,180.552612,878.466248,0.050000,0.100000,0.000000
1445,1,1445,48.166667,0,5,254.384766,844.565369,0.100000,0.100000,0.000000
1445,1,1445,48.166667,0,6,324.407349,810.355469,0.150000,0.100000,0.000000
1445,1,1445,48.166667,0,7,390.297729,778.057861,0.200000,0.100000,0.000000
1445,1,1445,48.166667,0,8,156.422363,820.606506,0.050000,0.150000,0.000000
1445,1,1445,48.166667,0,9,232.157471,787.091553,0.100000,0.150000,0.000000
1445,1,1445,48.166667,0,10,302.810059,753.092468,0.150000,0.150000,0.000000
1445,1,1445,48.166667,0,11,372.965820,721.600952,0.200000,0.150000,0.000000
1445,1,1445,48.166667,0,12,130.845337,759.669434,0.050000,0.200000,0.000000
1445,1,1445,48.166667,0,13,208.159790,726.496826,0.100000,0.200000,0.000000
1445,1,1445,48.166667,0,14,283.022461,693.753113,0.150000,0.200000,0.000000
1445,1,1445,48.166667,0,15,353.708252,663.027893,0.200000,0.200000,0.000000
1445,1,1445,48.166667,0,16,105.529907,696.369995,0.050000,0.250000,0.000000
1445,1,1445,48.166667,0,17,184.252686,663.884827,0.100000,0.250000,0.000000
1445,1,1445,48.166667,0,18,261.012939,632.246582,0.150000,0.250000,0.000000
1445,1,1445,48.166667,0,19,334.216919,602.475342,0.200000,0.250000,0.000000
1445,1,1445,48.166667,0,20,78.197021,630.278076,0.050000,0.300000,0.000000
1445,1,1445,48.166667,0,21,159.451050,598.398193,0.100000,0.300000,0.000000
1445,1,1445,48.166667,0,22,238.468750,568.233521,0.150000,0.300000,0.000000
1445,1,1445,48.166667,0,23,313.061035,538.611267,0.200000,0.300000,0.000000
1450,1,1450,48.333333,0,0,201.837280,935.256836,0.050000,0.050000,0.000000
1450,1,1450,48.333333,0,1,274.182983,901.542969,0.100000,0.050000,0.000000
1450,1,1450,48.333333,0,2,342.373657,866.813354,0.150000,0.050000,0.000000
1450,1,1450,48.333333,0,3,407.301636,832.521484,0.200000,0.050000,0.000000
1450,1,1450,48.333333,0,4,178.332153,878.979065,0.050000,0.100000,0.000000
1450,1,1450,48.333333,0,5,252.540405,845.132324,0.100000,0.100000,0.000000
1450,1,1450,48.333333,0,6,322.398804,811.423035,0.150000,0.100000,0.000000
1450,1,1450,48.333333,0,7,388.833618,778.072144,0.200000,0.100000,0.000000
1450,1,1450,48.333333,0,8,153.857300,821.044922,0.050000,0.150000,0.000000
1450,1,1450,48.333333,0,9,229.895386,787.335938,0.100000,0.150000,0.000000
1450,1,1450,48.333333,0,10,302.093384,753.847107,0.150000,0.150000,0.000000
1450,1,1450,48.333333,0,11,370.653809,721.637939,0.200000,0.150000,0.000000
1450,1,1450,48.333333,0,12,128.831787,760.495850,0.050000,0.200000,0.000000
1450,1,1450,48.333333,0,13,206.202759,726.872925,0.100000,0.200000,0.000000
1450,1,1450,48.333333,0,14,280.691284,694.614441,0.150000,0.200000,0.000000
1450,1,1450,48.333333,0,15,351.559448,663.178528,0.200000,0.200000,0.000000
1450,1,1450,48.333333,0,16,102.280640,696.461670,0.050000,0.250000,0.000000
1450,1,1450,48.333333,0,17,181.896606,663.946594,0.100000,0.250000,0.000000
1450,1,1450,48.333333,0,18,257.678589,632.622192,0.150000,0.250000,0.000000
1450,1,1450,48.333333,0,19,331.191040,602.585327,0.200000,0.250000,0.000000
1450,1,1450,48.333333,0,20,75.175171,630.976868,0.050000,0.300000,0.000000
1450,1,1450,48.333333,0,21,156.081177,598.832458,0.100000,0.300000,0.000000
1450,1,1450,48.333333,0,22,234.882202,568.879089,0.150000,0.300000,0.000000
1450,1,1450,48.333333,0,23,309.941528,539.107361,0.200000,0.300000,0.000000
1455,1,1455,48.500000,0,0,201.621826,934.585938,0.050000,0.050000,0.000000
1455,1,1455,48.500000,0,1,273.955811,900.777771,0.100000,0.050000,0.000000
1455,1,1455,48.500000,0,2,342.483154,865.572266,0.150000,0.050000,0.000000
1455,1,1455,48.500000,0,3,406.811035,831.393982,0.200000,0.050000,0.000000
1455,1,1455,48.500000,0,4,178.242920,878.492981,0.050000,0.100000,0.000000
1455,1,1455,48.500000,0,5,252.316650,844.584167,0.100000,0.100000,0.000000
1455,1,1455,48.500000,0,6,321.750122,810.676819,0.150000,0.100000,0.000000
1455,1,1455,48.500000,0,7,388.758301,777.046997,0.200000,0.100000,0.000000
1455,1,1455,48.500000,0,8,153.981079,820.497437,0.050000,0.150000,0.000000
1455,1,1455,48.500000,0,9,229.145508,786.614502,0.100000,0.150000,0.000000
1455,1,1455,48.500000,0,10,300.687378,753.018738,0.150000,0.150000,0.000000
1455,1,1455,48.500000,0,11,370.334229,720.903809,0.200000,0.150000,0.000000
1455,1,1455,48.500000,0,12,128.208252,760.011292,0.050000,0.200000,0.000000
1455,1,1455,48.500000,0,13,205.134399,726.103271,0.100000,0.200000,0.000000
1455,1,1455,48.500000,0,14,279.645020,693.608032,0.150000,0.200000,0.000000
1455,1,1455,48.500000,0,15,350.332031,662.198425,0.200000,0.200000,0.000000
1455,1,1455,48.500000,0,16,101.368408,696.212097,0.050000,0.250000,0.000000
1455,1,1455,48.500000,0,17,180.830933,663.453735,0.100000,0.250000,0.000000
1455,1,1455,48.500000,0,18,256.732788,631.597656,0.150000,0.250000,0.000000
1455,1,1455,48.500000,0,19,330.295898,601.554321,0.200000,0.250000,0.000000
1455,1,1455,48.500000,0,20,73.728027,630.229065,0.050000,0.300000,0.000000
1455,1,1455,48.500000,0,21,155.138794,598.020996,0.100000,0.300000,0.000000
1455,1,1455,48.500000,0,22,233.847412,567.506897,0.150000,0.300000,0.000000
1455,1,1455,48.500000,0,23,308.545776,537.807190,0.200000,0.300000,0.000000
1460,1,1460,48.666667,0,0,199.593628,934.914734,0.050000,0.050000,0.000000
1460,1,1460,48.666667,0,1,271.881226,900.649780,0.100000,0.050000,0.000000
1460,1,1460,48.666667,0,2,340.125122,865.535095,0.150000,0.050000,0.000000
1460,1,1460,48.666667,0,3,405.341064,831.033813,0.200000,0.050000,0.000000
1460,1,1460,48.666667,0,4,175.567139,879.154297,0.050000,0.100000,0.000000
1460,1,1460,48.666667,0,5,249.679688,844.314758,0.100000,0.100000,0.000000
1460,1,1460,48.666667,0,6,319.780884,810.173950,0.150000,0.100000,0.000000
1460,1,1460,48.666667,0,7,386.143677,776.729187,0.200000,0.100000,0.000000
1460,1,1460,48.666667,0,8,150.610596,820.332336,0.050000,0.150000,0.000000
1460,1,1460,48.666667,0,9,226.231323,786.518799,0.100000,0.150000,0.000000
1460,1,1460,48.666667,0,10,298.159302,752.638489,0.150000,0.150000,0.000000
1460,1,1460,48.666667,0,11,367.034424,720.164551,0.200000,0.150000,0.000000
1460,1,1460,48.666667,0,12,124.479980,759.607910,0.050000,0.200000,0.000000
1460,1,1460,48.666667,0,13,201.263428,726.135559,0.100000,0.200000,0.000000
1460,1,1460,48.666667,0,14,276.239136,692.641235,0.150000,0.200000,0.000000
1460,1,1460,48.666667,0,15,346.732666,661.634521,0.200000,0.200000,0.000000
1460,1,1460,48.666667,0,17,176.371826,663.268372,0.100000,0.250000,0.000000
1460,1,1460,48.666667,0,18,252.719727,631.209534,0.150000,0.250000,0.000000
1460,1,1460,48.666667,0,19,325.827515,600.494263,0.200000,0.250000,0.000000
1460,1,1460,48.666667,0,21,150.541748,597.389282,0.100000,0.300000,0.000000
1460,1,1460,48.666667,0,22,228.884521,566.738647,0.150000,0.300000,0.000000
1460,1,1460,48.666667,0,23,303.638794,536.911377,0.200000,0.300000,0.000000
1465,1,1465,48.833333,0,0,198.233276,935.909180,0.050000,0.050000,0.000000
1465,1,1465,48.833333,0,1,271.078613,901.115234,0.100000,0.050000,0.000000
1465,1,1465,48.833333,0,2,339.419067,865.686646,0.150000,0.050000,0.000000
1465,1,1465,48.833333,0,3,404.303589,831.984680,0.200000,0.050000,0.000000
1465,1,1465,48.833333,0,4,174.564697,879.938782,0.050000,0.100000,0.000000
1465,1,1465,48.833333,0,5,248.303955,845.277344,0.100000,0.100000,0.000000
1465,1,1465,48.833333,0,6,318.872925,811.007385,0.150000,0.100000,0.000000
1465,1,1465,48.833333,0,7,385.676636,777.430237,0.200000,0.100000,0.000000
1465,1,1465,48.833333,0,8,149.534180,821.470520,0.050000,0.150000,0.000000
1465,1,1465,48.833333,0,9,225.289673,787.232727,0.100000,0.150000,0.000000
1465,1,1465,48.833333,0,10,297.183716,753.328064,0.150000,0.150000,0.000000
1465,1,1465,48.833333,0,11,366.771118,720.907043,0.200000,0.150000,0.000000
1465,1,1465,48.833333,0,12,123.411743,760.421814,0.050000,0.200000,0.000000
1465,1,1465,48.833333,0,13,200.856934,727.109131,0.100000,0.200000,0.000000
1465,1,1465,48.833333,0,14,275.164429,694.227295,0.150000,0.200000,0.000000
1465,1,1465,48.833333,0,15,346.223145,662.560364,0.200000,0.200000,0.000000
1465,1,1465,48.833333,0,17,175.654175,664.239502,0.100000,0.250000,0.000000
1465,1,1465,48.833333,0,18,251.682495,632.118103,0.150000,0.250000,0.000000
1465,1,1465,48.833333,0,19,325.594238,601.683350,0.200000,0.250000,0.000000
1465,1,1465,48.833333,0,21,149.067871,598.722351,0.100000,0.300000,0.000000
1465,1,1465,48.833333,0,22,228.046265,567.979858,0.150000,0.300000,0.000000
1465,1,1465,48.833333,0,23,303.857910,538.246216,0.200000,0.300000,0.000000
1470,1,1470,49.000000,0,2,337.995117,866.062622,0.150000,0.050000,0.000000
1470,1,1470,49.000000,0,3,405.220703,831.150330,0.200000,0.050000,0.000000
1470,1,1470,49.000000,0,4,174.529297,879.201355,0.050000,0.100000,0.000000
1470,1,1470,49.000000,0,5,248.122559,844.093567,0.100000,0.100000,0.000000
1470,1,1470,49.000000,0,6,318.048462,809.908081,0.150000,0.100000,0.000000
1470,1,1470,49.000000,0,7,384.425049,775.869568,0.200000,0.100000,0.000000
1470,1,1470,49.000000,0,8,148.477051,819.906189,0.050000,0.150000,0.000000
1470,1,1470,49.000000,0,9,223.171875,785.437439,0.100000,0.150000,0.000000
1470,1,1470,49.000000,0,10,295.767212,750.730042,0.150000,0.150000,0.000000
1470,1,1470,49.000000,0,11,364.452759,718.386536,0.200000,0.150000,0.000000
1470,1,1470,49.000000,0,12,120.539062,758.215027,0.050000,0.200000,0.000000
1470,1,1470,49.000000,0,13,197.199097,723.617798,0.100000,0.200000,0.000000
1470,1,1470,49.000000,0,14,271.559814,690.826721,0.150000,0.200000,0.000000
1470,1,1470,49.000000,0,15,341.378052,658.713867,0.200000,0.200000,0.000000
1470,1,1470,49.000000,0,17,170.890503,660.323364,0.100000,0.250000,0.000000
1470,1,1470,49.000000,0,18,247.010254,628.217834,0.150000,0.250000,0.000000
1470,1,1470,49.000000,0,19,320.204346,597.436096,0.200000,0.250000,0.000000
1470,1,1470,49.000000,0,21,143.054565,594.231934,0.100000,0.300000,0.000000
1470,1,1470,49.000000,0,22,221.430420,563.008728,0.150000,0.300000,0.000000
1470,1,1470,49.000000,0,23,296.778320,532.965271,0.200000,0.300000,0.000000
1475,1,1475,49.166667,0,0,202.538452,939.523254,0.050000,0.050000,0.000000
1475,1,1475,49.166667,0,1,274.731812,904.302612,0.100000,0.050000,0.000000
1475,1,1475,49.166667,0,2,344.353394,868.396301,0.150000,0.050000,0.000000
1475,1,1475,49.166667,0,3,407.333984,833.311096,0.200000,0.050000,0.000000
1475,1,1475,49.166667,0,4,176.038696,879.408813,0.050000,0.100000,0.000000
1475,1,1475,49.166667,0,5,249.740479,843.907471,0.100000,0.100000,0.000000
1475,1,1475,49.166667,0,6,319.321655,808.839539,0.150000,0.100000,0.000000
1475,1,1475,49.166667,0,7,386.242432,775.719482,0.200000,0.100000,0.000000
1475,1,1475,49.166667,0,8,149.458740,816.794983,0.050000,0.150000,0.000000
1475,1,1475,49.166667,0,9,223.480469,782.652527,0.100000,0.150000,0.000000
1475,1,1475,49.166667,0,10,296.077515,748.000732,0.150000,0.150000,0.000000
1475,1,1475,49.166667,0,11,363.251343,715.868164,0.200000,0.150000,0.000000
1475,1,1475,49.166667,0,12,120.436890,752.195618,0.050000,0.200000,0.000000
1475,1,1475,49.166667,0,13,196.669678,718.477600,0.100000,0.200000,0.000000
1475,1,1475,49.166667,0,14,270.069458,685.846008,0.150000,0.200000,0.000000
1475,1,1475,49.166667,0,15,339.718018,654.171570,0.200000,0.200000,0.000000
1475,1,1475,49.166667,0,17,168.847168,653.133728,0.100000,0.250000,0.000000
1475,1,1475,49.166667,0,18,244.648315,621.293396,0.150000,0.250000,0.000000
1475,1,1475,49.166667,0,19,315.821411,590.964233,0.200000,0.250000,0.000000
1475,1,1475,49.166667,0,21,140.410645,585.142273,0.100000,0.300000,0.000000
1475,1,1475,49.166667,0,22,217.451782,554.740601,0.150000,0.300000,0.000000
1475,1,1475,49.166667,0,23,291.261963,525.708984,0.200000,0.300000,0.000000
1480,1,1480,49.333333,0,0,202.741821,936.730103,0.050000,0.050000,0.000000
1480,1,1480,49.333333,0,1,274.536011,901.735657,0.100000,0.050000,0.000000
1480,1,1480,49.333333,0,2,342.879272,866.341370,0.150000,0.050000,0.000000
1480,1,1480,49.333333,0,3,407.251465,833.308777,0.200000,0.050000,0.000000
1480,1,1480,49.333333,0,4,175.628418,874.268616,0.050000,0.100000,0.000000
1480,1,1480,49.333333,0,5,249.607788,840.043396,0.100000,0.100000,0.000000
1480,1,1480,49.333333,0,6,318.630737,806.039185,0.150000,0.100000,0.000000
1480,1,1480,49.333333,0,7,386.783569,773.231384,0.200000,0.100000,0.000000
1480,1,1480,49.333333,0,8,148.319824,810.296387,0.050000,0.150000,0.000000
1480,1,1480,49.333333,0,9,222.696777,776.418274,0.100000,0.150000,0.000000
1480,1,1480,49.333333,0,10,293.788330,743.263000,0.150000,0.150000,0.000000
1480,1,1480,49.333333,0,11,362.108887,712.066895,0.200000,0.150000,0.000000
1480,1,1480,49.333333,0,12,119.557129,743.842346,0.050000,0.200000,0.000000
1480,1,1480,49.333333,0,13,195.442749,711.363586,0.100000,0.200000,0.000000
1480,1,1480,49.333333,0,14,268.784424,679.705444,0.150000,0.200000,0.000000
1480,1,1480,49.333333,0,15,338.879395,649.316345,0.200000,0.200000,0.000000
1480,1,1480,49.333333,0,17,167.995605,644.349487,0.100000,0.250000,0.000000
1480,1,1480,49.333333,0,18,242.252075,613.990051,0.150000,0.250000,0.000000
1480,1,1480,49.333333,0,19,313.933105,584.484924,0.200000,0.250000,0.000000
1480,1,1480,49.333333,0,21,139.304810,575.659668,0.100000,0.300000,0.000000
1480,1,1480,49.333333,0,22,215.801392,546.571106,0.150000,0.300000,0.000000
1480,1,1480,49.333333,0,23,288.855347,518.612793,0.200000,0.300000,0.000000
1485,1,1485,49.500000,0,0,201.232788,935.435547,0.050000,0.050000,0.000000
1485,1,1485,49.500000,0,1,272.746338,900.268127,0.100000,0.050000,0.000000
1485,1,1485,49.500000,0,2,342.194458,864.999939,0.150000,0.050000,0.000000
1485,1,1485,49.500000,0,3,406.347656,830.932251,0.200000,0.050000,0.000000
1485,1,1485,49.500000,0,4,173.708862,872.545044,0.050000,0.100000,0.000000
1485,1,1485,49.500000,0,5,246.807617,837.665466,0.100000,0.100000,0.000000
1485,1,1485,49.500000,0,6,316.808716,803.617371,0.150000,0.100000,0.000000
1485,1,1485,49.500000,0,7,385.454468,771.047180,0.200000,0.100000,0.000000
1485,1,1485,49.500000,0,8,145.351318,807.831604,0.050000,0.150000,0.000000
1485,1,1485,49.500000,0,9,220.249023,774.162170,0.100000,0.150000,0.000000
1485,1,1485,49.500000,0,10,291.054932,740.887329,0.150000,0.150000,0.000000
1485,1,1485,49.500000,0,11,358.822632,709.226746,0.200000,0.150000,0.000000
1485,1,1485,49.500000,0,12,115.948730,741.787354,0.050000,0.200000,0.000000
1485,1,1485,49.500000,0,13,191.520630,708.565674,0.100000,0.200000,0.000000
1485,1,1485,49.500000,0,14,264.861328,676.641724,0.150000,0.200000,0.000000
1485,1,1485,49.500000,0,15,333.836670,646.359985,0.200000,0.200000,0.000000
1485,1,1485,49.500000,0,17,163.115112,641.945923,0.100000,0.250000,0.000000
1485,1,1485,49.500000,0,18,237.350586,611.080383,0.150000,0.250000,0.000000
1485,1,1485,49.500000,0,19,308.812012,582.104797,0.200000,0.250000,0.000000
1485,1,1485,49.500000,0,21,133.768799,573.069763,0.100000,0.300000,0.000000
1485,1,1485,49.500000,0,22,210.004761,543.576721,0.150000,0.300000,0.000000
1485,1,1485,49.500000,0,23,283.183105,515.481934,0.200000,0.300000,0.000000
1490,1,1490,49.666667,0,0,206.140503,932.520935,0.050000,0.050000,0.000000
1490,1,1490,49.666667,0,1,280.422485,899.291870,0.100000,0.050000,0.000000
1490,1,1490,49.666667,0,2,348.943848,865.912781,0.150000,0.050000,0.000000
1490,1,1490,49.666667,0,3,414.432495,833.706543,0.200000,0.050000,0.000000
1490,1,1490,49.666667,0,4,180.665771,869.773254,0.050000,0.100000,0.000000
1490,1,1490,49.666667,0,5,254.570801,837.428040,0.100000,0.100000,0.000000
1490,1,1490,49.666667,0,6,326.138550,805.055237,0.150000,0.100000,0.000000
1490,1,1490,49.666667,0,7,392.690674,773.844971,0.200000,0.100000,0.000000
1490,1,1490,49.666667,0,8,153.735107,805.947754,0.050000,0.150000,0.000000
1490,1,1490,49.666667,0,11,370.875122,713.084778,0.200000,0.150000,0.000000
1490,1,1490,49.666667,0,12,126.215698,739.878418,0.050000,0.200000,0.000000
1490,1,1490,49.666667,0,15,347.588989,649.700134,0.200000,0.200000,0.000000
1490,1,1490,49.666667,0,17,175.751343,642.509583,0.100000,0.250000,0.000000
1490,1,1490,49.666667,0,18,250.069336,612.698181,0.150000,0.250000,0.000000
1490,1,1490,49.666667,0,19,324.080688,584.813232,0.200000,0.250000,0.000000
1490,1,1490,49.666667,0,21,148.272583,573.491638,0.100000,0.300000,0.000000
1490,1,1490,49.666667,0,22,225.429077,545.435852,0.150000,0.300000,0.000000
1490,1,1490,49.666667,0,23,299.250366,518.296753,0.200000,0.300000,0.000000
1495,1,1495,49.833333,0,0,246.313843,917.907471,0.050000,0.050000,0.000000
1495,1,1495,49.833333,0,1,319.662231,893.814392,0.100000,0.050000,0.000000
1495,1,1495,49.833333,0,2,391.105835,867.275330,0.150000,0.050000,0.000000
1495,1,1495,49.833333,0,3,460.955444,839.636536,0.200000,0.050000,0.000000
1495,1,1495,49.833333,0,4,222.000366,860.396484,0.050000,0.100000,0.000000
1495,1,1495,49.833333,0,5,297.040283,834.081543,0.100000,0.100000,0.000000
1495,1,1495,49.833333,0,6,370.848267,807.658447,0.150000,0.100000,0.000000
1495,1,1495,49.833333,0,7,440.804077,782.377869,0.200000,0.100000,0.000000
1495,1,1495,49.833333,0,8,198.712524,798.081482,0.050000,0.150000,0.000000
1495,1,1495,49.833333,0,9,275.052368,773.655518,0.100000,0.150000,0.000000
1495,1,1495,49.833333,0,10,349.563477,747.371521,0.150000,0.150000,0.000000
1495,1,1495,49.833333,0,11,422.323975,721.596497,0.200000,0.150000,0.000000
1495,1,1495,49.833333,0,12,173.451782,735.348694,0.050000,0.200000,0.000000
1495,1,1495,49.833333,0,13,251.618896,709.543335,0.100000,0.200000,0.000000
1495,1,1495,49.833333,0,14,328.009521,684.797180,0.150000,0.200000,0.000000
1495,1,1495,49.833333,0,15,400.458374,660.920044,0.200000,0.200000,0.000000
1495,1,1495,49.833333,0,16,148.470825,669.137817,0.050000,0.250000,0.000000
1495,1,1495,49.833333,0,17,227.498169,644.831604,0.100000,0.250000,0.000000
1495,1,1495,49.833333,0,18,305.222168,621.124573,0.150000,0.250000,0.000000
1495,1,1495,49.833333,0,19,380.802979,597.771118,0.200000,0.250000,0.000000
1495,1,1495,49.833333,0,20,121.482666,601.771851,0.050000,0.300000,0.000000
1495,1,1495,49.833333,0,21,202.225830,577.611450,0.100000,0.300000,0.000000
1495,1,1495,49.833333,0,22,281.246704,554.663452,0.150000,0.300000,0.000000
1495,1,1495,49.833333,0,23,358.433594,531.967651,0.200000,0.300000,0.000000
1500,1,1500,50.000000,0,0,245.668213,910.740967,0.050000,0.050000,0.000000
1500,1,1500,50.000000,0,1,320.066162,887.715637,0.100000,0.050000,0.000000
1500,1,1500,50.000000,0,2,390.618530,862.518738,0.150000,0.050000,0.000000
1500,1,1500,50.000000,0,3,461.226685,838.133545,0.200000,0.050000,0.000000
1500,1,1500,50.000000,0,4,223.585083,852.247559,0.050000,0.100000,0.000000
1500,1,1500,50.000000,0,5,298.850464,828.012268,0.100000,0.100000,0.000000
1500,1,1500,50.000000,0,6,372.196289,802.734436,0.150000,0.100000,0.000000
1500,1,1500,50.000000,0,7,441.106567,779.417542,0.200000,0.100000,0.000000
1500,1,1500,50.000000,0,8,200.237061,790.166626,0.050000,0.150000,0.000000
1500,1,1500,50.000000,0,9,277.441406,765.870422,0.100000,0.150000,0.000000
1500,1,1500,50.000000,0,10,351.639893,742.665771,0.150000,0.150000,0.000000
1500,1,1500,50.000000,0,11,424.041016,718.937500,0.200000,0.150000,0.000000
1500,1,1500,50.000000,0,12,176.616455,726.873657,0.050000,0.200000,0.000000
1500,1,1500,50.000000,0,13,253.994873,703.488159,0.100000,0.200000,0.000000
1500,1,1500,50.000000,0,14,330.460571,681.239075,0.150000,0.200000,0.000000
1500,1,1500,50.000000,0,15,404.531006,657.664734,0.200000,0.200000,0.000000
1500,1,1500,50.000000,0,16,151.501099,661.530273,0.050000,0.250000,0.000000
1500,1,1500,50.000000,0,17,230.813843,638.804565,0.100000,0.250000,0.000000
1500,1,1500,50.000000,0,18,308.235718,615.938110,0.150000,0.250000,0.000000
1500,1,1500,50.000000,0,19,384.137695,593.737854,0.200000,0.250000,0.000000
1500,1,1500,50.000000,0,20,125.348511,593.827576,0.050000,0.300000,0.000000
1500,1,1500,50.000000,0,21,206.291870,571.521729,0.100000,0.300000,0.000000
1500,1,1500,50.000000,0,22,285.938477,549.815674,0.150000,0.300000,0.000000
1500,1,1500,50.000000,0,23,362.522705,528.701721,0.200000,0.300000,0.000000
1505,1,1505,50.166667,0,0,242.079834,903.987976,0.050000,0.050000,0.000000
1505,1,1505,50.166667,0,1,316.148682,881.658020,0.100000,0.050000,0.000000
1505,1,1505,50.166667,0,2,390.041260,857.380920,0.150000,0.050000,0.000000
1505,1,1505,50.166667,0,3,458.978149,831.901001,0.200000,0.050000,0.000000
1505,1,1505,50.166667,0,4,220.886841,843.396912,0.050000,0.100000,0.000000
1505,1,1505,50.166667,0,5,296.161987,821.133118,0.100000,0.100000,0.000000
1505,1,1505,50.166667,0,6,369.153809,798.655151,0.150000,0.100000,0.000000
1505,1,1505,50.166667,0,7,440.580933,774.454285,0.200000,0.100000,0.000000
1505,1,1505,50.166667,0,8,198.592041,781.569458,0.050000,0.150000,0.000000
1505,1,1505,50.166667,0,9,275.418335,759.550598,0.100000,0.150000,0.000000
1505,1,1505,50.166667,0,10,350.015991,735.902527,0.150000,0.150000,0.000000
1505,1,1505,50.166667,0,11,423.708252,712.927307,0.200000,0.150000,0.000000
1505,1,1505,50.166667,0,12,175.707153,716.709717,0.050000,0.200000,0.000000
1505,1,1505,50.166667,0,13,253.767456,695.071533,0.100000,0.200000,0.000000
1505,1,1505,50.166667,0,14,329.967285,673.757935,0.150000,0.200000,0.000000
1505,1,1505,50.166667,0,15,403.540894,651.023804,0.200000,0.200000,0.000000
1505,1,1505,50.166667,0,16,151.518066,650.834412,0.050000,0.250000,0.000000
1505,1,1505,50.166667,0,17,231.842163,628.878906,0.100000,0.250000,0.000000
1505,1,1505,50.166667,0,18,309.455444,607.915466,0.150000,0.250000,0.000000
1505,1,1505,50.166667,0,19,384.582520,588.438538,0.200000,0.250000,0.000000
1505,1,1505,50.166667,0,20,127.174927,583.486511,0.050000,0.300000,0.000000
1505,1,1505,50.166667,0,21,208.360596,561.394836,0.100000,0.300000,0.000000
1505,1,1505,50.166667,0,22,287.975342,540.930664,0.150000,0.300000,0.000000
1505,1,1505,50.166667,0,23,365.192993,520.616089,0.200000,0.300000,0.000000
1510,1,1510,50.333333,0,0,239.299072,906.848450,0.050000,0.050000,0.000000
1510,1,1510,50.333333,0,1,313.689941,882.647705,0.100000,0.050000,0.000000
1510,1,1510,50.333333,0,2,383.360718,856.818176,0.150000,0.050000,0.000000
1510,1,1510,50.333333,0,3,454.249512,830.392273,0.200000,0.050000,0.000000
1510,1,1510,50.333333,0,4,216.583740,848.024231,0.050000,0.100000,0.000000
1510,1,1510,50.333333,0,5,293.302246,822.761597,0.100000,0.100000,0.000000
1510,1,1510,50.333333,0,6,365.773804,798.049377,0.150000,0.100000,0.000000
1510,1,1510,50.333333,0,7,437.263428,772.634521,0.200000,0.100000,0.000000
1510,1,1510,50.333333,0,8,194.419556,784.883850,0.050000,0.150000,0.000000
1510,1,1510,50.333333,0,9,271.704956,759.652771,0.100000,0.150000,0.000000
1510,1,1510,50.333333,0,10,346.365356,735.771057,0.150000,0.150000,0.000000
1510,1,1510,50.333333,0,11,417.967773,713.211609,0.200000,0.150000,0.000000
1510,1,1510,50.333333,0,12,171.603149,719.956604,0.050000,0.200000,0.000000
1510,1,1510,50.333333,0,13,249.346680,696.812683,0.100000,0.200000,0.000000
1510,1,1510,50.333333,0,14,325.850708,673.518494,0.150000,0.200000,0.000000
1510,1,1510,50.333333,0,15,400.168457,650.243225,0.200000,0.200000,0.000000
1510,1,1510,50.333333,0,16,147.273804,654.006470,0.050000,0.250000,0.000000
1510,1,1510,50.333333,0,17,227.141724,630.979736,0.100000,0.250000,0.000000
1510,1,1510,50.333333,0,18,304.723145,608.159790,0.150000,0.250000,0.000000
1510,1,1510,50.333333,0,19,380.474731,585.618652,0.200000,0.250000,0.000000
1510,1,1510,50.333333,0,20,121.572998,585.829956,0.050000,0.300000,0.000000
1510,1,1510,50.333333,0,21,203.597412,563.316223,0.100000,0.300000,0.000000
1510,1,1510,50.333333,0,22,283.365356,541.188843,0.150000,0.300000,0.000000
1510,1,1510,50.333333,0,23,361.557861,520.470154,0.200000,0.300000,0.000000
1515,1,1515,50.500000,0,0,228.622437,922.353210,0.050000,0.050000,0.000000
1515,1,1515,50.500000,0,1,302.505249,891.526550,0.100000,0.050000,0.000000
1515,1,1515,50.500000,0,2,370.966187,860.611145,0.150000,0.050000,0.000000
1515,1,1515,50.500000,0,3,438.865601,830.557007,0.200000,0.050000,0.000000
1515,1,1515,50.500000,0,4,203.669556,863.816345,0.050000,0.100000,0.000000
1515,1,1515,50.500000,0,5,278.362671,833.275208,0.100000,0.100000,0.000000
1515,1,1515,50.500000,0,6,350.006958,802.513550,0.150000,0.100000,0.000000
1515,1,1515,50.500000,0,7,420.612793,772.354004,0.200000,0.100000,0.000000
1515,1,1515,50.500000,0,8,177.698608,802.643250,0.050000,0.150000,0.000000
1515,1,1515,50.500000,0,9,253.878296,772.749512,0.100000,0.150000,0.000000
1515,1,1515,50.500000,0,10,327.693237,742.332947,0.150000,0.150000,0.000000
1515,1,1515,50.500000,0,11,398.288818,713.358215,0.200000,0.150000,0.000000
1515,1,1515,50.500000,0,12,150.868896,739.802063,0.050000,0.200000,0.000000
1515,1,1515,50.500000,0,13,228.921265,709.417419,0.100000,0.200000,0.000000
1515,1,1515,50.500000,0,14,304.437866,680.390991,0.150000,0.200000,0.000000
1515,1,1515,50.500000,0,15,376.802002,652.368835,0.200000,0.200000,0.000000
1515,1,1515,50.500000,0,16,123.064697,673.557434,0.050000,0.250000,0.000000
1515,1,1515,50.500000,0,17,202.290527,645.085876,0.100000,0.250000,0.000000
1515,1,1515,50.500000,0,18,279.987671,616.541626,0.150000,0.250000,0.000000
1515,1,1515,50.500000,0,19,353.876343,589.619507,0.200000,0.250000,0.000000
1515,1,1515,50.500000,0,20,94.540649,606.252075,0.050000,0.300000,0.000000
1515,1,1515,50.500000,0,21,174.569092,577.524109,0.100000,0.300000,0.000000
1515,1,1515,50.500000,0,22,254.853516,550.704773,0.150000,0.300000,0.000000
1515,1,1515,50.500000,0,23,331.133789,523.946045,0.200000,0.300000,0.000000
1520,1,1520,50.666667,0,0,212.824951,932.860596,0.050000,0.050000,0.000000
1520,1,1520,50.666667,0,1,285.363159,899.137695,0.100000,0.050000,0.000000
1520,1,1520,50.666667,0,2,355.043823,864.677917,0.150000,0.050000,0.000000
1520,1,1520,50.666667,0,3,420.142822,831.401917,0.200000,0.050000,0.000000
1520,1,1520,50.666667,0,4,187.675537,874.627747,0.050000,0.100000,0.000000
1520,1,1520,50.666667,0,5,262.312134,840.622925,0.100000,0.100000,0.000000
1520,1,1520,50.666667,0,6,333.459717,805.983276,0.150000,0.100000,0.000000
1520,1,1520,50.666667,0,7,400.662842,773.950989,0.200000,0.100000,0.000000
1520,1,1520,50.666667,0,8,161.766846,813.851929,0.050000,0.150000,0.000000
1520,1,1520,50.666667,0,9,238.125610,780.498535,0.100000,0.150000,0.000000
1520,1,1520,50.666667,0,10,309.796265,747.239380,0.150000,0.150000,0.000000
1520,1,1520,50.666667,0,12,135.398560,750.433960,0.050000,0.200000,0.000000
1520,1,1520,50.666667,0,13,212.017700,717.890259,0.100000,0.200000,0.000000
1520,1,1520,50.666667,0,14,287.070801,685.787415,0.150000,0.200000,0.000000
1520,1,1520,50.666667,0,16,106.451660,685.059753,0.050000,0.250000,0.000000
1520,1,1520,50.666667,0,17,185.842651,653.477905,0.100000,0.250000,0.000000
1520,1,1520,50.666667,0,18,262.454956,622.046570,0.150000,0.250000,0.000000
1520,1,1520,50.666667,0,19,336.413208,592.512024,0.200000,0.250000,0.000000
1520,1,1520,50.666667,0,20,77.948120,617.300110,0.050000,0.300000,0.000000
1520,1,1520,50.666667,0,21,159.100098,585.598572,0.100000,0.300000,0.000000
1520,1,1520,50.666667,0,22,237.276733,556.504089,0.150000,0.300000,0.000000
1520,1,1520,50.666667,0,23,312.462158,527.754822,0.200000,0.300000,0.000000
1525,1,1525,50.833333,0,0,185.084229,950.491455,0.050000,0.050000,0.000000
1525,1,1525,50.833333,0,1,255.833984,912.403687,0.100000,0.050000,0.000000
1525,1,1525,50.833333,0,2,322.844482,873.312561,0.150000,0.050000,0.000000
1525,1,1525,50.833333,0,3,387.064819,835.568176,0.200000,0.050000,0.000000
1525,1,1525,50.833333,0,4,158.085693,892.836243,0.050000,0.100000,0.000000
1525,1,1525,50.833333,0,5,231.086426,854.766479,0.100000,0.100000,0.000000
1525,1,1525,50.833333,0,6,299.980957,816.449097,0.150000,0.100000,0.000000
1525,1,1525,50.833333,0,7,366.171021,779.861938,0.200000,0.100000,0.000000
1525,1,1525,50.833333,0,8,129.774658,832.815674,0.050000,0.150000,0.000000
1525,1,1525,50.833333,0,9,204.598511,794.430359,0.100000,0.150000,0.000000
1525,1,1525,50.833333,0,10,275.081909,757.565674,0.150000,0.150000,0.000000
1525,1,1525,50.833333,0,11,343.841431,721.139099,0.200000,0.150000,0.000000
1525,1,1525,50.833333,0,12,100.895752,770.446594,0.050000,0.200000,0.000000
1525,1,1525,50.833333,0,13,177.055298,732.438782,0.100000,0.200000,0.000000
1525,1,1525,50.833333,0,14,250.149292,696.070740,0.150000,0.200000,0.000000
1525,1,1525,50.833333,0,15,320.372681,661.557190,0.200000,0.200000,0.000000
1525,1,1525,50.833333,0,17,148.747070,668.523254,0.100000,0.250000,0.000000
1525,1,1525,50.833333,0,18,223.968262,632.839539,0.150000,0.250000,0.000000
1525,1,1525,50.833333,0,19,296.365967,599.372375,0.200000,0.250000,0.000000
1525,1,1525,50.833333,0,21,119.154297,601.266357,0.100000,0.300000,0.000000
1525,1,1525,50.833333,0,22,197.342163,567.522522,0.150000,0.300000,0.000000
1525,1,1525,50.833333,0,23,271.149414,534.641602,0.200000,0.300000,0.000000
1530,1,1530,51.000000,0,0,182.108154,953.055786,0.050000,0.050000,0.000000
1530,1,1530,51.000000,0,1,252.831177,913.742981,0.100000,0.050000,0.000000
1530,1,1530,51.000000,0,2,319.755249,874.345703,0.150000,0.050000,0.000000
1530,1,1530,51.000000,0,3,382.390625,836.243469,0.200000,0.050000,0.000000
1530,1,1530,51.000000,0,4,154.914185,895.268250,0.050000,0.100000,0.000000
1530,1,1530,51.000000,0,5,227.409302,855.973999,0.100000,0.100000,0.000000
1530,1,1530,51.000000,0,6,295.817139,817.514954,0.150000,0.100000,0.000000
1530,1,1530,51.000000,0,7,358.869751,780.427979,0.200000,0.100000,0.000000
1530,1,1530,51.000000,0,8,127.216431,834.831604,0.050000,0.150000,0.000000
1530,1,1530,51.000000,0,9,200.602905,796.550354,0.100000,0.150000,0.000000
1530,1,1530,51.000000,0,10,270.794678,758.525818,0.150000,0.150000,0.000000
1530,1,1530,51.000000,0,11,338.207397,722.441162,0.200000,0.150000,0.000000
1530,1,1530,51.000000,0,12,96.747070,772.403198,0.050000,0.200000,0.000000
1530,1,1530,51.000000,0,13,172.757568,734.195740,0.100000,0.200000,0.000000
1530,1,1530,51.000000,0,14,245.727417,697.778015,0.150000,0.200000,0.000000
1530,1,1530,51.000000,0,15,314.761841,662.581909,0.200000,0.200000,0.000000
1530,1,1530,51.000000,0,17,144.311646,669.925842,0.100000,0.250000,0.000000
1530,1,1530,51.000000,0,18,218.388062,634.294434,0.150000,0.250000,0.000000
1530,1,1530,51.000000,0,19,290.503174,599.935730,0.200000,0.250000,0.000000
1530,1,1530,51.000000,0,21,114.257446,603.051819,0.100000,0.300000,0.000000
1530,1,1530,51.000000,0,22,191.186279,568.598938,0.150000,0.300000,0.000000
1530,1,1530,51.000000,0,23,264.765869,535.576782,0.200000,0.300000,0.000000
1535,1,1535,51.166667,0,0,183.844849,956.253113,0.050000,0.050000,0.000000
1535,1,1535,51.166667,0,1,254.085083,916.081482,0.100000,0.050000,0.000000
1535,1,1535,51.166667,0,2,323.227905,876.711792,0.150000,0.050000,0.000000
1535,1,1535,51.166667,0,3,383.892944,838.294983,0.200000,0.050000,0.000000
1535,1,1535,51.166667,0,4,156.200439,898.099548,0.050000,0.100000,0.000000
1535,1,1535,51.166667,0,5,229.160034,858.833740,0.100000,0.100000,0.000000
1535,1,1535,51.166667,0,6,297.172852,820.124817,0.150000,0.100000,0.000000
1535,1,1535,51.166667,0,7,360.663086,782.694458,0.200000,0.100000,0.000000
1535,1,1535,51.166667,0,8,127.997803,838.212402,0.050000,0.150000,0.000000
1535,1,1535,51.166667,0,9,202.253906,799.543213,0.100000,0.150000,0.000000
1535,1,1535,51.166667,0,10,271.699341,761.319092,0.150000,0.150000,0.000000
1535,1,1535,51.166667,0,11,339.379395,724.867432,0.200000,0.150000,0.000000
1535,1,1535,51.166667,0,12,98.335083,775.937500,0.050000,0.200000,0.000000
1535,1,1535,51.166667,0,13,173.316772,737.276123,0.100000,0.200000,0.000000
1535,1,1535,51.166667,0,14,246.489136,700.254028,0.150000,0.200000,0.000000
1535,1,1535,51.166667,0,15,315.313965,664.863098,0.200000,0.200000,0.000000
1535,1,1535,51.166667,0,17,145.060913,673.497498,0.100000,0.250000,0.000000
1535,1,1535,51.166667,0,18,219.171509,637.622375,0.150000,0.250000,0.000000
1535,1,1535,51.166667,0,19,290.806152,603.327759,0.200000,0.250000,0.000000
1535,1,1535,51.166667,0,21,114.878174,606.896362,0.100000,0.300000,0.000000
1535,1,1535,51.166667,0,22,191.405762,572.070251,0.150000,0.300000,0.000000
1535,1,1535,51.166667,0,23,264.807373,538.242737,0.200000,0.300000,0.000000
1540,1,1540,51.333333,0,2,324.470947,880.347717,0.150000,0.050000,0.000000
1540,1,1540,51.333333,0,3,387.974121,839.880127,0.200000,0.050000,0.000000
1540,1,1540,51.333333,0,4,161.130737,901.803528,0.050000,0.100000,0.000000
1540,1,1540,51.333333,0,5,232.955322,862.458923,0.100000,0.100000,0.000000
1540,1,1540,51.333333,0,6,301.342896,823.178711,0.150000,0.100000,0.000000
1540,1,1540,51.333333,0,7,367.841797,784.995544,0.200000,0.100000,0.000000
1540,1,1540,51.333333,0,8,132.017334,842.407288,0.050000,0.150000,0.000000
1540,1,1540,51.333333,0,9,205.700073,802.955505,0.100000,0.150000,0.000000
1540,1,1540,51.333333,0,10,274.807739,764.061584,0.150000,0.150000,0.000000
1540,1,1540,51.333333,0,11,342.488892,727.530762,0.200000,0.150000,0.000000
1540,1,1540,51.333333,0,12,102.158569,780.020020,0.050000,0.200000,0.000000
1540,1,1540,51.333333,0,13,176.349243,741.285706,0.100000,0.200000,0.000000
1540,1,1540,51.333333,0,14,249.440552,703.664185,0.150000,0.200000,0.000000
1540,1,1540,51.333333,0,15,318.178589,667.546753,0.200000,0.200000,0.000000
1540,1,1540,51.333333,0,17,148.070557,676.937561,0.100000,0.250000,0.000000
1540,1,1540,51.333333,0,18,222.058594,640.724365,0.150000,0.250000,0.000000
1540,1,1540,51.333333,0,19,293.645874,605.639404,0.200000,0.250000,0.000000
1540,1,1540,51.333333,0,21,117.559448,610.802246,0.100000,0.300000,0.000000
1540,1,1540,51.333333,0,22,194.034546,575.081421,0.150000,0.300000,0.000000
1540,1,1540,51.333333,0,23,266.634766,541.411194,0.200000,0.300000,0.000000
1545,1,1545,51.500000,0,2,354.303955,881.187622,0.150000,0.050000,0.000000
1545,1,1545,51.500000,0,6,330.290771,824.311890,0.150000,0.100000,0.000000
1545,1,1545,51.500000,0,11,371.602661,727.918823,0.200000,0.150000,0.000000
1545,1,1545,51.500000,0,12,135.197144,782.747681,0.050000,0.200000,0.000000
1545,1,1545,51.500000,0,15,347.731445,669.049438,0.200000,0.200000,0.000000
1545,1,1545,51.500000,0,16,104.465820,717.616943,0.050000,0.250000,0.000000
1545,1,1545,51.500000,0,17,180.363525,679.138855,0.100000,0.250000,0.000000
1545,1,1545,51.500000,0,18,254.409180,642.274658,0.150000,0.250000,0.000000
1545,1,1545,51.500000,0,19,323.599487,607.171143,0.200000,0.250000,0.000000
1545,1,1545,51.500000,0,22,227.308838,576.837280,0.150000,0.300000,0.000000
1545,1,1545,51.500000,0,23,297.802124,542.412109,0.200000,0.300000,0.000000
1550,1,1550,51.666667,0,20,137.292969,660.892151,0.050000,0.300000,0.000000
1555,1,1555,51.833333,0,0,320.452393,971.107300,0.050000,0.050000,0.000000
1555,1,1555,51.833333,0,3,494.478516,837.356812,0.200000,0.050000,0.000000
1555,1,1555,51.833333,0,7,471.660400,783.180115,0.200000,0.100000,0.000000
1555,1,1555,51.833333,0,11,454.375610,726.234619,0.200000,0.150000,0.000000
1555,1,1555,51.833333,0,12,242.347412,795.331848,0.050000,0.200000,0.000000
1555,1,1555,51.833333,0,15,431.622803,668.177063,0.200000,0.200000,0.000000
1555,1,1555,51.833333,0,16,213.538818,730.785889,0.050000,0.250000,0.000000
1555,1,1555,51.833333,0,17,282.899292,687.455872,0.100000,0.250000,0.000000
1555,1,1555,51.833333,0,18,347.042725,646.900635,0.150000,0.250000,0.000000
1555,1,1555,51.833333,0,19,410.809570,606.708008,0.200000,0.250000,0.000000
1555,1,1555,51.833333,0,20,182.352173,664.759033,0.050000,0.300000,0.000000
1555,1,1555,51.833333,0,21,253.686768,622.211609,0.100000,0.300000,0.000000
1555,1,1555,51.833333,0,22,322.700684,582.298706,0.150000,0.300000,0.000000
1555,1,1555,51.833333,0,23,388.621948,544.725037,0.200000,0.300000,0.000000
1560,1,1560,52.000000,0,0,355.826904,973.635437,0.050000,0.050000,0.000000
1560,1,1560,52.000000,0,1,416.760864,926.287720,0.100000,0.050000,0.000000
1560,1,1560,52.000000,0,2,468.881714,880.714111,0.150000,0.050000,0.000000
1560,1,1560,52.000000,0,3,520.097412,837.100464,0.200000,0.050000,0.000000
1560,1,1560,52.000000,0,6,450.576538,825.788330,0.150000,0.100000,0.000000
1560,1,1560,52.000000,0,7,501.673462,782.884827,0.200000,0.100000,0.000000
1560,1,1560,52.000000,0,10,428.796753,769.002625,0.150000,0.150000,0.000000
1560,1,1560,52.000000,0,11,483.654907,726.645386,0.200000,0.150000,0.000000
1560,1,1560,52.000000,0,12,283.747559,798.654175,0.050000,0.200000,0.000000
1560,1,1560,52.000000,0,13,347.678345,753.310791,0.100000,0.200000,0.000000
1560,1,1560,52.000000,0,14,407.674072,709.726135,0.150000,0.200000,0.000000
1560,1,1560,52.000000,0,15,463.507690,669.049744,0.200000,0.200000,0.000000
1560,1,1560,52.000000,0,16,256.302246,735.059448,0.050000,0.250000,0.000000
1560,1,1560,52.000000,0,17,322.735229,690.500061,0.100000,0.250000,0.000000
1560,1,1560,52.000000,0,18,384.693970,648.292908,0.150000,0.250000,0.000000
1560,1,1560,52.000000,0,19,443.159668,608.671692,0.200000,0.250000,0.000000
1560,1,1560,52.000000,0,20,228.047241,668.918457,0.050000,0.300000,0.000000
1560,1,1560,52.000000,0,21,296.754761,625.023926,0.100000,0.300000,0.000000
1560,1,1560,52.000000,0,22,361.222290,583.976318,0.150000,0.300000,0.000000
1560,1,1560,52.000000,0,23,419.927979,545.372437,0.200000,0.300000,0.000000
1565,1,1565,52.166667,0,0,361.900146,978.169067,0.050000,0.050000,0.000000
1565,1,1565,52.166667,0,1,420.705566,930.258545,0.100000,0.050000,0.000000
1565,1,1565,52.166667,0,2,473.325439,883.882874,0.150000,0.050000,0.000000
1565,1,1565,52.166667,0,3,522.657471,838.942139,0.200000,0.050000,0.000000
1565,1,1565,52.166667,0,6,453.799194,829.254150,0.150000,0.100000,0.000000
1565,1,1565,52.166667,0,7,505.023438,785.691711,0.200000,0.100000,0.000000
1565,1,1565,52.166667,0,10,432.400391,772.624451,0.150000,0.150000,0.000000
1565,1,1565,52.166667,0,11,486.099365,730.239441,0.200000,0.150000,0.000000
1565,1,1565,52.166667,0,12,288.949097,804.386719,0.050000,0.200000,0.000000
1565,1,1565,52.166667,0,13,352.166138,757.778625,0.100000,0.200000,0.000000
1565,1,1565,52.166667,0,14,411.114014,713.887024,0.150000,0.200000,0.000000
1565,1,1565,52.166667,0,15,466.057983,672.296509,0.200000,0.200000,0.000000
1565,1,1565,52.166667,0,16,262.153564,740.681641,0.050000,0.250000,0.000000
1565,1,1565,52.166667,0,17,327.642700,695.256409,0.100000,0.250000,0.000000
1565,1,1565,52.166667,0,18,387.163696,652.308716,0.150000,0.250000,0.000000
1565,1,1565,52.166667,0,19,446.249878,611.871155,0.200000,0.250000,0.000000
1565,1,1565,52.166667,0,20,233.729126,674.761658,0.050000,0.300000,0.000000
1565,1,1565,52.166667,0,21,301.351074,630.042908,0.100000,0.300000,0.000000
1565,1,1565,52.166667,0,22,365.511475,588.223572,0.150000,0.300000,0.000000
1565,1,1565,52.166667,0,23,424.316650,549.300171,0.200000,0.300000,0.000000
1570,1,1570,52.333333,0,0,356.552002,980.986938,0.050000,0.050000,0.000000
1570,1,1570,52.333333,0,1,415.853271,932.483765,0.100000,0.050000,0.000000
1570,1,1570,52.333333,0,2,468.143677,886.662781,0.150000,0.050000,0.000000
1570,1,1570,52.333333,0,3,517.416626,841.994629,0.200000,0.050000,0.000000
1570,1,1570,52.333333,0,4,334.073608,925.208679,0.050000,0.100000,0.000000
1570,1,1570,52.333333,0,5,394.631470,877.151794,0.100000,0.100000,0.000000
1570,1,1570,52.333333,0,6,448.569458,831.497620,0.150000,0.100000,0.000000
1570,1,1570,52.333333,0,7,500.108398,788.244019,0.200000,0.100000,0.000000
1570,1,1570,52.333333,0,8,309.251831,867.163269,0.050000,0.150000,0.000000
1570,1,1570,52.333333,0,9,371.438721,819.936279,0.100000,0.150000,0.000000
1570,1,1570,52.333333,0,10,427.933716,774.942200,0.150000,0.150000,0.000000
1570,1,1570,52.333333,0,11,481.294800,732.447144,0.200000,0.150000,0.000000
1570,1,1570,52.333333,0,12,284.156982,806.302307,0.050000,0.200000,0.000000
1570,1,1570,52.333333,0,13,347.315552,759.754150,0.100000,0.200000,0.000000
1570,1,1570,52.333333,0,14,406.866455,715.883118,0.150000,0.200000,0.000000
1570,1,1570,52.333333,0,15,461.950073,674.009949,0.200000,0.200000,0.000000
1570,1,1570,52.333333,0,16,257.274048,742.715515,0.050000,0.250000,0.000000
1570,1,1570,52.333333,0,17,323.335449,696.603210,0.100000,0.250000,0.000000
1570,1,1570,52.333333,0,18,385.702026,654.041504,0.150000,0.250000,0.000000
1570,1,1570,52.333333,0,19,441.899170,614.084778,0.200000,0.250000,0.000000
1570,1,1570,52.333333,0,20,230.140137,676.327332,0.050000,0.300000,0.000000
1570,1,1570,52.333333,0,21,296.996460,631.718567,0.100000,0.300000,0.000000
1570,1,1570,52.333333,0,22,361.125000,589.946045,0.150000,0.300000,0.000000
1570,1,1570,52.333333,0,23,420.622437,550.873413,0.200000,0.300000,0.000000
1575,1,1575,52.500000,0,0,346.784912,981.354919,0.050000,0.050000,0.000000
1575,1,1575,52.500000,0,1,410.145020,933.014343,0.100000,0.050000,0.000000
1575,1,1575,52.500000,0,2,460.240601,886.775696,0.150000,0.050000,0.000000
1575,1,1575,52.500000,0,3,512.535889,842.852234,0.200000,0.050000,0.000000
1575,1,1575,52.500000,0,6,443.573120,832.026550,0.150000,0.100000,0.000000
1575,1,1575,52.500000,0,7,493.803711,788.446960,0.200000,0.100000,0.000000
1575,1,1575,52.500000,0,10,420.310547,775.057007,0.150000,0.150000,0.000000
1575,1,1575,52.500000,0,11,476.530884,732.628662,0.200000,0.150000,0.000000
1575,1,1575,52.500000,0,12,277.939941,805.716431,0.050000,0.200000,0.000000
1575,1,1575,52.500000,0,13,339.819824,759.377625,0.100000,0.200000,0.000000
1575,1,1575,52.500000,0,14,401.369751,715.621338,0.150000,0.200000,0.000000
1575,1,1575,52.500000,0,15,454.283325,673.995789,0.200000,0.200000,0.000000
1575,1,1575,52.500000,0,16,250.750977,741.679443,0.050000,0.250000,0.000000
1575,1,1575,52.500000,0,17,317.798950,696.446411,0.100000,0.250000,0.000000
1575,1,1575,52.500000,0,18,378.096802,653.619934,0.150000,0.250000,0.000000
1575,1,1575,52.500000,0,19,436.757690,613.673035,0.200000,0.250000,0.000000
1575,1,1575,52.500000,0,20,223.594238,675.344421,0.050000,0.300000,0.000000
1575,1,1575,52.500000,0,21,290.690796,630.896667,0.100000,0.300000,0.000000
1575,1,1575,52.500000,0,22,355.787231,589.537048,0.150000,0.300000,0.000000
1575,1,1575,52.500000,0,23,414.216187,550.195496,0.200000,0.300000,0.000000
1580,1,1580,52.666667,0,0,344.578613,979.913147,0.050000,0.050000,0.000000
1580,1,1580,52.666667,0,1,405.678833,932.182190,0.100000,0.050000,0.000000
1580,1,1580,52.666667,0,2,459.271484,886.945862,0.150000,0.050000,0.000000
1580,1,1580,52.666667,0,3,509.430420,843.276367,0.200000,0.050000,0.000000
1580,1,1580,52.666667,0,4,322.167358,923.538452,0.050000,0.100000,0.000000
1580,1,1580,52.666667,0,5,383.127075,876.877686,0.100000,0.100000,0.000000
1580,1,1580,52.666667,0,6,439.735229,832.046753,0.150000,0.100000,0.000000
1580,1,1580,52.666667,0,7,490.931274,788.903992,0.200000,0.100000,0.000000
1580,1,1580,52.666667,0,8,298.681519,864.857971,0.050000,0.150000,0.000000
1580,1,1580,52.666667,0,9,361.624756,818.372253,0.100000,0.150000,0.000000
1580,1,1580,52.666667,0,10,419.048950,774.584534,0.150000,0.150000,0.000000
1580,1,1580,52.666667,0,11,474.079346,732.920532,0.200000,0.150000,0.000000
1580,1,1580,52.666667,0,12,273.286011,803.631165,0.050000,0.200000,0.000000
1580,1,1580,52.666667,0,13,337.227661,758.482666,0.100000,0.200000,0.000000
1580,1,1580,52.666667,0,14,398.588867,715.240417,0.150000,0.200000,0.000000
1580,1,1580,52.666667,0,15,454.713623,674.366394,0.200000,0.200000,0.000000
1580,1,1580,52.666667,0,16,247.194458,739.540222,0.050000,0.250000,0.000000
1580,1,1580,52.666667,0,17,313.940430,695.455811,0.100000,0.250000,0.000000
1580,1,1580,52.666667,0,18,376.189209,653.196777,0.150000,0.250000,0.000000
1580,1,1580,52.666667,0,19,435.012085,613.802979,0.200000,0.250000,0.000000
1580,1,1580,52.666667,0,20,219.740234,672.773438,0.050000,0.300000,0.000000
1580,1,1580,52.666667,0,21,288.599243,629.431824,0.100000,0.300000,0.000000
1580,1,1580,52.666667,0,22,353.385620,588.797974,0.150000,0.300000,0.000000
1580,1,1580,52.666667,0,23,413.666260,550.694458,0.200000,0.300000,0.000000
1585,1,1585,52.833333,0,0,340.065796,968.741516,0.050000,0.050000,0.000000
1585,1,1585,52.833333,0,1,404.171021,924.341797,0.100000,0.050000,0.000000
1585,1,1585,52.833333,0,2,461.702637,881.146790,0.150000,0.050000,0.000000
1585,1,1585,52.833333,0,3,515.913086,839.503479,0.200000,0.050000,0.000000
1585,1,1585,52.833333,0,4,319.097412,913.966248,0.050000,0.100000,0.000000
1585,1,1585,52.833333,0,5,383.828979,870.030701,0.100000,0.100000,0.000000
1585,1,1585,52.833333,0,6,443.732056,827.065735,0.150000,0.100000,0.000000
1585,1,1585,52.833333,0,7,499.559448,786.320557,0.200000,0.100000,0.000000
1585,1,1585,52.833333,0,8,296.111938,856.364014,0.050000,0.150000,0.000000
1585,1,1585,52.833333,0,9,362.998047,813.243408,0.100000,0.150000,0.000000
1585,1,1585,52.833333,0,10,423.794434,770.842957,0.150000,0.150000,0.000000
1585,1,1585,52.833333,0,11,482.031616,731.573364,0.200000,0.150000,0.000000
1585,1,1585,52.833333,0,12,272.552734,796.512756,0.050000,0.200000,0.000000
1585,1,1585,52.833333,0,13,340.109253,753.639160,0.100000,0.200000,0.000000
1585,1,1585,52.833333,0,14,404.088745,712.031799,0.150000,0.200000,0.000000
1585,1,1585,52.833333,0,15,462.223145,673.156006,0.200000,0.200000,0.000000
1585,1,1585,52.833333,0,16,247.031860,733.851868,0.050000,0.250000,0.000000
1585,1,1585,52.833333,0,17,317.625244,691.752869,0.100000,0.250000,0.000000
1585,1,1585,52.833333,0,18,381.573120,651.561157,0.150000,0.250000,0.000000
1585,1,1585,52.833333,0,19,445.359863,613.483093,0.200000,0.250000,0.000000
1585,1,1585,52.833333,0,20,220.320312,668.281555,0.050000,0.300000,0.000000
1585,1,1585,52.833333,0,21,292.631226,626.320374,0.100000,0.300000,0.000000
1585,1,1585,52.833333,0,22,361.062378,587.820862,0.150000,0.300000,0.000000
1585,1,1585,52.833333,0,23,426.451660,550.946716,0.200000,0.300000,0.000000
1590,1,1590,53.000000,0,2,456.883301,861.290833,0.150000,0.050000,0.000000
1590,1,1590,53.000000,0,3,515.187500,822.966187,0.200000,0.050000,0.000000
1590,1,1590,53.000000,0,5,376.984619,851.395813,0.100000,0.100000,0.000000
1590,1,1590,53.000000,0,6,440.104980,813.031311,0.150000,0.100000,0.000000
1590,1,1590,53.000000,0,7,501.769409,774.588623,0.200000,0.100000,0.000000
1590,1,1590,53.000000,0,8,286.007935,841.071533,0.050000,0.150000,0.000000
1590,1,1590,53.000000,0,9,357.278931,800.988281,0.100000,0.150000,0.000000
1590,1,1590,53.000000,0,10,421.768433,761.554321,0.150000,0.150000,0.000000
1590,1,1590,53.000000,0,11,486.705933,724.638977,0.200000,0.150000,0.000000
1590,1,1590,53.000000,0,12,264.848877,786.861694,0.050000,0.200000,0.000000
1590,1,1590,53.000000,0,13,337.738525,747.010254,0.100000,0.200000,0.000000
1590,1,1590,53.000000,0,14,406.290894,708.253235,0.150000,0.200000,0.000000
1590,1,1590,53.000000,0,15,471.852905,671.113708,0.200000,0.200000,0.000000
1590,1,1590,53.000000,0,16,241.405029,729.242188,0.050000,0.250000,0.000000
1590,1,1590,53.000000,0,17,316.555298,690.321228,0.100000,0.250000,0.000000
1590,1,1590,53.000000,0,18,387.815674,651.924744,0.150000,0.250000,0.000000
1590,1,1590,53.000000,0,19,455.629272,616.130920,0.200000,0.250000,0.000000
1590,1,1590,53.000000,0,20,217.545288,669.583191,0.050000,0.300000,0.000000
1590,1,1590,53.000000,0,21,294.842896,630.285522,0.100000,0.300000,0.000000
1590,1,1590,53.000000,0,22,368.811890,593.082886,0.150000,0.300000,0.000000
1590,1,1590,53.000000,0,23,439.554077,557.432129,0.200000,0.300000,0.000000
1595,1,1595,53.166667,0,2,450.010376,853.552246,0.150000,0.050000,0.000000
1595,1,1595,53.166667,0,3,511.011108,817.009460,0.200000,0.050000,0.000000
1595,1,1595,53.166667,0,4,296.674072,880.493042,0.050000,0.100000,0.000000
1595,1,1595,53.166667,0,5,368.830322,844.006897,0.100000,0.100000,0.000000
1595,1,1595,53.166667,0,6,436.218140,807.853882,0.150000,0.100000,0.000000
1595,1,1595,53.166667,0,7,500.101685,772.403503,0.200000,0.100000,0.000000
1595,1,1595,53.166667,0,8,279.469604,832.543396,0.050000,0.150000,0.000000
1595,1,1595,53.166667,0,9,352.417358,797.739319,0.100000,0.150000,0.000000
1595,1,1595,53.166667,0,10,422.576172,759.906616,0.150000,0.150000,0.000000
1595,1,1595,53.166667,0,11,487.950806,725.616089,0.200000,0.150000,0.000000
1595,1,1595,53.166667,0,12,260.111938,782.588196,0.050000,0.200000,0.000000
1595,1,1595,53.166667,0,13,335.066650,745.903625,0.100000,0.200000,0.000000
1595,1,1595,53.166667,0,14,407.306641,710.103699,0.150000,0.200000,0.000000
1595,1,1595,53.166667,0,15,474.963501,675.414673,0.200000,0.200000,0.000000
1595,1,1595,53.166667,0,16,239.442261,728.816406,0.050000,0.250000,0.000000
1595,1,1595,53.166667,0,17,317.602783,692.686401,0.100000,0.250000,0.000000
1595,1,1595,53.166667,0,18,391.615356,656.737915,0.150000,0.250000,0.000000
1595,1,1595,53.166667,0,19,462.428833,623.144531,0.200000,0.250000,0.000000
1595,1,1595,53.166667,0,20,217.693604,672.747437,0.050000,0.300000,0.000000
1595,1,1595,53.166667,0,21,298.089600,635.778687,0.100000,0.300000,0.000000
1600,1,1600,53.333333,0,0,307.445068,920.330933,0.050000,0.050000,0.000000
1600,1,1600,53.333333,0,1,379.703125,886.987732,0.100000,0.050000,0.000000
1600,1,1600,53.333333,0,2,443.445312,853.946472,0.150000,0.050000,0.000000
1600,1,1600,53.333333,0,3,508.776123,822.072632,0.200000,0.050000,0.000000
1600,1,1600,53.333333,0,4,293.387817,877.207764,0.050000,0.100000,0.000000
1600,1,1600,53.333333,0,5,364.035645,844.572266,0.100000,0.100000,0.000000
1600,1,1600,53.333333,0,6,435.044312,811.086304,0.150000,0.100000,0.000000
1600,1,1600,53.333333,0,7,498.697998,777.769958,0.200000,0.100000,0.000000
1600,1,1600,53.333333,0,8,277.685181,831.864014,0.050000,0.150000,0.000000
1600,1,1600,53.333333,0,9,353.271973,798.396851,0.100000,0.150000,0.000000
1600,1,1600,53.333333,0,10,421.254761,765.546997,0.150000,0.150000,0.000000
1600,1,1600,53.333333,0,11,492.805298,732.768555,0.200000,0.150000,0.000000
1600,1,1600,53.333333,0,12,261.001099,784.620911,0.050000,0.200000,0.000000
1600,1,1600,53.333333,0,13,337.894043,750.693909,0.100000,0.200000,0.000000
1600,1,1600,53.333333,0,14,412.466553,718.044312,0.150000,0.200000,0.000000
1600,1,1600,53.333333,0,15,480.516357,686.252319,0.200000,0.200000,0.000000
1600,1,1600,53.333333,0,16,243.143677,733.590027,0.050000,0.250000,0.000000
1600,1,1600,53.333333,0,17,323.422607,700.184509,0.100000,0.250000,0.000000
1600,1,1600,53.333333,0,18,398.317749,667.518127,0.150000,0.250000,0.000000
1600,1,1600,53.333333,0,19,472.881348,636.476257,0.200000,0.250000,0.000000
1600,1,1600,53.333333,0,20,224.964600,679.114929,0.050000,0.300000,0.000000
1600,1,1600,53.333333,0,21,306.630737,646.578857,0.100000,0.300000,0.000000
1600,1,1600,53.333333,0,22,386.719116,614.726318,0.150000,0.300000,0.000000
1600,1,1600,53.333333,0,23,459.966187,583.701416,0.200000,0.300000,0.000000
1605,1,1605,53.500000,0,2,447.658447,853.836731,0.150000,0.050000,0.000000
1605,1,1605,53.500000,0,3,508.435181,818.473267,0.200000,0.050000,0.000000
1605,1,1605,53.500000,0,4,291.774414,875.542236,0.050000,0.100000,0.000000
1605,1,1605,53.500000,0,5,362.372070,843.215515,0.100000,0.100000,0.000000
1605,1,1605,53.500000,0,6,432.585449,809.021667,0.150000,0.100000,0.000000
1605,1,1605,53.500000,0,7,496.784424,774.560852,0.200000,0.100000,0.000000
1605,1,1605,53.500000,0,8,275.271973,829.538269,0.050000,0.150000,0.000000
1605,1,1605,53.500000,0,9,349.577271,795.566528,0.100000,0.150000,0.000000
1605,1,1605,53.500000,0,10,416.421509,761.081543,0.150000,0.150000,0.000000
1605,1,1605,53.500000,0,11,487.632446,728.459412,0.200000,0.150000,0.000000
1605,1,1605,53.500000,0,12,257.057739,780.155090,0.050000,0.200000,0.000000
1605,1,1605,53.500000,0,13,331.073975,746.332642,0.100000,0.200000,0.000000
1605,1,1605,53.500000,0,14,406.613159,712.357422,0.150000,0.200000,0.000000
1605,1,1605,53.500000,0,15,473.735840,679.635010,0.200000,0.200000,0.000000
1605,1,1605,53.500000,0,16,237.521362,727.528625,0.050000,0.250000,0.000000
1605,1,1605,53.500000,0,17,317.225342,693.613403,0.100000,0.250000,0.000000
1605,1,1605,53.500000,0,18,391.365967,660.176025,0.150000,0.250000,0.000000
1605,1,1605,53.500000,0,19,464.771973,627.982849,0.200000,0.250000,0.000000
1605,1,1605,53.500000,0,20,217.126465,672.214722,0.050000,0.300000,0.000000
1605,1,1605,53.500000,0,21,298.812256,637.723022,0.100000,0.300000,0.000000
1605,1,1605,53.500000,0,22,377.654663,605.399231,0.150000,0.300000,0.000000
1605,1,1605,53.500000,0,23,454.764526,573.920654,0.200000,0.300000,0.000000
1610,1,1610,53.666667,0,0,307.366699,924.556885,0.050000,0.050000,0.000000
1610,1,1610,53.666667,0,1,378.243896,890.441711,0.100000,0.050000,0.000000
1610,1,1610,53.666667,0,2,444.574097,855.686035,0.150000,0.050000,0.000000
1610,1,1610,53.666667,0,3,506.878174,821.829651,0.200000,0.050000,0.000000
1610,1,1610,53.666667,0,4,290.901978,880.371216,0.050000,0.100000,0.000000
1610,1,1610,53.666667,0,5,363.194580,845.233337,0.100000,0.100000,0.000000
1610,1,1610,53.666667,0,6,431.419312,810.826477,0.150000,0.100000,0.000000
1610,1,1610,53.666667,0,7,494.060303,776.464417,0.200000,0.100000,0.000000
1610,1,1610,53.666667,0,8,274.016602,832.165649,0.050000,0.150000,0.000000
1610,1,1610,53.666667,0,9,347.993042,797.750244,0.100000,0.150000,0.000000
1610,1,1610,53.666667,0,10,417.676636,762.739502,0.150000,0.150000,0.000000
1610,1,1610,53.666667,0,11,485.872192,729.674561,0.200000,0.150000,0.000000
1610,1,1610,53.666667,0,12,255.550903,781.308533,0.050000,0.200000,0.000000
1610,1,1610,53.666667,0,13,331.717041,747.075500,0.100000,0.200000,0.000000
1610,1,1610,53.666667,0,14,404.436157,713.197266,0.150000,0.200000,0.000000
1610,1,1610,53.666667,0,15,473.620728,679.773071,0.200000,0.200000,0.000000
1610,1,1610,53.666667,0,16,235.733521,728.515747,0.050000,0.250000,0.000000
1610,1,1610,53.666667,0,17,314.768311,693.940369,0.100000,0.250000,0.000000
1610,1,1610,53.666667,0,18,389.752075,659.896851,0.150000,0.250000,0.000000
1610,1,1610,53.666667,0,19,461.958984,627.932739,0.200000,0.250000,0.000000
1610,1,1610,53.666667,0,20,214.600220,672.658325,0.050000,0.300000,0.000000
1610,1,1610,53.666667,0,21,296.788208,637.357910,0.100000,0.300000,0.000000
1610,1,1610,53.666667,0,22,374.743530,604.943054,0.150000,0.300000,0.000000
1610,1,1610,53.666667,0,23,449.533447,572.987549,0.200000,0.300000,0.000000
1615,1,1615,53.833333,0,0,307.720703,927.820801,0.050000,0.050000,0.000000
1615,1,1615,53.833333,0,1,378.143188,892.876221,0.100000,0.050000,0.000000
1615,1,1615,53.833333,0,2,443.352661,857.507019,0.150000,0.050000,0.000000
1615,1,1615,53.833333,0,3,505.774170,822.689636,0.200000,0.050000,0.000000
1615,1,1615,53.833333,0,4,289.220825,880.422424,0.050000,0.100000,0.000000
1615,1,1615,53.833333,0,5,361.527100,845.591492,0.100000,0.100000,0.000000
1615,1,1615,53.833333,0,6,429.548950,810.164917,0.150000,0.100000,0.000000
1615,1,1615,53.833333,0,7,493.097778,775.377136,0.200000,0.100000,0.000000
1615,1,1615,53.833333,0,8,270.783936,831.122070,0.050000,0.150000,0.000000
1615,1,1615,53.833333,0,9,344.263184,795.756165,0.100000,0.150000,0.000000
1615,1,1615,53.833333,0,10,414.613525,760.174927,0.150000,0.150000,0.000000
1615,1,1615,53.833333,0,11,481.155762,726.807068,0.200000,0.150000,0.000000
1615,1,1615,53.833333,0,12,250.332397,779.008362,0.050000,0.200000,0.000000
1615,1,1615,53.833333,0,13,326.090332,743.017212,0.100000,0.200000,0.000000
1615,1,1615,53.833333,0,14,398.714600,708.724609,0.150000,0.200000,0.000000
1615,1,1615,53.833333,0,15,469.882690,675.806396,0.200000,0.200000,0.000000
1615,1,1615,53.833333,0,16,228.443726,723.904968,0.050000,0.250000,0.000000
1615,1,1615,53.833333,0,17,307.089233,688.787842,0.100000,0.250000,0.000000
1615,1,1615,53.833333,0,18,382.222412,654.090088,0.150000,0.250000,0.000000
1615,1,1615,53.833333,0,19,453.864258,621.989258,0.200000,0.250000,0.000000
1615,1,1615,53.833333,0,20,206.005493,665.958130,0.050000,0.300000,0.000000
1615,1,1615,53.833333,0,21,286.824219,630.753174,0.100000,0.300000,0.000000
1615,1,1615,53.833333,0,22,364.482910,597.300476,0.150000,0.300000,0.000000
1615,1,1615,53.833333,0,23,438.595581,564.943298,0.200000,0.300000,0.000000
1620,1,1620,54.000000,0,0,304.715820,924.205872,0.050000,0.050000,0.000000
1620,1,1620,54.000000,0,1,376.572021,887.961365,0.100000,0.050000,0.000000
1620,1,1620,54.000000,0,2,439.892456,851.918396,0.150000,0.050000,0.000000
1620,1,1620,54.000000,0,3,503.634644,816.321716,0.200000,0.050000,0.000000
1620,1,1620,54.000000,0,4,285.977295,873.517517,0.050000,0.100000,0.000000
1620,1,1620,54.000000,0,5,355.979126,838.341553,0.100000,0.100000,0.000000
1620,1,1620,54.000000,0,6,425.086060,801.430847,0.150000,0.100000,0.000000
1620,1,1620,54.000000,0,7,487.353027,766.476501,0.200000,0.100000,0.000000
1620,1,1620,54.000000,0,8,264.152710,820.878235,0.050000,0.150000,0.000000
1620,1,1620,54.000000,0,9,338.298462,785.380981,0.100000,0.150000,0.000000
1620,1,1620,54.000000,0,10,406.479614,749.217712,0.150000,0.150000,0.000000
1620,1,1620,54.000000,0,11,474.238403,714.742920,0.200000,0.150000,0.000000
1620,1,1620,54.000000,0,12,242.378906,766.058044,0.050000,0.200000,0.000000
1620,1,1620,54.000000,0,13,317.464355,729.610107,0.100000,0.200000,0.000000
1620,1,1620,54.000000,0,14,389.634521,694.557251,0.150000,0.200000,0.000000
1620,1,1620,54.000000,0,15,455.780640,660.807373,0.200000,0.200000,0.000000
1620,1,1620,54.000000,0,16,218.019409,707.677368,0.050000,0.250000,0.000000
1620,1,1620,54.000000,0,17,296.421265,671.926575,0.100000,0.250000,0.000000
1620,1,1620,54.000000,0,18,372.485962,637.911865,0.150000,0.250000,0.000000
1620,1,1620,54.000000,0,19,441.469116,604.931030,0.200000,0.250000,0.000000
1620,1,1620,54.000000,0,20,193.197021,646.774902,0.050000,0.300000,0.000000
1620,1,1620,54.000000,0,21,273.352417,610.924500,0.100000,0.300000,0.000000
1625,1,1625,54.166667,0,0,305.120361,926.279785,0.050000,0.050000,0.000000
1625,1,1625,54.166667,0,1,375.375854,888.461853,0.100000,0.050000,0.000000
1625,1,1625,54.166667,0,2,438.338013,851.142639,0.150000,0.050000,0.000000
1625,1,1625,54.166667,0,3,500.486084,814.565063,0.200000,0.050000,0.000000
1625,1,1625,54.166667,0,4,281.940308,873.026917,0.050000,0.100000,0.000000
1625,1,1625,54.166667,0,5,352.643677,834.920532,0.100000,0.100000,0.000000
1625,1,1625,54.166667,0,6,419.738281,797.655945,0.150000,0.100000,0.000000
1625,1,1625,54.166667,0,7,485.390625,761.568298,0.200000,0.100000,0.000000
1625,1,1625,54.166667,0,8,257.560913,816.651001,0.050000,0.150000,0.000000
1625,1,1625,54.166667,0,9,330.304565,779.624695,0.100000,0.150000,0.000000
1625,1,1625,54.166667,0,10,396.893555,742.461731,0.150000,0.150000,0.000000
1625,1,1625,54.166667,0,11,464.645020,706.911194,0.200000,0.150000,0.000000
1625,1,1625,54.166667,0,12,232.041748,758.655884,0.050000,0.200000,0.000000
1625,1,1625,54.166667,0,13,306.645996,720.908630,0.100000,0.200000,0.000000
1625,1,1625,54.166667,0,14,377.384888,685.669983,0.150000,0.200000,0.000000
1625,1,1625,54.166667,0,15,446.682495,650.463989,0.200000,0.200000,0.000000
1625,1,1625,54.166667,0,16,205.377441,697.664368,0.050000,0.250000,0.000000
1625,1,1625,54.166667,0,17,282.145020,660.939941,0.100000,0.250000,0.000000
1625,1,1625,54.166667,0,18,353.874268,624.937134,0.150000,0.250000,0.000000
1625,1,1625,54.166667,0,19,425.853882,591.557312,0.200000,0.250000,0.000000
1625,1,1625,54.166667,0,20,177.250854,633.535461,0.050000,0.300000,0.000000
1625,1,1625,54.166667,0,21,255.757080,596.955566,0.100000,0.300000,0.000000
1630,1,1630,54.333333,0,0,309.529297,928.711975,0.050000,0.050000,0.000000
1630,1,1630,54.333333,0,1,376.943726,888.576355,0.100000,0.050000,0.000000
1630,1,1630,54.333333,0,2,438.660156,848.586487,0.150000,0.050000,0.000000
1630,1,1630,54.333333,0,3,499.932495,810.138245,0.200000,0.050000,0.000000
1630,1,1630,54.333333,0,4,280.691650,871.763855,0.050000,0.100000,0.000000
1630,1,1630,54.333333,0,5,350.769409,831.464111,0.100000,0.100000,0.000000
1630,1,1630,54.333333,0,6,415.542480,792.463196,0.150000,0.100000,0.000000
1630,1,1630,54.333333,0,7,475.414429,754.626343,0.200000,0.100000,0.000000
1630,1,1630,54.333333,0,8,251.810669,812.419312,0.050000,0.150000,0.000000
1630,1,1630,54.333333,0,9,322.872925,772.883118,0.100000,0.150000,0.000000
1630,1,1630,54.333333,0,10,389.459229,734.198669,0.150000,0.150000,0.000000
1630,1,1630,54.333333,0,11,453.020996,697.493774,0.200000,0.150000,0.000000
1630,1,1630,54.333333,0,12,221.434326,750.754639,0.050000,0.200000,0.000000
1630,1,1630,54.333333,0,13,294.069214,711.690552,0.100000,0.200000,0.000000
1630,1,1630,54.333333,0,14,363.181641,674.050720,0.150000,0.200000,0.000000
1630,1,1630,54.333333,0,15,428.257446,637.934387,0.200000,0.200000,0.000000
1630,1,1630,54.333333,0,16,189.480225,686.537842,0.050000,0.250000,0.000000
1630,1,1630,54.333333,0,17,264.237671,647.982056,0.100000,0.250000,0.000000
1630,1,1630,54.333333,0,18,334.825317,611.506409,0.150000,0.250000,0.000000
1630,1,1630,54.333333,0,19,403.048706,576.993835,0.200000,0.250000,0.000000
1630,1,1630,54.333333,0,20,156.838989,620.557007,0.050000,0.300000,0.000000
1630,1,1630,54.333333,0,21,233.107544,582.539734,0.100000,0.300000,0.000000
1630,1,1630,54.333333,0,22,306.914551,546.974854,0.150000,0.300000,0.000000
1630,1,1630,54.333333,0,23,377.140381,513.393860,0.200000,0.300000,0.000000
1635,1,1635,54.500000,0,0,311.045288,937.611450,0.050000,0.050000,0.000000
1635,1,1635,54.500000,0,1,378.033081,896.395691,0.100000,0.050000,0.000000
1635,1,1635,54.500000,0,2,438.616333,855.365540,0.150000,0.050000,0.000000
1635,1,1635,54.500000,0,3,498.204712,815.450195,0.200000,0.050000,0.000000
1635,1,1635,54.500000,0,4,279.634644,878.815247,0.050000,0.100000,0.000000
1635,1,1635,54.500000,0,5,345.910034,837.411865,0.100000,0.100000,0.000000
1635,1,1635,54.500000,0,6,411.143921,797.812195,0.150000,0.100000,0.000000
1635,1,1635,54.500000,0,7,473.130493,759.262146,0.200000,0.100000,0.000000
1635,1,1635,54.500000,0,8,247.140381,817.933411,0.050000,0.150000,0.000000
1635,1,1635,54.500000,0,9,316.863159,777.028015,0.100000,0.150000,0.000000
1635,1,1635,54.500000,0,10,381.078857,737.831299,0.150000,0.150000,0.000000
1635,1,1635,54.500000,0,11,444.652832,700.572388,0.200000,0.150000,0.000000
1635,1,1635,54.500000,0,12,213.881470,754.667847,0.050000,0.200000,0.000000
1635,1,1635,54.500000,0,13,284.314453,714.585571,0.100000,0.200000,0.000000
1635,1,1635,54.500000,0,14,352.176636,677.125977,0.150000,0.200000,0.000000
1635,1,1635,54.500000,0,15,416.077637,640.062866,0.200000,0.200000,0.000000
1635,1,1635,54.500000,0,16,178.843384,689.646240,0.050000,0.250000,0.000000
1635,1,1635,54.500000,0,17,251.714844,650.946411,0.100000,0.250000,0.000000
1635,1,1635,54.500000,0,18,321.307861,613.384766,0.150000,0.250000,0.000000
1635,1,1635,54.500000,0,19,387.078125,578.117188,0.200000,0.250000,0.000000
1635,1,1635,54.500000,0,20,142.904419,622.463684,0.050000,0.300000,0.000000
1635,1,1635,54.500000,0,21,217.748047,584.641602,0.100000,0.300000,0.000000
1635,1,1635,54.500000,0,22,289.312744,548.421875,0.150000,0.300000,0.000000
1635,1,1635,54.500000,0,23,357.251465,513.887512,0.200000,0.300000,0.000000
1640,1,1640,54.666667,0,0,314.444336,944.550659,0.050000,0.050000,0.000000
1640,1,1640,54.666667,0,1,380.193848,902.596680,0.100000,0.050000,0.000000
1640,1,1640,54.666667,0,2,442.071167,860.683105,0.150000,0.050000,0.000000
1640,1,1640,54.666667,0,3,500.583252,820.752380,0.200000,0.050000,0.000000
1640,1,1640,54.666667,0,4,281.477295,885.783264,0.050000,0.100000,0.000000
1640,1,1640,54.666667,0,5,348.890137,843.336182,0.100000,0.100000,0.000000
1640,1,1640,54.666667,0,6,412.445435,802.431274,0.150000,0.100000,0.000000
1640,1,1640,54.666667,0,7,471.171997,763.796265,0.200000,0.100000,0.000000
1640,1,1640,54.666667,0,8,247.398560,824.444946,0.050000,0.150000,0.000000
1640,1,1640,54.666667,0,9,316.091187,783.452087,0.100000,0.150000,0.000000
1640,1,1640,54.666667,0,10,381.136963,743.415222,0.150000,0.150000,0.000000
1640,1,1640,54.666667,0,11,443.405884,704.851013,0.200000,0.150000,0.000000
1640,1,1640,54.666667,0,12,212.124512,761.753967,0.050000,0.200000,0.000000
1640,1,1640,54.666667,0,13,282.513794,721.274048,0.100000,0.200000,0.000000
1640,1,1640,54.666667,0,14,349.546997,682.328552,0.150000,0.200000,0.000000
1640,1,1640,54.666667,0,15,413.347534,645.262146,0.200000,0.200000,0.000000
1640,1,1640,54.666667,0,16,175.523071,696.965881,0.050000,0.250000,0.000000
1640,1,1640,54.666667,0,17,247.960449,657.586670,0.100000,0.250000,0.000000
1640,1,1640,54.666667,0,18,316.381226,619.538757,0.150000,0.250000,0.000000
1640,1,1640,54.666667,0,19,382.460327,583.647705,0.200000,0.250000,0.000000
1640,1,1640,54.666667,0,20,138.110596,630.313660,0.050000,0.300000,0.000000
1640,1,1640,54.666667,0,21,212.107178,591.682922,0.100000,0.300000,0.000000
1640,1,1640,54.666667,0,22,283.128296,554.778809,0.150000,0.300000,0.000000
1640,1,1640,54.666667,0,23,350.608032,519.756836,0.200000,0.300000,0.000000
1645,1,1645,54.833333,0,0,316.465820,947.775818,0.050000,0.050000,0.000000
1645,1,1645,54.833333,0,1,382.707031,904.902100,0.100000,0.050000,0.000000
1645,1,1645,54.833333,0,2,443.921143,862.971008,0.150000,0.050000,0.000000
1645,1,1645,54.833333,0,3,502.186768,822.676270,0.200000,0.050000,0.000000
1645,1,1645,54.833333,0,4,282.604248,888.803711,0.050000,0.100000,0.000000
1645,1,1645,54.833333,0,5,350.274414,846.395874,0.100000,0.100000,0.000000
1645,1,1645,54.833333,0,6,413.187500,805.135559,0.150000,0.100000,0.000000
1645,1,1645,54.833333,0,7,470.902588,765.682190,0.200000,0.100000,0.000000
1645,1,1645,54.833333,0,8,247.459473,828.032288,0.050000,0.150000,0.000000
1645,1,1645,54.833333,0,9,316.197632,786.249390,0.100000,0.150000,0.000000
1645,1,1645,54.833333,0,10,380.382935,745.829895,0.150000,0.150000,0.000000
1645,1,1645,54.833333,0,11,442.698364,707.662292,0.200000,0.150000,0.000000
1645,1,1645,54.833333,0,12,211.279541,765.240845,0.050000,0.200000,0.000000
1645,1,1645,54.833333,0,13,281.130005,724.244080,0.100000,0.200000,0.000000
1645,1,1645,54.833333,0,14,347.941772,684.981567,0.150000,0.200000,0.000000
1645,1,1645,54.833333,0,15,411.740967,647.534851,0.200000,0.200000,0.000000
1645,1,1645,54.833333,0,16,173.611206,700.554688,0.050000,0.250000,0.000000
1645,1,1645,54.833333,0,17,245.437256,661.008850,0.100000,0.250000,0.000000
1645,1,1645,54.833333,0,18,314.179077,622.422058,0.150000,0.250000,0.000000
1645,1,1645,54.833333,0,19,379.755005,585.664673,0.200000,0.250000,0.000000
1645,1,1645,54.833333,0,20,134.860718,634.442505,0.050000,0.300000,0.000000
1645,1,1645,54.833333,0,21,208.513672,595.023987,0.100000,0.300000,0.000000
1645,1,1645,54.833333,0,22,279.302490,558.239014,0.150000,0.300000,0.000000
1645,1,1645,54.833333,0,23,347.017456,522.411072,0.200000,0.300000,0.000000
1650,1,1650,55.000000,0,0,317.671021,948.210693,0.050000,0.050000,0.000000
1650,1,1650,55.000000,0,1,383.325928,904.786133,0.100000,0.050000,0.000000
1650,1,1650,55.000000,0,2,444.519165,862.635376,0.150000,0.050000,0.000000
1650,1,1650,55.000000,0,3,502.345825,822.303101,0.200000,0.050000,0.000000
1650,1,1650,55.000000,0,4,282.536499,889.452881,0.050000,0.100000,0.000000
1650,1,1650,55.000000,0,5,349.867798,846.077148,0.100000,0.100000,0.000000
1650,1,1650,55.000000,0,6,412.549316,804.882263,0.150000,0.100000,0.000000
1650,1,1650,55.000000,0,7,470.715698,765.220642,0.200000,0.100000,0.000000
1650,1,1650,55.000000,0,8,247.115601,827.994934,0.050000,0.150000,0.000000
1650,1,1650,55.000000,0,9,315.264038,786.216553,0.100000,0.150000,0.000000
1650,1,1650,55.000000,0,10,379.704590,745.510742,0.150000,0.150000,0.000000
1650,1,1650,55.000000,0,11,441.363281,706.636963,0.200000,0.150000,0.000000
1650,1,1650,55.000000,0,12,209.723022,765.631714,0.050000,0.200000,0.000000
1650,1,1650,55.000000,0,13,279.415527,724.196411,0.100000,0.200000,0.000000
1650,1,1650,55.000000,0,14,345.938477,684.805603,0.150000,0.200000,0.000000
1650,1,1650,55.000000,0,15,409.229858,646.653076,0.200000,0.200000,0.000000
1650,1,1650,55.000000,0,16,171.165405,701.014099,0.050000,0.250000,0.000000
1650,1,1650,55.000000,0,17,243.289062,660.806274,0.100000,0.250000,0.000000
1650,1,1650,55.000000,0,18,310.920288,622.272156,0.150000,0.250000,0.000000
1650,1,1650,55.000000,0,19,376.193726,585.595459,0.200000,0.250000,0.000000
1650,1,1650,55.000000,0,20,131.836182,635.417969,0.050000,0.300000,0.000000
1650,1,1650,55.000000,0,21,205.261841,595.499939,0.100000,0.300000,0.000000
1650,1,1650,55.000000,0,22,275.691284,558.280579,0.150000,0.300000,0.000000
1650,1,1650,55.000000,0,23,342.785034,522.273743,0.200000,0.300000,0.000000
1655,1,1655,55.166667,0,0,318.826660,948.888611,0.050000,0.050000,0.000000
1655,1,1655,55.166667,0,1,384.932251,905.665100,0.100000,0.050000,0.000000
1655,1,1655,55.166667,0,2,446.367676,863.140015,0.150000,0.050000,0.000000
1655,1,1655,55.166667,0,3,503.972656,822.803589,0.200000,0.050000,0.000000
1655,1,1655,55.166667,0,4,284.602417,889.846191,0.050000,0.100000,0.000000
1655,1,1655,55.166667,0,5,351.495728,846.755005,0.100000,0.100000,0.000000
1655,1,1655,55.166667,0,6,414.351074,805.633545,0.150000,0.100000,0.000000
1655,1,1655,55.166667,0,7,474.480469,765.809631,0.200000,0.100000,0.000000
1655,1,1655,55.166667,0,8,248.808350,829.479736,0.050000,0.150000,0.000000
1655,1,1655,55.166667,0,9,316.994385,787.282043,0.100000,0.150000,0.000000
1655,1,1655,55.166667,0,10,381.701904,746.440308,0.150000,0.150000,0.000000
1655,1,1655,55.166667,0,11,443.692261,707.022278,0.200000,0.150000,0.000000
1655,1,1655,55.166667,0,12,211.640991,767.012085,0.050000,0.200000,0.000000
1655,1,1655,55.166667,0,13,281.796997,725.541199,0.100000,0.200000,0.000000
1655,1,1655,55.166667,0,14,348.123413,685.749878,0.150000,0.200000,0.000000
1655,1,1655,55.166667,0,15,411.326538,647.562988,0.200000,0.200000,0.000000
1655,1,1655,55.166667,0,16,173.235962,702.743164,0.050000,0.250000,0.000000
1655,1,1655,55.166667,0,17,244.899048,662.070923,0.100000,0.250000,0.000000
1655,1,1655,55.166667,0,18,313.354980,623.173523,0.150000,0.250000,0.000000
1655,1,1655,55.166667,0,19,378.522461,586.300171,0.200000,0.250000,0.000000
1655,1,1655,55.166667,0,20,133.873779,636.172302,0.050000,0.300000,0.000000
1655,1,1655,55.166667,0,21,207.160767,596.506287,0.100000,0.300000,0.000000
1655,1,1655,55.166667,0,22,277.852905,559.267395,0.150000,0.300000,0.000000
1655,1,1655,55.166667,0,23,344.924194,522.759338,0.200000,0.300000,0.000000
1660,1,1660,55.333333,0,0,321.602173,950.549988,0.050000,0.050000,0.000000
1660,1,1660,55.333333,0,1,387.558960,907.082520,0.100000,0.050000,0.000000
1660,1,1660,55.333333,0,2,448.521973,864.957458,0.150000,0.050000,0.000000
1660,1,1660,55.333333,0,3,506.611450,824.316589,0.200000,0.050000,0.000000
1660,1,1660,55.333333,0,4,287.066895,892.074585,0.050000,0.100000,0.000000
1660,1,1660,55.333333,0,5,354.146606,848.597107,0.100000,0.100000,0.000000
1660,1,1660,55.333333,0,6,417.450684,807.454041,0.150000,0.100000,0.000000
1660,1,1660,55.333333,0,7,477.547607,767.774963,0.200000,0.100000,0.000000
1660,1,1660,55.333333,0,8,251.883057,831.305420,0.050000,0.150000,0.000000
1660,1,1660,55.333333,0,9,320.332153,789.550598,0.100000,0.150000,0.000000
1660,1,1660,55.333333,0,10,384.708130,748.416809,0.150000,0.150000,0.000000
1660,1,1660,55.333333,0,11,446.775391,709.299500,0.200000,0.150000,0.000000
1660,1,1660,55.333333,0,12,214.898071,769.084412,0.050000,0.200000,0.000000
1660,1,1660,55.333333,0,13,285.010132,727.301025,0.100000,0.200000,0.000000
1660,1,1660,55.333333,0,14,351.515137,688.048340,0.150000,0.200000,0.000000
1660,1,1660,55.333333,0,15,414.796509,649.535645,0.200000,0.200000,0.000000
1660,1,1660,55.333333,0,16,177.210083,704.663147,0.050000,0.250000,0.000000
1660,1,1660,55.333333,0,17,248.798706,664.259033,0.100000,0.250000,0.000000
1660,1,1660,55.333333,0,18,317.198120,625.253540,0.150000,0.250000,0.000000
1660,1,1660,55.333333,0,19,382.657349,588.534180,0.200000,0.250000,0.000000
1660,1,1660,55.333333,0,20,137.960571,638.878662,0.050000,0.300000,0.000000
1660,1,1660,55.333333,0,21,211.298584,598.744385,0.100000,0.300000,0.000000
1660,1,1660,55.333333,0,22,282.199341,561.188049,0.150000,0.300000,0.000000
1660,1,1660,55.333333,0,23,349.286621,525.251038,0.200000,0.300000,0.000000
1665,1,1665,55.500000,0,0,324.676270,949.993042,0.050000,0.050000,0.000000
1665,1,1665,55.500000,0,1,390.948975,907.769165,0.100000,0.050000,0.000000
1665,1,1665,55.500000,0,2,451.379517,865.483948,0.150000,0.050000,0.000000
1665,1,1665,55.500000,0,3,510.778564,825.622192,0.200000,0.050000,0.000000
1665,1,1665,55.500000,0,4,292.544678,892.458679,0.050000,0.100000,0.000000
1665,1,1665,55.500000,0,5,360.626221,849.881226,0.100000,0.100000,0.000000
1665,1,1665,55.500000,0,6,423.527466,808.516052,0.150000,0.100000,0.000000
1665,1,1665,55.500000,0,7,481.758179,769.306580,0.200000,0.100000,0.000000
1665,1,1665,55.500000,0,8,258.919189,832.192200,0.050000,0.150000,0.000000
1665,1,1665,55.500000,0,9,328.246216,790.362366,0.100000,0.150000,0.000000
1665,1,1665,55.500000,0,10,392.536255,750.096680,0.150000,0.150000,0.000000
1665,1,1665,55.500000,0,11,455.283203,711.653809,0.200000,0.150000,0.000000
1665,1,1665,55.500000,0,12,224.555664,769.988586,0.050000,0.200000,0.000000
1665,1,1665,55.500000,0,13,294.999146,728.883118,0.100000,0.200000,0.000000
1665,1,1665,55.500000,0,14,361.735596,689.586365,0.150000,0.200000,0.000000
1665,1,1665,55.500000,0,15,425.985718,651.853394,0.200000,0.200000,0.000000
1665,1,1665,55.500000,0,16,188.407837,705.574036,0.050000,0.250000,0.000000
1665,1,1665,55.500000,0,17,260.268555,666.154419,0.100000,0.250000,0.000000
1665,1,1665,55.500000,0,18,329.250732,627.305603,0.150000,0.250000,0.000000
1665,1,1665,55.500000,0,19,395.503540,590.353699,0.200000,0.250000,0.000000
1665,1,1665,55.500000,0,20,150.669312,639.599976,0.050000,0.300000,0.000000
1665,1,1665,55.500000,0,21,224.775757,600.418030,0.100000,0.300000,0.000000
1665,1,1665,55.500000,0,22,296.356934,563.228088,0.150000,0.300000,0.000000
1665,1,1665,55.500000,0,23,364.136230,526.927917,0.200000,0.300000,0.000000
1670,1,1670,55.666667,0,0,325.809204,949.175476,0.050000,0.050000,0.000000
1670,1,1670,55.666667,0,1,392.602539,907.446045,0.100000,0.050000,0.000000
1670,1,1670,55.666667,0,2,456.464966,866.365906,0.150000,0.050000,0.000000
1670,1,1670,55.666667,0,3,513.508911,827.215515,0.200000,0.050000,0.000000
1670,1,1670,55.666667,0,4,295.300171,891.399414,0.050000,0.100000,0.000000
1670,1,1670,55.666667,0,5,363.611938,849.671082,0.100000,0.100000,0.000000
1670,1,1670,55.666667,0,6,427.215820,809.073730,0.150000,0.100000,0.000000
1670,1,1670,55.666667,0,7,488.596802,770.556335,0.200000,0.100000,0.000000
1670,1,1670,55.666667,0,8,263.334106,831.167480,0.050000,0.150000,0.000000
1670,1,1670,55.666667,0,9,332.780884,790.333252,0.100000,0.150000,0.000000
1670,1,1670,55.666667,0,10,397.933594,750.440430,0.150000,0.150000,0.000000
1670,1,1670,55.666667,0,11,461.096313,712.624695,0.200000,0.150000,0.000000
1670,1,1670,55.666667,0,12,229.746582,769.545044,0.050000,0.200000,0.000000
1670,1,1670,55.666667,0,13,300.919556,728.809082,0.100000,0.200000,0.000000
1670,1,1670,55.666667,0,14,368.664429,690.112427,0.150000,0.200000,0.000000
1670,1,1670,55.666667,0,15,431.925659,652.710632,0.200000,0.200000,0.000000
1670,1,1670,55.666667,0,16,195.144043,704.973389,0.050000,0.250000,0.000000
1670,1,1670,55.666667,0,17,268.404663,665.803955,0.100000,0.250000,0.000000
1670,1,1670,55.666667,0,18,337.673950,627.874329,0.150000,0.250000,0.000000
1670,1,1670,55.666667,0,19,404.546631,591.668884,0.200000,0.250000,0.000000
1670,1,1670,55.666667,0,20,159.145874,638.901733,0.050000,0.300000,0.000000
1670,1,1670,55.666667,0,21,233.940186,599.929443,0.100000,0.300000,0.000000
1670,1,1670,55.666667,0,22,306.279053,563.245117,0.150000,0.300000,0.000000
1670,1,1670,55.666667,0,23,374.273071,527.686340,0.200000,0.300000,0.000000
1675,1,1675,55.833333,0,0,324.306152,949.825806,0.050000,0.050000,0.000000
1675,1,1675,55.833333,0,1,390.900269,907.884094,0.100000,0.050000,0.000000
1675,1,1675,55.833333,0,2,454.230591,866.463928,0.150000,0.050000,0.000000
1675,1,1675,55.833333,0,3,511.489990,826.942200,0.200000,0.050000,0.000000
1675,1,1675,55.833333,0,4,292.946899,891.930908,0.050000,0.100000,0.000000
1675,1,1675,55.833333,0,5,362.075439,850.113586,0.100000,0.100000,0.000000
1675,1,1675,55.833333,0,6,425.249268,809.903137,0.150000,0.100000,0.000000
1675,1,1675,55.833333,0,7,487.411743,770.564331,0.200000,0.100000,0.000000
1675,1,1675,55.833333,0,8,261.103271,831.388489,0.050000,0.150000,0.000000
1675,1,1675,55.833333,0,9,331.092529,790.502197,0.100000,0.150000,0.000000
1675,1,1675,55.833333,0,10,396.773560,750.530945,0.150000,0.150000,0.000000
1675,1,1675,55.833333,0,11,459.096313,712.829041,0.200000,0.150000,0.000000
1675,1,1675,55.833333,0,12,228.188599,768.920715,0.050000,0.200000,0.000000
1675,1,1675,55.833333,0,13,299.386353,728.910583,0.100000,0.200000,0.000000
1675,1,1675,55.833333,0,14,367.032471,690.409119,0.150000,0.200000,0.000000
1675,1,1675,55.833333,0,15,432.113647,653.072510,0.200000,0.200000,0.000000
1675,1,1675,55.833333,0,16,193.254639,704.807251,0.050000,0.250000,0.000000
1675,1,1675,55.833333,0,17,266.559570,665.637939,0.100000,0.250000,0.000000
1675,1,1675,55.833333,0,18,336.595581,627.509766,0.150000,0.250000,0.000000
1675,1,1675,55.833333,0,19,402.856812,591.172058,0.200000,0.250000,0.000000
1675,1,1675,55.833333,0,20,157.654907,638.500427,0.050000,0.300000,0.000000
1675,1,1675,55.833333,0,21,232.584717,599.486694,0.100000,0.300000,0.000000
1675,1,1675,55.833333,0,22,304.712280,562.381714,0.150000,0.300000,0.000000
1675,1,1675,55.833333,0,23,373.222656,527.290894,0.200000,0.300000,0.000000
1680,1,1680,56.000000,0,0,326.048462,948.240112,0.050000,0.050000,0.000000
1680,1,1680,56.000000,0,1,392.572754,906.899841,0.100000,0.050000,0.000000
1680,1,1680,56.000000,0,2,456.064575,865.084351,0.150000,0.050000,0.000000
1680,1,1680,56.000000,0,3,513.352173,825.226379,0.200000,0.050000,0.000000
1680,1,1680,56.000000,0,4,294.721680,890.492371,0.050000,0.100000,0.000000
1680,1,1680,56.000000,0,5,363.189453,848.411804,0.100000,0.100000,0.000000
1680,1,1680,56.000000,0,6,426.469360,808.525146,0.150000,0.100000,0.000000
1680,1,1680,56.000000,0,7,488.452881,769.140747,0.200000,0.100000,0.000000
1680,1,1680,56.000000,0,8,262.458862,830.044556,0.050000,0.150000,0.000000
1680,1,1680,56.000000,0,9,332.140503,789.055359,0.100000,0.150000,0.000000
1680,1,1680,56.000000,0,10,397.023926,749.145447,0.150000,0.150000,0.000000
1680,1,1680,56.000000,0,11,460.093994,711.128479,0.200000,0.150000,0.000000
1680,1,1680,56.000000,0,12,228.557617,768.144531,0.050000,0.200000,0.000000
1680,1,1680,56.000000,0,13,299.867554,727.424316,0.100000,0.200000,0.000000
1680,1,1680,56.000000,0,14,367.611084,688.806702,0.150000,0.200000,0.000000
1680,1,1680,56.000000,0,15,432.242065,651.333496,0.200000,0.200000,0.000000
1680,1,1680,56.000000,0,16,194.083984,703.744873,0.050000,0.250000,0.000000
1680,1,1680,56.000000,0,17,267.254639,663.844482,0.100000,0.250000,0.000000
1680,1,1680,56.000000,0,18,336.852051,625.738464,0.150000,0.250000,0.000000
1680,1,1680,56.000000,0,19,403.101074,589.480408,0.200000,0.250000,0.000000
1680,1,1680,56.000000,0,20,157.759766,637.005127,0.050000,0.300000,0.000000
1680,1,1680,56.000000,0,21,232.554565,597.818420,0.100000,0.300000,0.000000
1680,1,1680,56.000000,0,22,304.854980,561.045715,0.150000,0.300000,0.000000
1680,1,1680,56.000000,0,23,372.992432,525.499634,0.200000,0.300000,0.000000
1685,1,1685,56.166667,0,0,326.420044,947.755066,0.050000,0.050000,0.000000
1685,1,1685,56.166667,0,1,393.680908,905.783569,0.100000,0.050000,0.000000
1685,1,1685,56.166667,0,2,454.409912,864.820068,0.150000,0.050000,0.000000
1685,1,1685,56.166667,0,3,514.220581,824.659058,0.200000,0.050000,0.000000
1685,1,1685,56.166667,0,4,295.701904,889.585815,0.050000,0.100000,0.000000
1685,1,1685,56.166667,0,5,364.039673,847.826538,0.100000,0.100000,0.000000
1685,1,1685,56.166667,0,6,427.751831,807.330566,0.150000,0.100000,0.000000
1685,1,1685,56.166667,0,7,487.302979,768.216736,0.200000,0.100000,0.000000
1685,1,1685,56.166667,0,8,262.956299,828.560547,0.050000,0.150000,0.000000
1685,1,1685,56.166667,0,9,332.765381,787.524841,0.100000,0.150000,0.000000
1685,1,1685,56.166667,0,10,398.070312,748.136536,0.150000,0.150000,0.000000
1685,1,1685,56.166667,0,11,460.191040,710.180115,0.200000,0.150000,0.000000
1685,1,1685,56.166667,0,12,229.336548,765.749084,0.050000,0.200000,0.000000
1685,1,1685,56.166667,0,13,300.187500,725.532654,0.100000,0.200000,0.000000
1685,1,1685,56.166667,0,14,368.335327,686.921997,0.150000,0.200000,0.000000
1685,1,1685,56.166667,0,15,432.832764,649.583740,0.200000,0.200000,0.000000
1685,1,1685,56.166667,0,16,194.310669,701.410583,0.050000,0.250000,0.000000
1685,1,1685,56.166667,0,17,267.256836,661.920227,0.100000,0.250000,0.000000
1685,1,1685,56.166667,0,18,336.406860,624.071472,0.150000,0.250000,0.000000
1685,1,1685,56.166667,0,19,402.862305,588.304565,0.200000,0.250000,0.000000
1685,1,1685,56.166667,0,20,158.032471,634.431702,0.050000,0.300000,0.000000
1685,1,1685,56.166667,0,21,232.828735,595.865845,0.100000,0.300000,0.000000
1685,1,1685,56.166667,0,22,304.767822,559.328064,0.150000,0.300000,0.000000
1685,1,1685,56.166667,0,23,372.686890,523.757751,0.200000,0.300000,0.000000
1690,1,1690,56.333333,0,0,324.195923,942.586243,0.050000,0.050000,0.000000
1690,1,1690,56.333333,0,1,391.150879,901.190491,0.100000,0.050000,0.000000
1690,1,1690,56.333333,0,2,452.123779,860.036011,0.150000,0.050000,0.000000
1690,1,1690,56.333333,0,3,512.283936,820.292236,0.200000,0.050000,0.000000
1690,1,1690,56.333333,0,4,292.177490,884.128662,0.050000,0.100000,0.000000
1690,1,1690,56.333333,0,5,360.899170,842.297363,0.100000,0.100000,0.000000
1690,1,1690,56.333333,0,6,424.199829,802.301331,0.150000,0.100000,0.000000
1690,1,1690,56.333333,0,7,484.745361,763.229065,0.200000,0.100000,0.000000
1690,1,1690,56.333333,0,8,259.620850,822.432251,0.050000,0.150000,0.000000
1690,1,1690,56.333333,0,9,329.049927,782.069458,0.100000,0.150000,0.000000
1690,1,1690,56.333333,0,10,394.429688,742.347717,0.150000,0.150000,0.000000
1690,1,1690,56.333333,0,11,457.514648,704.299255,0.200000,0.150000,0.000000
1690,1,1690,56.333333,0,12,225.676392,759.697388,0.050000,0.200000,0.000000
1690,1,1690,56.333333,0,13,296.701904,719.469666,0.100000,0.200000,0.000000
1690,1,1690,56.333333,0,14,364.256958,681.191589,0.150000,0.200000,0.000000
1690,1,1690,56.333333,0,15,428.126221,644.029846,0.200000,0.200000,0.000000
1690,1,1690,56.333333,0,16,190.084351,694.126709,0.050000,0.250000,0.000000
1690,1,1690,56.333333,0,17,263.003906,655.439392,0.100000,0.250000,0.000000
1690,1,1690,56.333333,0,18,332.292725,617.497742,0.150000,0.250000,0.000000
1690,1,1690,56.333333,0,19,398.853638,582.382019,0.200000,0.250000,0.000000
1690,1,1690,56.333333,0,20,153.739624,627.151123,0.050000,0.300000,0.000000
1690,1,1690,56.333333,0,21,228.243164,588.763428,0.100000,0.300000,0.000000
1690,1,1690,56.333333,0,22,300.223145,552.675476,0.150000,0.300000,0.000000
1690,1,1690,56.333333,0,23,368.484985,517.830566,0.200000,0.300000,0.000000
1695,1,1695,56.500000,0,2,479.213013,834.247375,0.150000,0.050000,0.000000
1695,1,1695,56.500000,0,6,450.992676,778.356079,0.150000,0.100000,0.000000
1695,1,1695,56.500000,0,11,487.806763,683.568848,0.200000,0.150000,0.000000
1695,1,1695,56.500000,0,12,251.075928,734.558716,0.050000,0.200000,0.000000
1695,1,1695,56.500000,0,16,217.479980,671.177551,0.050000,0.250000,0.000000
1715,1,1715,57.166667,0,2,692.885132,835.224670,0.150000,0.050000,0.000000
1720,1,1720,57.333333,0,12,550.149658,707.288635,0.050000,0.200000,0.000000
1725,1,1725,57.500000,0,2,775.098022,855.570312,0.150000,0.050000,0.000000
1725,1,1725,57.500000,0,3,831.159546,830.553528,0.200000,0.050000,0.000000
1725,1,1725,57.500000,0,6,754.639893,789.884094,0.150000,0.100000,0.000000
1725,1,1725,57.500000,0,7,815.226074,767.231262,0.200000,0.100000,0.000000
1725,1,1725,57.500000,0,11,798.791504,705.422119,0.200000,0.150000,0.000000
1725,1,1725,57.500000,0,12,585.986938,707.195435,0.050000,0.200000,0.000000
1725,1,1725,57.500000,0,15,782.377319,640.525818,0.200000,0.200000,0.000000
1725,1,1725,57.500000,0,16,566.375488,639.440186,0.050000,0.250000,0.000000
1725,1,1725,57.500000,0,17,635.426880,617.485291,0.100000,0.250000,0.000000
1725,1,1725,57.500000,0,18,698.718384,595.306580,0.150000,0.250000,0.000000
1725,1,1725,57.500000,0,19,765.372070,574.736206,0.200000,0.250000,0.000000
1725,1,1725,57.500000,0,20,546.905396,570.756775,0.050000,0.300000,0.000000
1725,1,1725,57.500000,0,21,618.064087,551.124878,0.100000,0.300000,0.000000
1725,1,1725,57.500000,0,22,683.218750,529.898499,0.150000,0.300000,0.000000
1725,1,1725,57.500000,0,23,748.845093,510.696533,0.200000,0.300000,0.000000
1730,1,1730,57.666667,0,2,792.985718,865.847473,0.150000,0.050000,0.000000
1730,1,1730,57.666667,0,3,852.696533,839.563232,0.200000,0.050000,0.000000
1730,1,1730,57.666667,0,4,645.663574,857.078491,0.050000,0.100000,0.000000
1730,1,1730,57.666667,0,5,711.182739,830.110229,0.100000,0.100000,0.000000
1730,1,1730,57.666667,0,6,774.558472,803.869873,0.150000,0.100000,0.000000
1730,1,1730,57.666667,0,7,835.926147,778.474609,0.200000,0.100000,0.000000
1730,1,1730,57.666667,0,8,624.967651,792.141174,0.050000,0.150000,0.000000
1730,1,1730,57.666667,0,9,691.349854,766.239075,0.100000,0.150000,0.000000
1730,1,1730,57.666667,0,10,755.451172,740.617859,0.150000,0.150000,0.000000
1730,1,1730,57.666667,0,11,816.113037,716.245728,0.200000,0.150000,0.000000
1730,1,1730,57.666667,0,12,603.377075,727.026123,0.050000,0.200000,0.000000
1730,1,1730,57.666667,0,13,670.442749,701.598450,0.100000,0.200000,0.000000
1730,1,1730,57.666667,0,14,735.277100,676.831543,0.150000,0.200000,0.000000
1730,1,1730,57.666667,0,15,796.923462,653.100464,0.200000,0.200000,0.000000
1730,1,1730,57.666667,0,16,581.739624,660.430969,0.050000,0.250000,0.000000
1730,1,1730,57.666667,0,17,649.690674,635.915039,0.100000,0.250000,0.000000
1730,1,1730,57.666667,0,18,715.429688,612.438782,0.150000,0.250000,0.000000
1730,1,1730,57.666667,0,19,778.133423,589.722778,0.200000,0.250000,0.000000
1730,1,1730,57.666667,0,20,559.758057,593.207458,0.050000,0.300000,0.000000
1730,1,1730,57.666667,0,21,628.468872,569.567810,0.100000,0.300000,0.000000
1730,1,1730,57.666667,0,22,694.826416,546.915833,0.150000,0.300000,0.000000
1730,1,1730,57.666667,0,23,758.231445,524.821899,0.200000,0.300000,0.000000
1735,1,1735,57.833333,0,0,664.771240,917.139587,0.050000,0.050000,0.000000
1735,1,1735,57.833333,0,1,731.377563,891.485596,0.100000,0.050000,0.000000
1735,1,1735,57.833333,0,2,795.869263,864.501709,0.150000,0.050000,0.000000
1735,1,1735,57.833333,0,3,853.367188,836.679565,0.200000,0.050000,0.000000
1735,1,1735,57.833333,0,4,646.311279,854.504272,0.050000,0.100000,0.000000
1735,1,1735,57.833333,0,5,710.269653,826.847351,0.100000,0.100000,0.000000
1735,1,1735,57.833333,0,6,774.768555,800.822693,0.150000,0.100000,0.000000
1735,1,1735,57.833333,0,7,835.890137,776.083191,0.200000,0.100000,0.000000
1735,1,1735,57.833333,0,8,624.730957,789.180725,0.050000,0.150000,0.000000
1735,1,1735,57.833333,0,9,692.089355,763.858765,0.100000,0.150000,0.000000
1735,1,1735,57.833333,0,10,753.409912,737.944092,0.150000,0.150000,0.000000
1735,1,1735,57.833333,0,11,816.545044,715.203369,0.200000,0.150000,0.000000
1735,1,1735,57.833333,0,12,604.810669,724.118164,0.050000,0.200000,0.000000
1735,1,1735,57.833333,0,13,670.834106,699.077881,0.100000,0.200000,0.000000
1735,1,1735,57.833333,0,14,736.297485,674.305603,0.150000,0.200000,0.000000
1735,1,1735,57.833333,0,15,799.033447,651.261719,0.200000,0.200000,0.000000
1735,1,1735,57.833333,0,16,583.407471,657.511414,0.050000,0.250000,0.000000
1735,1,1735,57.833333,0,17,651.211914,633.764648,0.100000,0.250000,0.000000
1735,1,1735,57.833333,0,18,715.611328,610.059692,0.150000,0.250000,0.000000
1735,1,1735,57.833333,0,19,779.371582,589.206177,0.200000,0.250000,0.000000
1735,1,1735,57.833333,0,22,696.455566,545.297913,0.150000,0.300000,0.000000
1735,1,1735,57.833333,0,23,759.880859,522.972473,0.200000,0.300000,0.000000
1740,1,1740,58.000000,0,3,838.053955,806.016846,0.200000,0.050000,0.000000
1740,1,1740,58.000000,0,7,825.148071,746.848694,0.200000,0.100000,0.000000
1740,1,1740,58.000000,0,11,813.546997,687.315735,0.200000,0.150000,0.000000
1740,1,1740,58.000000,0,12,600.582153,689.206482,0.050000,0.200000,0.000000
1740,1,1740,58.000000,0,15,802.275635,626.507629,0.200000,0.200000,0.000000
1740,1,1740,58.000000,0,17,654.686646,602.041199,0.100000,0.250000,0.000000
1740,1,1740,58.000000,0,18,721.480591,583.074951,0.150000,0.250000,0.000000
1740,1,1740,58.000000,0,19,787.207520,562.722290,0.200000,0.250000,0.000000
1740,1,1740,58.000000,0,21,637.327759,537.360779,0.100000,0.300000,0.000000
1770,1,1770,59.000000,0,0,828.314941,709.152100,0.050000,0.050000,0.000000
1770,1,1770,59.000000,0,1,890.496582,711.409180,0.100000,0.050000,0.000000
1770,1,1770,59.000000,0,2,950.712036,711.590759,0.150000,0.050000,0.000000
1770,1,1770,59.000000,0,3,1011.073242,709.337341,0.200000,0.050000,0.000000
1770,1,1770,59.000000,0,4,831.635376,662.149536,0.050000,0.100000,0.000000
1770,1,1770,59.000000,0,5,893.723755,663.605774,0.100000,0.100000,0.000000
1770,1,1770,59.000000,0,6,956.023743,663.150818,0.150000,0.100000,0.000000
1770,1,1770,59.000000,0,7,1016.298218,663.428772,0.200000,0.100000,0.000000
1770,1,1770,59.000000,0,8,833.684326,612.210754,0.050000,0.150000,0.000000
1770,1,1770,59.000000,0,9,897.620056,614.281982,0.100000,0.150000,0.000000
1770,1,1770,59.000000,0,10,960.502991,614.724548,0.150000,0.150000,0.000000
1770,1,1770,59.000000,0,11,1023.130859,614.535217,0.200000,0.150000,0.000000
1770,1,1770,59.000000,0,12,836.627441,561.423950,0.050000,0.200000,0.000000
1770,1,1770,59.000000,0,13,901.356384,562.472717,0.100000,0.200000,0.000000
1770,1,1770,59.000000,0,14,965.554199,563.422913,0.150000,0.200000,0.000000
1770,1,1770,59.000000,0,15,1028.678040,564.050781,0.200000,0.200000,0.000000
1770,1,1770,59.000000,0,16,839.169312,506.880585,0.050000,0.250000,0.000000
1770,1,1770,59.000000,0,17,905.212891,509.374939,0.100000,0.250000,0.000000
1770,1,1770,59.000000,0,18,971.350220,510.809631,0.150000,0.250000,0.000000
1770,1,1770,59.000000,0,19,1035.910950,511.869141,0.200000,0.250000,0.000000
1770,1,1770,59.000000,0,20,842.473877,451.600586,0.050000,0.300000,0.000000
1770,1,1770,59.000000,0,21,909.950500,453.929321,0.100000,0.300000,0.000000
1770,1,1770,59.000000,0,22,977.254395,455.446228,0.150000,0.300000,0.000000
1770,1,1770,59.000000,0,23,1042.873779,457.808380,0.200000,0.300000,0.000000
1775,1,1775,59.166667,0,0,830.674805,709.254883,0.050000,0.050000,0.000000
1775,1,1775,59.166667,0,1,891.790894,712.360352,0.100000,0.050000,0.000000
1775,1,1775,59.166667,0,2,952.491394,710.870850,0.150000,0.050000,0.000000
1775,1,1775,59.166667,0,3,1013.103027,709.609619,0.200000,0.050000,0.000000
1775,1,1775,59.166667,0,4,834.398560,662.423218,0.050000,0.100000,0.000000
1775,1,1775,59.166667,0,5,896.939453,664.113770,0.100000,0.100000,0.000000
1775,1,1775,59.166667,0,8,837.109131,612.532837,0.050000,0.150000,0.000000
1775,1,1775,59.166667,0,9,900.663330,614.525940,0.100000,0.150000,0.000000
1775,1,1775,59.166667,0,12,840.579834,561.412170,0.050000,0.200000,0.000000
1775,1,1775,59.166667,0,13,904.639709,562.350891,0.100000,0.200000,0.000000
1775,1,1775,59.166667,0,14,968.694824,564.135864,0.150000,0.200000,0.000000
1775,1,1775,59.166667,0,15,1031.961243,564.353088,0.200000,0.200000,0.000000
1775,1,1775,59.166667,0,16,843.569580,507.335022,0.050000,0.250000,0.000000
1775,1,1775,59.166667,0,17,910.203430,508.924286,0.100000,0.250000,0.000000
1775,1,1775,59.166667,0,18,974.396484,510.466949,0.150000,0.250000,0.000000
1775,1,1775,59.166667,0,19,1040.280579,511.536194,0.200000,0.250000,0.000000
1775,1,1775,59.166667,0,20,847.447754,452.091705,0.050000,0.300000,0.000000
1775,1,1775,59.166667,0,21,914.300415,453.853180,0.100000,0.300000,0.000000
1775,1,1775,59.166667,0,22,980.665955,456.346527,0.150000,0.300000,0.000000
1775,1,1775,59.166667,0,23,1045.745728,457.334778,0.200000,0.300000,0.000000
1780,1,1780,59.333333,0,0,830.429077,710.780579,0.050000,0.050000,0.000000
1780,1,1780,59.333333,0,1,893.447754,711.406494,0.100000,0.050000,0.000000
1780,1,1780,59.333333,0,2,951.636719,712.161133,0.150000,0.050000,0.000000
1780,1,1780,59.333333,0,3,1011.763672,710.692932,0.200000,0.050000,0.000000
1780,1,1780,59.333333,0,4,834.424683,663.347412,0.050000,0.100000,0.000000
1780,1,1780,59.333333,0,5,895.783203,665.065918,0.100000,0.100000,0.000000
1780,1,1780,59.333333,0,6,957.061035,664.929199,0.150000,0.100000,0.000000
1780,1,1780,59.333333,0,7,1017.564148,663.728638,0.200000,0.100000,0.000000
1780,1,1780,59.333333,0,8,836.511353,614.010742,0.050000,0.150000,0.000000
1780,1,1780,59.333333,0,9,899.943115,615.130615,0.100000,0.150000,0.000000
1780,1,1780,59.333333,0,10,962.320068,615.545532,0.150000,0.150000,0.000000
1780,1,1780,59.333333,0,11,1024.511108,615.418579,0.200000,0.150000,0.000000
1780,1,1780,59.333333,0,12,839.838501,562.089661,0.050000,0.200000,0.000000
1780,1,1780,59.333333,0,13,903.666443,563.631409,0.100000,0.200000,0.000000
1780,1,1780,59.333333,0,14,967.734497,564.819397,0.150000,0.200000,0.000000
1780,1,1780,59.333333,0,15,1030.813049,565.351196,0.200000,0.200000,0.000000
1780,1,1780,59.333333,0,16,842.141846,508.502014,0.050000,0.250000,0.000000
1780,1,1780,59.333333,0,17,909.109924,510.212708,0.100000,0.250000,0.000000
1780,1,1780,59.333333,0,18,973.564270,512.177246,0.150000,0.250000,0.000000
1780,1,1780,59.333333,0,19,1038.488586,513.195984,0.200000,0.250000,0.000000
1780,1,1780,59.333333,0,20,846.554688,452.836700,0.050000,0.300000,0.000000
1780,1,1780,59.333333,0,21,913.311646,455.477142,0.100000,0.300000,0.000000
1780,1,1780,59.333333,0,22,979.270996,457.331482,0.150000,0.300000,0.000000
1780,1,1780,59.333333,0,23,1045.024597,458.842346,0.200000,0.300000,0.000000
1785,1,1785,59.500000,0,0,828.315186,712.723022,0.050000,0.050000,0.000000
1785,1,1785,59.500000,0,1,890.173706,714.294189,0.100000,0.050000,0.000000
1785,1,1785,59.500000,0,2,949.531311,714.197937,0.150000,0.050000,0.000000
1785,1,1785,59.500000,0,3,1009.702209,713.164307,0.200000,0.050000,0.000000
1785,1,1785,59.500000,0,4,831.326538,665.320679,0.050000,0.100000,0.000000
1785,1,1785,59.500000,0,5,893.775269,667.728149,0.100000,0.100000,0.000000
1785,1,1785,59.500000,0,6,955.446777,666.580078,0.150000,0.100000,0.000000
1785,1,1785,59.500000,0,7,1015.995300,667.098328,0.200000,0.100000,0.000000
1785,1,1785,59.500000,0,8,833.273560,615.460327,0.050000,0.150000,0.000000
1785,1,1785,59.500000,0,9,897.164551,617.795593,0.100000,0.150000,0.000000
1785,1,1785,59.500000,0,10,959.523499,617.490173,0.150000,0.150000,0.000000
1785,1,1785,59.500000,0,11,1022.570251,618.223328,0.200000,0.150000,0.000000
1785,1,1785,59.500000,0,12,837.376343,563.905396,0.050000,0.200000,0.000000
1785,1,1785,59.500000,0,13,900.979736,565.568909,0.100000,0.200000,0.000000
1785,1,1785,59.500000,0,14,965.870239,566.858643,0.150000,0.200000,0.000000
1785,1,1785,59.500000,0,15,1028.767090,567.997925,0.200000,0.200000,0.000000
1785,1,1785,59.500000,0,16,839.052979,510.335144,0.050000,0.250000,0.000000
1785,1,1785,59.500000,0,17,905.999329,512.402649,0.100000,0.250000,0.000000
1785,1,1785,59.500000,0,18,971.065369,514.449280,0.150000,0.250000,0.000000
1785,1,1785,59.500000,0,19,1035.515381,516.063904,0.200000,0.250000,0.000000
1785,1,1785,59.500000,0,20,842.940308,455.353333,0.050000,0.300000,0.000000
1785,1,1785,59.500000,0,21,909.758423,456.714813,0.100000,0.300000,0.000000
1785,1,1785,59.500000,0,22,977.435425,459.319611,0.150000,0.300000,0.000000
1785,1,1785,59.500000,0,23,1043.151245,461.858612,0.200000,0.300000,0.000000
1790,1,1790,59.666667,0,0,830.902466,709.904846,0.050000,0.050000,0.000000
1790,1,1790,59.666667,0,1,893.205444,713.060974,0.100000,0.050000,0.000000
1790,1,1790,59.666667,0,2,953.321716,713.864624,0.150000,0.050000,0.000000
1790,1,1790,59.666667,0,3,1013.528076,713.399658,0.200000,0.050000,0.000000
1790,1,1790,59.666667,0,6,958.594116,666.844543,0.150000,0.100000,0.000000
1790,1,1790,59.666667,0,7,1019.456482,667.240723,0.200000,0.100000,0.000000
1790,1,1790,59.666667,0,11,1024.960022,619.733643,0.200000,0.150000,0.000000
1790,1,1790,59.666667,0,15,1032.970215,569.050720,0.200000,0.200000,0.000000
1790,1,1790,59.666667,0,18,975.249634,514.526001,0.150000,0.250000,0.000000
1790,1,1790,59.666667,0,19,1040.666565,517.235962,0.200000,0.250000,0.000000
1790,1,1790,59.666667,0,20,847.473877,454.575714,0.050000,0.300000,0.000000
1790,1,1790,59.666667,0,21,916.164429,458.302673,0.100000,0.300000,0.000000
1790,1,1790,59.666667,0,22,981.613281,460.568604,0.150000,0.300000,0.000000
1790,1,1790,59.666667,0,23,1047.832642,462.764984,0.200000,0.300000,0.000000
1795,1,1795,59.833333,0,16,864.614136,504.582794,0.050000,0.250000,0.000000
1795,1,1795,59.833333,0,17,930.564941,507.917206,0.100000,0.250000,0.000000
1795,1,1795,59.833333,0,18,995.170105,511.651642,0.150000,0.250000,0.000000
1795,1,1795,59.833333,0,19,1062.848083,515.631348,0.200000,0.250000,0.000000
1795,1,1795,59.833333,0,20,867.773926,450.979523,0.050000,0.300000,0.000000
1795,1,1795,59.833333,0,21,936.188293,454.561493,0.100000,0.300000,0.000000
1795,1,1795,59.833333,0,22,1005.923950,458.044830,0.150000,0.300000,0.000000
1795,1,1795,59.833333,0,23,1069.860901,463.447906,0.200000,0.300000,0.000000
1805,1,1805,60.166667,0,12,909.648621,510.952148,0.050000,0.200000,0.000000
1805,1,1805,60.166667,0,15,1102.661133,533.381470,0.200000,0.200000,0.000000
1805,1,1805,60.166667,0,17,979.718994,475.101135,0.100000,0.250000,0.000000
1805,1,1805,60.166667,0,18,1046.066589,482.391144,0.150000,0.250000,0.000000
1805,1,1805,60.166667,0,20,918.718506,419.762451,0.050000,0.300000,0.000000
1805,1,1805,60.166667,0,21,986.551208,428.505524,0.100000,0.300000,0.000000
1805,1,1805,60.166667,0,23,1121.838135,444.762146,0.200000,0.300000,0.000000
1810,1,1810,60.333333,0,10,1042.067566,557.456787,0.150000,0.150000,0.000000
1810,1,1810,60.333333,0,11,1104.597107,565.981384,0.200000,0.150000,0.000000
1810,1,1810,60.333333,0,12,925.394775,500.271210,0.050000,0.200000,0.000000
1810,1,1810,60.333333,0,13,987.097351,510.394684,0.100000,0.200000,0.000000
1810,1,1810,60.333333,0,14,1052.628174,519.137207,0.150000,0.200000,0.000000
1810,1,1810,60.333333,0,15,1115.597473,528.355774,0.200000,0.200000,0.000000
1810,1,1810,60.333333,0,16,928.112671,458.727997,0.050000,0.250000,0.000000
1810,1,1810,60.333333,0,17,995.990601,469.313995,0.100000,0.250000,0.000000
1810,1,1810,60.333333,0,18,1060.631348,478.791016,0.150000,0.250000,0.000000
1810,1,1810,60.333333,0,19,1128.598694,488.615631,0.200000,0.250000,0.000000
1810,1,1810,60.333333,0,20,936.902161,415.837830,0.050000,0.300000,0.000000
1810,1,1810,60.333333,0,21,1003.735474,426.530792,0.100000,0.300000,0.000000
1810,1,1810,60.333333,0,22,1073.736938,436.515594,0.150000,0.300000,0.000000
1810,1,1810,60.333333,0,23,1139.779114,447.809265,0.200000,0.300000,0.000000
1815,1,1815,60.500000,0,2,1028.814575,619.114685,0.150000,0.050000,0.000000
1815,1,1815,60.500000,0,12,929.159485,493.152649,0.050000,0.200000,0.000000
1815,1,1815,60.500000,0,15,1120.458252,520.725769,0.200000,0.200000,0.000000
1815,1,1815,60.500000,0,16,933.796570,452.695618,0.050000,0.250000,0.000000
1815,1,1815,60.500000,0,17,1001.942627,462.118134,0.100000,0.250000,0.000000
1815,1,1815,60.500000,0,18,1067.146484,472.766235,0.150000,0.250000,0.000000
1815,1,1815,60.500000,0,19,1133.267029,482.438660,0.200000,0.250000,0.000000
1815,1,1815,60.500000,0,20,939.073730,410.208771,0.050000,0.300000,0.000000
1815,1,1815,60.500000,0,21,1009.115112,420.371033,0.100000,0.300000,0.000000
1815,1,1815,60.500000,0,22,1076.935669,431.089203,0.150000,0.300000,0.000000
1815,1,1815,60.500000,0,23,1144.700012,440.557831,0.200000,0.300000,0.000000
1820,1,1820,60.666667,0,8,920.554688,526.373291,0.050000,0.150000,0.000000
1820,1,1820,60.666667,0,9,982.440918,536.696045,0.100000,0.150000,0.000000
1820,1,1820,60.666667,0,12,924.689270,488.949005,0.050000,0.200000,0.000000
1820,1,1820,60.666667,0,13,992.131775,498.656036,0.100000,0.200000,0.000000
1820,1,1820,60.666667,0,14,1058.681274,506.773865,0.150000,0.200000,0.000000
1820,1,1820,60.666667,0,15,1120.924805,515.869507,0.200000,0.200000,0.000000
1820,1,1820,60.666667,0,16,932.465210,447.528687,0.050000,0.250000,0.000000
1820,1,1820,60.666667,0,17,1001.465088,458.050262,0.100000,0.250000,0.000000
1820,1,1820,60.666667,0,18,1066.559570,468.039764,0.150000,0.250000,0.000000
1820,1,1820,60.666667,0,19,1134.593567,477.638428,0.200000,0.250000,0.000000
1820,1,1820,60.666667,0,20,941.374084,405.242554,0.050000,0.300000,0.000000
1820,1,1820,60.666667,0,21,1009.342041,416.297150,0.100000,0.300000,0.000000
1820,1,1820,60.666667,0,22,1076.512329,426.715912,0.150000,0.300000,0.000000
1820,1,1820,60.666667,0,23,1146.654480,437.285858,0.200000,0.300000,0.000000
1825,1,1825,60.833333,0,8,919.433533,523.062012,0.050000,0.150000,0.000000
1825,1,1825,60.833333,0,9,985.039795,532.551880,0.100000,0.150000,0.000000
1825,1,1825,60.833333,0,12,924.672424,485.794159,0.050000,0.200000,0.000000
1825,1,1825,60.833333,0,13,991.410767,495.428223,0.100000,0.200000,0.000000
1825,1,1825,60.833333,0,14,1056.314697,503.772095,0.150000,0.200000,0.000000
1825,1,1825,60.833333,0,15,1120.958374,512.302185,0.200000,0.200000,0.000000
1825,1,1825,60.833333,0,16,931.208496,444.842438,0.050000,0.250000,0.000000
1825,1,1825,60.833333,0,17,999.080994,455.441772,0.100000,0.250000,0.000000
1825,1,1825,60.833333,0,18,1065.558472,464.128448,0.150000,0.250000,0.000000
1825,1,1825,60.833333,0,19,1133.538940,474.579773,0.200000,0.250000,0.000000
1825,1,1825,60.833333,0,20,940.529846,402.868988,0.050000,0.300000,0.000000
1825,1,1825,60.833333,0,21,1006.725281,412.189301,0.100000,0.300000,0.000000
1825,1,1825,60.833333,0,22,1078.284485,423.738281,0.150000,0.300000,0.000000
1825,1,1825,60.833333,0,23,1147.297180,434.979797,0.200000,0.300000,0.000000
1830,1,1830,61.000000,0,8,917.634521,516.596252,0.050000,0.150000,0.000000
1830,1,1830,61.000000,0,9,983.055725,524.418396,0.100000,0.150000,0.000000
1830,1,1830,61.000000,0,12,923.277771,477.423035,0.050000,0.200000,0.000000
1830,1,1830,61.000000,0,13,988.363220,486.002380,0.100000,0.200000,0.000000
1830,1,1830,61.000000,0,14,1052.424194,494.974579,0.150000,0.200000,0.000000
1830,1,1830,61.000000,0,15,1119.106689,500.793915,0.200000,0.200000,0.000000
1830,1,1830,61.000000,0,16,927.318848,435.780731,0.050000,0.250000,0.000000
1830,1,1830,61.000000,0,17,994.661072,445.621735,0.100000,0.250000,0.000000
1830,1,1830,61.000000,0,18,1062.632263,452.932983,0.150000,0.250000,0.000000
1830,1,1830,61.000000,0,19,1131.499451,462.536652,0.200000,0.250000,0.000000
1830,1,1830,61.000000,0,20,932.577881,393.137421,0.050000,0.300000,0.000000
1830,1,1830,61.000000,0,21,1003.799927,402.246246,0.100000,0.300000,0.000000
1830,1,1830,61.000000,0,22,1074.720520,411.250732,0.150000,0.300000,0.000000
1830,1,1830,61.000000,0,23,1142.961304,420.798035,0.200000,0.300000,0.000000
1835,1,1835,61.166667,0,4,911.173523,554.681763,0.050000,0.100000,0.000000
1835,1,1835,61.166667,0,8,915.849243,516.944458,0.050000,0.150000,0.000000
1835,1,1835,61.166667,0,9,981.847168,526.778442,0.100000,0.150000,0.000000
1835,1,1835,61.166667,0,12,924.477844,478.833710,0.050000,0.200000,0.000000
1835,1,1835,61.166667,0,13,987.980347,488.479065,0.100000,0.200000,0.000000
1835,1,1835,61.166667,0,14,1052.602600,496.453766,0.150000,0.200000,0.000000
1835,1,1835,61.166667,0,15,1118.969604,503.848480,0.200000,0.200000,0.000000
1835,1,1835,61.166667,0,16,926.530457,438.447937,0.050000,0.250000,0.000000
1835,1,1835,61.166667,0,17,996.475586,447.520721,0.100000,0.250000,0.000000
1835,1,1835,61.166667,0,18,1061.687317,455.717529,0.150000,0.250000,0.000000
1835,1,1835,61.166667,0,19,1130.784790,464.895416,0.200000,0.250000,0.000000
1835,1,1835,61.166667,0,20,933.367004,394.846008,0.050000,0.300000,0.000000
1835,1,1835,61.166667,0,21,1002.085083,404.607239,0.100000,0.300000,0.000000
1835,1,1835,61.166667,0,22,1071.736328,414.483276,0.150000,0.300000,0.000000
1835,1,1835,61.166667,0,23,1142.245361,423.762238,0.200000,0.300000,0.000000
1840,1,1840,61.333333,0,10,1045.431824,539.100586,0.150000,0.150000,0.000000
1840,1,1840,61.333333,0,11,1109.201965,547.994324,0.200000,0.150000,0.000000
1840,1,1840,61.333333,0,12,921.932373,485.393066,0.050000,0.200000,0.000000
1840,1,1840,61.333333,0,13,988.655884,493.650452,0.100000,0.200000,0.000000
1840,1,1840,61.333333,0,16,928.505798,444.199341,0.050000,0.250000,0.000000
1840,1,1840,61.333333,0,17,997.942688,454.148376,0.100000,0.250000,0.000000
1840,1,1840,61.333333,0,20,932.750427,402.824341,0.050000,0.300000,0.000000
1840,1,1840,61.333333,0,21,1005.201904,412.617981,0.100000,0.300000,0.000000
1840,1,1840,61.333333,0,22,1073.743042,422.279510,0.150000,0.300000,0.000000
1840,1,1840,61.333333,0,23,1144.789490,432.315765,0.200000,0.300000,0.000000
1845,1,1845,61.500000,0,9,980.863220,534.413574,0.100000,0.150000,0.000000
1845,1,1845,61.500000,0,13,987.170410,495.781342,0.100000,0.200000,0.000000
1845,1,1845,61.500000,0,14,1054.118225,503.271820,0.150000,0.200000,0.000000
1845,1,1845,61.500000,0,15,1118.197144,511.035706,0.200000,0.200000,0.000000
1845,1,1845,61.500000,0,16,925.308350,445.445587,0.050000,0.250000,0.000000
1845,1,1845,61.500000,0,17,993.544922,455.262024,0.100000,0.250000,0.000000
1845,1,1845,61.500000,0,18,1061.859985,463.157928,0.150000,0.250000,0.000000
1845,1,1845,61.500000,0,19,1131.546631,471.767853,0.200000,0.250000,0.000000
1845,1,1845,61.500000,0,20,932.502014,402.279022,0.050000,0.300000,0.000000
1845,1,1845,61.500000,0,21,1001.582703,411.724884,0.100000,0.300000,0.000000
1845,1,1845,61.500000,0,22,1070.734741,421.606506,0.150000,0.300000,0.000000
1845,1,1845,61.500000,0,23,1141.748535,430.151672,0.200000,0.300000,0.000000
1850,1,1850,61.666667,0,18,1048.093140,464.122375,0.150000,0.250000,0.000000
1850,1,1850,61.666667,0,22,1057.227661,421.319000,0.150000,0.300000,0.000000
1855,1,1855,61.833333,0,2,1004.289307,611.463928,0.150000,0.050000,0.000000
1855,1,1855,61.833333,0,4,885.519897,563.459839,0.050000,0.100000,0.000000
1855,1,1855,61.833333,0,5,948.823120,571.507385,0.100000,0.100000,0.000000
1855,1,1855,61.833333,0,6,1010.729797,577.588684,0.150000,0.100000,0.000000
1855,1,1855,61.833333,0,8,888.883911,525.941589,0.050000,0.150000,0.000000
1855,1,1855,61.833333,0,9,953.300049,534.556519,0.100000,0.150000,0.000000
1855,1,1855,61.833333,0,10,1019.366760,540.032104,0.150000,0.150000,0.000000
1855,1,1855,61.833333,0,11,1084.431152,546.805847,0.200000,0.150000,0.000000
1855,1,1855,61.833333,0,12,894.002563,486.522308,0.050000,0.200000,0.000000
1855,1,1855,61.833333,0,13,961.247742,495.098907,0.100000,0.200000,0.000000
1855,1,1855,61.833333,0,14,1026.635803,501.848206,0.150000,0.200000,0.000000
1855,1,1855,61.833333,0,15,1092.948669,507.734436,0.200000,0.200000,0.000000
1855,1,1855,61.833333,0,16,897.311462,444.649353,0.050000,0.250000,0.000000
1855,1,1855,61.833333,0,17,967.737061,452.728088,0.100000,0.250000,0.000000
1855,1,1855,61.833333,0,18,1035.575928,460.129639,0.150000,0.250000,0.000000
1855,1,1855,61.833333,0,19,1105.808655,468.134308,0.200000,0.250000,0.000000
1855,1,1855,61.833333,0,20,900.708374,400.529419,0.050000,0.300000,0.000000
1855,1,1855,61.833333,0,21,973.657410,408.778015,0.100000,0.300000,0.000000
1855,1,1855,61.833333,0,22,1044.943359,417.192322,0.150000,0.300000,0.000000
1855,1,1855,61.833333,0,23,1115.069153,425.345581,0.200000,0.300000,0.000000
1860,1,1860,62.000000,0,2,998.478760,609.958252,0.150000,0.050000,0.000000
1860,1,1860,62.000000,0,5,939.648132,569.772583,0.100000,0.100000,0.000000
1860,1,1860,62.000000,0,6,1003.253540,573.983704,0.150000,0.100000,0.000000
1860,1,1860,62.000000,0,8,877.956543,524.720764,0.050000,0.150000,0.000000
1860,1,1860,62.000000,0,9,942.781372,532.467590,0.100000,0.150000,0.000000
1860,1,1860,62.000000,0,10,1009.965149,536.338928,0.150000,0.150000,0.000000
1860,1,1860,62.000000,0,11,1073.853516,541.519287,0.200000,0.150000,0.000000
1860,1,1860,62.000000,0,12,878.924805,485.697784,0.050000,0.200000,0.000000
1860,1,1860,62.000000,0,13,948.507141,491.254272,0.100000,0.200000,0.000000
1860,1,1860,62.000000,0,14,1015.921753,497.044373,0.150000,0.200000,0.000000
1860,1,1860,62.000000,0,15,1083.303833,502.066589,0.200000,0.200000,0.000000
1860,1,1860,62.000000,0,16,883.740479,442.075928,0.050000,0.250000,0.000000
1860,1,1860,62.000000,0,17,953.999695,448.350067,0.100000,0.250000,0.000000
1860,1,1860,62.000000,0,18,1022.769653,454.838287,0.150000,0.250000,0.000000
1860,1,1860,62.000000,0,19,1091.878235,460.992767,0.200000,0.250000,0.000000
1860,1,1860,62.000000,0,20,885.777832,397.013458,0.050000,0.300000,0.000000
1860,1,1860,62.000000,0,21,958.918518,404.237091,0.100000,0.300000,0.000000
1865,1,1865,62.166667,0,15,1067.083740,493.294220,0.200000,0.200000,0.000000
1865,1,1865,62.166667,0,16,863.848755,455.040863,0.050000,0.250000,0.000000
1865,1,1865,62.166667,0,17,934.522766,451.849518,0.100000,0.250000,0.000000
1865,1,1865,62.166667,0,18,1003.166382,448.147644,0.150000,0.250000,0.000000
1865,1,1865,62.166667,0,19,1069.745056,444.850098,0.200000,0.250000,0.000000
1865,1,1865,62.166667,0,20,863.673340,403.425659,0.050000,0.300000,0.000000
1865,1,1865,62.166667,0,21,935.455994,399.514099,0.100000,0.300000,0.000000
1870,1,1870,62.333333,0,2,983.516785,649.486877,0.150000,0.050000,0.000000
1870,1,1870,62.333333,0,6,981.587769,599.684631,0.150000,0.100000,0.000000
1870,1,1870,62.333333,0,11,1039.902710,537.606750,0.200000,0.150000,0.000000
1870,1,1870,62.333333,0,15,1037.955261,484.802490,0.200000,0.200000,0.000000
1870,1,1870,62.333333,0,18,971.640381,442.547882,0.150000,0.250000,0.000000
1870,1,1870,62.333333,0,19,1035.613464,433.526611,0.200000,0.250000,0.000000
1870,1,1870,62.333333,0,20,832.699585,408.880219,0.050000,0.300000,0.000000
1870,1,1870,62.333333,0,21,902.451477,397.487427,0.100000,0.300000,0.000000
1875,1,1875,62.500000,0,1,896.041565,672.110962,0.100000,0.050000,0.000000
1880,1,1880,62.666667,0,0,825.830322,699.771484,0.050000,0.050000,0.000000
1880,1,1880,62.666667,0,1,886.716919,679.803589,0.100000,0.050000,0.000000
1880,1,1880,62.666667,0,2,944.287476,659.548096,0.150000,0.050000,0.000000
1880,1,1880,62.666667,0,3,999.369629,638.580200,0.200000,0.050000,0.000000
1880,1,1880,62.666667,0,6,936.999268,608.417480,0.150000,0.100000,0.000000
1880,1,1880,62.666667,0,7,992.777771,586.500366,0.200000,0.100000,0.000000
1880,1,1880,62.666667,0,10,928.708862,554.301636,0.150000,0.150000,0.000000
1880,1,1880,62.666667,0,11,988.707886,534.347778,0.200000,0.150000,0.000000
1880,1,1880,62.666667,0,12,797.948242,539.635742,0.050000,0.200000,0.000000
1880,1,1880,62.666667,0,13,859.226318,519.901123,0.100000,0.200000,0.000000
1880,1,1880,62.666667,0,14,922.528442,500.069977,0.150000,0.200000,0.000000
1880,1,1880,62.666667,0,15,982.394226,480.375031,0.200000,0.200000,0.000000
1880,1,1880,62.666667,0,16,786.218872,482.242523,0.050000,0.250000,0.000000
1880,1,1880,62.666667,0,17,852.273071,462.130249,0.100000,0.250000,0.000000
1880,1,1880,62.666667,0,18,914.709106,443.193390,0.150000,0.250000,0.000000
1880,1,1880,62.666667,0,19,976.844666,423.458130,0.200000,0.250000,0.000000
1880,1,1880,62.666667,0,20,775.857910,422.765900,0.050000,0.300000,0.000000
1880,1,1880,62.666667,0,21,841.519897,402.506927,0.100000,0.300000,0.000000
1880,1,1880,62.666667,0,22,908.240295,382.271667,0.150000,0.300000,0.000000
1880,1,1880,62.666667,0,23,969.723816,364.512146,0.200000,0.300000,0.000000
1885,1,1885,62.833333,0,0,813.804077,709.723999,0.050000,0.050000,0.000000
1885,1,1885,62.833333,0,1,874.369507,689.514954,0.100000,0.050000,0.000000
1885,1,1885,62.833333,0,2,930.777222,666.774414,0.150000,0.050000,0.000000
1885,1,1885,62.833333,0,3,986.638123,644.484314,0.200000,0.050000,0.000000
1885,1,1885,62.833333,0,4,804.481689,658.593201,0.050000,0.100000,0.000000
1885,1,1885,62.833333,0,5,865.698242,637.141541,0.100000,0.100000,0.000000
1885,1,1885,62.833333,0,6,924.014526,615.603760,0.150000,0.100000,0.000000
1885,1,1885,62.833333,0,7,980.163757,593.475159,0.200000,0.100000,0.000000
1885,1,1885,62.833333,0,8,792.799683,603.455688,0.050000,0.150000,0.000000
1885,1,1885,62.833333,0,9,857.801392,581.813721,0.100000,0.150000,0.000000
1885,1,1885,62.833333,0,10,915.666504,561.643860,0.150000,0.150000,0.000000
1885,1,1885,62.833333,0,11,975.068604,540.095337,0.200000,0.150000,0.000000
1885,1,1885,62.833333,0,12,784.075073,548.723816,0.050000,0.200000,0.000000
1885,1,1885,62.833333,0,13,848.757812,527.767700,0.100000,0.200000,0.000000
1885,1,1885,62.833333,0,14,909.404358,504.896301,0.150000,0.200000,0.000000
1885,1,1885,62.833333,0,15,968.281311,485.751099,0.200000,0.200000,0.000000
1885,1,1885,62.833333,0,16,772.283203,488.894531,0.050000,0.250000,0.000000
1885,1,1885,62.833333,0,17,838.663818,468.121613,0.100000,0.250000,0.000000
1885,1,1885,62.833333,0,18,899.722229,447.997101,0.150000,0.250000,0.000000
1885,1,1885,62.833333,0,19,961.808350,428.034882,0.200000,0.250000,0.000000
1885,1,1885,62.833333,0,20,761.952271,429.594147,0.050000,0.300000,0.000000
1885,1,1885,62.833333,0,21,827.771362,408.148010,0.100000,0.300000,0.000000
1885,1,1885,62.833333,0,22,893.085693,387.526672,0.150000,0.300000,0.000000
1885,1,1885,62.833333,0,23,955.981934,369.723267,0.200000,0.300000,0.000000
1890,1,1890,63.000000,0,0,813.530151,717.285461,0.050000,0.050000,0.000000
1890,1,1890,63.000000,0,1,872.379639,695.425781,0.100000,0.050000,0.000000
1890,1,1890,63.000000,0,2,929.694458,673.567261,0.150000,0.050000,0.000000
1890,1,1890,63.000000,0,3,985.252136,650.211670,0.200000,0.050000,0.000000
1890,1,1890,63.000000,0,6,922.502747,622.248169,0.150000,0.100000,0.000000
1890,1,1890,63.000000,0,7,979.567871,600.687988,0.200000,0.100000,0.000000
1890,1,1890,63.000000,0,10,915.872986,570.039429,0.150000,0.150000,0.000000
1890,1,1890,63.000000,0,11,973.647766,547.513977,0.200000,0.150000,0.000000
1890,1,1890,63.000000,0,12,782.935181,556.931946,0.050000,0.200000,0.000000
1890,1,1890,63.000000,0,13,847.262573,536.122009,0.100000,0.200000,0.000000
1890,1,1890,63.000000,0,14,907.425659,514.234924,0.150000,0.200000,0.000000
1890,1,1890,63.000000,0,15,966.805359,493.483917,0.200000,0.200000,0.000000
1890,1,1890,63.000000,0,16,773.238281,499.757599,0.050000,0.250000,0.000000
1890,1,1890,63.000000,0,17,836.358643,479.150757,0.100000,0.250000,0.000000
1890,1,1890,63.000000,0,18,899.648987,457.509186,0.150000,0.250000,0.000000
1890,1,1890,63.000000,0,19,960.735229,437.662994,0.200000,0.250000,0.000000
1890,1,1890,63.000000,0,20,760.830322,439.276245,0.050000,0.300000,0.000000
1890,1,1890,63.000000,0,21,826.272705,418.076080,0.100000,0.300000,0.000000
1890,1,1890,63.000000,0,22,891.809814,397.739807,0.150000,0.300000,0.000000
1890,1,1890,63.000000,0,23,954.709351,378.667236,0.200000,0.300000,0.000000
1895,1,1895,63.166667,0,0,807.899414,717.200562,0.050000,0.050000,0.000000
1895,1,1895,63.166667,0,1,870.794556,696.741272,0.100000,0.050000,0.000000
1895,1,1895,63.166667,0,2,927.385193,675.250244,0.150000,0.050000,0.000000
1895,1,1895,63.166667,0,4,801.180664,667.317627,0.050000,0.100000,0.000000
1895,1,1895,63.166667,0,5,863.272705,646.299377,0.100000,0.100000,0.000000
1895,1,1895,63.166667,0,6,921.196838,624.508301,0.150000,0.100000,0.000000
1895,1,1895,63.166667,0,8,790.509277,613.171021,0.050000,0.150000,0.000000
1895,1,1895,63.166667,0,9,855.083862,591.722473,0.100000,0.150000,0.000000
1895,1,1895,63.166667,0,10,914.161377,571.219971,0.150000,0.150000,0.000000
1895,1,1895,63.166667,0,11,973.283813,550.006958,0.200000,0.150000,0.000000
1895,1,1895,63.166667,0,12,782.525513,557.903503,0.050000,0.200000,0.000000
1895,1,1895,63.166667,0,13,845.880005,537.083252,0.100000,0.200000,0.000000
1895,1,1895,63.166667,0,14,907.802307,515.711304,0.150000,0.200000,0.000000
1895,1,1895,63.166667,0,15,967.203003,495.923157,0.200000,0.200000,0.000000
1895,1,1895,63.166667,0,16,774.054565,500.466492,0.050000,0.250000,0.000000
1895,1,1895,63.166667,0,17,837.719116,478.342468,0.100000,0.250000,0.000000
1895,1,1895,63.166667,0,18,900.713623,459.341522,0.150000,0.250000,0.000000
1895,1,1895,63.166667,0,19,961.631531,439.303375,0.200000,0.250000,0.000000
1895,1,1895,63.166667,0,20,761.673218,439.820038,0.050000,0.300000,0.000000
1895,1,1895,63.166667,0,21,828.462402,418.868347,0.100000,0.300000,0.000000
1895,1,1895,63.166667,0,22,892.822266,399.792877,0.150000,0.300000,0.000000
1895,1,1895,63.166667,0,23,955.723328,380.501862,0.200000,0.300000,0.000000
1900,1,1900,63.333333,0,0,811.196899,715.017700,0.050000,0.050000,0.000000
1900,1,1900,63.333333,0,1,871.842285,693.664001,0.100000,0.050000,0.000000
1900,1,1900,63.333333,0,2,929.707458,671.151245,0.150000,0.050000,0.000000
1900,1,1900,63.333333,0,3,984.884155,647.193787,0.200000,0.050000,0.000000
1900,1,1900,63.333333,0,4,803.199219,662.807556,0.050000,0.100000,0.000000
1900,1,1900,63.333333,0,5,862.788208,641.683167,0.100000,0.100000,0.000000
1900,1,1900,63.333333,0,6,922.146362,619.202393,0.150000,0.100000,0.000000
1900,1,1900,63.333333,0,7,978.656616,597.567505,0.200000,0.100000,0.000000
1900,1,1900,63.333333,0,8,792.693237,609.952026,0.050000,0.150000,0.000000
1900,1,1900,63.333333,0,9,854.597412,588.413635,0.100000,0.150000,0.000000
1900,1,1900,63.333333,0,10,913.380005,566.205505,0.150000,0.150000,0.000000
1900,1,1900,63.333333,0,11,972.754333,544.313049,0.200000,0.150000,0.000000
1900,1,1900,63.333333,0,12,782.426880,553.879944,0.050000,0.200000,0.000000
1900,1,1900,63.333333,0,13,845.110962,532.784363,0.100000,0.200000,0.000000
1900,1,1900,63.333333,0,14,905.942078,511.644196,0.150000,0.200000,0.000000
1900,1,1900,63.333333,0,15,966.499756,490.756927,0.200000,0.200000,0.000000
1900,1,1900,63.333333,0,16,769.821899,495.736755,0.050000,0.250000,0.000000
1900,1,1900,63.333333,0,17,836.180176,473.777557,0.100000,0.250000,0.000000
1900,1,1900,63.333333,0,18,896.850281,453.181335,0.150000,0.250000,0.000000
1900,1,1900,63.333333,0,19,959.880920,432.816650,0.200000,0.250000,0.000000
1900,1,1900,63.333333,0,20,759.216309,435.563629,0.050000,0.300000,0.000000
1900,1,1900,63.333333,0,21,825.591309,414.641785,0.100000,0.300000,0.000000
1900,1,1900,63.333333,0,22,890.417236,393.539642,0.150000,0.300000,0.000000
1900,1,1900,63.333333,0,23,954.164551,375.150757,0.200000,0.300000,0.000000
1905,1,1905,63.500000,0,3,981.863586,661.822815,0.200000,0.050000,0.000000
1905,1,1905,63.500000,0,15,948.528259,501.370544,0.200000,0.200000,0.000000
1915,1,1915,63.833333,0,1,847.074829,786.935669,0.100000,0.050000,0.000000
1915,1,1915,63.833333,0,2,902.198364,754.375366,0.150000,0.050000,0.000000
1915,1,1915,63.833333,0,3,955.772583,723.075989,0.200000,0.050000,0.000000
1915,1,1915,63.833333,0,5,826.670654,729.340820,0.100000,0.100000,0.000000
1915,1,1915,63.833333,0,8,743.963135,702.288269,0.050000,0.150000,0.000000
1915,1,1915,63.833333,0,9,803.982788,671.218567,0.100000,0.150000,0.000000
1915,1,1915,63.833333,0,12,720.238892,642.133545,0.050000,0.200000,0.000000
1915,1,1915,63.833333,0,13,780.856934,611.147644,0.100000,0.200000,0.000000
1915,1,1915,63.833333,0,14,840.508423,581.453491,0.150000,0.200000,0.000000
1915,1,1915,63.833333,0,15,897.923279,552.239502,0.200000,0.200000,0.000000
1915,1,1915,63.833333,0,16,697.029907,580.170959,0.050000,0.250000,0.000000
1915,1,1915,63.833333,0,17,758.622681,550.139160,0.100000,0.250000,0.000000
1915,1,1915,63.833333,0,18,819.102661,520.904114,0.150000,0.250000,0.000000
1915,1,1915,63.833333,0,19,877.404907,491.953247,0.200000,0.250000,0.000000
1915,1,1915,63.833333,0,20,671.104736,516.996277,0.050000,0.300000,0.000000
1915,1,1915,63.833333,0,21,735.548706,487.277069,0.100000,0.300000,0.000000
1915,1,1915,63.833333,0,22,796.876587,458.308533,0.150000,0.300000,0.000000
1915,1,1915,63.833333,0,23,858.614868,431.385712,0.200000,0.300000,0.000000
1920,1,1920,64.000000,0,0,777.361938,826.972412,0.050000,0.050000,0.000000
1920,1,1920,64.000000,0,1,837.456299,794.937195,0.100000,0.050000,0.000000
1920,1,1920,64.000000,0,2,893.721558,763.012085,0.150000,0.050000,0.000000
1920,1,1920,64.000000,0,3,947.816650,731.704651,0.200000,0.050000,0.000000
1920,1,1920,64.000000,0,4,753.004517,766.784363,0.050000,0.100000,0.000000
1920,1,1920,64.000000,0,5,813.892700,734.990417,0.100000,0.100000,0.000000
1920,1,1920,64.000000,0,6,870.707031,703.555847,0.150000,0.100000,0.000000
1920,1,1920,64.000000,0,7,925.595337,673.301697,0.200000,0.100000,0.000000
1920,1,1920,64.000000,0,8,727.360596,704.869751,0.050000,0.150000,0.000000
1920,1,1920,64.000000,0,9,789.008423,673.944153,0.100000,0.150000,0.000000
1920,1,1920,64.000000,0,10,847.921753,643.384460,0.150000,0.150000,0.000000
1920,1,1920,64.000000,0,11,903.929077,613.692810,0.200000,0.150000,0.000000
1920,1,1920,64.000000,0,12,701.991089,642.050232,0.050000,0.200000,0.000000
1920,1,1920,64.000000,0,13,763.685547,611.612671,0.100000,0.200000,0.000000
1920,1,1920,64.000000,0,14,823.676758,582.108459,0.150000,0.200000,0.000000
1920,1,1920,64.000000,0,15,881.782837,553.263000,0.200000,0.200000,0.000000
1920,1,1920,64.000000,0,16,675.790649,577.891052,0.050000,0.250000,0.000000
1920,1,1920,64.000000,0,17,738.513184,548.363098,0.100000,0.250000,0.000000
1920,1,1920,64.000000,0,18,799.258911,519.696655,0.150000,0.250000,0.000000
1920,1,1920,64.000000,0,19,858.056641,491.581909,0.200000,0.250000,0.000000
1920,1,1920,64.000000,0,20,648.243774,513.003540,0.050000,0.300000,0.000000
1920,1,1920,64.000000,0,21,712.519531,483.906158,0.100000,0.300000,0.000000
1920,1,1920,64.000000,0,22,774.251709,456.140594,0.150000,0.300000,0.000000
1920,1,1920,64.000000,0,23,834.297607,428.402802,0.200000,0.300000,0.000000
1925,1,1925,64.166667,0,0,768.115234,838.155640,0.050000,0.050000,0.000000
1925,1,1925,64.166667,0,1,829.028687,805.731079,0.100000,0.050000,0.000000
1925,1,1925,64.166667,0,2,887.172974,773.411926,0.150000,0.050000,0.000000
1925,1,1925,64.166667,0,3,940.366211,742.306458,0.200000,0.050000,0.000000
1925,1,1925,64.166667,0,6,862.837280,713.086304,0.150000,0.100000,0.000000
1925,1,1925,64.166667,0,7,918.043213,683.164490,0.200000,0.100000,0.000000
1925,1,1925,64.166667,0,10,838.422607,652.198242,0.150000,0.150000,0.000000
1925,1,1925,64.166667,0,11,895.362427,623.186035,0.200000,0.150000,0.000000
1925,1,1925,64.166667,0,12,691.340332,650.984802,0.050000,0.200000,0.000000
1925,1,1925,64.166667,0,13,754.074829,620.045166,0.100000,0.200000,0.000000
1925,1,1925,64.166667,0,14,814.433228,590.372559,0.150000,0.200000,0.000000
1925,1,1925,64.166667,0,15,873.415649,561.916504,0.200000,0.200000,0.000000
1925,1,1925,64.166667,0,16,664.465820,585.946106,0.050000,0.250000,0.000000
1925,1,1925,64.166667,0,17,727.996582,556.522949,0.100000,0.250000,0.000000
1925,1,1925,64.166667,0,18,789.112061,527.526917,0.150000,0.250000,0.000000
1925,1,1925,64.166667,0,19,849.007812,499.578064,0.200000,0.250000,0.000000
1925,1,1925,64.166667,0,20,637.001343,520.933044,0.050000,0.300000,0.000000
1925,1,1925,64.166667,0,21,701.999634,490.966919,0.100000,0.300000,0.000000
1925,1,1925,64.166667,0,22,764.711060,463.201172,0.150000,0.300000,0.000000
1925,1,1925,64.166667,0,23,824.817749,436.071320,0.200000,0.300000,0.000000
1930,1,1930,64.333333,0,0,758.094604,850.637634,0.050000,0.050000,0.000000
1930,1,1930,64.333333,0,1,819.447754,817.699951,0.100000,0.050000,0.000000
1930,1,1930,64.333333,0,2,877.531616,785.408936,0.150000,0.050000,0.000000
1930,1,1930,64.333333,0,3,931.558716,754.082764,0.200000,0.050000,0.000000
1930,1,1930,64.333333,0,4,733.036499,789.139282,0.050000,0.100000,0.000000
1930,1,1930,64.333333,0,5,794.716675,756.865295,0.100000,0.100000,0.000000
1930,1,1930,64.333333,0,6,852.622925,725.310242,0.150000,0.100000,0.000000
1930,1,1930,64.333333,0,7,909.814270,694.839722,0.200000,0.100000,0.000000
1930,1,1930,64.333333,0,8,706.950806,726.378906,0.050000,0.150000,0.000000
1930,1,1930,64.333333,0,9,769.173096,694.817078,0.100000,0.150000,0.000000
1930,1,1930,64.333333,0,10,828.398682,663.941101,0.150000,0.150000,0.000000
1930,1,1930,64.333333,0,11,885.419678,634.388184,0.200000,0.150000,0.000000
1930,1,1930,64.333333,0,12,680.252808,662.411377,0.050000,0.200000,0.000000
1930,1,1930,64.333333,0,13,743.167358,631.381531,0.100000,0.200000,0.000000
1930,1,1930,64.333333,0,14,803.737061,601.730408,0.150000,0.200000,0.000000
1930,1,1930,64.333333,0,15,861.251587,572.924927,0.200000,0.200000,0.000000
1930,1,1930,64.333333,0,16,653.144775,597.334106,0.050000,0.250000,0.000000
1930,1,1930,64.333333,0,17,717.051270,567.941650,0.100000,0.250000,0.000000
1930,1,1930,64.333333,0,18,778.752075,538.672546,0.150000,0.250000,0.000000
1930,1,1930,64.333333,0,19,838.215820,510.783508,0.200000,0.250000,0.000000
1930,1,1930,64.333333,0,20,625.386108,531.537598,0.050000,0.300000,0.000000
1930,1,1930,64.333333,0,21,690.243408,502.626190,0.100000,0.300000,0.000000
1930,1,1930,64.333333,0,22,753.186401,474.390900,0.150000,0.300000,0.000000
1930,1,1930,64.333333,0,23,813.956909,447.270325,0.200000,0.300000,0.000000
1935,1,1935,64.500000,0,0,753.283936,860.609192,0.050000,0.050000,0.000000
1935,1,1935,64.500000,0,1,814.039429,827.787842,0.100000,0.050000,0.000000
1935,1,1935,64.500000,0,2,871.706909,794.450195,0.150000,0.050000,0.000000
1935,1,1935,64.500000,0,3,926.099854,762.653870,0.200000,0.050000,0.000000
1935,1,1935,64.500000,0,4,726.615112,799.519958,0.050000,0.100000,0.000000
1935,1,1935,64.500000,0,5,788.060425,766.451355,0.100000,0.100000,0.000000
1935,1,1935,64.500000,0,6,846.298950,734.590637,0.150000,0.100000,0.000000
1935,1,1935,64.500000,0,7,902.380615,703.439941,0.200000,0.100000,0.000000
1935,1,1935,64.500000,0,8,699.889526,736.303040,0.050000,0.150000,0.000000
1935,1,1935,64.500000,0,9,762.267578,704.574219,0.100000,0.150000,0.000000
1935,1,1935,64.500000,0,10,820.793701,673.405640,0.150000,0.150000,0.000000
1935,1,1935,64.500000,0,11,878.242554,643.256897,0.200000,0.150000,0.000000
1935,1,1935,64.500000,0,12,672.982422,672.566406,0.050000,0.200000,0.000000
1935,1,1935,64.500000,0,13,735.590820,641.505188,0.100000,0.200000,0.000000
1935,1,1935,64.500000,0,14,795.860962,611.393066,0.150000,0.200000,0.000000
1935,1,1935,64.500000,0,15,854.831177,581.732910,0.200000,0.200000,0.000000
1935,1,1935,64.500000,0,16,644.825317,607.893799,0.050000,0.250000,0.000000
1935,1,1935,64.500000,0,17,708.678711,577.324219,0.100000,0.250000,0.000000
1935,1,1935,64.500000,0,18,769.760376,548.117615,0.150000,0.250000,0.000000
1935,1,1935,64.500000,0,19,828.959595,519.899109,0.200000,0.250000,0.000000
1935,1,1935,64.500000,0,20,616.441284,542.334717,0.050000,0.300000,0.000000
1935,1,1935,64.500000,0,21,681.307251,512.745239,0.100000,0.300000,0.000000
1935,1,1935,64.500000,0,22,744.062500,484.138428,0.150000,0.300000,0.000000
1935,1,1935,64.500000,0,23,803.980591,456.481171,0.200000,0.300000,0.000000
1940,1,1940,64.666667,0,0,750.381226,862.210388,0.050000,0.050000,0.000000
1940,1,1940,64.666667,0,1,811.469604,828.982239,0.100000,0.050000,0.000000
1940,1,1940,64.666667,0,2,870.440918,796.158142,0.150000,0.050000,0.000000
1940,1,1940,64.666667,0,3,923.912964,763.741455,0.200000,0.050000,0.000000
1940,1,1940,64.666667,0,4,724.238525,800.796814,0.050000,0.100000,0.000000
1940,1,1940,64.666667,0,5,785.454346,767.738342,0.100000,0.100000,0.000000
1940,1,1940,64.666667,0,6,843.935303,735.963257,0.150000,0.100000,0.000000
1940,1,1940,64.666667,0,7,900.326660,704.745972,0.200000,0.100000,0.000000
1940,1,1940,64.666667,0,8,697.403809,737.888611,0.050000,0.150000,0.000000
1940,1,1940,64.666667,0,9,759.689941,705.904541,0.100000,0.150000,0.000000
1940,1,1940,64.666667,0,10,818.717896,674.582214,0.150000,0.150000,0.000000
1940,1,1940,64.666667,0,11,876.135254,644.135681,0.200000,0.150000,0.000000
1940,1,1940,64.666667,0,12,669.712524,674.704712,0.050000,0.200000,0.000000
1940,1,1940,64.666667,0,13,732.828369,642.769043,0.100000,0.200000,0.000000
1940,1,1940,64.666667,0,14,793.311646,612.580627,0.150000,0.200000,0.000000
1940,1,1940,64.666667,0,15,852.007935,583.163574,0.200000,0.200000,0.000000
1940,1,1940,64.666667,0,16,641.713135,609.618835,0.050000,0.250000,0.000000
1940,1,1940,64.666667,0,17,705.627808,579.037842,0.100000,0.250000,0.000000
1940,1,1940,64.666667,0,18,767.093506,549.611389,0.150000,0.250000,0.000000
1940,1,1940,64.666667,0,19,826.672852,520.962402,0.200000,0.250000,0.000000
1940,1,1940,64.666667,0,20,613.101074,543.792969,0.050000,0.300000,0.000000
1940,1,1940,64.666667,0,21,678.160400,514.073181,0.100000,0.300000,0.000000
1940,1,1940,64.666667,0,22,741.154053,485.511078,0.150000,0.300000,0.000000
1940,1,1940,64.666667,0,23,801.448730,457.631134,0.200000,0.300000,0.000000
1945,1,1945,64.833333,0,2,856.989746,783.453735,0.150000,0.050000,0.000000
1945,1,1945,64.833333,0,3,913.408813,754.461487,0.200000,0.050000,0.000000
1945,1,1945,64.833333,0,6,836.724731,722.930603,0.150000,0.100000,0.000000
1945,1,1945,64.833333,0,7,895.262817,695.020508,0.200000,0.100000,0.000000
1945,1,1945,64.833333,0,11,874.667847,635.043701,0.200000,0.150000,0.000000
1945,1,1945,64.833333,0,12,666.928345,656.135925,0.050000,0.200000,0.000000
1945,1,1945,64.833333,0,15,855.138550,573.289795,0.200000,0.200000,0.000000
1945,1,1945,64.833333,0,16,643.069824,590.255371,0.050000,0.250000,0.000000
1945,1,1945,64.833333,0,17,708.531128,563.719421,0.100000,0.250000,0.000000
1945,1,1945,64.833333,0,18,772.296387,536.669250,0.150000,0.250000,0.000000
1945,1,1945,64.833333,0,19,833.530273,511.532074,0.200000,0.250000,0.000000
1945,1,1945,64.833333,0,20,618.181763,525.407043,0.050000,0.300000,0.000000
1945,1,1945,64.833333,0,21,685.726685,497.286621,0.100000,0.300000,0.000000
1960,1,1960,65.333333,0,12,743.192505,510.643127,0.050000,0.200000,0.000000
1960,1,1960,65.333333,0,15,941.361694,457.077179,0.200000,0.200000,0.000000
1960,1,1960,65.333333,0,16,728.431885,459.230072,0.050000,0.250000,0.000000
1960,1,1960,65.333333,0,17,798.687012,440.779358,0.100000,0.250000,0.000000
1960,1,1960,65.333333,0,18,865.675537,422.484558,0.150000,0.250000,0.000000
1960,1,1960,65.333333,0,19,933.111206,406.061066,0.200000,0.250000,0.000000
1960,1,1960,65.333333,0,20,715.386963,404.733704,0.050000,0.300000,0.000000
1960,1,1960,65.333333,0,21,785.106567,385.010681,0.100000,0.300000,0.000000
1960,1,1960,65.333333,0,22,857.230347,367.837738,0.150000,0.300000,0.000000
1960,1,1960,65.333333,0,23,927.827576,350.405151,0.200000,0.300000,0.000000
1965,1,1965,65.500000,0,12,761.831543,493.621674,0.050000,0.200000,0.000000
1965,1,1965,65.500000,0,15,957.236755,443.109070,0.200000,0.200000,0.000000
1965,1,1965,65.500000,0,16,750.572998,445.347107,0.050000,0.250000,0.000000
1965,1,1965,65.500000,0,17,820.588989,428.050415,0.100000,0.250000,0.000000
1965,1,1965,65.500000,0,18,888.622314,412.659515,0.150000,0.250000,0.000000
1965,1,1965,65.500000,0,19,953.692078,395.118347,0.200000,0.250000,0.000000
1965,1,1965,65.500000,0,20,741.378296,394.497772,0.050000,0.300000,0.000000
1965,1,1965,65.500000,0,21,810.763306,378.111847,0.100000,0.300000,0.000000
1965,1,1965,65.500000,0,22,880.451904,360.827332,0.150000,0.300000,0.000000
1965,1,1965,65.500000,0,23,949.797180,344.842316,0.200000,0.300000,0.000000
1970,1,1970,65.666667,0,2,914.989868,577.280945,0.150000,0.050000,0.000000
1970,1,1970,65.666667,0,3,973.884827,559.786926,0.200000,0.050000,0.000000
1970,1,1970,65.666667,0,4,788.595459,570.484985,0.050000,0.100000,0.000000
1970,1,1970,65.666667,0,5,850.924194,556.039795,0.100000,0.100000,0.000000
1970,1,1970,65.666667,0,6,911.625488,538.528015,0.150000,0.100000,0.000000
1970,1,1970,65.666667,0,7,970.740906,520.798706,0.200000,0.100000,0.000000
1970,1,1970,65.666667,0,8,780.136230,530.329773,0.050000,0.150000,0.000000
1970,1,1970,65.666667,0,9,845.700439,513.954163,0.100000,0.150000,0.000000
1970,1,1970,65.666667,0,10,907.736694,497.378479,0.150000,0.150000,0.000000
1970,1,1970,65.666667,0,11,968.752441,480.515137,0.200000,0.150000,0.000000
1970,1,1970,65.666667,0,12,772.818726,487.316833,0.050000,0.200000,0.000000
1970,1,1970,65.666667,0,13,835.959106,470.357574,0.100000,0.200000,0.000000
1970,1,1970,65.666667,0,14,902.456482,454.421143,0.150000,0.200000,0.000000
1970,1,1970,65.666667,0,15,965.434265,436.721558,0.200000,0.200000,0.000000
1970,1,1970,65.666667,0,16,762.261719,441.492340,0.050000,0.250000,0.000000
1970,1,1970,65.666667,0,17,831.011963,425.635620,0.100000,0.250000,0.000000
1970,1,1970,65.666667,0,18,896.743469,407.742218,0.150000,0.250000,0.000000
1970,1,1970,65.666667,0,19,963.929993,391.645874,0.200000,0.250000,0.000000
1970,1,1970,65.666667,0,20,753.950073,393.826904,0.050000,0.300000,0.000000
1970,1,1970,65.666667,0,21,823.582275,376.381195,0.100000,0.300000,0.000000
1970,1,1970,65.666667,0,22,893.111572,359.901733,0.150000,0.300000,0.000000
1970,1,1970,65.666667,0,23,961.170349,343.406372,0.200000,0.300000,0.000000
1975,1,1975,65.833333,0,10,915.328796,507.732483,0.150000,0.150000,0.000000
1975,1,1975,65.833333,0,11,979.078918,491.776337,0.200000,0.150000,0.000000
1975,1,1975,65.833333,0,12,786.389038,502.571320,0.050000,0.200000,0.000000
1975,1,1975,65.833333,0,13,850.148315,486.722992,0.100000,0.200000,0.000000
1975,1,1975,65.833333,0,14,915.307922,471.149109,0.150000,0.200000,0.000000
1975,1,1975,65.833333,0,15,978.657593,454.548737,0.200000,0.200000,0.000000
1975,1,1975,65.833333,0,16,779.205322,462.524994,0.050000,0.250000,0.000000
1975,1,1975,65.833333,0,19,979.734802,415.051849,0.200000,0.250000,0.000000
1975,1,1975,65.833333,0,20,773.964966,421.079346,0.050000,0.300000,0.000000
1980,1,1980,66.000000,0,20,779.038208,417.118195,0.050000,0.300000,0.000000
1985,1,1985,66.166667,0,10,923.122498,487.269012,0.150000,0.150000,0.000000
1985,1,1985,66.166667,0,11,984.647522,470.867096,0.200000,0.150000,0.000000
1985,1,1985,66.166667,0,13,853.908081,467.902374,0.100000,0.200000,0.000000
1985,1,1985,66.166667,0,14,920.249512,452.028992,0.150000,0.200000,0.000000
1985,1,1985,66.166667,0,15,982.063232,434.461151,0.200000,0.200000,0.000000
1985,1,1985,66.166667,0,16,783.372314,446.558014,0.050000,0.250000,0.000000
1985,1,1985,66.166667,0,17,852.163574,429.649231,0.100000,0.250000,0.000000
1985,1,1985,66.166667,0,18,917.155334,413.536530,0.150000,0.250000,0.000000
1985,1,1985,66.166667,0,19,984.462952,396.881042,0.200000,0.250000,0.000000
1985,1,1985,66.166667,0,20,776.233765,407.201080,0.050000,0.300000,0.000000
1985,1,1985,66.166667,0,21,845.314087,389.426361,0.100000,0.300000,0.000000
1985,1,1985,66.166667,0,22,916.347656,372.803436,0.150000,0.300000,0.000000
1985,1,1985,66.166667,0,23,981.701660,355.799103,0.200000,0.300000,0.000000
1990,1,1990,66.333333,0,11,986.028564,475.708984,0.200000,0.150000,0.000000
1990,1,1990,66.333333,0,15,984.983398,442.363983,0.200000,0.200000,0.000000
1990,1,1990,66.333333,0,16,785.831177,455.900177,0.050000,0.250000,0.000000
1990,1,1990,66.333333,0,19,987.802551,407.481598,0.200000,0.250000,0.000000
1990,1,1990,66.333333,0,20,779.380371,418.662933,0.050000,0.300000,0.000000
1990,1,1990,66.333333,0,23,986.722046,369.710541,0.200000,0.300000,0.000000
1995,1,1995,66.500000,0,10,922.985718,495.032135,0.150000,0.150000,0.000000
1995,1,1995,66.500000,0,11,987.186462,478.516663,0.200000,0.150000,0.000000
1995,1,1995,66.500000,0,12,791.848999,494.113525,0.050000,0.200000,0.000000
1995,1,1995,66.500000,0,13,855.604614,478.427429,0.100000,0.200000,0.000000
1995,1,1995,66.500000,0,16,783.499390,459.633942,0.050000,0.250000,0.000000
1995,1,1995,66.500000,0,20,779.225464,423.143188,0.050000,0.300000,0.000000
1995,1,1995,66.500000,0,23,987.470276,373.643646,0.200000,0.300000,0.000000
2000,1,2000,66.666667,0,13,855.780884,479.372070,0.100000,0.200000,0.000000
2000,1,2000,66.666667,0,14,923.664062,462.532562,0.150000,0.200000,0.000000
2000,1,2000,66.666667,0,15,987.991699,446.611633,0.200000,0.200000,0.000000
2000,1,2000,66.666667,0,16,785.600220,459.695282,0.050000,0.250000,0.000000
2000,1,2000,66.666667,0,17,854.404907,443.934174,0.100000,0.250000,0.000000
2000,1,2000,66.666667,0,18,920.590027,427.136292,0.150000,0.250000,0.000000
2000,1,2000,66.666667,0,19,988.667725,410.952911,0.200000,0.250000,0.000000
2000,1,2000,66.666667,0,20,779.130615,422.978333,0.050000,0.300000,0.000000
2000,1,2000,66.666667,0,21,850.244141,405.983582,0.100000,0.300000,0.000000
2005,1,2005,66.833333,0,11,990.432739,481.845123,0.200000,0.150000,0.000000
2005,1,2005,66.833333,0,15,992.968872,447.461670,0.200000,0.200000,0.000000
2005,1,2005,66.833333,0,16,787.027710,457.389771,0.050000,0.250000,0.000000
2005,1,2005,66.833333,0,17,856.392822,442.487732,0.100000,0.250000,0.000000
2005,1,2005,66.833333,0,18,924.238525,426.429230,0.150000,0.250000,0.000000
2005,1,2005,66.833333,0,19,991.381592,411.123199,0.200000,0.250000,0.000000
2005,1,2005,66.833333,0,20,781.672485,418.816376,0.050000,0.300000,0.000000
2005,1,2005,66.833333,0,21,850.362793,402.595917,0.100000,0.300000,0.000000
2005,1,2005,66.833333,0,22,922.640808,387.772675,0.150000,0.300000,0.000000
2005,1,2005,66.833333,0,23,990.886475,371.171753,0.200000,0.300000,0.000000
2010,1,2010,67.000000,0,12,819.718750,490.868195,0.050000,0.200000,0.000000
2010,1,2010,67.000000,0,15,1014.611267,448.218262,0.200000,0.200000,0.000000
2010,1,2010,67.000000,0,16,816.080078,452.486969,0.050000,0.250000,0.000000
2015,1,2015,67.166667,0,15,1043.591064,453.617523,0.200000,0.200000,0.000000
2015,1,2015,67.166667,0,16,840.201782,450.249329,0.050000,0.250000,0.000000
2015,1,2015,67.166667,0,19,1044.473328,411.685638,0.200000,0.250000,0.000000
2015,1,2015,67.166667,0,20,837.674927,407.175842,0.050000,0.300000,0.000000
2020,1,2020,67.333333,0,10,1009.903992,514.731079,0.150000,0.150000,0.000000
2020,1,2020,67.333333,0,11,1071.812134,501.484406,0.200000,0.150000,0.000000
2020,1,2020,67.333333,0,12,880.033325,496.723724,0.050000,0.200000,0.000000
2020,1,2020,67.333333,0,13,944.624939,482.817871,0.100000,0.200000,0.000000
2020,1,2020,67.333333,0,14,1008.510986,470.102997,0.150000,0.200000,0.000000
2020,1,2020,67.333333,0,15,1071.975525,455.799194,0.200000,0.200000,0.000000
2020,1,2020,67.333333,0,16,873.601685,447.740601,0.050000,0.250000,0.000000
2020,1,2020,67.333333,0,17,942.234619,434.887787,0.100000,0.250000,0.000000
2020,1,2020,67.333333,0,18,1006.505127,420.775513,0.150000,0.250000,0.000000
2020,1,2020,67.333333,0,19,1073.427368,407.507843,0.200000,0.250000,0.000000
2020,1,2020,67.333333,0,21,937.915283,383.865356,0.100000,0.300000,0.000000
2020,1,2020,67.333333,0,22,1006.064270,371.749451,0.150000,0.300000,0.000000
2020,1,2020,67.333333,0,23,1073.564026,357.707153,0.200000,0.300000,0.000000
2025,1,2025,67.500000,0,4,903.703186,596.728271,0.050000,0.100000,0.000000
2025,1,2025,67.500000,0,5,967.155945,583.517761,0.100000,0.100000,0.000000
2025,1,2025,67.500000,0,6,1026.283264,568.629822,0.150000,0.100000,0.000000
2025,1,2025,67.500000,0,7,1084.040405,552.489990,0.200000,0.100000,0.000000
2025,1,2025,67.500000,0,8,897.025146,546.604858,0.050000,0.150000,0.000000
2025,1,2025,67.500000,0,9,961.828552,534.398804,0.100000,0.150000,0.000000
2025,1,2025,67.500000,0,10,1022.008362,518.767456,0.150000,0.150000,0.000000
2025,1,2025,67.500000,0,11,1084.652100,505.333618,0.200000,0.150000,0.000000
2025,1,2025,67.500000,0,12,893.645752,496.255371,0.050000,0.200000,0.000000
2025,1,2025,67.500000,0,13,957.546265,482.794983,0.100000,0.200000,0.000000
2025,1,2025,67.500000,0,14,1020.797729,469.309692,0.150000,0.200000,0.000000
2025,1,2025,67.500000,0,15,1083.286194,454.435822,0.200000,0.200000,0.000000
2025,1,2025,67.500000,0,16,887.057617,443.478119,0.050000,0.250000,0.000000
2025,1,2025,67.500000,0,17,954.027466,428.802704,0.100000,0.250000,0.000000
2025,1,2025,67.500000,0,18,1018.359619,415.908752,0.150000,0.250000,0.000000
2025,1,2025,67.500000,0,19,1083.234375,401.611694,0.200000,0.250000,0.000000
2025,1,2025,67.500000,0,20,881.416992,386.842224,0.050000,0.300000,0.000000
2025,1,2025,67.500000,0,21,948.672424,374.070496,0.100000,0.300000,0.000000
2025,1,2025,67.500000,0,22,1016.475098,359.525818,0.150000,0.300000,0.000000
2025,1,2025,67.500000,0,23,1082.513550,347.156006,0.200000,0.300000,0.000000
2030,1,2030,67.666667,0,12,914.076721,503.969482,0.050000,0.200000,0.000000
2030,1,2030,67.666667,0,15,1102.898193,459.572449,0.200000,0.200000,0.000000
2030,1,2030,67.666667,0,16,905.549438,444.951660,0.050000,0.250000,0.000000
2030,1,2030,67.666667,0,17,972.142090,429.283752,0.100000,0.250000,0.000000
2030,1,2030,67.666667,0,18,1035.657410,415.888397,0.150000,0.250000,0.000000
2030,1,2030,67.666667,0,19,1099.305176,399.462036,0.200000,0.250000,0.000000
2030,1,2030,67.666667,0,20,897.505249,383.309784,0.050000,0.300000,0.000000
2030,1,2030,67.666667,0,21,964.194153,369.556458,0.100000,0.300000,0.000000
2030,1,2030,67.666667,0,22,1030.573242,354.092224,0.150000,0.300000,0.000000
2030,1,2030,67.666667,0,23,1094.962036,341.193176,0.200000,0.300000,0.000000
2035,1,2035,67.833333,0,12,940.238403,539.908569,0.050000,0.200000,0.000000
2035,1,2035,67.833333,0,15,1128.212463,496.322754,0.200000,0.200000,0.000000
2035,1,2035,67.833333,0,16,929.441040,478.677856,0.050000,0.250000,0.000000
2035,1,2035,67.833333,0,17,995.287354,466.026825,0.100000,0.250000,0.000000
2035,1,2035,67.833333,0,18,1059.587463,449.704681,0.150000,0.250000,0.000000
2035,1,2035,67.833333,0,19,1122.969604,433.593414,0.200000,0.250000,0.000000
2035,1,2035,67.833333,0,20,922.354370,417.506653,0.050000,0.300000,0.000000
2035,1,2035,67.833333,0,21,987.757385,401.543762,0.100000,0.300000,0.000000
2040,1,2040,68.000000,0,2,1096.828918,717.164612,0.150000,0.050000,0.000000
2040,1,2040,68.000000,0,3,1153.837524,696.978333,0.200000,0.050000,0.000000
2040,1,2040,68.000000,0,4,968.424011,692.328735,0.050000,0.100000,0.000000
2040,1,2040,68.000000,0,5,1029.594543,675.564270,0.100000,0.100000,0.000000
2040,1,2040,68.000000,0,6,1089.325134,658.038025,0.150000,0.100000,0.000000
2040,1,2040,68.000000,0,7,1145.726013,640.585999,0.200000,0.100000,0.000000
2040,1,2040,68.000000,0,8,958.684692,631.399597,0.050000,0.150000,0.000000
2040,1,2040,68.000000,0,11,1140.917664,581.483337,0.200000,0.150000,0.000000
2040,1,2040,68.000000,0,12,950.746033,568.786743,0.050000,0.200000,0.000000
2040,1,2040,68.000000,0,15,1133.141357,521.401367,0.200000,0.200000,0.000000
2040,1,2040,68.000000,0,16,941.563049,507.232391,0.050000,0.250000,0.000000
2040,1,2040,68.000000,0,17,1005.060364,490.196198,0.100000,0.250000,0.000000
2040,1,2040,68.000000,0,18,1067.464172,476.166595,0.150000,0.250000,0.000000
2040,1,2040,68.000000,0,19,1127.686401,460.330597,0.200000,0.250000,0.000000
2040,1,2040,68.000000,0,20,931.913025,440.650146,0.050000,0.300000,0.000000
2040,1,2040,68.000000,0,21,997.169312,427.403351,0.100000,0.300000,0.000000
2040,1,2040,68.000000,0,22,1059.587402,411.170532,0.150000,0.300000,0.000000
2040,1,2040,68.000000,0,23,1120.571655,396.854736,0.200000,0.300000,0.000000
2045,1,2045,68.166667,0,0,980.224304,768.601807,0.050000,0.050000,0.000000
2045,1,2045,68.166667,0,1,1041.809021,750.342957,0.100000,0.050000,0.000000
2045,1,2045,68.166667,0,2,1099.706116,732.584656,0.150000,0.050000,0.000000
2045,1,2045,68.166667,0,3,1156.139709,712.830933,0.200000,0.050000,0.000000
2045,1,2045,68.166667,0,4,971.039978,707.500854,0.050000,0.100000,0.000000
2045,1,2045,68.166667,0,5,1032.384277,690.873596,0.100000,0.100000,0.000000
2045,1,2045,68.166667,0,6,1090.624023,672.698730,0.150000,0.100000,0.000000
2045,1,2045,68.166667,0,7,1148.308899,655.301270,0.200000,0.100000,0.000000
2045,1,2045,68.166667,0,8,961.425354,646.852722,0.050000,0.150000,0.000000
2045,1,2045,68.166667,0,9,1021.601990,630.231201,0.100000,0.150000,0.000000
2045,1,2045,68.166667,0,10,1081.317627,611.568726,0.150000,0.150000,0.000000
2045,1,2045,68.166667,0,11,1140.460754,593.139832,0.200000,0.150000,0.000000
2045,1,2045,68.166667,0,12,948.728271,584.410706,0.050000,0.200000,0.000000
2045,1,2045,68.166667,0,13,1012.099060,566.505127,0.100000,0.200000,0.000000
2045,1,2045,68.166667,0,14,1072.753174,548.786133,0.150000,0.200000,0.000000
2045,1,2045,68.166667,0,15,1132.566467,533.949646,0.200000,0.200000,0.000000
2045,1,2045,68.166667,0,16,938.052124,518.419861,0.050000,0.250000,0.000000
2045,1,2045,68.166667,0,17,1001.975037,501.833313,0.100000,0.250000,0.000000
2045,1,2045,68.166667,0,18,1064.078552,487.157257,0.150000,0.250000,0.000000
2045,1,2045,68.166667,0,19,1123.807068,469.627625,0.200000,0.250000,0.000000
2045,1,2045,68.166667,0,20,927.596252,453.235565,0.050000,0.300000,0.000000
2045,1,2045,68.166667,0,21,991.120422,436.683502,0.100000,0.300000,0.000000
2045,1,2045,68.166667,0,22,1054.653992,421.102905,0.150000,0.300000,0.000000
2045,1,2045,68.166667,0,23,1114.767273,406.450165,0.200000,0.300000,0.000000
2050,1,2050,68.333333,0,0,977.461731,782.215881,0.050000,0.050000,0.000000
2050,1,2050,68.333333,0,1,1039.423889,762.871033,0.100000,0.050000,0.000000
2050,1,2050,68.333333,0,2,1097.858765,744.698730,0.150000,0.050000,0.000000
2050,1,2050,68.333333,0,3,1153.545105,726.657227,0.200000,0.050000,0.000000
2050,1,2050,68.333333,0,4,966.454651,719.394226,0.050000,0.100000,0.000000
2050,1,2050,68.333333,0,5,1027.239441,701.561584,0.100000,0.100000,0.000000
2050,1,2050,68.333333,0,6,1087.093079,683.595398,0.150000,0.100000,0.000000
2050,1,2050,68.333333,0,7,1145.179993,665.486633,0.200000,0.100000,0.000000
2050,1,2050,68.333333,0,8,955.362122,657.225525,0.050000,0.150000,0.000000
2050,1,2050,68.333333,0,9,1016.979126,638.843140,0.100000,0.150000,0.000000
2050,1,2050,68.333333,0,10,1076.656006,621.470032,0.150000,0.150000,0.000000
2050,1,2050,68.333333,0,11,1135.173523,604.098145,0.200000,0.150000,0.000000
2050,1,2050,68.333333,0,12,943.078003,591.908813,0.050000,0.200000,0.000000
2050,1,2050,68.333333,0,13,1005.263794,575.532654,0.100000,0.200000,0.000000
2050,1,2050,68.333333,0,14,1066.196838,558.465088,0.150000,0.200000,0.000000
2050,1,2050,68.333333,0,15,1126.077942,542.151428,0.200000,0.200000,0.000000
2050,1,2050,68.333333,0,16,929.577759,526.985779,0.050000,0.250000,0.000000
2050,1,2050,68.333333,0,17,994.360718,510.435577,0.100000,0.250000,0.000000
2050,1,2050,68.333333,0,18,1056.571167,495.113403,0.150000,0.250000,0.000000
2050,1,2050,68.333333,0,19,1116.635742,477.466370,0.200000,0.250000,0.000000
2050,1,2050,68.333333,0,20,918.478943,460.350006,0.050000,0.300000,0.000000
2050,1,2050,68.333333,0,21,983.509888,445.442932,0.100000,0.300000,0.000000
2050,1,2050,68.333333,0,22,1045.392639,428.723389,0.150000,0.300000,0.000000
2050,1,2050,68.333333,0,23,1106.663269,414.174988,0.200000,0.300000,0.000000
2055,1,2055,68.500000,0,0,971.731934,782.707581,0.050000,0.050000,0.000000
2055,1,2055,68.500000,0,1,1034.947815,765.385498,0.100000,0.050000,0.000000
2055,1,2055,68.500000,0,2,1094.587219,746.482300,0.150000,0.050000,0.000000
2055,1,2055,68.500000,0,3,1150.993103,727.399231,0.200000,0.050000,0.000000
2055,1,2055,68.500000,0,4,961.589600,722.069824,0.050000,0.100000,0.000000
2055,1,2055,68.500000,0,5,1024.496948,703.283508,0.100000,0.100000,0.000000
2055,1,2055,68.500000,0,6,1083.594543,684.887634,0.150000,0.100000,0.000000
2055,1,2055,68.500000,0,7,1142.147034,666.662292,0.200000,0.100000,0.000000
2055,1,2055,68.500000,0,8,951.682129,658.923828,0.050000,0.150000,0.000000
2055,1,2055,68.500000,0,9,1013.168945,640.095154,0.100000,0.150000,0.000000
2055,1,2055,68.500000,0,10,1073.092590,622.912598,0.150000,0.150000,0.000000
2055,1,2055,68.500000,0,11,1132.022705,605.712463,0.200000,0.150000,0.000000
2055,1,2055,68.500000,0,12,938.549377,593.394836,0.050000,0.200000,0.000000
2055,1,2055,68.500000,0,13,1002.548096,577.510620,0.100000,0.200000,0.000000
2055,1,2055,68.500000,0,14,1062.110535,560.680664,0.150000,0.200000,0.000000
2055,1,2055,68.500000,0,15,1122.646606,542.986816,0.200000,0.200000,0.000000
2055,1,2055,68.500000,0,16,925.551941,528.478271,0.050000,0.250000,0.000000
2055,1,2055,68.500000,0,17,989.361877,513.185791,0.100000,0.250000,0.000000
2055,1,2055,68.500000,0,18,1051.351746,495.214417,0.150000,0.250000,0.000000
2055,1,2055,68.500000,0,19,1113.206909,478.397430,0.200000,0.250000,0.000000
2055,1,2055,68.500000,0,20,913.825623,461.263428,0.050000,0.300000,0.000000
2055,1,2055,68.500000,0,21,978.318848,445.902435,0.100000,0.300000,0.000000
2055,1,2055,68.500000,0,22,1041.526184,429.503693,0.150000,0.300000,0.000000
2055,1,2055,68.500000,0,23,1104.073486,415.298187,0.200000,0.300000,0.000000
2060,1,2060,68.666667,0,0,968.621582,785.188049,0.050000,0.050000,0.000000
2060,1,2060,68.666667,0,1,1031.828003,767.668152,0.100000,0.050000,0.000000
2060,1,2060,68.666667,0,2,1091.451721,747.132629,0.150000,0.050000,0.000000
2060,1,2060,68.666667,0,3,1149.227661,725.877075,0.200000,0.050000,0.000000
2060,1,2060,68.666667,0,4,958.010071,724.926880,0.050000,0.100000,0.000000
2060,1,2060,68.666667,0,5,1021.360779,705.435486,0.100000,0.100000,0.000000
2060,1,2060,68.666667,0,6,1080.982300,684.889954,0.150000,0.100000,0.000000
2060,1,2060,68.666667,0,7,1138.099060,667.318848,0.200000,0.100000,0.000000
2060,1,2060,68.666667,0,8,946.525574,660.768188,0.050000,0.150000,0.000000
2060,1,2060,68.666667,0,9,1009.400269,641.472900,0.100000,0.150000,0.000000
2060,1,2060,68.666667,0,10,1069.551147,624.325134,0.150000,0.150000,0.000000
2060,1,2060,68.666667,0,11,1128.730347,604.827148,0.200000,0.150000,0.000000
2060,1,2060,68.666667,0,12,934.115295,595.926453,0.050000,0.200000,0.000000
2060,1,2060,68.666667,0,13,997.032837,578.600769,0.100000,0.200000,0.000000
2060,1,2060,68.666667,0,14,1058.046143,561.603455,0.150000,0.200000,0.000000
2060,1,2060,68.666667,0,15,1118.214661,543.672180,0.200000,0.200000,0.000000
2060,1,2060,68.666667,0,16,919.997009,530.505798,0.050000,0.250000,0.000000
2060,1,2060,68.666667,0,17,984.746826,513.659058,0.100000,0.250000,0.000000
2060,1,2060,68.666667,0,18,1047.459656,496.772919,0.150000,0.250000,0.000000
2060,1,2060,68.666667,0,19,1108.500488,479.164398,0.200000,0.250000,0.000000
2060,1,2060,68.666667,0,20,908.238525,463.200623,0.050000,0.300000,0.000000
2060,1,2060,68.666667,0,21,973.397583,447.894409,0.100000,0.300000,0.000000
2060,1,2060,68.666667,0,22,1036.063110,430.639618,0.150000,0.300000,0.000000
2060,1,2060,68.666667,0,23,1097.899841,415.384247,0.200000,0.300000,0.000000
2065,1,2065,68.833333,0,0,970.707764,788.457764,0.050000,0.050000,0.000000
2065,1,2065,68.833333,0,1,1033.616699,769.040100,0.100000,0.050000,0.000000
2065,1,2065,68.833333,0,2,1092.296997,750.401550,0.150000,0.050000,0.000000
2065,1,2065,68.833333,0,3,1149.404968,729.585815,0.200000,0.050000,0.000000
2065,1,2065,68.833333,0,4,960.060974,725.949402,0.050000,0.100000,0.000000
2065,1,2065,68.833333,0,5,1021.230652,708.031067,0.100000,0.100000,0.000000
2065,1,2065,68.833333,0,6,1081.563477,687.969543,0.150000,0.100000,0.000000
2065,1,2065,68.833333,0,7,1138.508179,669.867554,0.200000,0.100000,0.000000
2065,1,2065,68.833333,0,8,947.721558,663.891174,0.050000,0.150000,0.000000
2065,1,2065,68.833333,0,9,1010.061340,645.147034,0.100000,0.150000,0.000000
2065,1,2065,68.833333,0,10,1070.566406,627.210815,0.150000,0.150000,0.000000
2065,1,2065,68.833333,0,11,1129.374084,607.682495,0.200000,0.150000,0.000000
2065,1,2065,68.833333,0,12,935.035522,599.236877,0.050000,0.200000,0.000000
2065,1,2065,68.833333,0,13,998.369812,581.966125,0.100000,0.200000,0.000000
2065,1,2065,68.833333,0,14,1059.505615,563.107971,0.150000,0.200000,0.000000
2065,1,2065,68.833333,0,15,1119.174194,546.697937,0.200000,0.200000,0.000000
2065,1,2065,68.833333,0,16,922.002747,534.291870,0.050000,0.250000,0.000000
2065,1,2065,68.833333,0,17,985.897522,517.280640,0.100000,0.250000,0.000000
2065,1,2065,68.833333,0,18,1049.179260,500.424683,0.150000,0.250000,0.000000
2065,1,2065,68.833333,0,19,1108.664673,483.339264,0.200000,0.250000,0.000000
2065,1,2065,68.833333,0,20,909.134521,468.269928,0.050000,0.300000,0.000000
2065,1,2065,68.833333,0,21,974.510071,451.124634,0.100000,0.300000,0.000000
2065,1,2065,68.833333,0,22,1037.198486,433.501709,0.150000,0.300000,0.000000
2065,1,2065,68.833333,0,23,1099.933960,419.112488,0.200000,0.300000,0.000000
2070,1,2070,69.000000,0,0,971.575073,789.152588,0.050000,0.050000,0.000000
2070,1,2070,69.000000,0,1,1034.105896,770.323975,0.100000,0.050000,0.000000
2070,1,2070,69.000000,0,2,1093.432739,751.226562,0.150000,0.050000,0.000000
2070,1,2070,69.000000,0,3,1149.866272,729.958069,0.200000,0.050000,0.000000
2070,1,2070,69.000000,0,4,960.246155,729.197815,0.050000,0.100000,0.000000
2070,1,2070,69.000000,0,5,1023.501221,709.370483,0.100000,0.100000,0.000000
2070,1,2070,69.000000,0,6,1081.826660,689.666260,0.150000,0.100000,0.000000
2070,1,2070,69.000000,0,7,1140.220825,671.572021,0.200000,0.100000,0.000000
2070,1,2070,69.000000,0,8,949.453491,665.084351,0.050000,0.150000,0.000000
2070,1,2070,69.000000,0,9,1011.413391,645.328674,0.100000,0.150000,0.000000
2070,1,2070,69.000000,0,10,1070.808105,627.872864,0.150000,0.150000,0.000000
2070,1,2070,69.000000,0,11,1129.382812,609.722656,0.200000,0.150000,0.000000
2070,1,2070,69.000000,0,12,936.592529,599.581482,0.050000,0.200000,0.000000
2070,1,2070,69.000000,0,13,1000.114563,583.410767,0.100000,0.200000,0.000000
2070,1,2070,69.000000,0,14,1059.698242,565.258667,0.150000,0.200000,0.000000
2070,1,2070,69.000000,0,15,1119.254456,547.478210,0.200000,0.200000,0.000000
2070,1,2070,69.000000,0,16,923.750488,535.447205,0.050000,0.250000,0.000000
2070,1,2070,69.000000,0,17,986.628296,518.537659,0.100000,0.250000,0.000000
2070,1,2070,69.000000,0,18,1048.205200,500.602234,0.150000,0.250000,0.000000
2070,1,2070,69.000000,0,19,1108.809631,484.872620,0.200000,0.250000,0.000000
2070,1,2070,69.000000,0,20,910.601074,468.278076,0.050000,0.300000,0.000000
2070,1,2070,69.000000,0,21,976.477600,453.114044,0.100000,0.300000,0.000000
2070,1,2070,69.000000,0,22,1037.642151,434.758820,0.150000,0.300000,0.000000
2070,1,2070,69.000000,0,23,1099.021484,419.654846,0.200000,0.300000,0.000000
2075,1,2075,69.166667,0,0,975.942810,789.280212,0.050000,0.050000,0.000000
2075,1,2075,69.166667,0,1,1037.179688,768.738159,0.100000,0.050000,0.000000
2075,1,2075,69.166667,0,2,1096.146729,750.133484,0.150000,0.050000,0.000000
2075,1,2075,69.166667,0,3,1151.480408,728.297852,0.200000,0.050000,0.000000
2075,1,2075,69.166667,0,4,963.696289,726.537842,0.050000,0.100000,0.000000
2075,1,2075,69.166667,0,5,1025.508484,708.680969,0.100000,0.100000,0.000000
2075,1,2075,69.166667,0,6,1083.168335,690.019409,0.150000,0.100000,0.000000
2075,1,2075,69.166667,0,7,1141.113037,669.312927,0.200000,0.100000,0.000000
2075,1,2075,69.166667,0,8,950.294861,664.353455,0.050000,0.150000,0.000000
2075,1,2075,69.166667,0,9,1013.097717,644.605347,0.100000,0.150000,0.000000
2075,1,2075,69.166667,0,10,1071.795349,626.361084,0.150000,0.150000,0.000000
2075,1,2075,69.166667,0,11,1130.512634,608.233215,0.200000,0.150000,0.000000
2075,1,2075,69.166667,0,12,938.186096,599.987000,0.050000,0.200000,0.000000
2075,1,2075,69.166667,0,13,1000.495300,582.346985,0.100000,0.200000,0.000000
2075,1,2075,69.166667,0,14,1061.460693,562.446228,0.150000,0.200000,0.000000
2075,1,2075,69.166667,0,15,1120.428345,546.254395,0.200000,0.200000,0.000000
2075,1,2075,69.166667,0,16,923.926819,534.718872,0.050000,0.250000,0.000000
2075,1,2075,69.166667,0,17,988.579529,516.432251,0.100000,0.250000,0.000000
2075,1,2075,69.166667,0,18,1049.560181,500.253448,0.150000,0.250000,0.000000
2075,1,2075,69.166667,0,19,1109.524719,482.712463,0.200000,0.250000,0.000000
2075,1,2075,69.166667,0,20,911.348389,469.581818,0.050000,0.300000,0.000000
2075,1,2075,69.166667,0,21,975.506653,451.748749,0.100000,0.300000,0.000000
2075,1,2075,69.166667,0,22,1038.062195,434.635651,0.150000,0.300000,0.000000
2075,1,2075,69.166667,0,23,1099.238403,418.575439,0.200000,0.300000,0.000000
2080,1,2080,69.333333,0,0,974.529053,792.767761,0.050000,0.050000,0.000000
2080,1,2080,69.333333,0,1,1036.960266,771.491455,0.100000,0.050000,0.000000
2080,1,2080,69.333333,0,2,1095.202759,751.659851,0.150000,0.050000,0.000000
2080,1,2080,69.333333,0,3,1149.535339,730.894531,0.200000,0.050000,0.000000
2080,1,2080,69.333333,0,4,963.084106,729.807007,0.050000,0.100000,0.000000
2080,1,2080,69.333333,0,5,1026.559204,712.023499,0.100000,0.100000,0.000000
2080,1,2080,69.333333,0,6,1081.602905,690.882385,0.150000,0.100000,0.000000
2080,1,2080,69.333333,0,7,1138.308594,669.665649,0.200000,0.100000,0.000000
2080,1,2080,69.333333,0,8,948.892395,667.587280,0.050000,0.150000,0.000000
2080,1,2080,69.333333,0,9,1011.215088,646.678772,0.100000,0.150000,0.000000
2080,1,2080,69.333333,0,10,1071.068848,628.630310,0.150000,0.150000,0.000000
2080,1,2080,69.333333,0,11,1127.891602,607.548889,0.200000,0.150000,0.000000
2080,1,2080,69.333333,0,12,934.450806,604.879761,0.050000,0.200000,0.000000
2080,1,2080,69.333333,0,13,998.201843,584.373779,0.100000,0.200000,0.000000
2080,1,2080,69.333333,0,14,1057.132080,565.663635,0.150000,0.200000,0.000000
2080,1,2080,69.333333,0,15,1116.685059,546.919922,0.200000,0.200000,0.000000
2080,1,2080,69.333333,0,16,919.985046,537.391907,0.050000,0.250000,0.000000
2080,1,2080,69.333333,0,17,984.327942,518.338379,0.100000,0.250000,0.000000
2080,1,2080,69.333333,0,18,1044.577820,500.592529,0.150000,0.250000,0.000000
2080,1,2080,69.333333,0,19,1105.209045,482.524597,0.200000,0.250000,0.000000
2080,1,2080,69.333333,0,20,907.651367,470.509857,0.050000,0.300000,0.000000
2080,1,2080,69.333333,0,21,971.431763,453.554718,0.100000,0.300000,0.000000
2080,1,2080,69.333333,0,22,1033.184937,434.666779,0.150000,0.300000,0.000000
2080,1,2080,69.333333,0,23,1094.159912,418.795654,0.200000,0.300000,0.000000
2085,1,2085,69.500000,0,0,968.869507,811.862488,0.050000,0.050000,0.000000
2085,1,2085,69.500000,0,1,1026.584595,785.085876,0.100000,0.050000,0.000000
2085,1,2085,69.500000,0,2,1082.626282,759.986572,0.150000,0.050000,0.000000
2085,1,2085,69.500000,0,3,1135.654663,734.256531,0.200000,0.050000,0.000000
2085,1,2085,69.500000,0,6,1066.997070,699.889343,0.150000,0.100000,0.000000
2085,1,2085,69.500000,0,7,1121.398682,675.222717,0.200000,0.100000,0.000000
2085,1,2085,69.500000,0,11,1107.765869,615.815857,0.200000,0.150000,0.000000
2090,1,2090,69.666667,0,0,960.513123,811.199463,0.050000,0.050000,0.000000
2090,1,2090,69.666667,0,1,1019.979004,785.970032,0.100000,0.050000,0.000000
2090,1,2090,69.666667,0,2,1077.141479,762.257019,0.150000,0.050000,0.000000
2090,1,2090,69.666667,0,3,1131.299988,739.338684,0.200000,0.050000,0.000000
2090,1,2090,69.666667,0,6,1062.566101,702.616394,0.150000,0.100000,0.000000
2090,1,2090,69.666667,0,7,1118.223694,678.500366,0.200000,0.100000,0.000000
2095,1,2095,69.833333,0,1,1040.142090,774.494873,0.100000,0.050000,0.000000
2095,1,2095,69.833333,0,2,1099.288025,754.301697,0.150000,0.050000,0.000000
2105,1,2105,70.166667,0,0,1049.056091,777.960876,0.050000,0.050000,0.000000
2105,1,2105,70.166667,0,1,1113.323242,766.155396,0.100000,0.050000,0.000000
2105,1,2105,70.166667,0,2,1174.819763,749.489380,0.150000,0.050000,0.000000
2105,1,2105,70.166667,0,6,1167.227356,685.813049,0.150000,0.100000,0.000000
2110,1,2110,70.333333,0,23,1255.533203,424.636169,0.200000,0.300000,0.000000
2115,1,2115,70.500000,0,12,1107.907349,583.076660,0.050000,0.200000,0.000000
2115,1,2115,70.500000,0,15,1292.048279,548.412292,0.200000,0.200000,0.000000
2115,1,2115,70.500000,0,23,1280.709229,422.178162,0.200000,0.300000,0.000000
2120,1,2120,70.666667,0,0,1153.656067,769.349365,0.050000,0.050000,0.000000
2120,1,2120,70.666667,0,1,1215.668823,758.281860,0.100000,0.050000,0.000000
2120,1,2120,70.666667,0,2,1278.069458,745.747253,0.150000,0.050000,0.000000
2120,1,2120,70.666667,0,6,1268.320251,681.712524,0.150000,0.100000,0.000000
2120,1,2120,70.666667,0,7,1327.362305,670.807434,0.200000,0.100000,0.000000
2120,1,2120,70.666667,0,11,1317.833679,609.029114,0.200000,0.150000,0.000000
2120,1,2120,70.666667,0,12,1125.960449,581.522400,0.050000,0.200000,0.000000
2120,1,2120,70.666667,0,15,1312.063049,546.542175,0.200000,0.200000,0.000000
2120,1,2120,70.666667,0,19,1303.160706,482.492462,0.200000,0.250000,0.000000
2120,1,2120,70.666667,0,23,1296.022278,418.728943,0.200000,0.300000,0.000000
2125,1,2125,70.833333,0,0,1181.413757,774.105408,0.050000,0.050000,0.000000
2125,1,2125,70.833333,0,2,1302.497925,751.105591,0.150000,0.050000,0.000000
2125,1,2125,70.833333,0,3,1359.649109,738.614502,0.200000,0.050000,0.000000
2125,1,2125,70.833333,0,6,1292.363953,688.242798,0.150000,0.100000,0.000000
2125,1,2125,70.833333,0,7,1351.271790,676.873474,0.200000,0.100000,0.000000
2125,1,2125,70.833333,0,10,1283.326965,624.816223,0.150000,0.150000,0.000000
2125,1,2125,70.833333,0,12,1153.781799,582.841553,0.050000,0.200000,0.000000
2125,1,2125,70.833333,0,13,1216.215149,573.141663,0.100000,0.200000,0.000000
2125,1,2125,70.833333,0,14,1275.523682,561.667908,0.150000,0.200000,0.000000
2125,1,2125,70.833333,0,16,1145.653076,519.365295,0.050000,0.250000,0.000000
2125,1,2125,70.833333,0,17,1205.448547,509.437714,0.100000,0.250000,0.000000
2125,1,2125,70.833333,0,18,1268.579102,499.744659,0.150000,0.250000,0.000000
2125,1,2125,70.833333,0,19,1327.288147,487.547424,0.200000,0.250000,0.000000
2125,1,2125,70.833333,0,20,1135.544067,454.397919,0.050000,0.300000,0.000000
2125,1,2125,70.833333,0,21,1198.804443,445.255768,0.100000,0.300000,0.000000
2125,1,2125,70.833333,0,22,1258.440857,434.908417,0.150000,0.300000,0.000000
2125,1,2125,70.833333,0,23,1318.318726,424.837433,0.200000,0.300000,0.000000
2130,1,2130,71.000000,0,0,1205.803650,787.874390,0.050000,0.050000,0.000000
2130,1,2130,71.000000,0,1,1267.259766,776.681152,0.100000,0.050000,0.000000
2130,1,2130,71.000000,0,2,1327.599121,766.251465,0.150000,0.050000,0.000000
2130,1,2130,71.000000,0,3,1383.875122,753.054199,0.200000,0.050000,0.000000
2130,1,2130,71.000000,0,4,1195.610168,726.134644,0.050000,0.100000,0.000000
2130,1,2130,71.000000,0,5,1258.442322,714.002991,0.100000,0.100000,0.000000
2130,1,2130,71.000000,0,6,1316.388733,702.902649,0.150000,0.100000,0.000000
2130,1,2130,71.000000,0,7,1374.732971,691.491760,0.200000,0.100000,0.000000
2130,1,2130,71.000000,0,8,1186.889893,659.926819,0.050000,0.150000,0.000000
2130,1,2130,71.000000,0,9,1247.754456,650.281616,0.100000,0.150000,0.000000
2130,1,2130,71.000000,0,10,1307.289551,639.403442,0.150000,0.150000,0.000000
2130,1,2130,71.000000,0,11,1365.382935,629.401428,0.200000,0.150000,0.000000
2130,1,2130,71.000000,0,12,1176.810486,598.094604,0.050000,0.200000,0.000000
2130,1,2130,71.000000,0,13,1239.535889,586.967834,0.100000,0.200000,0.000000
2130,1,2130,71.000000,0,14,1297.219360,577.514526,0.150000,0.200000,0.000000
2130,1,2130,71.000000,0,15,1357.047607,566.524963,0.200000,0.200000,0.000000
2130,1,2130,71.000000,0,16,1169.339050,533.170837,0.050000,0.250000,0.000000
2130,1,2130,71.000000,0,17,1228.531433,523.449890,0.100000,0.250000,0.000000
2130,1,2130,71.000000,0,18,1289.320312,513.447388,0.150000,0.250000,0.000000
2130,1,2130,71.000000,0,19,1348.087524,503.521851,0.200000,0.250000,0.000000
2130,1,2130,71.000000,0,20,1158.087646,469.408569,0.050000,0.300000,0.000000
2130,1,2130,71.000000,0,21,1220.557434,459.548981,0.100000,0.300000,0.000000
2130,1,2130,71.000000,0,22,1279.433655,450.929749,0.150000,0.300000,0.000000
2130,1,2130,71.000000,0,23,1339.838074,440.757019,0.200000,0.300000,0.000000
2135,1,2135,71.166667,0,0,1215.733276,795.934692,0.050000,0.050000,0.000000
2135,1,2135,71.166667,0,1,1275.945374,784.925537,0.100000,0.050000,0.000000
2135,1,2135,71.166667,0,2,1334.642944,774.230225,0.150000,0.050000,0.000000
2135,1,2135,71.166667,0,3,1391.077820,763.655518,0.200000,0.050000,0.000000
2135,1,2135,71.166667,0,4,1205.403137,730.972229,0.050000,0.100000,0.000000
2135,1,2135,71.166667,0,5,1266.661926,721.354919,0.100000,0.100000,0.000000
2135,1,2135,71.166667,0,6,1324.138367,711.326660,0.150000,0.100000,0.000000
2135,1,2135,71.166667,0,7,1380.903076,700.289856,0.200000,0.100000,0.000000
2135,1,2135,71.166667,0,8,1195.560486,667.256165,0.050000,0.150000,0.000000
2135,1,2135,71.166667,0,9,1255.641968,657.398254,0.100000,0.150000,0.000000
2135,1,2135,71.166667,0,10,1314.361511,647.658447,0.150000,0.150000,0.000000
2135,1,2135,71.166667,0,11,1372.078064,637.733948,0.200000,0.150000,0.000000
2135,1,2135,71.166667,0,12,1185.529053,603.040161,0.050000,0.200000,0.000000
2135,1,2135,71.166667,0,13,1245.682617,594.021912,0.100000,0.200000,0.000000
2135,1,2135,71.166667,0,14,1304.081055,585.124512,0.150000,0.200000,0.000000
2135,1,2135,71.166667,0,15,1362.790771,576.181580,0.200000,0.200000,0.000000
2135,1,2135,71.166667,0,16,1175.960571,539.591614,0.050000,0.250000,0.000000
2135,1,2135,71.166667,0,17,1235.357849,531.148254,0.100000,0.250000,0.000000
2135,1,2135,71.166667,0,18,1295.281921,522.634155,0.150000,0.250000,0.000000
2135,1,2135,71.166667,0,19,1352.745911,513.449585,0.200000,0.250000,0.000000
2135,1,2135,71.166667,0,20,1165.726196,476.376282,0.050000,0.300000,0.000000
2135,1,2135,71.166667,0,21,1226.465149,467.809021,0.100000,0.300000,0.000000
2135,1,2135,71.166667,0,22,1284.644714,460.387268,0.150000,0.300000,0.000000
2135,1,2135,71.166667,0,23,1344.261353,451.527710,0.200000,0.300000,0.000000
2140,1,2140,71.333333,0,0,1215.573914,797.602417,0.050000,0.050000,0.000000
2140,1,2140,71.333333,0,1,1276.369507,787.210510,0.100000,0.050000,0.000000
2140,1,2140,71.333333,0,2,1335.204041,776.537170,0.150000,0.050000,0.000000
2140,1,2140,71.333333,0,3,1391.390137,766.431152,0.200000,0.050000,0.000000
2140,1,2140,71.333333,0,4,1205.670166,733.541138,0.050000,0.100000,0.000000
2140,1,2140,71.333333,0,5,1267.209106,723.453064,0.100000,0.100000,0.000000
2140,1,2140,71.333333,0,6,1324.602661,713.300598,0.150000,0.100000,0.000000
2140,1,2140,71.333333,0,7,1381.927551,703.423767,0.200000,0.100000,0.000000
2140,1,2140,71.333333,0,8,1196.567322,669.432556,0.050000,0.150000,0.000000
2140,1,2140,71.333333,0,9,1256.392395,659.307068,0.100000,0.150000,0.000000
2140,1,2140,71.333333,0,10,1314.895264,650.349854,0.150000,0.150000,0.000000
2140,1,2140,71.333333,0,11,1372.570251,640.483276,0.200000,0.150000,0.000000
2140,1,2140,71.333333,0,12,1186.158264,605.184998,0.050000,0.200000,0.000000
2140,1,2140,71.333333,0,13,1246.663391,596.512939,0.100000,0.200000,0.000000
2140,1,2140,71.333333,0,14,1304.696045,587.394958,0.150000,0.200000,0.000000
2140,1,2140,71.333333,0,15,1362.784973,578.487183,0.200000,0.200000,0.000000
2140,1,2140,71.333333,0,16,1175.731079,540.933167,0.050000,0.250000,0.000000
2140,1,2140,71.333333,0,17,1236.165588,533.188904,0.100000,0.250000,0.000000
2140,1,2140,71.333333,0,18,1295.572632,524.677368,0.150000,0.250000,0.000000
2140,1,2140,71.333333,0,19,1353.219727,516.324036,0.200000,0.250000,0.000000
2140,1,2140,71.333333,0,20,1166.744507,478.338898,0.050000,0.300000,0.000000
2140,1,2140,71.333333,0,21,1227.323120,470.362030,0.100000,0.300000,0.000000
2140,1,2140,71.333333,0,22,1285.745300,462.318390,0.150000,0.300000,0.000000
2140,1,2140,71.333333,0,23,1344.202026,453.852844,0.200000,0.300000,0.000000
2145,1,2145,71.500000,0,0,1211.362366,804.476746,0.050000,0.050000,0.000000
2145,1,2145,71.500000,0,1,1272.872681,793.889709,0.100000,0.050000,0.000000
2145,1,2145,71.500000,0,2,1331.541748,783.849304,0.150000,0.050000,0.000000
2145,1,2145,71.500000,0,3,1388.767090,773.889709,0.200000,0.050000,0.000000
2145,1,2145,71.500000,0,4,1202.340759,739.479553,0.050000,0.100000,0.000000
2145,1,2145,71.500000,0,5,1263.632141,730.273193,0.100000,0.100000,0.000000
2145,1,2145,71.500000,0,6,1321.823425,720.669495,0.150000,0.100000,0.000000
2145,1,2145,71.500000,0,7,1379.583435,710.559753,0.200000,0.100000,0.000000
2145,1,2145,71.500000,0,8,1193.480347,675.580994,0.050000,0.150000,0.000000
2145,1,2145,71.500000,0,9,1253.696838,665.975525,0.100000,0.150000,0.000000
2145,1,2145,71.500000,0,10,1312.643188,656.787598,0.150000,0.150000,0.000000
2145,1,2145,71.500000,0,11,1370.752380,647.966064,0.200000,0.150000,0.000000
2145,1,2145,71.500000,0,12,1183.124329,612.326355,0.050000,0.200000,0.000000
2145,1,2145,71.500000,0,13,1244.447571,602.374084,0.100000,0.200000,0.000000
2145,1,2145,71.500000,0,14,1303.617188,593.802185,0.150000,0.200000,0.000000
2145,1,2145,71.500000,0,15,1362.465332,586.022705,0.200000,0.200000,0.000000
2145,1,2145,71.500000,0,16,1175.151062,547.255798,0.050000,0.250000,0.000000
2145,1,2145,71.500000,0,17,1235.164001,539.162415,0.100000,0.250000,0.000000
2145,1,2145,71.500000,0,18,1295.228943,530.935120,0.150000,0.250000,0.000000
2145,1,2145,71.500000,0,19,1353.425171,522.227173,0.200000,0.250000,0.000000
2145,1,2145,71.500000,0,20,1165.399170,484.133972,0.050000,0.300000,0.000000
2145,1,2145,71.500000,0,21,1226.419189,475.632233,0.100000,0.300000,0.000000
2145,1,2145,71.500000,0,22,1285.485718,467.921509,0.150000,0.300000,0.000000
2145,1,2145,71.500000,0,23,1345.206665,460.289490,0.200000,0.300000,0.000000
2150,1,2150,71.666667,0,0,1208.727356,806.649536,0.050000,0.050000,0.000000
2150,1,2150,71.666667,0,1,1270.445007,796.912842,0.100000,0.050000,0.000000
2150,1,2150,71.666667,0,2,1329.972290,787.051086,0.150000,0.050000,0.000000
2150,1,2150,71.666667,0,3,1386.864136,776.502747,0.200000,0.050000,0.000000
2150,1,2150,71.666667,0,4,1200.157471,742.633484,0.050000,0.100000,0.000000
2150,1,2150,71.666667,0,5,1261.078979,732.403137,0.100000,0.100000,0.000000
2150,1,2150,71.666667,0,6,1320.460693,722.988220,0.150000,0.100000,0.000000
2150,1,2150,71.666667,0,7,1378.531006,714.185364,0.200000,0.100000,0.000000
2150,1,2150,71.666667,0,8,1191.630554,677.608826,0.050000,0.150000,0.000000
2150,1,2150,71.666667,0,9,1251.959717,668.759216,0.100000,0.150000,0.000000
2150,1,2150,71.666667,0,10,1312.033203,660.447144,0.150000,0.150000,0.000000
2150,1,2150,71.666667,0,11,1369.327148,650.705872,0.200000,0.150000,0.000000
2150,1,2150,71.666667,0,12,1182.379028,614.156494,0.050000,0.200000,0.000000
2150,1,2150,71.666667,0,13,1243.594727,605.288086,0.100000,0.200000,0.000000
2150,1,2150,71.666667,0,14,1302.294373,596.605896,0.150000,0.200000,0.000000
2150,1,2150,71.666667,0,15,1361.718506,588.449829,0.200000,0.200000,0.000000
2150,1,2150,71.666667,0,16,1174.162354,549.515320,0.050000,0.250000,0.000000
2150,1,2150,71.666667,0,17,1234.002197,541.487366,0.100000,0.250000,0.000000
2150,1,2150,71.666667,0,18,1294.016296,533.332947,0.150000,0.250000,0.000000
2150,1,2150,71.666667,0,19,1352.415894,525.218018,0.200000,0.250000,0.000000
2150,1,2150,71.666667,0,20,1164.876770,485.767792,0.050000,0.300000,0.000000
2150,1,2150,71.666667,0,21,1225.897766,477.695160,0.100000,0.300000,0.000000
2150,1,2150,71.666667,0,22,1285.516479,469.885193,0.150000,0.300000,0.000000
2150,1,2150,71.666667,0,23,1344.622253,462.682220,0.200000,0.300000,0.000000
2155,1,2155,71.833333,0,0,1201.151062,809.182312,0.050000,0.050000,0.000000
2155,1,2155,71.833333,0,1,1262.215088,800.187073,0.100000,0.050000,0.000000
2155,1,2155,71.833333,0,2,1321.852478,788.010925,0.150000,0.050000,0.000000
2155,1,2155,71.833333,0,3,1378.258362,777.256042,0.200000,0.050000,0.000000
2155,1,2155,71.833333,0,4,1193.301575,745.321228,0.050000,0.100000,0.000000
2155,1,2155,71.833333,0,5,1255.516602,735.713318,0.100000,0.100000,0.000000
2155,1,2155,71.833333,0,6,1312.213989,725.239807,0.150000,0.100000,0.000000
2155,1,2155,71.833333,0,7,1370.592529,714.475952,0.200000,0.100000,0.000000
2155,1,2155,71.833333,0,8,1185.209961,681.242554,0.050000,0.150000,0.000000
2155,1,2155,71.833333,0,9,1244.464600,671.823853,0.100000,0.150000,0.000000
2155,1,2155,71.833333,0,10,1304.216309,661.323608,0.150000,0.150000,0.000000
2155,1,2155,71.833333,0,11,1361.892090,651.388672,0.200000,0.150000,0.000000
2155,1,2155,71.833333,0,12,1175.525269,616.734375,0.050000,0.200000,0.000000
2155,1,2155,71.833333,0,13,1237.386414,608.179016,0.100000,0.200000,0.000000
2155,1,2155,71.833333,0,14,1295.277466,597.871460,0.150000,0.200000,0.000000
2155,1,2155,71.833333,0,15,1353.764526,588.839355,0.200000,0.200000,0.000000
2155,1,2155,71.833333,0,16,1167.544495,552.654419,0.050000,0.250000,0.000000
2155,1,2155,71.833333,0,17,1227.477600,543.098145,0.100000,0.250000,0.000000
2155,1,2155,71.833333,0,18,1287.257812,534.581543,0.150000,0.250000,0.000000
2155,1,2155,71.833333,0,19,1345.758545,525.586060,0.200000,0.250000,0.000000
2155,1,2155,71.833333,0,20,1158.192261,488.008118,0.050000,0.300000,0.000000
2155,1,2155,71.833333,0,21,1219.092834,479.223389,0.100000,0.300000,0.000000
2155,1,2155,71.833333,0,22,1278.343994,471.344849,0.150000,0.300000,0.000000
2155,1,2155,71.833333,0,23,1337.950256,463.173920,0.200000,0.300000,0.000000
2160,1,2160,72.000000,0,0,1182.343140,812.885254,0.050000,0.050000,0.000000
2160,1,2160,72.000000,0,1,1241.119568,801.006897,0.100000,0.050000,0.000000
2160,1,2160,72.000000,0,2,1300.841675,787.854065,0.150000,0.050000,0.000000
2160,1,2160,72.000000,0,4,1173.457764,750.041016,0.050000,0.100000,0.000000
2160,1,2160,72.000000,0,5,1236.586365,738.480774,0.100000,0.100000,0.000000
2160,1,2160,72.000000,0,6,1292.568054,724.037842,0.150000,0.100000,0.000000
2160,1,2160,72.000000,0,7,1350.106384,713.751221,0.200000,0.100000,0.000000
2160,1,2160,72.000000,0,8,1167.691162,685.854736,0.050000,0.150000,0.000000
2160,1,2160,72.000000,0,9,1227.255981,673.756653,0.100000,0.150000,0.000000
2160,1,2160,72.000000,0,10,1286.085999,662.793457,0.150000,0.150000,0.000000
2160,1,2160,72.000000,0,12,1159.095886,622.057617,0.050000,0.200000,0.000000
2160,1,2160,72.000000,0,13,1220.661072,610.840454,0.100000,0.200000,0.000000
2160,1,2160,72.000000,0,14,1279.092834,597.869873,0.150000,0.200000,0.000000
2160,1,2160,72.000000,0,15,1336.543152,588.502747,0.200000,0.200000,0.000000
2160,1,2160,72.000000,0,17,1213.392517,544.821655,0.100000,0.250000,0.000000
2160,1,2160,72.000000,0,19,1329.885315,525.599854,0.200000,0.250000,0.000000
2160,1,2160,72.000000,0,21,1207.792175,482.577942,0.100000,0.300000,0.000000
2160,1,2160,72.000000,0,23,1325.877930,463.173340,0.200000,0.300000,0.000000
2165,1,2165,72.166667,0,0,1167.599060,795.175110,0.050000,0.050000,0.000000
2165,1,2165,72.166667,0,1,1228.447632,781.018555,0.100000,0.050000,0.000000
2165,1,2165,72.166667,0,12,1139.708069,607.986267,0.050000,0.200000,0.000000
2165,1,2165,72.166667,0,16,1130.825806,542.276733,0.050000,0.250000,0.000000
2165,1,2165,72.166667,0,17,1190.454956,529.279907,0.100000,0.250000,0.000000
2165,1,2165,72.166667,0,18,1248.304321,515.898499,0.150000,0.250000,0.000000
2170,1,2170,72.333333,0,7,1307.831787,664.850464,0.200000,0.100000,0.000000
2175,1,2175,72.500000,0,0,1138.037659,787.024658,0.050000,0.050000,0.000000
2175,1,2175,72.500000,0,1,1197.437134,765.943970,0.100000,0.050000,0.000000
2175,1,2175,72.500000,0,2,1254.739990,745.574097,0.150000,0.050000,0.000000
2175,1,2175,72.500000,0,3,1309.196167,724.885376,0.200000,0.050000,0.000000
2175,1,2175,72.500000,0,4,1125.162048,725.123901,0.050000,0.100000,0.000000
2175,1,2175,72.500000,0,5,1186.064697,706.292236,0.100000,0.100000,0.000000
2175,1,2175,72.500000,0,6,1241.980652,685.885071,0.150000,0.100000,0.000000
2175,1,2175,72.500000,0,7,1297.782715,664.995605,0.200000,0.100000,0.000000
2175,1,2175,72.500000,0,8,1111.806885,663.814148,0.050000,0.150000,0.000000
2175,1,2175,72.500000,0,9,1171.527527,644.251465,0.100000,0.150000,0.000000
2175,1,2175,72.500000,0,10,1229.729004,623.835571,0.150000,0.150000,0.000000
2175,1,2175,72.500000,0,11,1286.643188,604.582092,0.200000,0.150000,0.000000
2175,1,2175,72.500000,0,12,1097.758057,600.894348,0.050000,0.200000,0.000000
2175,1,2175,72.500000,0,13,1158.801086,580.614868,0.100000,0.200000,0.000000
2175,1,2175,72.500000,0,14,1217.349792,560.891724,0.150000,0.200000,0.000000
2175,1,2175,72.500000,0,15,1275.369446,542.581421,0.200000,0.200000,0.000000
2175,1,2175,72.500000,0,17,1144.929626,517.348816,0.100000,0.250000,0.000000
2175,1,2175,72.500000,0,18,1205.374207,498.429993,0.150000,0.250000,0.000000
2175,1,2175,72.500000,0,19,1263.613159,479.796631,0.200000,0.250000,0.000000
2180,1,2180,72.666667,0,0,1133.053162,803.368408,0.050000,0.050000,0.000000
2180,1,2180,72.666667,0,1,1193.302551,780.278625,0.100000,0.050000,0.000000
2180,1,2180,72.666667,0,2,1250.563782,759.254944,0.150000,0.050000,0.000000
2180,1,2180,72.666667,0,3,1305.940063,735.561829,0.200000,0.050000,0.000000
2180,1,2180,72.666667,0,4,1120.014832,741.431580,0.050000,0.100000,0.000000
2180,1,2180,72.666667,0,5,1181.021179,721.779053,0.100000,0.100000,0.000000
2180,1,2180,72.666667,0,6,1237.751404,698.352783,0.150000,0.100000,0.000000
2180,1,2180,72.666667,0,7,1294.304993,677.492249,0.200000,0.100000,0.000000
2180,1,2180,72.666667,0,8,1104.969055,680.573059,0.050000,0.150000,0.000000
2180,1,2180,72.666667,0,9,1166.379272,660.180054,0.100000,0.150000,0.000000
2180,1,2180,72.666667,0,10,1225.294800,638.317505,0.150000,0.150000,0.000000
2180,1,2180,72.666667,0,11,1282.535950,615.912537,0.200000,0.150000,0.000000
2180,1,2180,72.666667,0,12,1091.687988,616.455322,0.050000,0.200000,0.000000
2180,1,2180,72.666667,0,13,1152.713257,597.163025,0.100000,0.200000,0.000000
2180,1,2180,72.666667,0,14,1212.651428,575.430603,0.150000,0.200000,0.000000
2180,1,2180,72.666667,0,15,1270.335144,555.311218,0.200000,0.200000,0.000000
2180,1,2180,72.666667,0,16,1076.547485,553.862366,0.050000,0.250000,0.000000
2180,1,2180,72.666667,0,17,1138.930847,532.495178,0.100000,0.250000,0.000000
2180,1,2180,72.666667,0,18,1199.723999,513.623291,0.150000,0.250000,0.000000
2180,1,2180,72.666667,0,19,1258.426025,493.618256,0.200000,0.250000,0.000000
2180,1,2180,72.666667,0,20,1062.428711,488.946014,0.050000,0.300000,0.000000
2180,1,2180,72.666667,0,21,1126.339722,469.494720,0.100000,0.300000,0.000000
2180,1,2180,72.666667,0,22,1186.514771,447.952515,0.150000,0.300000,0.000000
2180,1,2180,72.666667,0,23,1246.083374,428.640442,0.200000,0.300000,0.000000
2185,1,2185,72.833333,0,0,1127.098145,790.418701,0.050000,0.050000,0.000000
2185,1,2185,72.833333,0,1,1188.093384,769.145996,0.100000,0.050000,0.000000
2185,1,2185,72.833333,0,2,1246.220581,751.149109,0.150000,0.050000,0.000000
2185,1,2185,72.833333,0,3,1302.697693,731.608765,0.200000,0.050000,0.000000
2185,1,2185,72.833333,0,4,1114.348450,727.121277,0.050000,0.100000,0.000000
2185,1,2185,72.833333,0,5,1175.239746,709.096558,0.100000,0.100000,0.000000
2185,1,2185,72.833333,0,6,1234.286194,690.589600,0.150000,0.100000,0.000000
2185,1,2185,72.833333,0,7,1292.546326,671.307068,0.200000,0.100000,0.000000
2185,1,2185,72.833333,0,8,1101.694641,665.804932,0.050000,0.150000,0.000000
2185,1,2185,72.833333,0,9,1163.394653,645.449280,0.100000,0.150000,0.000000
2185,1,2185,72.833333,0,10,1222.713623,628.229858,0.150000,0.150000,0.000000
2185,1,2185,72.833333,0,11,1281.545898,608.740540,0.200000,0.150000,0.000000
2185,1,2185,72.833333,0,12,1088.460083,600.654297,0.050000,0.200000,0.000000
2185,1,2185,72.833333,0,13,1150.316467,583.549805,0.100000,0.200000,0.000000
2185,1,2185,72.833333,0,14,1210.304749,566.327698,0.150000,0.200000,0.000000
2185,1,2185,72.833333,0,15,1270.533875,547.487000,0.200000,0.200000,0.000000
2185,1,2185,72.833333,0,16,1074.987732,537.153381,0.050000,0.250000,0.000000
2185,1,2185,72.833333,0,17,1137.483154,518.538452,0.100000,0.250000,0.000000
2185,1,2185,72.833333,0,18,1199.188049,501.522949,0.150000,0.250000,0.000000
2185,1,2185,72.833333,0,19,1259.484497,483.514130,0.200000,0.250000,0.000000
2185,1,2185,72.833333,0,20,1061.119263,471.195282,0.050000,0.300000,0.000000
2185,1,2185,72.833333,0,21,1123.830017,453.364655,0.100000,0.300000,0.000000
2185,1,2185,72.833333,0,22,1186.263489,437.266937,0.150000,0.300000,0.000000
2185,1,2185,72.833333,0,23,1248.093872,419.543701,0.200000,0.300000,0.000000
2190,1,2190,73.000000,0,0,1124.989807,786.392822,0.050000,0.050000,0.000000
2190,1,2190,73.000000,0,1,1186.972412,769.059143,0.100000,0.050000,0.000000
2190,1,2190,73.000000,0,2,1245.537354,750.752258,0.150000,0.050000,0.000000
2190,1,2190,73.000000,0,3,1302.734131,731.968262,0.200000,0.050000,0.000000
2190,1,2190,73.000000,0,4,1114.648743,724.320984,0.050000,0.100000,0.000000
2190,1,2190,73.000000,0,5,1175.299744,706.846619,0.100000,0.100000,0.000000
2190,1,2190,73.000000,0,6,1235.128418,689.354980,0.150000,0.100000,0.000000
2190,1,2190,73.000000,0,7,1293.885010,672.187744,0.200000,0.100000,0.000000
2190,1,2190,73.000000,0,8,1103.317749,661.152527,0.050000,0.150000,0.000000
2190,1,2190,73.000000,0,9,1165.260986,643.331055,0.100000,0.150000,0.000000
2190,1,2190,73.000000,0,10,1225.171875,626.780701,0.150000,0.150000,0.000000
2190,1,2190,73.000000,0,11,1283.770996,609.077942,0.200000,0.150000,0.000000
2190,1,2190,73.000000,0,12,1091.767151,596.993896,0.050000,0.200000,0.000000
2190,1,2190,73.000000,0,13,1154.292175,580.093018,0.100000,0.200000,0.000000
2190,1,2190,73.000000,0,14,1214.344910,562.969116,0.150000,0.200000,0.000000
2190,1,2190,73.000000,0,15,1273.994568,546.845154,0.200000,0.200000,0.000000
2190,1,2190,73.000000,0,16,1080.475586,531.639221,0.050000,0.250000,0.000000
2190,1,2190,73.000000,0,17,1142.749939,514.923096,0.100000,0.250000,0.000000
2190,1,2190,73.000000,0,18,1204.174622,499.066559,0.150000,0.250000,0.000000
2190,1,2190,73.000000,0,19,1264.528687,482.917236,0.200000,0.250000,0.000000
2190,1,2190,73.000000,0,20,1068.148071,464.678253,0.050000,0.300000,0.000000
2190,1,2190,73.000000,0,21,1131.734314,449.201111,0.100000,0.300000,0.000000
2190,1,2190,73.000000,0,22,1193.772461,433.597961,0.150000,0.300000,0.000000
2190,1,2190,73.000000,0,23,1254.764709,417.903992,0.200000,0.300000,0.000000
2195,1,2195,73.166667,0,0,1116.218079,796.481873,0.050000,0.050000,0.000000
2195,1,2195,73.166667,0,1,1179.693542,778.575806,0.100000,0.050000,0.000000
2195,1,2195,73.166667,0,2,1239.779541,760.690857,0.150000,0.050000,0.000000
2195,1,2195,73.166667,0,3,1296.783508,741.312317,0.200000,0.050000,0.000000
2195,1,2195,73.166667,0,4,1105.296387,736.825195,0.050000,0.100000,0.000000
2195,1,2195,73.166667,0,5,1168.570435,717.518921,0.100000,0.100000,0.000000
2195,1,2195,73.166667,0,6,1228.684631,697.696777,0.150000,0.100000,0.000000
2195,1,2195,73.166667,0,7,1286.264404,679.901855,0.200000,0.100000,0.000000
2195,1,2195,73.166667,0,8,1094.299927,672.539429,0.050000,0.150000,0.000000
2195,1,2195,73.166667,0,9,1156.616577,654.884338,0.100000,0.150000,0.000000
2195,1,2195,73.166667,0,10,1217.647766,636.429993,0.150000,0.150000,0.000000
2195,1,2195,73.166667,0,11,1276.867859,619.578735,0.200000,0.150000,0.000000
2195,1,2195,73.166667,0,12,1081.411377,609.586975,0.050000,0.200000,0.000000
2195,1,2195,73.166667,0,13,1144.898804,590.696594,0.100000,0.200000,0.000000
2195,1,2195,73.166667,0,14,1206.997498,572.809875,0.150000,0.200000,0.000000
2195,1,2195,73.166667,0,15,1266.785522,555.709290,0.200000,0.200000,0.000000
2195,1,2195,73.166667,0,16,1071.055542,543.515381,0.050000,0.250000,0.000000
2195,1,2195,73.166667,0,17,1133.349548,525.771667,0.100000,0.250000,0.000000
2195,1,2195,73.166667,0,18,1196.253784,509.162048,0.150000,0.250000,0.000000
2195,1,2195,73.166667,0,19,1256.586060,493.040131,0.200000,0.250000,0.000000
2195,1,2195,73.166667,0,20,1056.806824,477.701416,0.050000,0.300000,0.000000
2195,1,2195,73.166667,0,21,1122.654968,460.284393,0.100000,0.300000,0.000000
2195,1,2195,73.166667,0,22,1185.194397,442.622314,0.150000,0.300000,0.000000
2195,1,2195,73.166667,0,23,1248.207275,427.646332,0.200000,0.300000,0.000000
2200,1,2200,73.333333,0,0,1113.822937,804.954468,0.050000,0.050000,0.000000
2200,1,2200,73.333333,0,1,1178.429260,785.154175,0.100000,0.050000,0.000000
2200,1,2200,73.333333,0,2,1238.333435,766.048767,0.150000,0.050000,0.000000
2200,1,2200,73.333333,0,3,1296.665222,744.708130,0.200000,0.050000,0.000000
2200,1,2200,73.333333,0,4,1103.298584,743.013428,0.050000,0.100000,0.000000
2200,1,2200,73.333333,0,5,1165.309265,724.777832,0.100000,0.100000,0.000000
2200,1,2200,73.333333,0,6,1226.321716,704.046509,0.150000,0.100000,0.000000
2200,1,2200,73.333333,0,7,1285.221008,684.904358,0.200000,0.100000,0.000000
2200,1,2200,73.333333,0,8,1090.173157,681.565918,0.050000,0.150000,0.000000
2200,1,2200,73.333333,0,9,1152.942200,661.357910,0.100000,0.150000,0.000000
2200,1,2200,73.333333,0,10,1214.526245,642.908813,0.150000,0.150000,0.000000
2200,1,2200,73.333333,0,11,1275.163513,622.822510,0.200000,0.150000,0.000000
2200,1,2200,73.333333,0,12,1076.503174,616.669067,0.050000,0.200000,0.000000
2200,1,2200,73.333333,0,13,1139.368958,598.345764,0.100000,0.200000,0.000000
2200,1,2200,73.333333,0,14,1202.431458,578.728638,0.150000,0.200000,0.000000
2200,1,2200,73.333333,0,15,1263.721008,561.202209,0.200000,0.200000,0.000000
2200,1,2200,73.333333,0,16,1061.559326,551.947205,0.050000,0.250000,0.000000
2200,1,2200,73.333333,0,17,1126.681396,533.536072,0.100000,0.250000,0.000000
2200,1,2200,73.333333,0,18,1189.799438,514.928528,0.150000,0.250000,0.000000
2200,1,2200,73.333333,0,19,1252.705750,496.137909,0.200000,0.250000,0.000000
2200,1,2200,73.333333,0,20,1048.925903,484.844666,0.050000,0.300000,0.000000
2200,1,2200,73.333333,0,21,1113.603760,467.494690,0.100000,0.300000,0.000000
2200,1,2200,73.333333,0,22,1178.289124,448.856415,0.150000,0.300000,0.000000
2200,1,2200,73.333333,0,23,1241.610107,432.177063,0.200000,0.300000,0.000000
0,0,0,0.000000,0,2,1451.299927,1403.737183,0.150000,0.050000,0.000000
0,0,0,0.000000,0,6,1450.234985,1316.401855,0.150000,0.100000,0.000000
0,0,0,0.000000,0,11,1531.417725,1234.687988,0.200000,0.150000,0.000000
0,0,0,0.000000,0,12,1289.310059,1149.944946,0.050000,0.200000,0.000000
0,0,0,0.000000,0,15,1530.997192,1151.440430,0.200000,0.200000,0.000000
0,0,0,0.000000,0,16,1289.287109,1071.240723,0.050000,0.250000,0.000000
0,0,0,0.000000,0,17,1367.692871,1071.325439,0.100000,0.250000,0.000000
0,0,0,0.000000,0,18,1448.651123,1070.754761,0.150000,0.250000,0.000000
0,0,0,0.000000,0,19,1529.567139,1070.473755,0.200000,0.250000,0.000000
0,0,0,0.000000,0,20,1290.793335,994.241394,0.050000,0.300000,0.000000
0,0,0,0.000000,0,21,1369.116333,992.804260,0.100000,0.300000,0.000000
0,0,0,0.000000,0,22,1448.868408,991.606018,0.150000,0.300000,0.000000
0,0,0,0.000000,0,23,1528.450928,991.189453,0.200000,0.300000,0.000000
5,0,5,0.166667,0,0,1277.033569,1405.634033,0.050000,0.050000,0.000000
5,0,5,0.166667,0,1,1359.232666,1408.007324,0.100000,0.050000,0.000000
5,0,5,0.166667,0,2,1442.343628,1410.132202,0.150000,0.050000,0.000000
5,0,5,0.166667,0,3,1527.254272,1412.542969,0.200000,0.050000,0.000000
5,0,5,0.166667,0,4,1278.846191,1320.172241,0.050000,0.100000,0.000000
5,0,5,0.166667,0,5,1359.004272,1322.189209,0.100000,0.100000,0.000000
5,0,5,0.166667,0,6,1441.845215,1323.766724,0.150000,0.100000,0.000000
5,0,5,0.166667,0,7,1526.303223,1325.776855,0.200000,0.100000,0.000000
5,0,5,0.166667,0,8,1279.741943,1238.172363,0.050000,0.150000,0.000000
5,0,5,0.166667,0,9,1359.920532,1239.078247,0.100000,0.150000,0.000000
5,0,5,0.166667,0,10,1441.580811,1240.091064,0.150000,0.150000,0.000000
5,0,5,0.166667,0,11,1524.458374,1240.864136,0.200000,0.150000,0.000000
5,0,5,0.166667,0,12,1280.903076,1157.374390,0.050000,0.200000,0.000000
5,0,5,0.166667,0,13,1360.454956,1157.809692,0.100000,0.200000,0.000000
5,0,5,0.166667,0,14,1441.073975,1157.249634,0.150000,0.200000,0.000000
5,0,5,0.166667,0,15,1522.907715,1158.152710,0.200000,0.200000,0.000000
5,0,5,0.166667,0,16,1282.020264,1078.125610,0.050000,0.250000,0.000000
5,0,5,0.166667,0,17,1360.436035,1077.539307,0.100000,0.250000,0.000000
5,0,5,0.166667,0,18,1440.589722,1077.759521,0.150000,0.250000,0.000000
5,0,5,0.166667,0,19,1521.352783,1077.155762,0.200000,0.250000,0.000000
5,0,5,0.166667,0,20,1283.012207,1001.051270,0.050000,0.300000,0.000000
5,0,5,0.166667,0,21,1360.914795,999.740784,0.100000,0.300000,0.000000
5,0,5,0.166667,0,22,1439.754639,998.898193,0.150000,0.300000,0.000000
5,0,5,0.166667,0,23,1520.297729,997.712769,0.200000,0.300000,0.000000
10,0,10,0.333333,0,0,1266.332275,1405.345581,0.050000,0.050000,0.000000
10,0,10,0.333333,0,1,1348.277832,1407.496460,0.100000,0.050000,0.000000
10,0,10,0.333333,0,2,1431.542236,1410.098999,0.150000,0.050000,0.000000
10,0,10,0.333333,0,3,1516.226318,1412.466187,0.200000,0.050000,0.000000
10,0,10,0.333333,0,4,1268.070190,1320.646118,0.050000,0.100000,0.000000
10,0,10,0.333333,0,5,1348.847046,1322.537476,0.100000,0.100000,0.000000
10,0,10,0.333333,0,6,1431.045898,1323.834351,0.150000,0.100000,0.000000
10,0,10,0.333333,0,7,1514.429810,1325.598999,0.200000,0.100000,0.000000
10,0,10,0.333333,0,8,1269.418701,1238.499512,0.050000,0.150000,0.000000
10,0,10,0.333333,0,9,1349.489014,1238.710205,0.100000,0.150000,0.000000
10,0,10,0.333333,0,10,1430.488403,1240.457886,0.150000,0.150000,0.000000
10,0,10,0.333333,0,11,1513.708130,1241.287231,0.200000,0.150000,0.000000
10,0,10,0.333333,0,12,1271.124878,1157.520020,0.050000,0.200000,0.000000
10,0,10,0.333333,0,13,1349.696655,1158.719971,0.100000,0.200000,0.000000
10,0,10,0.333333,0,14,1429.648926,1159.207397,0.150000,0.200000,0.000000
10,0,10,0.333333,0,15,1511.806885,1159.123779,0.200000,0.200000,0.000000
10,0,10,0.333333,0,16,1271.910645,1079.250732,0.050000,0.250000,0.000000
10,0,10,0.333333,0,17,1350.244141,1078.351074,0.100000,0.250000,0.000000
10,0,10,0.333333,0,18,1429.571411,1078.446045,0.150000,0.250000,0.000000
10,0,10,0.333333,0,19,1510.389160,1078.490234,0.200000,0.250000,0.000000
10,0,10,0.333333,0,20,1272.724854,1002.028625,0.050000,0.300000,0.000000
10,0,10,0.333333,0,21,1350.569580,1000.851196,0.100000,0.300000,0.000000
10,0,10,0.333333,0,22,1429.586426,999.790771,0.150000,0.300000,0.000000
10,0,10,0.333333,0,23,1509.635742,999.323792,0.200000,0.300000,0.000000
15,0,15,0.500000,0,0,1265.907959,1404.748169,0.050000,0.050000,0.000000
15,0,15,0.500000,0,1,1347.447144,1407.414062,0.100000,0.050000,0.000000
15,0,15,0.500000,0,2,1430.818237,1409.301758,0.150000,0.050000,0.000000
15,0,15,0.500000,0,3,1515.673828,1411.324097,0.200000,0.050000,0.000000
15,0,15,0.500000,0,4,1267.569824,1320.188721,0.050000,0.100000,0.000000
15,0,15,0.500000,0,5,1347.602173,1321.791626,0.100000,0.100000,0.000000
15,0,15,0.500000,0,6,1429.766724,1323.638306,0.150000,0.100000,0.000000
15,0,15,0.500000,0,7,1513.679321,1324.580933,0.200000,0.100000,0.000000
15,0,15,0.500000,0,8,1268.667847,1238.278564,0.050000,0.150000,0.000000
15,0,15,0.500000,0,9,1348.063721,1238.719604,0.100000,0.150000,0.000000
15,0,15,0.500000,0,10,1429.831909,1239.834839,0.150000,0.150000,0.000000
15,0,15,0.500000,0,11,1512.542603,1240.430054,0.200000,0.150000,0.000000
15,0,15,0.500000,0,12,1269.487671,1157.521606,0.050000,0.200000,0.000000
15,0,15,0.500000,0,13,1349.401367,1157.835205,0.100000,0.200000,0.000000
15,0,15,0.500000,0,14,1428.547119,1158.446167,0.150000,0.200000,0.000000
15,0,15,0.500000,0,15,1510.605347,1157.864868,0.200000,0.200000,0.000000
15,0,15,0.500000,0,16,1270.786865,1078.630859,0.050000,0.250000,0.000000
15,0,15,0.500000,0,17,1348.811401,1078.609131,0.100000,0.250000,0.000000
15,0,15,0.500000,0,18,1428.558838,1078.195190,0.150000,0.250000,0.000000
15,0,15,0.500000,0,19,1509.362671,1077.489502,0.200000,0.250000,0.000000
15,0,15,0.500000,0,20,1272.202759,1001.602600,0.050000,0.300000,0.000000
15,0,15,0.500000,0,21,1349.430786,1000.520264,0.100000,0.300000,0.000000
15,0,15,0.500000,0,22,1428.322388,999.576050,0.150000,0.300000,0.000000
15,0,15,0.500000,0,23,1508.272095,998.639526,0.200000,0.300000,0.000000
20,0,20,0.666667,0,0,1270.552368,1405.664551,0.050000,0.050000,0.000000
20,0,20,0.666667,0,1,1351.599365,1407.478149,0.100000,0.050000,0.000000
20,0,20,0.666667,0,2,1435.468628,1409.666016,0.150000,0.050000,0.000000
20,0,20,0.666667,0,3,1519.801636,1410.921265,0.200000,0.050000,0.000000
20,0,20,0.666667,0,4,1270.670776,1321.337036,0.050000,0.100000,0.000000
20,0,20,0.666667,0,5,1351.612793,1321.915894,0.100000,0.100000,0.000000
20,0,20,0.666667,0,6,1434.378174,1323.520386,0.150000,0.100000,0.000000
20,0,20,0.666667,0,7,1518.132812,1324.502441,0.200000,0.100000,0.000000
20,0,20,0.666667,0,8,1272.455933,1238.579590,0.050000,0.150000,0.000000
20,0,20,0.666667,0,9,1351.623901,1238.564087,0.100000,0.150000,0.000000
20,0,20,0.666667,0,10,1433.366455,1239.231934,0.150000,0.150000,0.000000
20,0,20,0.666667,0,11,1515.837891,1239.861450,0.200000,0.150000,0.000000
20,0,20,0.666667,0,12,1273.060547,1157.626465,0.050000,0.200000,0.000000
20,0,20,0.666667,0,13,1352.011108,1157.448364,0.100000,0.200000,0.000000
20,0,20,0.666667,0,14,1432.405762,1157.408203,0.150000,0.200000,0.000000
20,0,20,0.666667,0,15,1514.406128,1157.625732,0.200000,0.200000,0.000000
20,0,20,0.666667,0,16,1274.368774,1079.701416,0.050000,0.250000,0.000000
20,0,20,0.666667,0,17,1352.163696,1078.198975,0.100000,0.250000,0.000000
20,0,20,0.666667,0,18,1431.378540,1077.448364,0.150000,0.250000,0.000000
20,0,20,0.666667,0,19,1512.344849,1077.188843,0.200000,0.250000,0.000000
20,0,20,0.666667,0,20,1274.863037,1002.363708,0.050000,0.300000,0.000000
20,0,20,0.666667,0,21,1352.142212,1000.575684,0.100000,0.300000,0.000000
20,0,20,0.666667,0,22,1431.258057,998.766968,0.150000,0.300000,0.000000
20,0,20,0.666667,0,23,1511.527710,997.888977,0.200000,0.300000,0.000000
25,0,25,0.833333,0,0,1271.521362,1407.255005,0.050000,0.050000,0.000000
25,0,25,0.833333,0,1,1352.650879,1409.344116,0.100000,0.050000,0.000000
25,0,25,0.833333,0,2,1436.255615,1411.457275,0.150000,0.050000,0.000000
25,0,25,0.833333,0,3,1520.596436,1413.627930,0.200000,0.050000,0.000000
25,0,25,0.833333,0,4,1272.322388,1322.468140,0.050000,0.100000,0.000000
25,0,25,0.833333,0,5,1352.618408,1323.542236,0.100000,0.100000,0.000000
25,0,25,0.833333,0,6,1435.352783,1325.419312,0.150000,0.100000,0.000000
25,0,25,0.833333,0,7,1518.837402,1326.511475,0.200000,0.100000,0.000000
25,0,25,0.833333,0,8,1273.036255,1239.609863,0.050000,0.150000,0.000000
25,0,25,0.833333,0,9,1352.669678,1240.794189,0.100000,0.150000,0.000000
25,0,25,0.833333,0,10,1434.662231,1241.315918,0.150000,0.150000,0.000000
25,0,25,0.833333,0,11,1517.210571,1242.269043,0.200000,0.150000,0.000000
25,0,25,0.833333,0,12,1274.121216,1159.314697,0.050000,0.200000,0.000000
25,0,25,0.833333,0,13,1353.465332,1159.080933,0.100000,0.200000,0.000000
25,0,25,0.833333,0,14,1433.730347,1159.235107,0.150000,0.200000,0.000000
25,0,25,0.833333,0,15,1515.487915,1159.480591,0.200000,0.200000,0.000000
25,0,25,0.833333,0,16,1275.302124,1080.385620,0.050000,0.250000,0.000000
25,0,25,0.833333,0,17,1353.550049,1079.659424,0.100000,0.250000,0.000000
25,0,25,0.833333,0,18,1433.146362,1079.188110,0.150000,0.250000,0.000000
25,0,25,0.833333,0,19,1514.125366,1078.506348,0.200000,0.250000,0.000000
25,0,25,0.833333,0,20,1276.297729,1003.364441,0.050000,0.300000,0.000000
25,0,25,0.833333,0,21,1353.734131,1002.249268,0.100000,0.300000,0.000000
25,0,25,0.833333,0,22,1432.329102,1001.001404,0.150000,0.300000,0.000000
25,0,25,0.833333,0,23,1512.774536,999.563293,0.200000,0.300000,0.000000
30,0,30,1.000000,0,0,1273.218872,1406.106934,0.050000,0.050000,0.000000
30,0,30,1.000000,0,1,1354.973389,1407.963379,0.100000,0.050000,0.000000
30,0,30,1.000000,0,2,1438.299927,1410.317505,0.150000,0.050000,0.000000
30,0,30,1.000000,0,3,1523.469849,1412.695190,0.200000,0.050000,0.000000
30,0,30,1.000000,0,4,1274.538330,1320.914917,0.050000,0.100000,0.000000
30,0,30,1.000000,0,5,1355.202393,1322.476685,0.100000,0.100000,0.000000
30,0,30,1.000000,0,6,1437.691650,1324.160522,0.150000,0.100000,0.000000
30,0,30,1.000000,0,7,1521.587402,1325.512085,0.200000,0.100000,0.000000
30,0,30,1.000000,0,8,1275.037231,1237.833008,0.050000,0.150000,0.000000
30,0,30,1.000000,0,9,1355.461426,1239.342651,0.100000,0.150000,0.000000
30,0,30,1.000000,0,10,1437.482910,1240.213501,0.150000,0.150000,0.000000
30,0,30,1.000000,0,11,1519.966919,1240.771851,0.200000,0.150000,0.000000
30,0,30,1.000000,0,12,1276.796265,1158.206421,0.050000,0.200000,0.000000
30,0,30,1.000000,0,13,1356.441528,1158.416260,0.100000,0.200000,0.000000
30,0,30,1.000000,0,14,1436.187134,1159.142944,0.150000,0.200000,0.000000
30,0,30,1.000000,0,15,1519.253296,1159.300903,0.200000,0.200000,0.000000
30,0,30,1.000000,0,16,1278.388794,1079.676880,0.050000,0.250000,0.000000
30,0,30,1.000000,0,17,1356.612793,1078.808228,0.100000,0.250000,0.000000
30,0,30,1.000000,0,18,1436.437500,1079.328125,0.150000,0.250000,0.000000
30,0,30,1.000000,0,19,1516.637939,1078.451172,0.200000,0.250000,0.000000
30,0,30,1.000000,0,20,1278.930664,1003.412354,0.050000,0.300000,0.000000
30,0,30,1.000000,0,21,1357.492554,1002.268982,0.100000,0.300000,0.000000
30,0,30,1.000000,0,22,1435.505615,1000.685425,0.150000,0.300000,0.000000
30,0,30,1.000000,0,23,1515.385498,999.399780,0.200000,0.300000,0.000000
35,0,35,1.166667,0,0,1277.226807,1397.248047,0.050000,0.050000,0.000000
35,0,35,1.166667,0,1,1359.644775,1398.865845,0.100000,0.050000,0.000000
35,0,35,1.166667,0,2,1443.566895,1401.017456,0.150000,0.050000,0.000000
35,0,35,1.166667,0,3,1528.835693,1402.640625,0.200000,0.050000,0.000000
35,0,35,1.166667,0,4,1278.497437,1312.725220,0.050000,0.100000,0.000000
35,0,35,1.166667,0,5,1359.527344,1313.334839,0.100000,0.100000,0.000000
35,0,35,1.166667,0,6,1442.799561,1314.339233,0.150000,0.100000,0.000000
35,0,35,1.166667,0,7,1526.608154,1315.622925,0.200000,0.100000,0.000000
35,0,35,1.166667,0,8,1279.575317,1230.388062,0.050000,0.150000,0.000000
35,0,35,1.166667,0,9,1359.414429,1230.533081,0.100000,0.150000,0.000000
35,0,35,1.166667,0,10,1441.511475,1231.279541,0.150000,0.150000,0.000000
35,0,35,1.166667,0,11,1524.863647,1229.723145,0.200000,0.150000,0.000000
35,0,35,1.166667,0,12,1280.969360,1150.689941,0.050000,0.200000,0.000000
35,0,35,1.166667,0,13,1360.201538,1150.502808,0.100000,0.200000,0.000000
35,0,35,1.166667,0,14,1440.398804,1149.422485,0.150000,0.200000,0.000000
35,0,35,1.166667,0,15,1522.312500,1149.583862,0.200000,0.200000,0.000000
35,0,35,1.166667,0,16,1282.591064,1073.454956,0.050000,0.250000,0.000000
35,0,35,1.166667,0,17,1360.422485,1071.287109,0.100000,0.250000,0.000000
35,0,35,1.166667,0,18,1439.577148,1070.709229,0.150000,0.250000,0.000000
35,0,35,1.166667,0,19,1519.843628,1068.793823,0.200000,0.250000,0.000000
35,0,35,1.166667,0,20,1283.054688,997.636047,0.050000,0.300000,0.000000
35,0,35,1.166667,0,21,1360.527832,995.479248,0.100000,0.300000,0.000000
35,0,35,1.166667,0,22,1438.523804,993.399963,0.150000,0.300000,0.000000
35,0,35,1.166667,0,23,1517.900635,992.328186,0.200000,0.300000,0.000000
40,0,40,1.333333,0,0,1282.752686,1382.489136,0.050000,0.050000,0.000000
40,0,40,1.333333,0,1,1365.533203,1383.853149,0.100000,0.050000,0.000000
40,0,40,1.333333,0,2,1449.525635,1385.622437,0.150000,0.050000,0.000000
40,0,40,1.333333,0,3,1534.427368,1387.096069,0.200000,0.050000,0.000000
40,0,40,1.333333,0,4,1284.572021,1299.016968,0.050000,0.100000,0.000000
40,0,40,1.333333,0,5,1365.384766,1298.797241,0.100000,0.100000,0.000000
40,0,40,1.333333,0,6,1447.776733,1299.728516,0.150000,0.100000,0.000000
40,0,40,1.333333,0,7,1531.888184,1300.678467,0.200000,0.100000,0.000000
40,0,40,1.333333,0,8,1286.400146,1216.750732,0.050000,0.150000,0.000000
40,0,40,1.333333,0,9,1365.435303,1216.739990,0.100000,0.150000,0.000000
40,0,40,1.333333,0,10,1447.382202,1217.353760,0.150000,0.150000,0.000000
40,0,40,1.333333,0,11,1529.451660,1216.939575,0.200000,0.150000,0.000000
40,0,40,1.333333,0,12,1286.692261,1138.326050,0.050000,0.200000,0.000000
40,0,40,1.333333,0,13,1365.603271,1136.494873,0.100000,0.200000,0.000000
40,0,40,1.333333,0,14,1445.566650,1137.066406,0.150000,0.200000,0.000000
40,0,40,1.333333,0,15,1527.721191,1136.205322,0.200000,0.200000,0.000000
40,0,40,1.333333,0,16,1289.170166,1061.330322,0.050000,0.250000,0.000000
40,0,40,1.333333,0,17,1366.232422,1059.270142,0.100000,0.250000,0.000000
40,0,40,1.333333,0,18,1444.783691,1057.669800,0.150000,0.250000,0.000000
40,0,40,1.333333,0,19,1524.958252,1057.002319,0.200000,0.250000,0.000000
40,0,40,1.333333,0,20,1290.259277,985.117676,0.050000,0.300000,0.000000
40,0,40,1.333333,0,21,1366.595215,984.173462,0.100000,0.300000,0.000000
40,0,40,1.333333,0,22,1444.347900,981.768250,0.150000,0.300000,0.000000
40,0,40,1.333333,0,23,1523.496094,979.755249,0.200000,0.300000,0.000000
45,0,45,1.500000,0,0,1290.035767,1364.877930,0.050000,0.050000,0.000000
45,0,45,1.500000,0,1,1371.743896,1366.462769,0.100000,0.050000,0.000000
45,0,45,1.500000,0,2,1456.064453,1367.310669,0.150000,0.050000,0.000000
45,0,45,1.500000,0,3,1540.730103,1369.224365,0.200000,0.050000,0.000000
45,0,45,1.500000,0,6,1455.280151,1281.731689,0.150000,0.100000,0.000000
45,0,45,1.500000,0,7,1538.946655,1283.423584,0.200000,0.100000,0.000000
45,0,45,1.500000,0,10,1454.229370,1201.040039,0.150000,0.150000,0.000000
45,0,45,1.500000,0,11,1536.333618,1201.000122,0.200000,0.150000,0.000000
45,0,45,1.500000,0,12,1294.481689,1122.620728,0.050000,0.200000,0.000000
45,0,45,1.500000,0,13,1373.542236,1121.422119,0.100000,0.200000,0.000000
45,0,45,1.500000,0,14,1452.382446,1121.280396,0.150000,0.200000,0.000000
45,0,45,1.500000,0,15,1533.410522,1119.602173,0.200000,0.200000,0.000000
45,0,45,1.500000,0,16,1296.746094,1047.024292,0.050000,0.250000,0.000000
45,0,45,1.500000,0,17,1373.687622,1044.815674,0.100000,0.250000,0.000000
45,0,45,1.500000,0,18,1453.214722,1044.967651,0.150000,0.250000,0.000000
45,0,45,1.500000,0,19,1532.238770,1042.467163,0.200000,0.250000,0.000000
45,0,45,1.500000,0,20,1298.178711,972.369751,0.050000,0.300000,0.000000
45,0,45,1.500000,0,21,1374.198853,971.316284,0.100000,0.300000,0.000000
45,0,45,1.500000,0,22,1451.485107,968.725525,0.150000,0.300000,0.000000
45,0,45,1.500000,0,23,1530.998535,968.311279,0.200000,0.300000,0.000000
50,0,50,1.666667,0,2,1460.269897,1357.674072,0.150000,0.050000,0.000000
50,0,50,1.666667,0,3,1544.647217,1358.237915,0.200000,0.050000,0.000000
50,0,50,1.666667,0,4,1297.104370,1272.488403,0.050000,0.100000,0.000000
50,0,50,1.666667,0,5,1376.286865,1271.923340,0.100000,0.100000,0.000000
50,0,50,1.666667,0,6,1459.204468,1272.466797,0.150000,0.100000,0.000000
50,0,50,1.666667,0,7,1542.110962,1273.415283,0.200000,0.100000,0.000000
50,0,50,1.666667,0,8,1297.914307,1192.460083,0.050000,0.150000,0.000000
50,0,50,1.666667,0,9,1376.607422,1191.616211,0.100000,0.150000,0.000000
50,0,50,1.666667,0,10,1456.834229,1191.110596,0.150000,0.150000,0.000000
50,0,50,1.666667,0,11,1539.046143,1192.034668,0.200000,0.150000,0.000000
50,0,50,1.666667,0,12,1299.346924,1114.593872,0.050000,0.200000,0.000000
50,0,50,1.666667,0,13,1377.122314,1113.714844,0.100000,0.200000,0.000000
50,0,50,1.666667,0,14,1456.537720,1112.807495,0.150000,0.200000,0.000000
50,0,50,1.666667,0,15,1536.445557,1111.666138,0.200000,0.200000,0.000000
50,0,50,1.666667,0,16,1300.494141,1039.755371,0.050000,0.250000,0.000000
50,0,50,1.666667,0,17,1377.043701,1038.140747,0.100000,0.250000,0.000000
50,0,50,1.666667,0,18,1454.684448,1036.524658,0.150000,0.250000,0.000000
50,0,50,1.666667,0,19,1534.391602,1034.692871,0.200000,0.250000,0.000000
50,0,50,1.666667,0,20,1301.407227,967.148560,0.050000,0.300000,0.000000
50,0,50,1.666667,0,21,1377.292236,964.493286,0.100000,0.300000,0.000000
50,0,50,1.666667,0,22,1454.373657,962.504456,0.150000,0.300000,0.000000
50,0,50,1.666667,0,23,1532.311401,960.422241,0.200000,0.300000,0.000000
55,0,55,1.833333,0,0,1298.370117,1352.358032,0.050000,0.050000,0.000000
55,0,55,1.833333,0,1,1379.121338,1352.510986,0.100000,0.050000,0.000000
55,0,55,1.833333,0,2,1461.805786,1353.539795,0.150000,0.050000,0.000000
55,0,55,1.833333,0,3,1545.695190,1354.699097,0.200000,0.050000,0.000000
55,0,55,1.833333,0,4,1298.791016,1270.087769,0.050000,0.100000,0.000000
55,0,55,1.833333,0,5,1379.099731,1269.986816,0.100000,0.100000,0.000000
55,0,55,1.833333,0,6,1459.729492,1270.211548,0.150000,0.100000,0.000000
55,0,55,1.833333,0,7,1542.589600,1270.632568,0.200000,0.100000,0.000000
55,0,55,1.833333,0,8,1300.475830,1190.653687,0.050000,0.150000,0.000000
55,0,55,1.833333,0,9,1378.533936,1189.435181,0.100000,0.150000,0.000000
55,0,55,1.833333,0,10,1458.446777,1188.741455,0.150000,0.150000,0.000000
55,0,55,1.833333,0,11,1539.524292,1189.123535,0.200000,0.150000,0.000000
55,0,55,1.833333,0,12,1300.979980,1113.375977,0.050000,0.200000,0.000000
55,0,55,1.833333,0,13,1378.421875,1111.597046,0.100000,0.200000,0.000000
55,0,55,1.833333,0,14,1457.257202,1110.754639,0.150000,0.200000,0.000000
55,0,55,1.833333,0,15,1537.341553,1109.881592,0.200000,0.200000,0.000000
55,0,55,1.833333,0,16,1302.303833,1038.628784,0.050000,0.250000,0.000000
55,0,55,1.833333,0,17,1378.581543,1036.421875,0.100000,0.250000,0.000000
55,0,55,1.833333,0,18,1456.451416,1035.376465,0.150000,0.250000,0.000000
55,0,55,1.833333,0,19,1534.565186,1033.363281,0.200000,0.250000,0.000000
55,0,55,1.833333,0,20,1303.319946,965.546387,0.050000,0.300000,0.000000
55,0,55,1.833333,0,21,1378.652954,963.575073,0.100000,0.300000,0.000000
55,0,55,1.833333,0,22,1454.638062,961.051086,0.150000,0.300000,0.000000
55,0,55,1.833333,0,23,1532.346069,958.732117,0.200000,0.300000,0.000000
60,0,60,2.000000,0,0,1301.402466,1347.889038,0.050000,0.050000,0.000000
60,0,60,2.000000,0,1,1381.660156,1348.082642,0.100000,0.050000,0.000000
60,0,60,2.000000,0,2,1464.272217,1348.920288,0.150000,0.050000,0.000000
60,0,60,2.000000,0,3,1547.389160,1351.094849,0.200000,0.050000,0.000000
60,0,60,2.000000,0,4,1301.835815,1265.806763,0.050000,0.100000,0.000000
60,0,60,2.000000,0,5,1381.519043,1265.401245,0.100000,0.100000,0.000000
60,0,60,2.000000,0,6,1462.684204,1265.821533,0.150000,0.100000,0.000000
60,0,60,2.000000,0,7,1544.733765,1266.283813,0.200000,0.100000,0.000000
60,0,60,2.000000,0,8,1303.245117,1186.445068,0.050000,0.150000,0.000000
60,0,60,2.000000,0,9,1381.492065,1185.435791,0.100000,0.150000,0.000000
60,0,60,2.000000,0,10,1461.527222,1185.326416,0.150000,0.150000,0.000000
60,0,60,2.000000,0,11,1542.516113,1185.220703,0.200000,0.150000,0.000000
60,0,60,2.000000,0,12,1304.307373,1109.528687,0.050000,0.200000,0.000000
60,0,60,2.000000,0,13,1381.370117,1108.756592,0.100000,0.200000,0.000000
60,0,60,2.000000,0,14,1459.913940,1107.382446,0.150000,0.200000,0.000000
60,0,60,2.000000,0,15,1539.583008,1106.401001,0.200000,0.200000,0.000000
60,0,60,2.000000,0,16,1305.219116,1035.087891,0.050000,0.250000,0.000000
60,0,60,2.000000,0,17,1381.496338,1033.400146,0.100000,0.250000,0.000000
60,0,60,2.000000,0,18,1459.340820,1031.958130,0.150000,0.250000,0.000000
60,0,60,2.000000,0,19,1537.331177,1030.452026,0.200000,0.250000,0.000000
60,0,60,2.000000,0,20,1306.723999,962.592712,0.050000,0.300000,0.000000
60,0,60,2.000000,0,21,1381.721680,960.573303,0.100000,0.300000,0.000000
60,0,60,2.000000,0,22,1457.336548,958.676086,0.150000,0.300000,0.000000
60,0,60,2.000000,0,23,1534.724487,955.748901,0.200000,0.300000,0.000000
65,0,65,2.166667,0,0,1308.408569,1346.686890,0.050000,0.050000,0.000000
65,0,65,2.166667,0,1,1388.570435,1346.677368,0.100000,0.050000,0.000000
65,0,65,2.166667,0,2,1470.840698,1348.092896,0.150000,0.050000,0.000000
65,0,65,2.166667,0,3,1554.444336,1348.916016,0.200000,0.050000,0.000000
65,0,65,2.166667,0,4,1309.172607,1264.387573,0.050000,0.100000,0.000000
65,0,65,2.166667,0,5,1388.836548,1264.528687,0.100000,0.100000,0.000000
65,0,65,2.166667,0,8,1310.289307,1185.830200,0.050000,0.150000,0.000000
65,0,65,2.166667,0,9,1389.107788,1184.046509,0.100000,0.150000,0.000000
65,0,65,2.166667,0,12,1310.772705,1108.723755,0.050000,0.200000,0.000000
65,0,65,2.166667,0,13,1388.529663,1108.187622,0.100000,0.200000,0.000000
65,0,65,2.166667,0,14,1466.488770,1106.759277,0.150000,0.200000,0.000000
65,0,65,2.166667,0,15,1545.821289,1105.519409,0.200000,0.200000,0.000000
65,0,65,2.166667,0,16,1311.756958,1034.688965,0.050000,0.250000,0.000000
65,0,65,2.166667,0,17,1387.814819,1032.664062,0.100000,0.250000,0.000000
65,0,65,2.166667,0,18,1465.185791,1031.367432,0.150000,0.250000,0.000000
65,0,65,2.166667,0,19,1543.318481,1029.518066,0.200000,0.250000,0.000000
65,0,65,2.166667,0,20,1312.409302,962.704285,0.050000,0.300000,0.000000
65,0,65,2.166667,0,21,1387.936768,960.492737,0.100000,0.300000,0.000000
65,0,65,2.166667,0,22,1463.342407,958.148682,0.150000,0.300000,0.000000
65,0,65,2.166667,0,23,1540.960327,955.769775,0.200000,0.300000,0.000000
70,0,70,2.333333,0,0,1310.810059,1341.368164,0.050000,0.050000,0.000000
70,0,70,2.333333,0,1,1390.269653,1342.538696,0.100000,0.050000,0.000000
70,0,70,2.333333,0,2,1473.155884,1342.671387,0.150000,0.050000,0.000000
70,0,70,2.333333,0,3,1556.784302,1343.592529,0.200000,0.050000,0.000000
70,0,70,2.333333,0,4,1311.347656,1259.334106,0.050000,0.100000,0.000000
70,0,70,2.333333,0,5,1390.418945,1259.413330,0.100000,0.100000,0.000000
70,0,70,2.333333,0,6,1471.437622,1259.588623,0.150000,0.100000,0.000000
70,0,70,2.333333,0,7,1553.497314,1259.726807,0.200000,0.100000,0.000000
70,0,70,2.333333,0,8,1311.799927,1180.398193,0.050000,0.150000,0.000000
70,0,70,2.333333,0,9,1390.508667,1179.427979,0.100000,0.150000,0.000000
70,0,70,2.333333,0,10,1470.444824,1179.369507,0.150000,0.150000,0.000000
70,0,70,2.333333,0,11,1550.637695,1179.825928,0.200000,0.150000,0.000000
70,0,70,2.333333,0,12,1312.481323,1103.692261,0.050000,0.200000,0.000000
70,0,70,2.333333,0,13,1390.497192,1102.815674,0.100000,0.200000,0.000000
70,0,70,2.333333,0,14,1468.545532,1100.847534,0.150000,0.200000,0.000000
70,0,70,2.333333,0,15,1548.617920,1100.297974,0.200000,0.200000,0.000000
70,0,70,2.333333,0,16,1313.711426,1028.622681,0.050000,0.250000,0.000000
70,0,70,2.333333,0,17,1389.647583,1026.960327,0.100000,0.250000,0.000000
70,0,70,2.333333,0,18,1466.996094,1024.722656,0.150000,0.250000,0.000000
70,0,70,2.333333,0,19,1545.926147,1023.677368,0.200000,0.250000,0.000000
70,0,70,2.333333,0,20,1314.701782,956.557190,0.050000,0.300000,0.000000
70,0,70,2.333333,0,21,1390.018433,954.384094,0.100000,0.300000,0.000000
70,0,70,2.333333,0,22,1465.586548,951.736633,0.150000,0.300000,0.000000
70,0,70,2.333333,0,23,1543.309692,949.163696,0.200000,0.300000,0.000000
75,0,75,2.500000,0,1,1397.814697,1327.578003,0.100000,0.050000,0.000000
75,0,75,2.500000,0,2,1480.126831,1327.771362,0.150000,0.050000,0.000000
75,0,75,2.500000,0,3,1564.318726,1327.984497,0.200000,0.050000,0.000000
75,0,75,2.500000,0,12,1319.067993,1088.865112,0.050000,0.200000,0.000000
75,0,75,2.500000,0,13,1397.137207,1087.466309,0.100000,0.200000,0.000000
75,0,75,2.500000,0,14,1475.155151,1085.976440,0.150000,0.200000,0.000000
75,0,75,2.500000,0,15,1555.598267,1084.540039,0.200000,0.200000,0.000000
75,0,75,2.500000,0,16,1319.514648,1013.998474,0.050000,0.250000,0.000000
75,0,75,2.500000,0,17,1395.505127,1011.502502,0.100000,0.250000,0.000000
75,0,75,2.500000,0,18,1473.026367,1009.599854,0.150000,0.250000,0.000000
75,0,75,2.500000,0,19,1552.753052,1007.675659,0.200000,0.250000,0.000000
75,0,75,2.500000,0,20,1319.456543,941.014221,0.050000,0.300000,0.000000
75,0,75,2.500000,0,21,1394.773193,938.457397,0.100000,0.300000,0.000000
75,0,75,2.500000,0,22,1472.264282,934.905396,0.150000,0.300000,0.000000
75,0,75,2.500000,0,23,1550.571045,932.754150,0.200000,0.300000,0.000000
80,0,80,2.666667,0,0,1322.099731,1299.315308,0.050000,0.050000,0.000000
80,0,80,2.666667,0,1,1402.614380,1300.259155,0.100000,0.050000,0.000000
80,0,80,2.666667,0,2,1484.657227,1301.381714,0.150000,0.050000,0.000000
80,0,80,2.666667,0,3,1568.385193,1302.910156,0.200000,0.050000,0.000000
80,0,80,2.666667,0,6,1483.532715,1218.333618,0.150000,0.100000,0.000000
80,0,80,2.666667,0,7,1565.879639,1218.918579,0.200000,0.100000,0.000000
80,0,80,2.666667,0,10,1482.279907,1138.729980,0.150000,0.150000,0.000000
80,0,80,2.666667,0,11,1564.125122,1137.641113,0.200000,0.150000,0.000000
80,0,80,2.666667,0,12,1324.261230,1063.280273,0.050000,0.200000,0.000000
80,0,80,2.666667,0,13,1401.995483,1062.042603,0.100000,0.200000,0.000000
80,0,80,2.666667,0,14,1481.120239,1059.782349,0.150000,0.200000,0.000000
80,0,80,2.666667,0,15,1561.329834,1059.507324,0.200000,0.200000,0.000000
80,0,80,2.666667,0,16,1325.432007,988.389709,0.050000,0.250000,0.000000
80,0,80,2.666667,0,17,1401.350708,986.148926,0.100000,0.250000,0.000000
80,0,80,2.666667,0,18,1479.227661,983.427612,0.150000,0.250000,0.000000
80,0,80,2.666667,0,19,1558.746948,982.470520,0.200000,0.250000,0.000000
80,0,80,2.666667,0,20,1326.408203,914.068848,0.050000,0.300000,0.000000
80,0,80,2.666667,0,21,1401.780884,912.466492,0.100000,0.300000,0.000000
80,0,80,2.666667,0,22,1478.502808,909.378296,0.150000,0.300000,0.000000
80,0,80,2.666667,0,23,1556.180664,906.435425,0.200000,0.300000,0.000000
85,0,85,2.833333,0,0,1319.787598,1288.429321,0.050000,0.050000,0.000000
85,0,85,2.833333,0,1,1397.614136,1289.067871,0.100000,0.050000,0.000000
85,0,85,2.833333,0,2,1479.780151,1288.805298,0.150000,0.050000,0.000000
85,0,85,2.833333,0,6,1478.067261,1207.320312,0.150000,0.100000,0.000000
85,0,85,2.833333,0,10,1477.410767,1127.631836,0.150000,0.150000,0.000000
85,0,85,2.833333,0,11,1557.580200,1126.749756,0.200000,0.150000,0.000000
85,0,85,2.833333,0,12,1321.313843,1052.624512,0.050000,0.200000,0.000000
85,0,85,2.833333,0,13,1397.756226,1051.393921,0.100000,0.200000,0.000000
85,0,85,2.833333,0,14,1475.580078,1049.687622,0.150000,0.200000,0.000000
85,0,85,2.833333,0,15,1554.658813,1048.430542,0.200000,0.200000,0.000000
85,0,85,2.833333,0,16,1321.601807,978.515137,0.050000,0.250000,0.000000
85,0,85,2.833333,0,17,1397.549561,976.041870,0.100000,0.250000,0.000000
85,0,85,2.833333,0,18,1475.130249,974.554688,0.150000,0.250000,0.000000
85,0,85,2.833333,0,19,1552.902954,972.053101,0.200000,0.250000,0.000000
85,0,85,2.833333,0,20,1322.605225,905.199097,0.050000,0.300000,0.000000
85,0,85,2.833333,0,21,1397.481201,902.700867,0.100000,0.300000,0.000000
85,0,85,2.833333,0,22,1473.536011,900.152161,0.150000,0.300000,0.000000
85,0,85,2.833333,0,23,1551.183838,896.785156,0.200000,0.300000,0.000000
90,0,90,3.000000,0,0,1306.926514,1294.204590,0.050000,0.050000,0.000000
90,0,90,3.000000,0,1,1384.204468,1293.650024,0.100000,0.050000,0.000000
90,0,90,3.000000,0,2,1463.422241,1296.114502,0.150000,0.050000,0.000000
90,0,90,3.000000,0,3,1543.712524,1296.677612,0.200000,0.050000,0.000000
90,0,90,3.000000,0,6,1460.915405,1216.040039,0.150000,0.100000,0.000000
90,0,90,3.000000,0,7,1543.093872,1215.948608,0.200000,0.100000,0.000000
90,0,90,3.000000,0,11,1540.536987,1136.658569,0.200000,0.150000,0.000000
90,0,90,3.000000,0,12,1309.626099,1063.443726,0.050000,0.200000,0.000000
90,0,90,3.000000,0,15,1538.621948,1060.124634,0.200000,0.200000,0.000000
90,0,90,3.000000,0,16,1310.467529,989.753845,0.050000,0.250000,0.000000
90,0,90,3.000000,0,17,1385.276855,988.090210,0.100000,0.250000,0.000000
90,0,90,3.000000,0,18,1460.052490,987.467041,0.150000,0.250000,0.000000
90,0,90,3.000000,0,19,1537.106567,983.928345,0.200000,0.250000,0.000000
90,0,90,3.000000,0,20,1312.225220,918.438599,0.050000,0.300000,0.000000
90,0,90,3.000000,0,21,1386.658325,917.523132,0.100000,0.300000,0.000000
90,0,90,3.000000,0,22,1458.554810,914.161621,0.150000,0.300000,0.000000
90,0,90,3.000000,0,23,1535.615112,910.835938,0.200000,0.300000,0.000000
95,0,95,3.166667,0,2,1445.298096,1300.304932,0.150000,0.050000,0.000000
95,0,95,3.166667,0,3,1523.331787,1302.513916,0.200000,0.050000,0.000000
95,0,95,3.166667,0,6,1444.626099,1222.061890,0.150000,0.100000,0.000000
95,0,95,3.166667,0,7,1522.937378,1222.933472,0.200000,0.100000,0.000000
95,0,95,3.166667,0,11,1521.454468,1145.668701,0.200000,0.150000,0.000000
95,0,95,3.166667,0,12,1296.562744,1072.458374,0.050000,0.200000,0.000000
95,0,95,3.166667,0,15,1519.626099,1070.411499,0.200000,0.200000,0.000000
95,0,95,3.166667,0,16,1297.698975,1000.940796,0.050000,0.250000,0.000000
95,0,95,3.166667,0,17,1370.289917,999.700989,0.100000,0.250000,0.000000
95,0,95,3.166667,0,18,1444.146729,998.679688,0.150000,0.250000,0.000000
95,0,95,3.166667,0,19,1518.574707,997.666504,0.200000,0.250000,0.000000
95,0,95,3.166667,0,20,1299.369263,931.062378,0.050000,0.300000,0.000000
95,0,95,3.166667,0,21,1371.380859,929.417358,0.100000,0.300000,0.000000
95,0,95,3.166667,0,22,1443.475342,927.742554,0.150000,0.300000,0.000000
95,0,95,3.166667,0,23,1517.796387,925.512329,0.200000,0.300000,0.000000
100,0,100,3.333333,0,0,1289.855347,1298.875122,0.050000,0.050000,0.000000
100,0,100,3.333333,0,1,1363.734985,1300.507935,0.100000,0.050000,0.000000
100,0,100,3.333333,0,2,1440.566528,1300.704712,0.150000,0.050000,0.000000
100,0,100,3.333333,0,3,1518.320923,1301.435547,0.200000,0.050000,0.000000
100,0,100,3.333333,0,4,1290.681763,1223.094482,0.050000,0.100000,0.000000
100,0,100,3.333333,0,5,1364.603760,1223.243408,0.100000,0.100000,0.000000
100,0,100,3.333333,0,6,1440.450317,1222.856323,0.150000,0.100000,0.000000
100,0,100,3.333333,0,7,1516.793945,1224.714355,0.200000,0.100000,0.000000
100,0,100,3.333333,0,8,1291.670410,1148.706177,0.050000,0.150000,0.000000
100,0,100,3.333333,0,9,1364.390015,1148.532837,0.100000,0.150000,0.000000
100,0,100,3.333333,0,10,1439.058838,1148.282959,0.150000,0.150000,0.000000
100,0,100,3.333333,0,11,1514.843262,1147.840820,0.200000,0.150000,0.000000
100,0,100,3.333333,0,12,1292.288086,1076.668213,0.050000,0.200000,0.000000
100,0,100,3.333333,0,13,1364.727173,1075.462036,0.100000,0.200000,0.000000
100,0,100,3.333333,0,14,1438.384277,1074.724976,0.150000,0.200000,0.000000
100,0,100,3.333333,0,15,1513.301758,1074.151245,0.200000,0.200000,0.000000
100,0,100,3.333333,0,16,1293.364014,1005.589661,0.050000,0.250000,0.000000
100,0,100,3.333333,0,17,1364.555420,1004.279785,0.100000,0.250000,0.000000
100,0,100,3.333333,0,18,1437.904785,1003.062988,0.150000,0.250000,0.000000
100,0,100,3.333333,0,19,1512.168579,1000.753174,0.200000,0.250000,0.000000
100,0,100,3.333333,0,20,1294.301758,936.183472,0.050000,0.300000,0.000000
100,0,100,3.333333,0,21,1365.617798,934.612366,0.100000,0.300000,0.000000
100,0,100,3.333333,0,22,1436.490112,932.552429,0.150000,0.300000,0.000000
100,0,100,3.333333,0,23,1510.595947,930.441956,0.200000,0.300000,0.000000
105,0,105,3.500000,0,0,1294.319214,1303.550049,0.050000,0.050000,0.000000
105,0,105,3.500000,0,1,1368.887207,1303.766235,0.100000,0.050000,0.000000
105,0,105,3.500000,0,2,1445.311157,1304.479736,0.150000,0.050000,0.000000
105,0,105,3.500000,0,3,1523.481445,1304.199707,0.200000,0.050000,0.000000
105,0,105,3.500000,0,4,1294.374878,1227.009399,0.050000,0.100000,0.000000
105,0,105,3.500000,0,5,1369.113770,1227.787720,0.100000,0.100000,0.000000
105,0,105,3.500000,0,6,1444.044678,1226.308960,0.150000,0.100000,0.000000
105,0,105,3.500000,0,7,1521.028564,1227.574341,0.200000,0.100000,0.000000
105,0,105,3.500000,0,8,1295.217407,1153.112915,0.050000,0.150000,0.000000
105,0,105,3.500000,0,9,1368.341431,1151.686279,0.100000,0.150000,0.000000
105,0,105,3.500000,0,10,1442.675659,1151.481689,0.150000,0.150000,0.000000
105,0,105,3.500000,0,11,1517.792969,1151.608032,0.200000,0.150000,0.000000
105,0,105,3.500000,0,12,1295.811646,1080.625488,0.050000,0.200000,0.000000
105,0,105,3.500000,0,13,1368.183594,1079.640015,0.100000,0.200000,0.000000
105,0,105,3.500000,0,14,1440.612915,1078.586304,0.150000,0.200000,0.000000
105,0,105,3.500000,0,15,1516.315308,1076.549316,0.200000,0.200000,0.000000
105,0,105,3.500000,0,16,1295.836060,1009.534424,0.050000,0.250000,0.000000
105,0,105,3.500000,0,17,1367.523926,1008.327881,0.100000,0.250000,0.000000
105,0,105,3.500000,0,18,1440.292847,1005.455627,0.150000,0.250000,0.000000
105,0,105,3.500000,0,19,1513.792725,1004.723145,0.200000,0.250000,0.000000
105,0,105,3.500000,0,20,1296.304810,940.758301,0.050000,0.300000,0.000000
105,0,105,3.500000,0,21,1368.531250,939.114929,0.100000,0.300000,0.000000
105,0,105,3.500000,0,22,1439.438110,935.544067,0.150000,0.300000,0.000000
105,0,105,3.500000,0,23,1512.617065,933.652344,0.200000,0.300000,0.000000
150,0,150,5.000000,0,2,2019.767700,1309.236084,0.150000,0.050000,0.000000
150,0,150,5.000000,0,3,2111.326355,1326.552612,0.200000,0.050000,0.000000
150,0,150,5.000000,0,6,2027.222412,1226.186646,0.150000,0.100000,0.000000
150,0,150,5.000000,0,7,2120.417816,1242.446899,0.200000,0.100000,0.000000
150,0,150,5.000000,0,11,2131.179199,1157.898682,0.200000,0.150000,0.000000
155,0,155,5.166667,0,0,1888.246399,1277.077026,0.050000,0.050000,0.000000
155,0,155,5.166667,0,1,1967.811829,1296.273560,0.100000,0.050000,0.000000
155,0,155,5.166667,0,2,2054.689270,1317.123657,0.150000,0.050000,0.000000
155,0,155,5.166667,0,3,2145.925751,1337.252563,0.200000,0.050000,0.000000
155,0,155,5.166667,0,4,1895.939453,1200.150635,0.050000,0.100000,0.000000
155,0,155,5.166667,0,5,1977.634888,1216.487183,0.100000,0.100000,0.000000
155,0,155,5.166667,0,6,2065.363159,1233.862427,0.150000,0.100000,0.000000
155,0,155,5.166667,0,7,2157.349823,1253.459839,0.200000,0.100000,0.000000
155,0,155,5.166667,0,8,1906.304810,1122.674316,0.050000,0.150000,0.000000
155,0,155,5.166667,0,11,2168.787872,1168.123169,0.200000,0.150000,0.000000
155,0,155,5.166667,0,12,1917.329163,1044.478027,0.050000,0.200000,0.000000
155,0,155,5.166667,0,15,2179.388092,1082.455566,0.200000,0.200000,0.000000
155,0,155,5.166667,0,16,1926.198242,967.314087,0.050000,0.250000,0.000000
155,0,155,5.166667,0,17,2009.260620,976.327515,0.100000,0.250000,0.000000
155,0,155,5.166667,0,18,2096.842407,985.692383,0.150000,0.250000,0.000000
155,0,155,5.166667,0,19,2190.737305,997.351562,0.200000,0.250000,0.000000
155,0,155,5.166667,0,20,1936.569763,888.321167,0.050000,0.300000,0.000000
155,0,155,5.166667,0,21,2019.507812,895.622009,0.100000,0.300000,0.000000
155,0,155,5.166667,0,22,2107.419769,902.728455,0.150000,0.300000,0.000000
155,0,155,5.166667,0,23,2201.397949,911.370789,0.200000,0.300000,0.000000
160,0,160,5.333333,0,0,1918.671875,1278.818726,0.050000,0.050000,0.000000
160,0,160,5.333333,0,1,1998.578491,1299.554932,0.100000,0.050000,0.000000
160,0,160,5.333333,0,2,2083.591278,1322.499146,0.150000,0.050000,0.000000
160,0,160,5.333333,0,3,2175.907288,1345.640625,0.200000,0.050000,0.000000
160,0,160,5.333333,0,4,1929.274841,1202.299194,0.050000,0.100000,0.000000
160,0,160,5.333333,0,5,2009.757202,1220.227783,0.100000,0.100000,0.000000
160,0,160,5.333333,0,6,2096.285431,1240.209717,0.150000,0.100000,0.000000
160,0,160,5.333333,0,7,2188.623169,1260.779785,0.200000,0.100000,0.000000
160,0,160,5.333333,0,8,1941.230408,1124.233276,0.050000,0.150000,0.000000
160,0,160,5.333333,0,9,2020.678711,1140.732788,0.100000,0.150000,0.000000
160,0,160,5.333333,0,10,2109.028870,1157.406494,0.150000,0.150000,0.000000
160,0,160,5.333333,0,11,2201.742310,1175.204712,0.200000,0.150000,0.000000
160,0,160,5.333333,0,12,1950.648438,1047.048340,0.050000,0.200000,0.000000
160,0,160,5.333333,0,13,2034.232849,1059.742676,0.100000,0.200000,0.000000
160,0,160,5.333333,0,14,2120.820740,1074.425049,0.150000,0.200000,0.000000
160,0,160,5.333333,0,15,2213.921356,1089.764282,0.200000,0.200000,0.000000
160,0,160,5.333333,0,16,1961.902649,968.030518,0.050000,0.250000,0.000000
160,0,160,5.333333,0,17,2045.363220,979.415039,0.100000,0.250000,0.000000
160,0,160,5.333333,0,18,2133.868347,991.037903,0.150000,0.250000,0.000000
160,0,160,5.333333,0,19,2226.823944,1002.651123,0.200000,0.250000,0.000000
160,0,160,5.333333,0,20,1974.734009,890.505249,0.050000,0.300000,0.000000
160,0,160,5.333333,0,21,2056.543091,897.520752,0.100000,0.300000,0.000000
160,0,160,5.333333,0,22,2145.287537,907.394836,0.150000,0.300000,0.000000
160,0,160,5.333333,0,23,2239.549469,916.342468,0.200000,0.300000,0.000000
165,0,165,5.500000,0,0,1935.807251,1282.088013,0.050000,0.050000,0.000000
165,0,165,5.500000,0,1,2014.877136,1304.091064,0.100000,0.050000,0.000000
165,0,165,5.500000,0,2,2098.992798,1327.014038,0.150000,0.050000,0.000000
165,0,165,5.500000,0,3,2190.799469,1351.417603,0.200000,0.050000,0.000000
165,0,165,5.500000,0,4,1948.171265,1204.922485,0.050000,0.100000,0.000000
165,0,165,5.500000,0,5,2026.559937,1224.393677,0.100000,0.100000,0.000000
165,0,165,5.500000,0,6,2111.970184,1245.098511,0.150000,0.100000,0.000000
165,0,165,5.500000,0,7,2204.581299,1264.973267,0.200000,0.100000,0.000000
165,0,165,5.500000,0,8,1957.869995,1125.956299,0.050000,0.150000,0.000000
165,0,165,5.500000,0,9,2039.079102,1143.712891,0.100000,0.150000,0.000000
165,0,165,5.500000,0,10,2124.894928,1161.436523,0.150000,0.150000,0.000000
165,0,165,5.500000,0,11,2217.256287,1180.361450,0.200000,0.150000,0.000000
165,0,165,5.500000,0,12,1968.708252,1049.969727,0.050000,0.200000,0.000000
165,0,165,5.500000,0,13,2049.748718,1063.005859,0.100000,0.200000,0.000000
165,0,165,5.500000,0,14,2137.966339,1078.361084,0.150000,0.200000,0.000000
165,0,165,5.500000,0,15,2230.381073,1093.201294,0.200000,0.200000,0.000000
165,0,165,5.500000,0,16,1983.173035,973.266907,0.050000,0.250000,0.000000
165,0,165,5.500000,0,17,2062.937927,982.546692,0.100000,0.250000,0.000000
165,0,165,5.500000,0,18,2150.318848,994.487000,0.150000,0.250000,0.000000
165,0,165,5.500000,0,19,2245.027557,1006.133179,0.200000,0.250000,0.000000
165,0,165,5.500000,0,20,1993.456787,892.600037,0.050000,0.300000,0.000000
165,0,165,5.500000,0,21,2075.469604,901.666077,0.100000,0.300000,0.000000
165,0,165,5.500000,0,22,2163.332092,909.484680,0.150000,0.300000,0.000000
165,0,165,5.500000,0,23,2256.918304,919.291321,0.200000,0.300000,0.000000
170,0,170,5.666667,0,0,1937.901306,1284.768188,0.050000,0.050000,0.000000
170,0,170,5.666667,0,1,2016.655212,1305.668823,0.100000,0.050000,0.000000
170,0,170,5.666667,0,2,2102.786102,1327.186279,0.150000,0.050000,0.000000
170,0,170,5.666667,0,3,2195.819489,1349.719727,0.200000,0.050000,0.000000
170,0,170,5.666667,0,4,1950.188416,1206.536499,0.050000,0.100000,0.000000
170,0,170,5.666667,0,5,2029.545959,1224.406494,0.100000,0.100000,0.000000
170,0,170,5.666667,0,6,2115.906677,1242.273315,0.150000,0.100000,0.000000
170,0,170,5.666667,0,7,2209.554688,1262.124146,0.200000,0.100000,0.000000
170,0,170,5.666667,0,8,1961.412231,1128.454590,0.050000,0.150000,0.000000
170,0,170,5.666667,0,9,2041.749817,1142.675537,0.100000,0.150000,0.000000
170,0,170,5.666667,0,10,2129.506592,1158.371460,0.150000,0.150000,0.000000
170,0,170,5.666667,0,11,2221.952820,1174.974854,0.200000,0.150000,0.000000
170,0,170,5.666667,0,12,1971.844971,1050.996826,0.050000,0.200000,0.000000
170,0,170,5.666667,0,13,2054.650574,1062.510742,0.100000,0.200000,0.000000
170,0,170,5.666667,0,14,2142.531189,1075.140747,0.150000,0.200000,0.000000
170,0,170,5.666667,0,15,2235.465973,1088.415771,0.200000,0.200000,0.000000
170,0,170,5.666667,0,16,1986.559814,972.668213,0.050000,0.250000,0.000000
170,0,170,5.666667,0,17,2067.529846,980.552429,0.100000,0.250000,0.000000
170,0,170,5.666667,0,18,2154.964722,990.286743,0.150000,0.250000,0.000000
170,0,170,5.666667,0,19,2248.494904,1001.048462,0.200000,0.250000,0.000000
170,0,170,5.666667,0,20,1997.908875,894.302307,0.050000,0.300000,0.000000
170,0,170,5.666667,0,21,2080.181152,900.241333,0.100000,0.300000,0.000000
170,0,170,5.666667,0,22,2167.620911,907.157349,0.150000,0.300000,0.000000
170,0,170,5.666667,0,23,2260.873199,914.121155,0.200000,0.300000,0.000000
175,0,175,5.833333,0,0,1938.682678,1289.611816,0.050000,0.050000,0.000000
175,0,175,5.833333,0,1,2016.433472,1309.773071,0.100000,0.050000,0.000000
175,0,175,5.833333,0,2,2102.496429,1330.878906,0.150000,0.050000,0.000000
175,0,175,5.833333,0,3,2195.444550,1353.130981,0.200000,0.050000,0.000000
175,0,175,5.833333,0,4,1948.382019,1211.385132,0.050000,0.100000,0.000000
175,0,175,5.833333,0,5,2027.919495,1226.571533,0.100000,0.100000,0.000000
175,0,175,5.833333,0,6,2114.989471,1246.104004,0.150000,0.100000,0.000000
175,0,175,5.833333,0,7,2207.677734,1264.849731,0.200000,0.100000,0.000000
175,0,175,5.833333,0,8,1960.185120,1132.846436,0.050000,0.150000,0.000000
175,0,175,5.833333,0,9,2039.691956,1147.233398,0.100000,0.150000,0.000000
175,0,175,5.833333,0,10,2127.167633,1162.007080,0.150000,0.150000,0.000000
175,0,175,5.833333,0,11,2219.823547,1178.358765,0.200000,0.150000,0.000000
175,0,175,5.833333,0,12,1969.824585,1054.461060,0.050000,0.200000,0.000000
175,0,175,5.833333,0,13,2051.961975,1066.054077,0.100000,0.200000,0.000000
175,0,175,5.833333,0,14,2138.314941,1077.494995,0.150000,0.200000,0.000000
175,0,175,5.833333,0,15,2232.155640,1090.558472,0.200000,0.200000,0.000000
175,0,175,5.833333,0,16,1981.709839,975.336060,0.050000,0.250000,0.000000
175,0,175,5.833333,0,17,2063.513062,984.146179,0.100000,0.250000,0.000000
175,0,175,5.833333,0,18,2150.168945,992.617432,0.150000,0.250000,0.000000
175,0,175,5.833333,0,19,2243.879486,1003.245422,0.200000,0.250000,0.000000
175,0,175,5.833333,0,20,1992.933228,898.340149,0.050000,0.300000,0.000000
175,0,175,5.833333,0,21,2074.751038,902.720459,0.100000,0.300000,0.000000
175,0,175,5.833333,0,22,2161.717987,909.909668,0.150000,0.300000,0.000000
175,0,175,5.833333,0,23,2256.105530,916.050659,0.200000,0.300000,0.000000
180,0,180,6.000000,0,0,1936.013367,1291.322021,0.050000,0.050000,0.000000
180,0,180,6.000000,0,1,2013.483215,1310.608643,0.100000,0.050000,0.000000
180,0,180,6.000000,0,2,2099.743408,1331.459839,0.150000,0.050000,0.000000
180,0,180,6.000000,0,3,2192.355621,1353.321899,0.200000,0.050000,0.000000
180,0,180,6.000000,0,4,1945.119080,1212.860229,0.050000,0.100000,0.000000
180,0,180,6.000000,0,5,2024.769348,1228.503418,0.100000,0.100000,0.000000
180,0,180,6.000000,0,6,2111.471893,1246.919189,0.150000,0.100000,0.000000
180,0,180,6.000000,0,7,2203.340973,1266.165039,0.200000,0.100000,0.000000
180,0,180,6.000000,0,8,1955.523804,1133.566406,0.050000,0.150000,0.000000
180,0,180,6.000000,0,9,2035.627502,1147.740967,0.100000,0.150000,0.000000
180,0,180,6.000000,0,10,2122.850983,1162.552490,0.150000,0.150000,0.000000
180,0,180,6.000000,0,11,2215.531097,1178.266113,0.200000,0.150000,0.000000
180,0,180,6.000000,0,12,1966.559143,1055.319580,0.050000,0.200000,0.000000
180,0,180,6.000000,0,13,2047.289185,1066.578247,0.100000,0.200000,0.000000
180,0,180,6.000000,0,14,2133.448822,1078.346558,0.150000,0.200000,0.000000
180,0,180,6.000000,0,15,2226.504486,1090.508911,0.200000,0.200000,0.000000
180,0,180,6.000000,0,16,1976.220398,976.348206,0.050000,0.250000,0.000000
180,0,180,6.000000,0,17,2058.328247,985.211121,0.100000,0.250000,0.000000
180,0,180,6.000000,0,18,2145.128418,994.121094,0.150000,0.250000,0.000000
180,0,180,6.000000,0,19,2237.575684,1003.339783,0.200000,0.250000,0.000000
180,0,180,6.000000,0,20,1987.408386,898.527161,0.050000,0.300000,0.000000
180,0,180,6.000000,0,21,2068.672363,903.765564,0.100000,0.300000,0.000000
180,0,180,6.000000,0,22,2155.571167,909.626343,0.150000,0.300000,0.000000
180,0,180,6.000000,0,23,2248.901367,915.438904,0.200000,0.300000,0.000000
185,0,185,6.166667,0,0,1927.802551,1287.519775,0.050000,0.050000,0.000000
185,0,185,6.166667,0,1,2004.491394,1306.425659,0.100000,0.050000,0.000000
185,0,185,6.166667,0,2,2090.920563,1326.250488,0.150000,0.050000,0.000000
185,0,185,6.166667,0,3,2183.292633,1348.465332,0.200000,0.050000,0.000000
185,0,185,6.166667,0,4,1936.693237,1208.903076,0.050000,0.100000,0.000000
185,0,185,6.166667,0,5,2015.787354,1224.748047,0.100000,0.100000,0.000000
185,0,185,6.166667,0,6,2102.383362,1242.047729,0.150000,0.100000,0.000000
185,0,185,6.166667,0,7,2194.416748,1260.483643,0.200000,0.100000,0.000000
185,0,185,6.166667,0,8,1948.370056,1130.010620,0.050000,0.150000,0.000000
185,0,185,6.166667,0,9,2028.337463,1143.115723,0.100000,0.150000,0.000000
185,0,185,6.166667,0,10,2113.600525,1157.683716,0.150000,0.150000,0.000000
185,0,185,6.166667,0,11,2205.601532,1173.093750,0.200000,0.150000,0.000000
185,0,185,6.166667,0,12,1958.322388,1051.343506,0.050000,0.200000,0.000000
185,0,185,6.166667,0,13,2038.041687,1062.389648,0.100000,0.200000,0.000000
185,0,185,6.166667,0,14,2124.529419,1073.560303,0.150000,0.200000,0.000000
185,0,185,6.166667,0,15,2217.338867,1084.905273,0.200000,0.200000,0.000000
185,0,185,6.166667,0,16,1969.444824,974.521606,0.050000,0.250000,0.000000
185,0,185,6.166667,0,17,2048.766541,981.529297,0.100000,0.250000,0.000000
185,0,185,6.166667,0,18,2135.752960,989.362915,0.150000,0.250000,0.000000
185,0,185,6.166667,0,19,2227.567932,998.156677,0.200000,0.250000,0.000000
185,0,185,6.166667,0,20,1979.532715,895.638000,0.050000,0.300000,0.000000
185,0,185,6.166667,0,21,2059.776306,899.607483,0.100000,0.300000,0.000000
185,0,185,6.166667,0,22,2146.517365,905.519897,0.150000,0.300000,0.000000
185,0,185,6.166667,0,23,2239.310608,910.832153,0.200000,0.300000,0.000000
190,0,190,6.333333,0,0,1921.871277,1282.563599,0.050000,0.050000,0.000000
190,0,190,6.333333,0,1,1999.128479,1301.099854,0.100000,0.050000,0.000000
190,0,190,6.333333,0,2,2085.344147,1320.793701,0.150000,0.050000,0.000000
190,0,190,6.333333,0,3,2176.905701,1341.137451,0.200000,0.050000,0.000000
190,0,190,6.333333,0,4,1930.915283,1203.858521,0.050000,0.100000,0.000000
190,0,190,6.333333,0,5,2010.503052,1219.183960,0.100000,0.100000,0.000000
190,0,190,6.333333,0,6,2096.236511,1236.134033,0.150000,0.100000,0.000000
190,0,190,6.333333,0,7,2187.926575,1253.464844,0.200000,0.100000,0.000000
190,0,190,6.333333,0,8,1940.809937,1125.597778,0.050000,0.150000,0.000000
190,0,190,6.333333,0,9,2020.303650,1138.097290,0.100000,0.150000,0.000000
190,0,190,6.333333,0,10,2107.036987,1151.671997,0.150000,0.150000,0.000000
190,0,190,6.333333,0,11,2198.814301,1165.705078,0.200000,0.150000,0.000000
190,0,190,6.333333,0,12,1951.731018,1047.061646,0.050000,0.200000,0.000000
190,0,190,6.333333,0,13,2031.181763,1056.949341,0.100000,0.200000,0.000000
190,0,190,6.333333,0,14,2117.633698,1067.229614,0.150000,0.200000,0.000000
190,0,190,6.333333,0,15,2210.290161,1077.929199,0.200000,0.200000,0.000000
190,0,190,6.333333,0,16,1961.472534,968.744202,0.050000,0.250000,0.000000
190,0,190,6.333333,0,17,2041.699402,975.646179,0.100000,0.250000,0.000000
190,0,190,6.333333,0,18,2127.630890,983.184448,0.150000,0.250000,0.000000
190,0,190,6.333333,0,19,2220.600647,990.599854,0.200000,0.250000,0.000000
190,0,190,6.333333,0,20,1972.514282,890.884460,0.050000,0.300000,0.000000
190,0,190,6.333333,0,21,2052.364136,895.355225,0.100000,0.300000,0.000000
190,0,190,6.333333,0,22,2138.377838,899.510315,0.150000,0.300000,0.000000
190,0,190,6.333333,0,23,2230.694763,903.527344,0.200000,0.300000,0.000000
195,0,195,6.500000,0,0,1916.591309,1276.466431,0.050000,0.050000,0.000000
195,0,195,6.500000,0,1,1993.180359,1294.444092,0.100000,0.050000,0.000000
195,0,195,6.500000,0,2,2079.229309,1313.184692,0.150000,0.050000,0.000000
195,0,195,6.500000,0,3,2171.260925,1332.712158,0.200000,0.050000,0.000000
195,0,195,6.500000,0,4,1926.470581,1197.476318,0.050000,0.100000,0.000000
195,0,195,6.500000,0,5,2003.402649,1211.987427,0.100000,0.100000,0.000000
195,0,195,6.500000,0,6,2090.036530,1228.195068,0.150000,0.100000,0.000000
195,0,195,6.500000,0,7,2181.601990,1244.763672,0.200000,0.100000,0.000000
195,0,195,6.500000,0,8,1934.629700,1119.403809,0.050000,0.150000,0.000000
195,0,195,6.500000,0,9,2012.924622,1130.793457,0.100000,0.150000,0.000000
195,0,195,6.500000,0,10,2100.160919,1143.435181,0.150000,0.150000,0.000000
195,0,195,6.500000,0,11,2192.438599,1157.497437,0.200000,0.150000,0.000000
195,0,195,6.500000,0,12,1943.641174,1041.496094,0.050000,0.200000,0.000000
195,0,195,6.500000,0,13,2024.268982,1050.502563,0.100000,0.200000,0.000000
195,0,195,6.500000,0,14,2109.973969,1059.739014,0.150000,0.200000,0.000000
195,0,195,6.500000,0,15,2201.137299,1068.741699,0.200000,0.200000,0.000000
195,0,195,6.500000,0,16,1952.382874,961.764221,0.050000,0.250000,0.000000
195,0,195,6.500000,0,17,2034.261597,968.482239,0.100000,0.250000,0.000000
195,0,195,6.500000,0,18,2119.549896,975.027405,0.150000,0.250000,0.000000
195,0,195,6.500000,0,19,2211.478973,983.057983,0.200000,0.250000,0.000000
195,0,195,6.500000,0,20,1961.183533,886.223328,0.050000,0.300000,0.000000
195,0,195,6.500000,0,21,2044.307617,889.444275,0.100000,0.300000,0.000000
195,0,195,6.500000,0,22,2129.760895,891.546631,0.150000,0.300000,0.000000
195,0,195,6.500000,0,23,2221.630005,896.723999,0.200000,0.300000,0.000000
200,0,200,6.666667,0,0,1898.684143,1270.717651,0.050000,0.050000,0.000000
200,0,200,6.666667,0,1,1976.258728,1288.146484,0.100000,0.050000,0.000000
200,0,200,6.666667,0,2,2062.357544,1305.704102,0.150000,0.050000,0.000000
200,0,200,6.666667,0,3,2153.566162,1324.850342,0.200000,0.050000,0.000000
200,0,200,6.666667,0,4,1906.969727,1192.698730,0.050000,0.100000,0.000000
200,0,200,6.666667,0,5,1985.255005,1206.036987,0.100000,0.100000,0.000000
200,0,200,6.666667,0,6,2071.797241,1221.680908,0.150000,0.100000,0.000000
200,0,200,6.666667,0,7,2164.335571,1237.357300,0.200000,0.100000,0.000000
200,0,200,6.666667,0,8,1915.350769,1114.187256,0.050000,0.150000,0.000000
200,0,200,6.666667,0,9,1994.774048,1125.170532,0.100000,0.150000,0.000000
200,0,200,6.666667,0,10,2081.152283,1137.135254,0.150000,0.150000,0.000000
200,0,200,6.666667,0,11,2173.709198,1149.268311,0.200000,0.150000,0.000000
200,0,200,6.666667,0,12,1923.921265,1036.032959,0.050000,0.200000,0.000000
200,0,200,6.666667,0,13,2004.262512,1044.124268,0.100000,0.200000,0.000000
200,0,200,6.666667,0,14,2090.814606,1052.787354,0.150000,0.200000,0.000000
200,0,200,6.666667,0,15,2182.367798,1062.579346,0.200000,0.200000,0.000000
200,0,200,6.666667,0,16,1932.944214,958.091553,0.050000,0.250000,0.000000
200,0,200,6.666667,0,17,2013.664062,963.326782,0.100000,0.250000,0.000000
200,0,200,6.666667,0,18,2098.765198,969.393616,0.150000,0.250000,0.000000
200,0,200,6.666667,0,19,2191.268890,975.835815,0.200000,0.250000,0.000000
200,0,200,6.666667,0,20,1941.241577,880.967712,0.050000,0.300000,0.000000
200,0,200,6.666667,0,21,2023.281555,883.934937,0.100000,0.300000,0.000000
200,0,200,6.666667,0,22,2108.196991,885.787048,0.150000,0.300000,0.000000
200,0,200,6.666667,0,23,2200.504822,889.811340,0.200000,0.300000,0.000000
205,0,205,6.833333,0,2,2036.747070,1299.656372,0.150000,0.050000,0.000000
205,0,205,6.833333,0,3,2128.468903,1318.164673,0.200000,0.050000,0.000000
205,0,205,6.833333,0,4,1880.984680,1188.574463,0.050000,0.100000,0.000000
205,0,205,6.833333,0,5,1960.949768,1201.402954,0.100000,0.100000,0.000000
205,0,205,6.833333,0,6,2045.400818,1216.187256,0.150000,0.100000,0.000000
205,0,205,6.833333,0,7,2137.588348,1231.663330,0.200000,0.100000,0.000000
205,0,205,6.833333,0,8,1890.787170,1109.615479,0.050000,0.150000,0.000000
205,0,205,6.833333,0,9,1968.466309,1122.161255,0.100000,0.150000,0.000000
205,0,205,6.833333,0,10,2055.857544,1132.508423,0.150000,0.150000,0.000000
205,0,205,6.833333,0,11,2146.488434,1145.485107,0.200000,0.150000,0.000000
205,0,205,6.833333,0,12,1899.665894,1032.254272,0.050000,0.200000,0.000000
205,0,205,6.833333,0,13,1979.199341,1039.722290,0.100000,0.200000,0.000000
205,0,205,6.833333,0,14,2062.821716,1050.274658,0.150000,0.200000,0.000000
205,0,205,6.833333,0,15,2156.333099,1059.063232,0.200000,0.200000,0.000000
205,0,205,6.833333,0,16,1908.185791,953.781982,0.050000,0.250000,0.000000
205,0,205,6.833333,0,17,1988.570374,960.262146,0.100000,0.250000,0.000000
205,0,205,6.833333,0,18,2071.938904,964.594849,0.150000,0.250000,0.000000
205,0,205,6.833333,0,19,2165.029724,972.408875,0.200000,0.250000,0.000000
205,0,205,6.833333,0,20,1916.728333,877.566467,0.050000,0.300000,0.000000
205,0,205,6.833333,0,21,1999.903870,882.213440,0.100000,0.300000,0.000000
205,0,205,6.833333,0,22,2083.188843,883.341125,0.150000,0.300000,0.000000
205,0,205,6.833333,0,23,2172.444092,886.333801,0.200000,0.300000,0.000000
210,0,210,7.000000,0,23,2142.606354,886.919006,0.200000,0.300000,0.000000
230,0,230,7.666667,0,2,1754.767273,1265.830566,0.150000,0.050000,0.000000
230,0,230,7.666667,0,6,1758.565002,1187.703125,0.150000,0.100000,0.000000
230,0,230,7.666667,0,11,1839.701538,1116.708252,0.200000,0.150000,0.000000
230,0,230,7.666667,0,12,1605.860535,1026.882080,0.050000,0.200000,0.000000
230,0,230,7.666667,0,15,1842.381653,1036.858765,0.200000,0.200000,0.000000
230,0,230,7.666667,0,16,1610.942749,954.149414,0.050000,0.250000,0.000000
230,0,230,7.666667,0,17,1682.890015,955.167847,0.100000,0.250000,0.000000
230,0,230,7.666667,0,18,1764.509460,957.529785,0.150000,0.250000,0.000000
230,0,230,7.666667,0,19,1845.880188,958.530884,0.200000,0.250000,0.000000
230,0,230,7.666667,0,20,1609.781860,880.460632,0.050000,0.300000,0.000000
230,0,230,7.666667,0,21,1688.173523,880.416016,0.100000,0.300000,0.000000
235,0,235,7.833333,0,2,1730.865906,1263.734863,0.150000,0.050000,0.000000
235,0,235,7.833333,0,3,1811.833008,1269.299805,0.200000,0.050000,0.000000
235,0,235,7.833333,0,6,1730.561829,1186.558228,0.150000,0.100000,0.000000
235,0,235,7.833333,0,7,1813.005615,1191.327148,0.200000,0.100000,0.000000
235,0,235,7.833333,0,11,1813.177979,1113.117676,0.200000,0.150000,0.000000
235,0,235,7.833333,0,12,1577.739685,1028.486938,0.050000,0.200000,0.000000
235,0,235,7.833333,0,15,1813.985352,1035.392700,0.200000,0.200000,0.000000
235,0,235,7.833333,0,16,1577.264099,954.182434,0.050000,0.250000,0.000000
235,0,235,7.833333,0,17,1654.639526,955.742798,0.100000,0.250000,0.000000
235,0,235,7.833333,0,18,1733.343384,956.425476,0.150000,0.250000,0.000000
235,0,235,7.833333,0,19,1816.217163,956.226807,0.200000,0.250000,0.000000
235,0,235,7.833333,0,22,1732.948425,879.949036,0.150000,0.300000,0.000000
235,0,235,7.833333,0,23,1816.346069,879.052490,0.200000,0.300000,0.000000
240,0,240,8.000000,0,0,1556.494385,1248.369629,0.050000,0.050000,0.000000
240,0,240,8.000000,0,1,1631.343994,1254.132812,0.100000,0.050000,0.000000
240,0,240,8.000000,0,2,1711.183960,1259.787109,0.150000,0.050000,0.000000
240,0,240,8.000000,0,3,1790.741455,1262.040405,0.200000,0.050000,0.000000
240,0,240,8.000000,0,4,1557.068726,1174.648071,0.050000,0.100000,0.000000
240,0,240,8.000000,0,5,1630.682739,1179.127563,0.100000,0.100000,0.000000
240,0,240,8.000000,0,6,1709.766602,1181.870117,0.150000,0.100000,0.000000
240,0,240,8.000000,0,7,1789.640320,1185.607544,0.200000,0.100000,0.000000
240,0,240,8.000000,0,8,1555.402344,1102.090698,0.050000,0.150000,0.000000
240,0,240,8.000000,0,11,1787.618530,1109.414185,0.200000,0.150000,0.000000
240,0,240,8.000000,0,12,1557.463989,1026.096558,0.050000,0.200000,0.000000
240,0,240,8.000000,0,15,1788.868469,1031.102661,0.200000,0.200000,0.000000
240,0,240,8.000000,0,16,1553.557617,953.361206,0.050000,0.250000,0.000000
240,0,240,8.000000,0,17,1628.707947,954.478088,0.100000,0.250000,0.000000
240,0,240,8.000000,0,18,1708.493347,953.954895,0.150000,0.250000,0.000000
240,0,240,8.000000,0,19,1787.668884,954.622559,0.200000,0.250000,0.000000
240,0,240,8.000000,0,20,1552.719116,880.655273,0.050000,0.300000,0.000000
240,0,240,8.000000,0,21,1630.904114,879.408386,0.100000,0.300000,0.000000
240,0,240,8.000000,0,22,1708.293030,876.938232,0.150000,0.300000,0.000000
240,0,240,8.000000,0,23,1788.429199,875.631836,0.200000,0.300000,0.000000
245,0,245,8.166667,0,1,1622.410950,1246.957764,0.100000,0.050000,0.000000
245,0,245,8.166667,0,2,1701.013916,1250.396240,0.150000,0.050000,0.000000
245,0,245,8.166667,0,3,1780.850769,1254.306763,0.200000,0.050000,0.000000
245,0,245,8.166667,0,5,1621.265381,1171.206665,0.100000,0.100000,0.000000
245,0,245,8.166667,0,6,1699.240479,1174.466919,0.150000,0.100000,0.000000
245,0,245,8.166667,0,7,1780.432251,1176.780396,0.200000,0.100000,0.000000
245,0,245,8.166667,0,8,1545.601685,1094.908081,0.050000,0.150000,0.000000
245,0,245,8.166667,0,9,1620.522156,1096.441284,0.100000,0.150000,0.000000
245,0,245,8.166667,0,10,1698.672485,1098.369385,0.150000,0.150000,0.000000
245,0,245,8.166667,0,11,1778.714172,1099.031006,0.200000,0.150000,0.000000
245,0,245,8.166667,0,12,1544.122192,1021.264282,0.050000,0.200000,0.000000
245,0,245,8.166667,0,13,1619.540161,1021.670959,0.100000,0.200000,0.000000
245,0,245,8.166667,0,14,1696.886230,1022.472900,0.150000,0.200000,0.000000
245,0,245,8.166667,0,15,1778.254395,1022.581482,0.200000,0.200000,0.000000
245,0,245,8.166667,0,16,1543.257935,947.830078,0.050000,0.250000,0.000000
245,0,245,8.166667,0,17,1618.672852,946.601196,0.100000,0.250000,0.000000
245,0,245,8.166667,0,18,1697.318054,946.357971,0.150000,0.250000,0.000000
245,0,245,8.166667,0,19,1776.711731,945.392822,0.200000,0.250000,0.000000
245,0,245,8.166667,0,20,1542.484131,873.398315,0.050000,0.300000,0.000000
245,0,245,8.166667,0,21,1616.520020,871.059570,0.100000,0.300000,0.000000
245,0,245,8.166667,0,22,1695.308472,869.725952,0.150000,0.300000,0.000000
245,0,245,8.166667,0,23,1776.463379,867.618896,0.200000,0.300000,0.000000
250,0,250,8.333333,0,2,1677.096069,1243.148438,0.150000,0.050000,0.000000
250,0,250,8.333333,0,6,1671.310364,1167.283325,0.150000,0.100000,0.000000
250,0,250,8.333333,0,11,1751.691772,1087.819580,0.200000,0.150000,0.000000
260,0,260,8.666667,0,7,1638.418335,1161.201416,0.200000,0.100000,0.000000
270,0,270,9.000000,0,0,1344.062988,1224.955811,0.050000,0.050000,0.000000
270,0,270,9.000000,0,1,1416.019409,1220.721924,0.100000,0.050000,0.000000
270,0,270,9.000000,0,2,1490.885132,1214.846802,0.150000,0.050000,0.000000
270,0,270,9.000000,0,3,1565.324951,1209.586548,0.200000,0.050000,0.000000
270,0,270,9.000000,0,6,1485.208252,1141.401001,0.150000,0.100000,0.000000
270,0,270,9.000000,0,7,1559.758667,1135.793823,0.200000,0.100000,0.000000
270,0,270,9.000000,0,11,1554.649780,1061.839111,0.200000,0.150000,0.000000
270,0,270,9.000000,0,12,1325.536377,1004.184387,0.050000,0.200000,0.000000
270,0,270,9.000000,0,15,1549.428589,988.487000,0.200000,0.200000,0.000000
270,0,270,9.000000,0,16,1321.204346,931.384583,0.050000,0.250000,0.000000
270,0,270,9.000000,0,17,1396.577637,923.762146,0.100000,0.250000,0.000000
270,0,270,9.000000,0,18,1467.807617,919.282959,0.150000,0.250000,0.000000
270,0,270,9.000000,0,19,1543.681641,914.327759,0.200000,0.250000,0.000000
270,0,270,9.000000,0,20,1314.572754,857.715576,0.050000,0.300000,0.000000
270,0,270,9.000000,0,21,1390.569092,852.638062,0.100000,0.300000,0.000000
275,0,275,9.166667,0,0,1342.229370,1221.563110,0.050000,0.050000,0.000000
275,0,275,9.166667,0,1,1415.813965,1218.211548,0.100000,0.050000,0.000000
275,0,275,9.166667,0,2,1490.995972,1213.467529,0.150000,0.050000,0.000000
275,0,275,9.166667,0,3,1565.298462,1208.364990,0.200000,0.050000,0.000000
275,0,275,9.166667,0,6,1484.851318,1139.526123,0.150000,0.100000,0.000000
275,0,275,9.166667,0,7,1559.781860,1134.429688,0.200000,0.100000,0.000000
275,0,275,9.166667,0,10,1480.518677,1065.704346,0.150000,0.150000,0.000000
275,0,275,9.166667,0,11,1554.909668,1059.706787,0.200000,0.150000,0.000000
275,0,275,9.166667,0,12,1325.374146,1002.229431,0.050000,0.200000,0.000000
275,0,275,9.166667,0,13,1400.002075,996.541382,0.100000,0.200000,0.000000
275,0,275,9.166667,0,14,1474.686890,990.646423,0.150000,0.200000,0.000000
275,0,275,9.166667,0,15,1548.686523,985.914124,0.200000,0.200000,0.000000
275,0,275,9.166667,0,16,1320.182373,928.107727,0.050000,0.250000,0.000000
275,0,275,9.166667,0,17,1393.906494,923.637878,0.100000,0.250000,0.000000
275,0,275,9.166667,0,18,1468.624023,917.143188,0.150000,0.250000,0.000000
275,0,275,9.166667,0,19,1543.680786,912.244873,0.200000,0.250000,0.000000
275,0,275,9.166667,0,20,1314.372559,855.277405,0.050000,0.300000,0.000000
275,0,275,9.166667,0,21,1389.407471,849.193726,0.100000,0.300000,0.000000
275,0,275,9.166667,0,22,1463.422607,843.787720,0.150000,0.300000,0.000000
275,0,275,9.166667,0,23,1538.705322,837.537109,0.200000,0.300000,0.000000
280,0,280,9.333333,0,6,1486.414673,1139.933105,0.150000,0.100000,0.000000
280,0,280,9.333333,0,10,1480.765381,1065.891357,0.150000,0.150000,0.000000
280,0,280,9.333333,0,11,1556.221436,1061.687134,0.200000,0.150000,0.000000
280,0,280,9.333333,0,12,1327.201050,1001.557678,0.050000,0.200000,0.000000
280,0,280,9.333333,0,13,1401.505127,996.371216,0.100000,0.200000,0.000000
280,0,280,9.333333,0,14,1476.189331,991.571228,0.150000,0.200000,0.000000
280,0,280,9.333333,0,15,1551.408936,987.584534,0.200000,0.200000,0.000000
280,0,280,9.333333,0,16,1322.595947,927.184204,0.050000,0.250000,0.000000
280,0,280,9.333333,0,17,1396.564453,922.759949,0.100000,0.250000,0.000000
280,0,280,9.333333,0,18,1470.910645,917.357239,0.150000,0.250000,0.000000
280,0,280,9.333333,0,19,1546.678711,913.159485,0.200000,0.250000,0.000000
280,0,280,9.333333,0,20,1317.387573,853.904602,0.050000,0.300000,0.000000
280,0,280,9.333333,0,21,1392.369751,848.704895,0.100000,0.300000,0.000000
280,0,280,9.333333,0,22,1467.415527,843.219299,0.150000,0.300000,0.000000
280,0,280,9.333333,0,23,1542.179932,838.507935,0.200000,0.300000,0.000000
285,0,285,9.500000,0,12,1326.453369,1011.289124,0.050000,0.200000,0.000000
285,0,285,9.500000,0,15,1555.774292,1003.414612,0.200000,0.200000,0.000000
285,0,285,9.500000,0,16,1324.624512,936.345581,0.050000,0.250000,0.000000
285,0,285,9.500000,0,17,1399.098999,934.052551,0.100000,0.250000,0.000000
285,0,285,9.500000,0,18,1474.426636,929.618286,0.150000,0.250000,0.000000
285,0,285,9.500000,0,19,1551.615234,927.678711,0.200000,0.250000,0.000000
285,0,285,9.500000,0,20,1321.584106,863.407837,0.050000,0.300000,0.000000
285,0,285,9.500000,0,21,1396.713257,859.279541,0.100000,0.300000,0.000000
285,0,285,9.500000,0,22,1471.974121,856.386597,0.150000,0.300000,0.000000
285,0,285,9.500000,0,23,1547.905029,852.473572,0.200000,0.300000,0.000000
290,0,290,9.666667,0,0,1324.688232,1242.537109,0.050000,0.050000,0.000000
290,0,290,9.666667,0,1,1402.594849,1240.350830,0.100000,0.050000,0.000000
290,0,290,9.666667,0,2,1481.492676,1238.231689,0.150000,0.050000,0.000000
290,0,290,9.666667,0,3,1561.439819,1236.984985,0.200000,0.050000,0.000000
290,0,290,9.666667,0,6,1478.818726,1158.808838,0.150000,0.100000,0.000000
290,0,290,9.666667,0,7,1556.515015,1157.327026,0.200000,0.100000,0.000000
290,0,290,9.666667,0,10,1474.465454,1082.591187,0.150000,0.150000,0.000000
290,0,290,9.666667,0,11,1551.411987,1080.747925,0.200000,0.150000,0.000000
290,0,290,9.666667,0,12,1317.819946,1012.264587,0.050000,0.200000,0.000000
290,0,290,9.666667,0,13,1393.826660,1009.236572,0.100000,0.200000,0.000000
290,0,290,9.666667,0,14,1470.675781,1006.221313,0.150000,0.200000,0.000000
290,0,290,9.666667,0,15,1547.661133,1003.283936,0.200000,0.200000,0.000000
290,0,290,9.666667,0,16,1316.682129,939.074219,0.050000,0.250000,0.000000
290,0,290,9.666667,0,17,1391.173584,935.068420,0.100000,0.250000,0.000000
290,0,290,9.666667,0,18,1466.745850,931.846191,0.150000,0.250000,0.000000
290,0,290,9.666667,0,19,1543.815186,928.652283,0.200000,0.250000,0.000000
290,0,290,9.666667,0,20,1313.500854,865.763916,0.050000,0.300000,0.000000
290,0,290,9.666667,0,21,1388.216187,862.437622,0.100000,0.300000,0.000000
290,0,290,9.666667,0,22,1462.931641,859.332703,0.150000,0.300000,0.000000
290,0,290,9.666667,0,23,1539.473999,854.695984,0.200000,0.300000,0.000000
295,0,295,9.833333,0,0,1321.433472,1224.455200,0.050000,0.050000,0.000000
295,0,295,9.833333,0,1,1400.512085,1220.340576,0.100000,0.050000,0.000000
295,0,295,9.833333,0,2,1480.763184,1216.906006,0.150000,0.050000,0.000000
295,0,295,9.833333,0,3,1562.392578,1213.353882,0.200000,0.050000,0.000000
295,0,295,9.833333,0,6,1475.371094,1138.813232,0.150000,0.100000,0.000000
295,0,295,9.833333,0,7,1555.576782,1135.714722,0.200000,0.100000,0.000000
295,0,295,9.833333,0,11,1549.629395,1057.800903,0.200000,0.150000,0.000000
295,0,295,9.833333,0,12,1312.573730,999.433289,0.050000,0.200000,0.000000
295,0,295,9.833333,0,15,1542.561523,984.889648,0.200000,0.200000,0.000000
295,0,295,9.833333,0,16,1311.727905,928.135498,0.050000,0.250000,0.000000
295,0,295,9.833333,0,17,1385.180420,922.389099,0.100000,0.250000,0.000000
295,0,295,9.833333,0,18,1460.649536,917.561279,0.150000,0.250000,0.000000
295,0,295,9.833333,0,19,1537.080322,912.841980,0.200000,0.250000,0.000000
295,0,295,9.833333,0,20,1307.739624,859.170166,0.050000,0.300000,0.000000
295,0,295,9.833333,0,21,1381.865356,852.971375,0.100000,0.300000,0.000000
295,0,295,9.833333,0,22,1457.246216,847.269714,0.150000,0.300000,0.000000
295,0,295,9.833333,0,23,1531.259155,842.749695,0.200000,0.300000,0.000000
300,0,300,10.000000,0,0,1313.102783,1210.952759,0.050000,0.050000,0.000000
300,0,300,10.000000,0,1,1393.506226,1205.196899,0.100000,0.050000,0.000000
300,0,300,10.000000,0,2,1474.341919,1202.580322,0.150000,0.050000,0.000000
300,0,300,10.000000,0,3,1554.976440,1199.484375,0.200000,0.050000,0.000000
300,0,300,10.000000,0,4,1310.143799,1134.032959,0.050000,0.100000,0.000000
300,0,300,10.000000,0,5,1389.271973,1129.720337,0.100000,0.100000,0.000000
300,0,300,10.000000,0,6,1467.876953,1124.593994,0.150000,0.100000,0.000000
300,0,300,10.000000,0,7,1548.265137,1121.426392,0.200000,0.100000,0.000000
300,0,300,10.000000,0,8,1307.592896,1060.235107,0.050000,0.150000,0.000000
300,0,300,10.000000,0,9,1384.354492,1054.635498,0.100000,0.150000,0.000000
300,0,300,10.000000,0,10,1462.502441,1050.588013,0.150000,0.150000,0.000000
300,0,300,10.000000,0,11,1540.364014,1045.888306,0.200000,0.150000,0.000000
300,0,300,10.000000,0,12,1305.280640,988.581116,0.050000,0.200000,0.000000
300,0,300,10.000000,0,13,1381.300049,984.046326,0.100000,0.200000,0.000000
300,0,300,10.000000,0,14,1455.664917,979.328430,0.150000,0.200000,0.000000
300,0,300,10.000000,0,15,1534.322266,974.288940,0.200000,0.200000,0.000000
300,0,300,10.000000,0,16,1302.227905,920.280273,0.050000,0.250000,0.000000
300,0,300,10.000000,0,17,1376.798096,914.596008,0.100000,0.250000,0.000000
300,0,300,10.000000,0,18,1451.814697,909.460876,0.150000,0.250000,0.000000
300,0,300,10.000000,0,19,1528.311890,903.307312,0.200000,0.250000,0.000000
300,0,300,10.000000,0,20,1300.548828,853.409912,0.050000,0.300000,0.000000
300,0,300,10.000000,0,21,1372.771606,847.583557,0.100000,0.300000,0.000000
300,0,300,10.000000,0,22,1447.399292,841.860291,0.150000,0.300000,0.000000
300,0,300,10.000000,0,23,1521.497925,836.548828,0.200000,0.300000,0.000000
305,0,305,10.166667,0,1,1382.857056,1186.290405,0.100000,0.050000,0.000000
305,0,305,10.166667,0,2,1465.348633,1181.764282,0.150000,0.050000,0.000000
305,0,305,10.166667,0,3,1546.735840,1176.814453,0.200000,0.050000,0.000000
305,0,305,10.166667,0,5,1379.556030,1109.114136,0.100000,0.100000,0.000000
305,0,305,10.166667,0,6,1459.255249,1105.902954,0.150000,0.100000,0.000000
305,0,305,10.166667,0,7,1540.384888,1102.315430,0.200000,0.100000,0.000000
305,0,305,10.166667,0,8,1301.227539,1043.971924,0.050000,0.150000,0.000000
305,0,305,10.166667,0,11,1531.765137,1031.255859,0.200000,0.150000,0.000000
305,0,305,10.166667,0,12,1298.007446,975.636230,0.050000,0.200000,0.000000
305,0,305,10.166667,0,15,1527.156372,960.308899,0.200000,0.200000,0.000000
305,0,305,10.166667,0,16,1297.393066,908.406799,0.050000,0.250000,0.000000
305,0,305,10.166667,0,17,1371.209839,902.926208,0.100000,0.250000,0.000000
305,0,305,10.166667,0,18,1447.699463,899.874390,0.150000,0.250000,0.000000
305,0,305,10.166667,0,19,1520.066284,893.733521,0.200000,0.250000,0.000000
305,0,305,10.166667,0,22,1440.343750,834.735962,0.150000,0.300000,0.000000
305,0,305,10.166667,0,23,1517.388550,829.452393,0.200000,0.300000,0.000000
310,0,310,10.333333,0,0,1303.347412,1166.822266,0.050000,0.050000,0.000000
310,0,310,10.333333,0,1,1381.767822,1161.906982,0.100000,0.050000,0.000000
310,0,310,10.333333,0,2,1463.531250,1157.481689,0.150000,0.050000,0.000000
310,0,310,10.333333,0,3,1544.989990,1154.741699,0.200000,0.050000,0.000000
310,0,310,10.333333,0,6,1458.476562,1084.535645,0.150000,0.100000,0.000000
310,0,310,10.333333,0,7,1539.380371,1082.471436,0.200000,0.100000,0.000000
310,0,310,10.333333,0,11,1531.744019,1011.531494,0.200000,0.150000,0.000000
310,0,310,10.333333,0,12,1300.353760,955.445984,0.050000,0.200000,0.000000
310,0,310,10.333333,0,15,1526.452637,943.174377,0.200000,0.200000,0.000000
310,0,310,10.333333,0,16,1299.970093,892.412659,0.050000,0.250000,0.000000
310,0,310,10.333333,0,17,1372.555420,887.564453,0.100000,0.250000,0.000000
310,0,310,10.333333,0,18,1447.065796,883.247803,0.150000,0.250000,0.000000
310,0,310,10.333333,0,19,1521.013672,878.229309,0.200000,0.250000,0.000000
310,0,310,10.333333,0,20,1298.613403,831.355774,0.050000,0.300000,0.000000
310,0,310,10.333333,0,21,1371.158325,826.507629,0.100000,0.300000,0.000000
310,0,310,10.333333,0,22,1441.831299,821.577637,0.150000,0.300000,0.000000
310,0,310,10.333333,0,23,1516.441406,815.962830,0.200000,0.300000,0.000000
315,0,315,10.500000,0,0,1301.401489,1146.358154,0.050000,0.050000,0.000000
315,0,315,10.500000,0,1,1380.137817,1142.388916,0.100000,0.050000,0.000000
315,0,315,10.500000,0,2,1462.043335,1140.401123,0.150000,0.050000,0.000000
315,0,315,10.500000,0,3,1541.589478,1138.523682,0.200000,0.050000,0.000000
315,0,315,10.500000,0,6,1457.231934,1067.787109,0.150000,0.100000,0.000000
315,0,315,10.500000,0,7,1537.310913,1066.728638,0.200000,0.100000,0.000000
315,0,315,10.500000,0,10,1454.661377,1001.605896,0.150000,0.150000,0.000000
315,0,315,10.500000,0,11,1530.428711,998.457947,0.200000,0.150000,0.000000
315,0,315,10.500000,0,12,1300.515015,944.380554,0.050000,0.200000,0.000000
315,0,315,10.500000,0,13,1375.822998,939.577454,0.100000,0.200000,0.000000
315,0,315,10.500000,0,14,1450.503418,935.782593,0.150000,0.200000,0.000000
315,0,315,10.500000,0,15,1526.491821,932.414185,0.200000,0.200000,0.000000
315,0,315,10.500000,0,16,1301.756226,881.607056,0.050000,0.250000,0.000000
315,0,315,10.500000,0,17,1374.641602,877.208984,0.100000,0.250000,0.000000
315,0,315,10.500000,0,18,1447.661743,873.703613,0.150000,0.250000,0.000000
315,0,315,10.500000,0,19,1521.073853,870.369141,0.200000,0.250000,0.000000
315,0,315,10.500000,0,20,1301.534912,823.325134,0.050000,0.300000,0.000000
315,0,315,10.500000,0,21,1372.925049,818.537354,0.100000,0.300000,0.000000
315,0,315,10.500000,0,22,1444.200684,814.509949,0.150000,0.300000,0.000000
315,0,315,10.500000,0,23,1517.236572,810.317078,0.200000,0.300000,0.000000
320,0,320,10.666667,0,0,1298.588013,1137.709473,0.050000,0.050000,0.000000
320,0,320,10.666667,0,1,1376.979858,1134.759399,0.100000,0.050000,0.000000
320,0,320,10.666667,0,2,1456.880737,1134.595093,0.150000,0.050000,0.000000
320,0,320,10.666667,0,3,1537.277710,1135.244385,0.200000,0.050000,0.000000
320,0,320,10.666667,0,4,1300.335083,1068.800537,0.050000,0.100000,0.000000
320,0,320,10.666667,0,5,1377.606445,1066.209717,0.100000,0.100000,0.000000
320,0,320,10.666667,0,6,1454.424438,1065.190552,0.150000,0.100000,0.000000
320,0,320,10.666667,0,7,1533.331421,1065.236084,0.200000,0.100000,0.000000
320,0,320,10.666667,0,8,1303.531372,1004.046265,0.050000,0.150000,0.000000
320,0,320,10.666667,0,9,1376.844116,1000.702026,0.100000,0.150000,0.000000
320,0,320,10.666667,0,10,1453.265503,1000.068787,0.150000,0.150000,0.000000
320,0,320,10.666667,0,11,1529.379272,999.061951,0.200000,0.150000,0.000000
320,0,320,10.666667,0,12,1303.696533,941.384705,0.050000,0.200000,0.000000
320,0,320,10.666667,0,13,1377.664551,938.659058,0.100000,0.200000,0.000000
320,0,320,10.666667,0,14,1451.210815,937.453491,0.150000,0.200000,0.000000
320,0,320,10.666667,0,15,1526.222046,936.151733,0.200000,0.200000,0.000000
320,0,320,10.666667,0,16,1305.950439,881.722351,0.050000,0.250000,0.000000
320,0,320,10.666667,0,17,1377.177124,879.681519,0.100000,0.250000,0.000000
320,0,320,10.666667,0,18,1449.510498,877.151184,0.150000,0.250000,0.000000
320,0,320,10.666667,0,19,1522.485352,875.264954,0.200000,0.250000,0.000000
320,0,320,10.666667,0,20,1307.835327,824.903748,0.050000,0.300000,0.000000
320,0,320,10.666667,0,21,1378.352783,823.313293,0.100000,0.300000,0.000000
320,0,320,10.666667,0,22,1447.942627,820.449646,0.150000,0.300000,0.000000
320,0,320,10.666667,0,23,1519.681641,817.566711,0.200000,0.300000,0.000000
325,0,325,10.833333,0,0,1302.740234,1140.972656,0.050000,0.050000,0.000000
325,0,325,10.833333,0,1,1380.132812,1138.649170,0.100000,0.050000,0.000000
325,0,325,10.833333,0,2,1461.014526,1138.325073,0.150000,0.050000,0.000000
325,0,325,10.833333,0,3,1539.849487,1138.856445,0.200000,0.050000,0.000000
325,0,325,10.833333,0,4,1303.400635,1072.215332,0.050000,0.100000,0.000000
325,0,325,10.833333,0,5,1380.815308,1069.600830,0.100000,0.100000,0.000000
325,0,325,10.833333,0,6,1457.167969,1069.241455,0.150000,0.100000,0.000000
325,0,325,10.833333,0,7,1536.434082,1068.903687,0.200000,0.100000,0.000000
325,0,325,10.833333,0,8,1305.929565,1006.458313,0.050000,0.150000,0.000000
325,0,325,10.833333,0,9,1380.334839,1004.556580,0.100000,0.150000,0.000000
325,0,325,10.833333,0,10,1456.632935,1003.921387,0.150000,0.150000,0.000000
325,0,325,10.833333,0,11,1532.453979,1002.598633,0.200000,0.150000,0.000000
325,0,325,10.833333,0,12,1306.754517,945.693481,0.050000,0.200000,0.000000
325,0,325,10.833333,0,13,1381.267212,943.208923,0.100000,0.200000,0.000000
325,0,325,10.833333,0,14,1454.019043,941.567749,0.150000,0.200000,0.000000
325,0,325,10.833333,0,15,1529.266724,940.439209,0.200000,0.200000,0.000000
325,0,325,10.833333,0,16,1309.509888,885.674255,0.050000,0.250000,0.000000
325,0,325,10.833333,0,17,1380.468506,883.492798,0.100000,0.250000,0.000000
325,0,325,10.833333,0,18,1452.794800,881.546082,0.150000,0.250000,0.000000
325,0,325,10.833333,0,19,1525.147583,879.777405,0.200000,0.250000,0.000000
325,0,325,10.833333,0,20,1310.806519,829.506409,0.050000,0.300000,0.000000
325,0,325,10.833333,0,21,1381.320679,827.463013,0.100000,0.300000,0.000000
325,0,325,10.833333,0,22,1449.925049,826.057129,0.150000,0.300000,0.000000
325,0,325,10.833333,0,23,1521.751465,821.475037,0.200000,0.300000,0.000000
330,0,330,11.000000,0,0,1303.428223,1146.123779,0.050000,0.050000,0.000000
330,0,330,11.000000,0,1,1381.738281,1143.208618,0.100000,0.050000,0.000000
330,0,330,11.000000,0,2,1462.236206,1142.797607,0.150000,0.050000,0.000000
330,0,330,11.000000,0,3,1542.389893,1143.402344,0.200000,0.050000,0.000000
330,0,330,11.000000,0,4,1304.954956,1078.433838,0.050000,0.100000,0.000000
330,0,330,11.000000,0,5,1381.813599,1075.520264,0.100000,0.100000,0.000000
330,0,330,11.000000,0,6,1458.915894,1075.148804,0.150000,0.100000,0.000000
330,0,330,11.000000,0,7,1538.488037,1075.092407,0.200000,0.100000,0.000000
330,0,330,11.000000,0,8,1307.295166,1014.519348,0.050000,0.150000,0.000000
330,0,330,11.000000,0,9,1380.701660,1012.459167,0.100000,0.150000,0.000000
330,0,330,11.000000,0,10,1457.811401,1011.400269,0.150000,0.150000,0.000000
330,0,330,11.000000,0,11,1533.461670,1010.064209,0.200000,0.150000,0.000000
330,0,330,11.000000,0,12,1308.994263,953.679016,0.050000,0.200000,0.000000
330,0,330,11.000000,0,13,1382.129395,951.745178,0.100000,0.200000,0.000000
330,0,330,11.000000,0,14,1455.079956,950.278870,0.150000,0.200000,0.000000
330,0,330,11.000000,0,15,1529.772461,948.672424,0.200000,0.200000,0.000000
330,0,330,11.000000,0,16,1310.886475,896.809753,0.050000,0.250000,0.000000
330,0,330,11.000000,0,17,1381.380615,894.318970,0.100000,0.250000,0.000000
330,0,330,11.000000,0,18,1454.082153,892.174805,0.150000,0.250000,0.000000
330,0,330,11.000000,0,19,1525.643066,890.271729,0.200000,0.250000,0.000000
330,0,330,11.000000,0,20,1312.143921,841.909851,0.050000,0.300000,0.000000
330,0,330,11.000000,0,21,1381.503784,838.833496,0.100000,0.300000,0.000000
330,0,330,11.000000,0,22,1451.360718,836.923706,0.150000,0.300000,0.000000
330,0,330,11.000000,0,23,1522.395752,833.802307,0.200000,0.300000,0.000000
335,0,335,11.166667,0,0,1302.853760,1146.049561,0.050000,0.050000,0.000000
335,0,335,11.166667,0,1,1381.466309,1143.485718,0.100000,0.050000,0.000000
335,0,335,11.166667,0,2,1461.491577,1142.708252,0.150000,0.050000,0.000000
335,0,335,11.166667,0,3,1542.478760,1144.347534,0.200000,0.050000,0.000000
335,0,335,11.166667,0,4,1304.431152,1079.120972,0.050000,0.100000,0.000000
335,0,335,11.166667,0,5,1381.588745,1076.351196,0.100000,0.100000,0.000000
335,0,335,11.166667,0,6,1459.491699,1076.279297,0.150000,0.100000,0.000000
335,0,335,11.166667,0,7,1538.397461,1076.621948,0.200000,0.100000,0.000000
335,0,335,11.166667,0,8,1307.200317,1015.815186,0.050000,0.150000,0.000000
335,0,335,11.166667,0,9,1381.495361,1013.728088,0.100000,0.150000,0.000000
335,0,335,11.166667,0,10,1458.149170,1013.502625,0.150000,0.150000,0.000000
335,0,335,11.166667,0,11,1534.045898,1012.673950,0.200000,0.150000,0.000000
335,0,335,11.166667,0,12,1308.798462,956.530457,0.050000,0.200000,0.000000
335,0,335,11.166667,0,13,1382.315186,954.660767,0.100000,0.200000,0.000000
335,0,335,11.166667,0,14,1455.440308,953.499756,0.150000,0.200000,0.000000
335,0,335,11.166667,0,15,1530.213623,952.074768,0.200000,0.200000,0.000000
335,0,335,11.166667,0,16,1311.305786,900.222595,0.050000,0.250000,0.000000
335,0,335,11.166667,0,17,1382.230347,897.844299,0.100000,0.250000,0.000000
335,0,335,11.166667,0,18,1453.948730,896.315247,0.150000,0.250000,0.000000
335,0,335,11.166667,0,19,1526.428711,894.619446,0.200000,0.250000,0.000000
335,0,335,11.166667,0,20,1313.361450,845.728760,0.050000,0.300000,0.000000
335,0,335,11.166667,0,21,1383.236938,844.698608,0.100000,0.300000,0.000000
335,0,335,11.166667,0,22,1452.523071,841.817993,0.150000,0.300000,0.000000
335,0,335,11.166667,0,23,1523.730347,840.180908,0.200000,0.300000,0.000000
340,0,340,11.333333,0,0,1302.100708,1142.776611,0.050000,0.050000,0.000000
340,0,340,11.333333,0,1,1381.199219,1139.738037,0.100000,0.050000,0.000000
340,0,340,11.333333,0,2,1462.189453,1139.455566,0.150000,0.050000,0.000000
340,0,340,11.333333,0,3,1542.656738,1139.841431,0.200000,0.050000,0.000000
340,0,340,11.333333,0,4,1303.406006,1076.425049,0.050000,0.100000,0.000000
340,0,340,11.333333,0,5,1380.923950,1073.457520,0.100000,0.100000,0.000000
340,0,340,11.333333,0,6,1458.479248,1073.068115,0.150000,0.100000,0.000000
340,0,340,11.333333,0,7,1538.150391,1073.010376,0.200000,0.100000,0.000000
340,0,340,11.333333,0,8,1305.988281,1014.047729,0.050000,0.150000,0.000000
340,0,340,11.333333,0,9,1380.317383,1011.648315,0.100000,0.150000,0.000000
340,0,340,11.333333,0,10,1456.612427,1010.752625,0.150000,0.150000,0.000000
340,0,340,11.333333,0,11,1532.497681,1009.858582,0.200000,0.150000,0.000000
340,0,340,11.333333,0,12,1307.205444,955.187561,0.050000,0.200000,0.000000
340,0,340,11.333333,0,13,1380.491333,952.818604,0.100000,0.200000,0.000000
340,0,340,11.333333,0,14,1454.263794,951.705017,0.150000,0.200000,0.000000
340,0,340,11.333333,0,15,1528.901978,950.370117,0.200000,0.200000,0.000000
340,0,340,11.333333,0,16,1309.547607,899.701782,0.050000,0.250000,0.000000
340,0,340,11.333333,0,17,1380.292480,897.103821,0.100000,0.250000,0.000000
340,0,340,11.333333,0,18,1452.514404,895.617432,0.150000,0.250000,0.000000
340,0,340,11.333333,0,19,1524.462646,893.390137,0.200000,0.250000,0.000000
340,0,340,11.333333,0,20,1310.815308,846.335388,0.050000,0.300000,0.000000
340,0,340,11.333333,0,21,1380.584961,844.147583,0.100000,0.300000,0.000000
340,0,340,11.333333,0,22,1450.285889,841.682617,0.150000,0.300000,0.000000
340,0,340,11.333333,0,23,1521.382568,839.470581,0.200000,0.300000,0.000000
345,0,345,11.500000,0,0,1301.633667,1147.901611,0.050000,0.050000,0.000000
345,0,345,11.500000,0,1,1380.553833,1145.349365,0.100000,0.050000,0.000000
345,0,345,11.500000,0,2,1461.817505,1143.960083,0.150000,0.050000,0.000000
345,0,345,11.500000,0,3,1543.291016,1144.619873,0.200000,0.050000,0.000000
345,0,345,11.500000,0,4,1303.201782,1081.150391,0.050000,0.100000,0.000000
345,0,345,11.500000,0,5,1380.486694,1077.923584,0.100000,0.100000,0.000000
345,0,345,11.500000,0,6,1458.594727,1077.678589,0.150000,0.100000,0.000000
345,0,345,11.500000,0,7,1538.527222,1077.829956,0.200000,0.100000,0.000000
345,0,345,11.500000,0,8,1305.053955,1018.802979,0.050000,0.150000,0.000000
345,0,345,11.500000,0,9,1379.875244,1016.271667,0.100000,0.150000,0.000000
345,0,345,11.500000,0,10,1456.427734,1015.309631,0.150000,0.150000,0.000000
345,0,345,11.500000,0,11,1532.990479,1013.977905,0.200000,0.150000,0.000000
345,0,345,11.500000,0,12,1306.106079,959.470032,0.050000,0.200000,0.000000
345,0,345,11.500000,0,13,1379.601196,957.260681,0.100000,0.200000,0.000000
345,0,345,11.500000,0,14,1453.250732,955.768555,0.150000,0.200000,0.000000
345,0,345,11.500000,0,15,1528.144531,954.483887,0.200000,0.200000,0.000000
345,0,345,11.500000,0,16,1307.760376,903.565674,0.050000,0.250000,0.000000
345,0,345,11.500000,0,17,1378.578125,901.210571,0.100000,0.250000,0.000000
345,0,345,11.500000,0,18,1451.521973,899.669922,0.150000,0.250000,0.000000
345,0,345,11.500000,0,19,1523.551147,897.600281,0.200000,0.250000,0.000000
345,0,345,11.500000,0,20,1309.206299,850.199402,0.050000,0.300000,0.000000
345,0,345,11.500000,0,21,1379.289062,848.106445,0.100000,0.300000,0.000000
345,0,345,11.500000,0,22,1448.544067,845.643433,0.150000,0.300000,0.000000
345,0,345,11.500000,0,23,1519.882812,842.754150,0.200000,0.300000,0.000000
350,0,350,11.666667,0,0,1304.069824,1152.297852,0.050000,0.050000,0.000000
350,0,350,11.666667,0,1,1383.786743,1149.546997,0.100000,0.050000,0.000000
350,0,350,11.666667,0,2,1465.593750,1148.414185,0.150000,0.050000,0.000000
350,0,350,11.666667,0,3,1546.268799,1148.622681,0.200000,0.050000,0.000000
350,0,350,11.666667,0,4,1304.918091,1085.894531,0.050000,0.100000,0.000000
350,0,350,11.666667,0,5,1383.444580,1082.669922,0.100000,0.100000,0.000000
350,0,350,11.666667,0,6,1461.575195,1081.552612,0.150000,0.100000,0.000000
350,0,350,11.666667,0,7,1541.065430,1081.522339,0.200000,0.100000,0.000000
350,0,350,11.666667,0,8,1307.019287,1023.451599,0.050000,0.150000,0.000000
350,0,350,11.666667,0,9,1381.705811,1020.305908,0.100000,0.150000,0.000000
350,0,350,11.666667,0,10,1457.951660,1019.042175,0.150000,0.150000,0.000000
350,0,350,11.666667,0,11,1535.276245,1017.840698,0.200000,0.150000,0.000000
350,0,350,11.666667,0,12,1307.649536,963.466003,0.050000,0.200000,0.000000
350,0,350,11.666667,0,13,1381.578003,962.002197,0.100000,0.200000,0.000000
350,0,350,11.666667,0,14,1455.173096,959.575256,0.150000,0.200000,0.000000
350,0,350,11.666667,0,15,1529.996582,958.289978,0.200000,0.200000,0.000000
350,0,350,11.666667,0,16,1308.295410,907.681396,0.050000,0.250000,0.000000
350,0,350,11.666667,0,17,1379.741455,905.558228,0.100000,0.250000,0.000000
350,0,350,11.666667,0,18,1452.221069,903.453491,0.150000,0.250000,0.000000
350,0,350,11.666667,0,19,1524.974609,900.891663,0.200000,0.250000,0.000000
350,0,350,11.666667,0,20,1309.186646,854.909729,0.050000,0.300000,0.000000
350,0,350,11.666667,0,21,1379.716309,852.699890,0.100000,0.300000,0.000000
350,0,350,11.666667,0,22,1449.259033,850.177612,0.150000,0.300000,0.000000
350,0,350,11.666667,0,23,1520.472900,847.156616,0.200000,0.300000,0.000000
355,0,355,11.833333,0,0,1306.167847,1170.550171,0.050000,0.050000,0.000000
355,0,355,11.833333,0,1,1386.104980,1166.783691,0.100000,0.050000,0.000000
355,0,355,11.833333,0,2,1467.211670,1165.641479,0.150000,0.050000,0.000000
355,0,355,11.833333,0,3,1548.681519,1167.221680,0.200000,0.050000,0.000000
355,0,355,11.833333,0,4,1306.615112,1102.613892,0.050000,0.100000,0.000000
355,0,355,11.833333,0,5,1385.413574,1100.134644,0.100000,0.100000,0.000000
355,0,355,11.833333,0,6,1464.418335,1098.597168,0.150000,0.100000,0.000000
355,0,355,11.833333,0,7,1543.331665,1098.722900,0.200000,0.100000,0.000000
355,0,355,11.833333,0,8,1308.484253,1039.609253,0.050000,0.150000,0.000000
355,0,355,11.833333,0,9,1383.553589,1037.145264,0.100000,0.150000,0.000000
355,0,355,11.833333,0,10,1460.789551,1036.042480,0.150000,0.150000,0.000000
355,0,355,11.833333,0,11,1537.472168,1035.632202,0.200000,0.150000,0.000000
355,0,355,11.833333,0,12,1309.278687,980.123230,0.050000,0.200000,0.000000
355,0,355,11.833333,0,13,1383.247559,977.817383,0.100000,0.200000,0.000000
355,0,355,11.833333,0,14,1457.430054,976.503784,0.150000,0.200000,0.000000
355,0,355,11.833333,0,15,1533.321167,975.074158,0.200000,0.200000,0.000000
355,0,355,11.833333,0,16,1310.698120,924.070190,0.050000,0.250000,0.000000
355,0,355,11.833333,0,17,1381.919434,921.648254,0.100000,0.250000,0.000000
355,0,355,11.833333,0,18,1455.098511,919.793091,0.150000,0.250000,0.000000
355,0,355,11.833333,0,19,1528.288940,917.241760,0.200000,0.250000,0.000000
355,0,355,11.833333,0,20,1311.472290,870.551453,0.050000,0.300000,0.000000
355,0,355,11.833333,0,21,1381.344116,867.961426,0.100000,0.300000,0.000000
355,0,355,11.833333,0,22,1451.481201,865.856140,0.150000,0.300000,0.000000
355,0,355,11.833333,0,23,1523.575806,863.679871,0.200000,0.300000,0.000000
360,0,360,12.000000,0,0,1305.296387,1169.804199,0.050000,0.050000,0.000000
360,0,360,12.000000,0,1,1385.389893,1166.651978,0.100000,0.050000,0.000000
360,0,360,12.000000,0,2,1467.121338,1166.195801,0.150000,0.050000,0.000000
360,0,360,12.000000,0,3,1548.995972,1167.893311,0.200000,0.050000,0.000000
360,0,360,12.000000,0,4,1306.267822,1103.389160,0.050000,0.100000,0.000000
360,0,360,12.000000,0,5,1384.792480,1100.446899,0.100000,0.100000,0.000000
360,0,360,12.000000,0,6,1463.668579,1100.505493,0.150000,0.100000,0.000000
360,0,360,12.000000,0,7,1544.244385,1100.645874,0.200000,0.100000,0.000000
360,0,360,12.000000,0,8,1308.675171,1041.285767,0.050000,0.150000,0.000000
360,0,360,12.000000,0,9,1384.250732,1039.146973,0.100000,0.150000,0.000000
360,0,360,12.000000,0,10,1461.534668,1038.679565,0.150000,0.150000,0.000000
360,0,360,12.000000,0,11,1538.214966,1038.095093,0.200000,0.150000,0.000000
360,0,360,12.000000,0,12,1309.933838,983.293762,0.050000,0.200000,0.000000
360,0,360,12.000000,0,13,1384.766846,981.435425,0.100000,0.200000,0.000000
360,0,360,12.000000,0,14,1458.432129,979.604431,0.150000,0.200000,0.000000
360,0,360,12.000000,0,15,1534.386475,979.108093,0.200000,0.200000,0.000000
360,0,360,12.000000,0,16,1312.027588,928.014404,0.050000,0.250000,0.000000
360,0,360,12.000000,0,17,1383.554688,925.846008,0.100000,0.250000,0.000000
360,0,360,12.000000,0,18,1456.393921,924.694763,0.150000,0.250000,0.000000
360,0,360,12.000000,0,19,1529.078735,922.918030,0.200000,0.250000,0.000000
360,0,360,12.000000,0,20,1312.885986,876.271301,0.050000,0.300000,0.000000
360,0,360,12.000000,0,21,1383.694336,873.828064,0.100000,0.300000,0.000000
360,0,360,12.000000,0,22,1454.413818,871.344482,0.150000,0.300000,0.000000
360,0,360,12.000000,0,23,1525.539307,869.841980,0.200000,0.300000,0.000000
365,0,365,12.166667,0,0,1307.710205,1167.255127,0.050000,0.050000,0.000000
365,0,365,12.166667,0,1,1388.233887,1164.943115,0.100000,0.050000,0.000000
365,0,365,12.166667,0,2,1470.717651,1164.582397,0.150000,0.050000,0.000000
365,0,365,12.166667,0,3,1552.335938,1165.467407,0.200000,0.050000,0.000000
365,0,365,12.166667,0,4,1309.206543,1102.300781,0.050000,0.100000,0.000000
365,0,365,12.166667,0,5,1388.584351,1099.618774,0.100000,0.100000,0.000000
365,0,365,12.166667,0,6,1467.200684,1099.074341,0.150000,0.100000,0.000000
365,0,365,12.166667,0,7,1547.203369,1099.404541,0.200000,0.100000,0.000000
365,0,365,12.166667,0,8,1311.742432,1040.145630,0.050000,0.150000,0.000000
365,0,365,12.166667,0,9,1387.212891,1038.270874,0.100000,0.150000,0.000000
365,0,365,12.166667,0,10,1464.514282,1037.716064,0.150000,0.150000,0.000000
365,0,365,12.166667,0,11,1541.276733,1037.023193,0.200000,0.150000,0.000000
365,0,365,12.166667,0,12,1313.311401,982.822083,0.050000,0.200000,0.000000
365,0,365,12.166667,0,13,1387.231079,980.760742,0.100000,0.200000,0.000000
365,0,365,12.166667,0,14,1461.456787,979.333069,0.150000,0.200000,0.000000
365,0,365,12.166667,0,15,1537.067017,978.463928,0.200000,0.200000,0.000000
365,0,365,12.166667,0,16,1315.525757,928.304993,0.050000,0.250000,0.000000
365,0,365,12.166667,0,17,1386.698486,925.873596,0.100000,0.250000,0.000000
365,0,365,12.166667,0,18,1458.683716,924.410278,0.150000,0.250000,0.000000
365,0,365,12.166667,0,19,1531.633545,923.094482,0.200000,0.250000,0.000000
365,0,365,12.166667,0,20,1316.753540,876.713867,0.050000,0.300000,0.000000
365,0,365,12.166667,0,21,1386.731445,874.663147,0.100000,0.300000,0.000000
365,0,365,12.166667,0,22,1456.481323,872.574646,0.150000,0.300000,0.000000
365,0,365,12.166667,0,23,1528.060547,870.587524,0.200000,0.300000,0.000000
370,0,370,12.333333,0,0,1312.173706,1172.148071,0.050000,0.050000,0.000000
370,0,370,12.333333,0,1,1391.520020,1169.070312,0.100000,0.050000,0.000000
370,0,370,12.333333,0,2,1473.355225,1168.359741,0.150000,0.050000,0.000000
370,0,370,12.333333,0,3,1555.579956,1169.549072,0.200000,0.050000,0.000000
370,0,370,12.333333,0,4,1312.990356,1105.362671,0.050000,0.100000,0.000000
370,0,370,12.333333,0,5,1391.543701,1102.773804,0.100000,0.100000,0.000000
370,0,370,12.333333,0,6,1470.205688,1102.599731,0.150000,0.100000,0.000000
370,0,370,12.333333,0,7,1549.962402,1103.113159,0.200000,0.100000,0.000000
370,0,370,12.333333,0,8,1315.303101,1044.019409,0.050000,0.150000,0.000000
370,0,370,12.333333,0,9,1390.368408,1041.378296,0.100000,0.150000,0.000000
370,0,370,12.333333,0,10,1468.245239,1041.499634,0.150000,0.150000,0.000000
370,0,370,12.333333,0,11,1544.227295,1039.898315,0.200000,0.150000,0.000000
370,0,370,12.333333,0,12,1316.354370,985.411926,0.050000,0.200000,0.000000
370,0,370,12.333333,0,13,1390.397949,983.584473,0.100000,0.200000,0.000000
370,0,370,12.333333,0,14,1464.070068,982.419373,0.150000,0.200000,0.000000
370,0,370,12.333333,0,15,1539.452271,981.403259,0.200000,0.200000,0.000000
370,0,370,12.333333,0,16,1318.281738,930.641235,0.050000,0.250000,0.000000
370,0,370,12.333333,0,17,1389.228760,928.317566,0.100000,0.250000,0.000000
370,0,370,12.333333,0,18,1461.714478,926.757324,0.150000,0.250000,0.000000
370,0,370,12.333333,0,19,1533.800415,925.360718,0.200000,0.250000,0.000000
370,0,370,12.333333,0,20,1318.934082,878.034851,0.050000,0.300000,0.000000
370,0,370,12.333333,0,21,1389.216431,876.403931,0.100000,0.300000,0.000000
370,0,370,12.333333,0,22,1459.404663,873.790466,0.150000,0.300000,0.000000
370,0,370,12.333333,0,23,1530.357056,871.929810,0.200000,0.300000,0.000000
375,0,375,12.500000,0,0,1311.758179,1170.116699,0.050000,0.050000,0.000000
375,0,375,12.500000,0,1,1390.646973,1167.204956,0.100000,0.050000,0.000000
375,0,375,12.500000,0,2,1472.476807,1166.799316,0.150000,0.050000,0.000000
375,0,375,12.500000,0,3,1553.245850,1168.156372,0.200000,0.050000,0.000000
375,0,375,12.500000,0,4,1312.668945,1103.481445,0.050000,0.100000,0.000000
375,0,375,12.500000,0,5,1390.416992,1100.646729,0.100000,0.100000,0.000000
375,0,375,12.500000,0,6,1468.896606,1100.621216,0.150000,0.100000,0.000000
375,0,375,12.500000,0,7,1548.999512,1101.769287,0.200000,0.100000,0.000000
375,0,375,12.500000,0,8,1314.739746,1041.550903,0.050000,0.150000,0.000000
375,0,375,12.500000,0,9,1389.660400,1038.958252,0.100000,0.150000,0.000000
375,0,375,12.500000,0,10,1466.187988,1038.787476,0.150000,0.150000,0.000000
375,0,375,12.500000,0,11,1543.247070,1037.940063,0.200000,0.150000,0.000000
375,0,375,12.500000,0,12,1315.898193,983.386292,0.050000,0.200000,0.000000
375,0,375,12.500000,0,13,1390.064331,981.671082,0.100000,0.200000,0.000000
375,0,375,12.500000,0,14,1463.566528,979.924927,0.150000,0.200000,0.000000
375,0,375,12.500000,0,15,1538.900879,979.398621,0.200000,0.200000,0.000000
375,0,375,12.500000,0,16,1317.716431,928.223938,0.050000,0.250000,0.000000
375,0,375,12.500000,0,17,1388.539795,926.263672,0.100000,0.250000,0.000000
375,0,375,12.500000,0,18,1461.028564,924.612488,0.150000,0.250000,0.000000
375,0,375,12.500000,0,19,1533.629883,922.861877,0.200000,0.250000,0.000000
375,0,375,12.500000,0,20,1318.855591,875.951050,0.050000,0.300000,0.000000
375,0,375,12.500000,0,21,1389.287720,874.269104,0.100000,0.300000,0.000000
375,0,375,12.500000,0,22,1458.257080,872.163208,0.150000,0.300000,0.000000
375,0,375,12.500000,0,23,1529.744141,869.760315,0.200000,0.300000,0.000000
380,0,380,12.666667,0,0,1307.883423,1171.229370,0.050000,0.050000,0.000000
380,0,380,12.666667,0,1,1387.147583,1167.906738,0.100000,0.050000,0.000000
380,0,380,12.666667,0,2,1468.627930,1167.079956,0.150000,0.050000,0.000000
380,0,380,12.666667,0,3,1549.523438,1167.194946,0.200000,0.050000,0.000000
380,0,380,12.666667,0,4,1308.478271,1105.129639,0.050000,0.100000,0.000000
380,0,380,12.666667,0,5,1386.552124,1101.501587,0.100000,0.100000,0.000000
380,0,380,12.666667,0,6,1464.476562,1100.657104,0.150000,0.100000,0.000000
380,0,380,12.666667,0,7,1544.433228,1100.369507,0.200000,0.100000,0.000000
380,0,380,12.666667,0,8,1310.911133,1042.712646,0.050000,0.150000,0.000000
380,0,380,12.666667,0,9,1384.587646,1040.366821,0.100000,0.150000,0.000000
380,0,380,12.666667,0,10,1462.422729,1038.823242,0.150000,0.150000,0.000000
380,0,380,12.666667,0,11,1538.398926,1037.276855,0.200000,0.150000,0.000000
380,0,380,12.666667,0,12,1311.714111,983.815063,0.050000,0.200000,0.000000
380,0,380,12.666667,0,13,1385.365723,981.440369,0.100000,0.200000,0.000000
380,0,380,12.666667,0,14,1457.997925,980.297607,0.150000,0.200000,0.000000
380,0,380,12.666667,0,15,1534.526367,978.946289,0.200000,0.200000,0.000000
380,0,380,12.666667,0,16,1313.146118,928.711060,0.050000,0.250000,0.000000
380,0,380,12.666667,0,17,1383.732178,926.521545,0.100000,0.250000,0.000000
380,0,380,12.666667,0,18,1456.764404,924.152832,0.150000,0.250000,0.000000
380,0,380,12.666667,0,19,1528.662964,921.687561,0.200000,0.250000,0.000000
380,0,380,12.666667,0,20,1314.367554,875.940063,0.050000,0.300000,0.000000
380,0,380,12.666667,0,21,1384.506226,873.934021,0.100000,0.300000,0.000000
380,0,380,12.666667,0,22,1453.532593,871.309570,0.150000,0.300000,0.000000
380,0,380,12.666667,0,23,1525.283936,869.060730,0.200000,0.300000,0.000000
385,0,385,12.833333,0,0,1303.378052,1193.559082,0.050000,0.050000,0.000000
385,0,385,12.833333,0,1,1382.377930,1190.847168,0.100000,0.050000,0.000000
385,0,385,12.833333,0,2,1463.359009,1189.816895,0.150000,0.050000,0.000000
385,0,385,12.833333,0,3,1544.518799,1189.617554,0.200000,0.050000,0.000000
385,0,385,12.833333,0,4,1303.550049,1122.463867,0.050000,0.100000,0.000000
385,0,385,12.833333,0,5,1381.146484,1118.968750,0.100000,0.100000,0.000000
385,0,385,12.833333,0,6,1459.517822,1118.658813,0.150000,0.100000,0.000000
385,0,385,12.833333,0,7,1538.578247,1117.988892,0.200000,0.100000,0.000000
385,0,385,12.833333,0,8,1304.984131,1055.115845,0.050000,0.150000,0.000000
385,0,385,12.833333,0,9,1380.387695,1052.584717,0.100000,0.150000,0.000000
385,0,385,12.833333,0,10,1456.710693,1051.645508,0.150000,0.150000,0.000000
385,0,385,12.833333,0,11,1534.423340,1049.625610,0.200000,0.150000,0.000000
385,0,385,12.833333,0,12,1304.449219,992.244446,0.050000,0.200000,0.000000
385,0,385,12.833333,0,13,1379.973999,989.788452,0.100000,0.200000,0.000000
385,0,385,12.833333,0,14,1453.525879,987.936523,0.150000,0.200000,0.000000
385,0,385,12.833333,0,15,1528.888672,985.510803,0.200000,0.200000,0.000000
385,0,385,12.833333,0,16,1306.839111,931.463501,0.050000,0.250000,0.000000
385,0,385,12.833333,0,17,1378.176025,928.684448,0.100000,0.250000,0.000000
385,0,385,12.833333,0,18,1451.432861,926.446960,0.150000,0.250000,0.000000
385,0,385,12.833333,0,19,1524.491577,924.296265,0.200000,0.250000,0.000000
385,0,385,12.833333,0,20,1306.698242,873.546509,0.050000,0.300000,0.000000
385,0,385,12.833333,0,21,1378.011108,871.096375,0.100000,0.300000,0.000000
385,0,385,12.833333,0,22,1448.901733,867.920715,0.150000,0.300000,0.000000
385,0,385,12.833333,0,23,1520.394043,865.547668,0.200000,0.300000,0.000000
390,0,390,13.000000,0,0,1302.757568,1197.615723,0.050000,0.050000,0.000000
390,0,390,13.000000,0,1,1382.118164,1194.736084,0.100000,0.050000,0.000000
390,0,390,13.000000,0,2,1462.520142,1193.350098,0.150000,0.050000,0.000000
390,0,390,13.000000,0,3,1543.388306,1193.761353,0.200000,0.050000,0.000000
390,0,390,13.000000,0,4,1303.342529,1125.474243,0.050000,0.100000,0.000000
390,0,390,13.000000,0,5,1381.445435,1123.376343,0.100000,0.100000,0.000000
390,0,390,13.000000,0,6,1458.856201,1121.825195,0.150000,0.100000,0.000000
390,0,390,13.000000,0,7,1538.551147,1120.850708,0.200000,0.100000,0.000000
390,0,390,13.000000,0,8,1304.172974,1057.336304,0.050000,0.150000,0.000000
390,0,390,13.000000,0,9,1379.391724,1054.787964,0.100000,0.150000,0.000000
390,0,390,13.000000,0,10,1455.838257,1053.354736,0.150000,0.150000,0.000000
390,0,390,13.000000,0,11,1533.052002,1052.173584,0.200000,0.150000,0.000000
390,0,390,13.000000,0,12,1304.035522,993.201599,0.050000,0.200000,0.000000
390,0,390,13.000000,0,13,1379.159546,990.567749,0.100000,0.200000,0.000000
390,0,390,13.000000,0,14,1452.841064,988.484253,0.150000,0.200000,0.000000
390,0,390,13.000000,0,15,1528.695801,986.457397,0.200000,0.200000,0.000000
390,0,390,13.000000,0,16,1305.531982,930.746338,0.050000,0.250000,0.000000
390,0,390,13.000000,0,17,1377.175537,928.536438,0.100000,0.250000,0.000000
390,0,390,13.000000,0,18,1450.587158,925.520081,0.150000,0.250000,0.000000
390,0,390,13.000000,0,19,1522.859985,924.050293,0.200000,0.250000,0.000000
390,0,390,13.000000,0,20,1304.961426,872.098999,0.050000,0.300000,0.000000
390,0,390,13.000000,0,21,1377.084106,869.193237,0.100000,0.300000,0.000000
390,0,390,13.000000,0,22,1447.351807,866.224976,0.150000,0.300000,0.000000
390,0,390,13.000000,0,23,1520.776245,864.153503,0.200000,0.300000,0.000000
395,0,395,13.166667,0,0,1302.863525,1204.622559,0.050000,0.050000,0.000000
395,0,395,13.166667,0,1,1381.429199,1202.621582,0.100000,0.050000,0.000000
395,0,395,13.166667,0,2,1460.785645,1202.665405,0.150000,0.050000,0.000000
395,0,395,13.166667,0,3,1541.221191,1203.423096,0.200000,0.050000,0.000000
395,0,395,13.166667,0,4,1303.692993,1130.307739,0.050000,0.100000,0.000000
395,0,395,13.166667,0,5,1380.622681,1127.839355,0.100000,0.100000,0.000000
395,0,395,13.166667,0,6,1459.322144,1128.184448,0.150000,0.100000,0.000000
395,0,395,13.166667,0,7,1537.124146,1127.970459,0.200000,0.100000,0.000000
395,0,395,13.166667,0,8,1305.706543,1059.836304,0.050000,0.150000,0.000000
395,0,395,13.166667,0,9,1380.444824,1057.973999,0.100000,0.150000,0.000000
395,0,395,13.166667,0,10,1456.816040,1057.003540,0.150000,0.150000,0.000000
395,0,395,13.166667,0,11,1534.232422,1056.584961,0.200000,0.150000,0.000000
395,0,395,13.166667,0,12,1306.671387,992.058105,0.050000,0.200000,0.000000
395,0,395,13.166667,0,13,1381.234009,990.894104,0.100000,0.200000,0.000000
395,0,395,13.166667,0,14,1455.339966,989.533386,0.150000,0.200000,0.000000
395,0,395,13.166667,0,15,1531.400635,988.275818,0.200000,0.200000,0.000000
395,0,395,13.166667,0,16,1308.604370,927.853027,0.050000,0.250000,0.000000
395,0,395,13.166667,0,17,1380.450439,925.627869,0.100000,0.250000,0.000000
395,0,395,13.166667,0,18,1453.551758,923.518372,0.150000,0.250000,0.000000
395,0,395,13.166667,0,19,1527.763062,921.939331,0.200000,0.250000,0.000000
395,0,395,13.166667,0,20,1309.315552,865.398865,0.050000,0.300000,0.000000
395,0,395,13.166667,0,21,1380.656128,863.101562,0.100000,0.300000,0.000000
395,0,395,13.166667,0,22,1452.271851,861.187622,0.150000,0.300000,0.000000
395,0,395,13.166667,0,23,1525.539917,858.793640,0.200000,0.300000,0.000000
400,0,400,13.333333,0,0,1305.115723,1219.312012,0.050000,0.050000,0.000000
400,0,400,13.333333,0,1,1383.515381,1218.566040,0.100000,0.050000,0.000000
400,0,400,13.333333,0,2,1462.588989,1217.799438,0.150000,0.050000,0.000000
400,0,400,13.333333,0,3,1543.428101,1219.180054,0.200000,0.050000,0.000000
400,0,400,13.333333,0,4,1306.259155,1144.111938,0.050000,0.100000,0.000000
400,0,400,13.333333,0,5,1383.683472,1143.132935,0.100000,0.100000,0.000000
400,0,400,13.333333,0,6,1461.482910,1142.325439,0.150000,0.100000,0.000000
400,0,400,13.333333,0,7,1539.757080,1141.740723,0.200000,0.100000,0.000000
400,0,400,13.333333,0,8,1307.587036,1071.645020,0.050000,0.150000,0.000000
400,0,400,13.333333,0,9,1383.139771,1069.816040,0.100000,0.150000,0.000000
400,0,400,13.333333,0,10,1460.253540,1069.988525,0.150000,0.150000,0.000000
400,0,400,13.333333,0,11,1537.252319,1068.774902,0.200000,0.150000,0.000000
400,0,400,13.333333,0,12,1308.549683,1002.759521,0.050000,0.200000,0.000000
400,0,400,13.333333,0,13,1383.589355,1000.594727,0.100000,0.200000,0.000000
400,0,400,13.333333,0,14,1457.952148,999.144226,0.150000,0.200000,0.000000
400,0,400,13.333333,0,15,1534.391602,998.430603,0.200000,0.200000,0.000000
400,0,400,13.333333,0,16,1310.330566,935.580383,0.050000,0.250000,0.000000
400,0,400,13.333333,0,17,1382.638794,933.664001,0.100000,0.250000,0.000000
400,0,400,13.333333,0,18,1457.128540,931.936646,0.150000,0.250000,0.000000
400,0,400,13.333333,0,19,1531.340820,929.738220,0.200000,0.250000,0.000000
400,0,400,13.333333,0,20,1311.463867,870.788696,0.050000,0.300000,0.000000
400,0,400,13.333333,0,21,1383.578369,868.828430,0.100000,0.300000,0.000000
400,0,400,13.333333,0,22,1455.315552,866.817017,0.150000,0.300000,0.000000
400,0,400,13.333333,0,23,1528.637085,863.964172,0.200000,0.300000,0.000000
405,0,405,13.500000,0,0,1302.526855,1228.399780,0.050000,0.050000,0.000000
405,0,405,13.500000,0,1,1380.696045,1227.690063,0.100000,0.050000,0.000000
405,0,405,13.500000,0,2,1460.707031,1228.470215,0.150000,0.050000,0.000000
405,0,405,13.500000,0,3,1540.473267,1230.248779,0.200000,0.050000,0.000000
405,0,405,13.500000,0,4,1304.727905,1152.294189,0.050000,0.100000,0.000000
405,0,405,13.500000,0,5,1381.853027,1151.768188,0.100000,0.100000,0.000000
405,0,405,13.500000,0,6,1459.368042,1151.660034,0.150000,0.100000,0.000000
405,0,405,13.500000,0,7,1538.090576,1151.596924,0.200000,0.100000,0.000000
405,0,405,13.500000,0,8,1305.947998,1078.608398,0.050000,0.150000,0.000000
405,0,405,13.500000,0,9,1380.810913,1077.914795,0.100000,0.150000,0.000000
405,0,405,13.500000,0,10,1458.068359,1077.428711,0.150000,0.150000,0.000000
405,0,405,13.500000,0,11,1535.618164,1077.366089,0.200000,0.150000,0.000000
405,0,405,13.500000,0,12,1307.102905,1008.687500,0.050000,0.200000,0.000000
405,0,405,13.500000,0,13,1381.733765,1007.051147,0.100000,0.200000,0.000000
405,0,405,13.500000,0,14,1457.306396,1005.962585,0.150000,0.200000,0.000000
405,0,405,13.500000,0,15,1533.592407,1005.078796,0.200000,0.200000,0.000000
405,0,405,13.500000,0,16,1308.936401,939.771790,0.050000,0.250000,0.000000
405,0,405,13.500000,0,17,1382.317139,938.377991,0.100000,0.250000,0.000000
405,0,405,13.500000,0,18,1456.187622,936.713989,0.150000,0.250000,0.000000
405,0,405,13.500000,0,19,1531.109863,935.088806,0.200000,0.250000,0.000000
405,0,405,13.500000,0,20,1310.528076,873.976685,0.050000,0.300000,0.000000
405,0,405,13.500000,0,21,1382.469360,871.631897,0.100000,0.300000,0.000000
405,0,405,13.500000,0,22,1455.503906,869.704895,0.150000,0.300000,0.000000
405,0,405,13.500000,0,23,1528.656372,867.522522,0.200000,0.300000,0.000000
410,0,410,13.666667,0,0,1303.626465,1230.289429,0.050000,0.050000,0.000000
410,0,410,13.666667,0,1,1383.175293,1229.694580,0.100000,0.050000,0.000000
410,0,410,13.666667,0,2,1463.572388,1230.995605,0.150000,0.050000,0.000000
410,0,410,13.666667,0,3,1544.112305,1231.528809,0.200000,0.050000,0.000000
410,0,410,13.666667,0,4,1305.349121,1154.562744,0.050000,0.100000,0.000000
410,0,410,13.666667,0,5,1383.341309,1153.502075,0.100000,0.100000,0.000000
410,0,410,13.666667,0,6,1461.293213,1153.100952,0.150000,0.100000,0.000000
410,0,410,13.666667,0,7,1540.867065,1153.403931,0.200000,0.100000,0.000000
410,0,410,13.666667,0,8,1307.392212,1080.293457,0.050000,0.150000,0.000000
410,0,410,13.666667,0,9,1381.994995,1079.233887,0.100000,0.150000,0.000000
410,0,410,13.666667,0,10,1459.730957,1078.491699,0.150000,0.150000,0.000000
410,0,410,13.666667,0,11,1538.650024,1077.803467,0.200000,0.150000,0.000000
410,0,410,13.666667,0,12,1308.495361,1009.248718,0.050000,0.200000,0.000000
410,0,410,13.666667,0,13,1383.357910,1007.573730,0.100000,0.200000,0.000000
410,0,410,13.666667,0,14,1459.435181,1006.125854,0.150000,0.200000,0.000000
410,0,410,13.666667,0,15,1535.862549,1005.589844,0.200000,0.200000,0.000000
410,0,410,13.666667,0,16,1310.522705,940.805054,0.050000,0.250000,0.000000
410,0,410,13.666667,0,17,1383.775879,938.673523,0.100000,0.250000,0.000000
410,0,410,13.666667,0,18,1458.679565,937.488892,0.150000,0.250000,0.000000
410,0,410,13.666667,0,19,1533.535034,935.636353,0.200000,0.250000,0.000000
410,0,410,13.666667,0,20,1311.407471,874.059631,0.050000,0.300000,0.000000
410,0,410,13.666667,0,21,1383.858398,871.979675,0.100000,0.300000,0.000000
410,0,410,13.666667,0,22,1457.128784,869.795471,0.150000,0.300000,0.000000
410,0,410,13.666667,0,23,1531.341675,867.524536,0.200000,0.300000,0.000000
415,0,415,13.833333,0,0,1310.707764,1220.182617,0.050000,0.050000,0.000000
415,0,415,13.833333,0,1,1389.296265,1220.538330,0.100000,0.050000,0.000000
415,0,415,13.833333,0,2,1468.584106,1221.411987,0.150000,0.050000,0.000000
415,0,415,13.833333,0,3,1548.267334,1223.754883,0.200000,0.050000,0.000000
415,0,415,13.833333,0,6,1468.281616,1143.654053,0.150000,0.100000,0.000000
415,0,415,13.833333,0,7,1546.781128,1145.476318,0.200000,0.100000,0.000000
415,0,415,13.833333,0,10,1467.037109,1069.393799,0.150000,0.150000,0.000000
415,0,415,13.833333,0,11,1544.770386,1070.004028,0.200000,0.150000,0.000000
415,0,415,13.833333,0,12,1316.634033,997.957397,0.050000,0.200000,0.000000
415,0,415,13.833333,0,13,1391.156860,997.900452,0.100000,0.200000,0.000000
415,0,415,13.833333,0,14,1466.204590,997.294556,0.150000,0.200000,0.000000
415,0,415,13.833333,0,15,1542.878052,996.580139,0.200000,0.200000,0.000000
415,0,415,13.833333,0,16,1317.646362,928.875427,0.050000,0.250000,0.000000
415,0,415,13.833333,0,17,1391.563232,927.410706,0.100000,0.250000,0.000000
415,0,415,13.833333,0,18,1465.925903,927.558472,0.150000,0.250000,0.000000
415,0,415,13.833333,0,19,1540.594116,926.442688,0.200000,0.250000,0.000000
415,0,415,13.833333,0,20,1319.465576,861.732605,0.050000,0.300000,0.000000
415,0,415,13.833333,0,21,1392.046021,860.723938,0.100000,0.300000,0.000000
415,0,415,13.833333,0,22,1463.920776,859.978394,0.150000,0.300000,0.000000
415,0,415,13.833333,0,23,1539.607056,857.587524,0.200000,0.300000,0.000000
420,0,420,14.000000,0,12,1318.789062,981.443542,0.050000,0.200000,0.000000
420,0,420,14.000000,0,16,1319.640015,910.391846,0.050000,0.250000,0.000000
420,0,420,14.000000,0,17,1392.062134,908.220642,0.100000,0.250000,0.000000
420,0,420,14.000000,0,18,1465.559448,905.757996,0.150000,0.250000,0.000000
420,0,420,14.000000,0,19,1541.344604,904.069580,0.200000,0.250000,0.000000
420,0,420,14.000000,0,20,1320.305908,840.243469,0.050000,0.300000,0.000000
420,0,420,14.000000,0,21,1392.417847,839.401611,0.100000,0.300000,0.000000
420,0,420,14.000000,0,22,1463.886841,837.253052,0.150000,0.300000,0.000000
420,0,420,14.000000,0,23,1538.847778,832.965576,0.200000,0.300000,0.000000
425,0,425,14.166667,0,15,1534.628906,928.723999,0.200000,0.200000,0.000000
425,0,425,14.166667,0,16,1312.525146,871.553345,0.050000,0.250000,0.000000
425,0,425,14.166667,0,17,1383.457520,866.570007,0.100000,0.250000,0.000000
425,0,425,14.166667,0,18,1456.240234,860.424927,0.150000,0.250000,0.000000
425,0,425,14.166667,0,19,1529.905029,856.587891,0.200000,0.250000,0.000000
425,0,425,14.166667,0,20,1307.251709,799.183777,0.050000,0.300000,0.000000
425,0,425,14.166667,0,21,1378.798584,793.547363,0.100000,0.300000,0.000000
425,0,425,14.166667,0,22,1451.617676,788.673218,0.150000,0.300000,0.000000
425,0,425,14.166667,0,23,1526.122192,782.525330,0.200000,0.300000,0.000000
430,0,430,14.333333,0,15,1533.322388,908.231567,0.200000,0.200000,0.000000
430,0,430,14.333333,0,16,1311.465698,853.235413,0.050000,0.250000,0.000000
430,0,430,14.333333,0,17,1382.569336,847.799500,0.100000,0.250000,0.000000
430,0,430,14.333333,0,18,1453.936035,842.016724,0.150000,0.250000,0.000000
430,0,430,14.333333,0,19,1527.914307,837.619995,0.200000,0.250000,0.000000
430,0,430,14.333333,0,20,1302.898193,784.108765,0.050000,0.300000,0.000000
430,0,430,14.333333,0,21,1375.543701,777.081909,0.100000,0.300000,0.000000
430,0,430,14.333333,0,22,1448.848755,771.289734,0.150000,0.300000,0.000000
430,0,430,14.333333,0,23,1523.023438,765.425964,0.200000,0.300000,0.000000
445,0,445,14.833333,0,12,1269.324219,852.498596,0.050000,0.200000,0.000000
445,0,445,14.833333,0,16,1259.961426,787.125000,0.050000,0.250000,0.000000
445,0,445,14.833333,0,17,1331.407593,779.313904,0.100000,0.250000,0.000000
445,0,445,14.833333,0,20,1252.544556,720.344910,0.050000,0.300000,0.000000
445,0,445,14.833333,0,21,1322.614258,712.862549,0.100000,0.300000,0.000000
450,0,450,15.000000,0,16,1268.921875,792.404236,0.050000,0.250000,0.000000
450,0,450,15.000000,0,17,1338.339233,781.234192,0.100000,0.250000,0.000000
450,0,450,15.000000,0,18,1404.835327,772.699219,0.150000,0.250000,0.000000
450,0,450,15.000000,0,20,1258.717651,727.861084,0.050000,0.300000,0.000000
450,0,450,15.000000,0,21,1330.071533,718.029907,0.100000,0.300000,0.000000
450,0,450,15.000000,0,22,1400.054565,707.189514,0.150000,0.300000,0.000000
455,0,455,15.166667,0,15,1491.739624,823.437012,0.200000,0.200000,0.000000
455,0,455,15.166667,0,16,1279.739014,788.816772,0.050000,0.250000,0.000000
455,0,455,15.166667,0,17,1348.569092,779.473877,0.100000,0.250000,0.000000
455,0,455,15.166667,0,18,1418.109253,770.298767,0.150000,0.250000,0.000000
455,0,455,15.166667,0,20,1269.680420,724.251099,0.050000,0.300000,0.000000
455,0,455,15.166667,0,21,1340.675293,714.234680,0.100000,0.300000,0.000000
455,0,455,15.166667,0,22,1411.717529,704.616272,0.150000,0.300000,0.000000
460,0,460,15.333333,0,13,1356.527954,835.636169,0.100000,0.200000,0.000000
460,0,460,15.333333,0,14,1425.591675,826.514526,0.150000,0.200000,0.000000
460,0,460,15.333333,0,15,1493.305664,816.039795,0.200000,0.200000,0.000000
460,0,460,15.333333,0,16,1279.609863,782.468750,0.050000,0.250000,0.000000
460,0,460,15.333333,0,19,1490.247192,753.326050,0.200000,0.250000,0.000000
460,0,460,15.333333,0,20,1270.617310,717.845276,0.050000,0.300000,0.000000
465,0,465,15.500000,0,15,1488.341309,809.484802,0.200000,0.200000,0.000000
465,0,465,15.500000,0,16,1271.760864,774.617065,0.050000,0.250000,0.000000
465,0,465,15.500000,0,19,1481.982788,745.095276,0.200000,0.250000,0.000000
465,0,465,15.500000,0,20,1262.356812,710.241516,0.050000,0.300000,0.000000
470,0,470,15.666667,0,11,1484.077759,865.498535,0.200000,0.150000,0.000000
470,0,470,15.666667,0,15,1477.778931,803.940308,0.200000,0.200000,0.000000
470,0,470,15.666667,0,16,1264.632446,771.155457,0.050000,0.250000,0.000000
470,0,470,15.666667,0,17,1332.718262,762.185547,0.100000,0.250000,0.000000
470,0,470,15.666667,0,18,1404.489014,751.606384,0.150000,0.250000,0.000000
470,0,470,15.666667,0,19,1471.731445,741.595764,0.200000,0.250000,0.000000
470,0,470,15.666667,0,20,1254.175659,704.459045,0.050000,0.300000,0.000000
470,0,470,15.666667,0,21,1326.102539,696.198547,0.100000,0.300000,0.000000
470,0,470,15.666667,0,22,1394.493652,686.208984,0.150000,0.300000,0.000000
470,0,470,15.666667,0,23,1467.016113,674.542542,0.200000,0.300000,0.000000
500,0,500,16.666667,0,17,1270.349121,958.164612,0.100000,0.250000,0.000000
500,0,500,16.666667,0,18,1340.759155,942.401062,0.150000,0.250000,0.000000
500,0,500,16.666667,0,19,1411.062012,926.509583,0.200000,0.250000,0.000000
510,0,510,17.000000,0,3,1434.909546,1182.872681,0.200000,0.050000,0.000000
510,0,510,17.000000,0,7,1420.920776,1123.853638,0.200000,0.100000,0.000000
510,0,510,17.000000,0,11,1404.042358,1063.492798,0.200000,0.150000,0.000000
510,0,510,17.000000,0,15,1388.128174,1001.384033,0.200000,0.200000,0.000000
510,0,510,17.000000,0,16,1165.748901,998.102173,0.050000,0.250000,0.000000
510,0,510,17.000000,0,17,1234.714600,979.037537,0.100000,0.250000,0.000000
510,0,510,17.000000,0,18,1302.924072,958.145935,0.150000,0.250000,0.000000
510,0,510,17.000000,0,19,1371.318604,938.035706,0.200000,0.250000,0.000000
510,0,510,17.000000,0,20,1145.847778,933.223877,0.050000,0.300000,0.000000
510,0,510,17.000000,0,21,1215.640747,912.928589,0.100000,0.300000,0.000000
510,0,510,17.000000,0,22,1284.919922,892.467590,0.150000,0.300000,0.000000
510,0,510,17.000000,0,23,1354.031494,872.636902,0.200000,0.300000,0.000000
515,0,515,17.166667,0,2,1375.458740,1203.107056,0.150000,0.050000,0.000000
515,0,515,17.166667,0,6,1356.793213,1143.888428,0.150000,0.100000,0.000000
515,0,515,17.166667,0,11,1404.568848,1060.822632,0.200000,0.150000,0.000000
515,0,515,17.166667,0,12,1186.024902,1062.845459,0.050000,0.200000,0.000000
515,0,515,17.166667,0,15,1386.776611,998.974792,0.200000,0.200000,0.000000
515,0,515,17.166667,0,16,1164.897339,998.846069,0.050000,0.250000,0.000000
515,0,515,17.166667,0,17,1233.511719,978.166992,0.100000,0.250000,0.000000
515,0,515,17.166667,0,18,1301.230347,956.533569,0.150000,0.250000,0.000000
515,0,515,17.166667,0,19,1369.014771,934.923035,0.200000,0.250000,0.000000
515,0,515,17.166667,0,20,1143.788208,933.773743,0.050000,0.300000,0.000000
515,0,515,17.166667,0,21,1212.756226,912.266052,0.100000,0.300000,0.000000
515,0,515,17.166667,0,22,1281.896362,891.261963,0.150000,0.300000,0.000000
515,0,515,17.166667,0,23,1350.529541,869.468994,0.200000,0.300000,0.000000
520,0,520,17.333333,0,12,1185.370483,1079.681519,0.050000,0.200000,0.000000
520,0,520,17.333333,0,15,1385.996704,1017.644409,0.200000,0.200000,0.000000
520,0,520,17.333333,0,16,1165.779297,1015.966248,0.050000,0.250000,0.000000
520,0,520,17.333333,0,17,1234.262573,995.468140,0.100000,0.250000,0.000000
520,0,520,17.333333,0,18,1302.525757,974.732300,0.150000,0.250000,0.000000
520,0,520,17.333333,0,19,1370.057739,954.238953,0.200000,0.250000,0.000000
520,0,520,17.333333,0,20,1145.678955,951.029175,0.050000,0.300000,0.000000
520,0,520,17.333333,0,21,1215.168945,930.125000,0.100000,0.300000,0.000000
520,0,520,17.333333,0,22,1284.277710,910.212036,0.150000,0.300000,0.000000
520,0,520,17.333333,0,23,1352.720703,888.307678,0.200000,0.300000,0.000000
525,0,525,17.500000,0,10,1339.591431,1104.652832,0.150000,0.150000,0.000000
525,0,525,17.500000,0,11,1404.995361,1083.829102,0.200000,0.150000,0.000000
525,0,525,17.500000,0,12,1187.082153,1083.832642,0.050000,0.200000,0.000000
525,0,525,17.500000,0,13,1254.563110,1062.828247,0.100000,0.200000,0.000000
525,0,525,17.500000,0,14,1321.918701,1042.113770,0.150000,0.200000,0.000000
525,0,525,17.500000,0,15,1388.346436,1021.259399,0.200000,0.200000,0.000000
525,0,525,17.500000,0,16,1167.034180,1019.842957,0.050000,0.250000,0.000000
525,0,525,17.500000,0,17,1235.724854,999.298279,0.100000,0.250000,0.000000
525,0,525,17.500000,0,18,1303.257324,978.046509,0.150000,0.250000,0.000000
525,0,525,17.500000,0,19,1371.112427,957.271545,0.200000,0.250000,0.000000
525,0,525,17.500000,0,20,1146.637451,954.770325,0.050000,0.300000,0.000000
525,0,525,17.500000,0,21,1215.909058,933.237549,0.100000,0.300000,0.000000
525,0,525,17.500000,0,22,1284.899292,912.763489,0.150000,0.300000,0.000000
525,0,525,17.500000,0,23,1353.325073,892.155701,0.200000,0.300000,0.000000
530,0,530,17.666667,0,6,1359.389771,1163.759888,0.150000,0.100000,0.000000
530,0,530,17.666667,0,7,1423.621216,1143.293091,0.200000,0.100000,0.000000
530,0,530,17.666667,0,10,1343.499756,1103.577026,0.150000,0.150000,0.000000
530,0,530,17.666667,0,11,1407.608765,1081.721802,0.200000,0.150000,0.000000
530,0,530,17.666667,0,12,1189.442749,1082.008911,0.050000,0.200000,0.000000
530,0,530,17.666667,0,13,1258.144775,1061.956421,0.100000,0.200000,0.000000
530,0,530,17.666667,0,14,1324.044678,1041.527344,0.150000,0.200000,0.000000
530,0,530,17.666667,0,15,1389.746704,1019.671326,0.200000,0.200000,0.000000
530,0,530,17.666667,0,16,1169.352661,1017.804810,0.050000,0.250000,0.000000
530,0,530,17.666667,0,17,1238.220947,996.564514,0.100000,0.250000,0.000000
530,0,530,17.666667,0,18,1305.587524,976.641296,0.150000,0.250000,0.000000
530,0,530,17.666667,0,19,1373.405884,956.647461,0.200000,0.250000,0.000000
530,0,530,17.666667,0,20,1149.498779,951.523865,0.050000,0.300000,0.000000
530,0,530,17.666667,0,21,1218.370361,931.805664,0.100000,0.300000,0.000000
530,0,530,17.666667,0,22,1287.915894,910.519287,0.150000,0.300000,0.000000
530,0,530,17.666667,0,23,1355.178223,890.152527,0.200000,0.300000,0.000000
535,0,535,17.833333,0,2,1377.022583,1225.449463,0.150000,0.050000,0.000000
535,0,535,17.833333,0,3,1440.727295,1204.535645,0.200000,0.050000,0.000000
535,0,535,17.833333,0,6,1360.030151,1163.569702,0.150000,0.100000,0.000000
535,0,535,17.833333,0,7,1424.693726,1143.749512,0.200000,0.100000,0.000000
535,0,535,17.833333,0,11,1408.558105,1081.957764,0.200000,0.150000,0.000000
535,0,535,17.833333,0,12,1190.521362,1079.080933,0.050000,0.200000,0.000000
535,0,535,17.833333,0,15,1391.724243,1018.880554,0.200000,0.200000,0.000000
535,0,535,17.833333,0,16,1171.139160,1014.078857,0.050000,0.250000,0.000000
535,0,535,17.833333,0,17,1239.462891,994.723145,0.100000,0.250000,0.000000
535,0,535,17.833333,0,18,1307.253174,973.903015,0.150000,0.250000,0.000000
535,0,535,17.833333,0,19,1375.530762,953.968506,0.200000,0.250000,0.000000
535,0,535,17.833333,0,20,1151.677368,947.917725,0.050000,0.300000,0.000000
535,0,535,17.833333,0,21,1220.322144,927.709229,0.100000,0.300000,0.000000
535,0,535,17.833333,0,22,1289.198486,907.850952,0.150000,0.300000,0.000000
535,0,535,17.833333,0,23,1357.693237,888.007019,0.200000,0.300000,0.000000
540,0,540,18.000000,0,2,1374.724487,1225.239014,0.150000,0.050000,0.000000
540,0,540,18.000000,0,6,1359.540527,1162.765381,0.150000,0.100000,0.000000
540,0,540,18.000000,0,10,1343.948364,1099.449219,0.150000,0.150000,0.000000
540,0,540,18.000000,0,11,1410.844238,1081.759766,0.200000,0.150000,0.000000
540,0,540,18.000000,0,12,1192.853882,1070.154907,0.050000,0.200000,0.000000
540,0,540,18.000000,0,13,1260.566284,1052.334595,0.100000,0.200000,0.000000
540,0,540,18.000000,0,14,1328.697144,1035.086304,0.150000,0.200000,0.000000
540,0,540,18.000000,0,15,1396.117676,1017.110657,0.200000,0.200000,0.000000
540,0,540,18.000000,0,16,1175.384644,1004.173645,0.050000,0.250000,0.000000
540,0,540,18.000000,0,17,1244.113892,987.409302,0.100000,0.250000,0.000000
540,0,540,18.000000,0,18,1312.264038,969.196899,0.150000,0.250000,0.000000
540,0,540,18.000000,0,19,1381.258423,952.072327,0.200000,0.250000,0.000000
540,0,540,18.000000,0,20,1157.111938,937.635864,0.050000,0.300000,0.000000
540,0,540,18.000000,0,21,1227.051758,919.999390,0.100000,0.300000,0.000000
540,0,540,18.000000,0,22,1296.202637,902.028015,0.150000,0.300000,0.000000
540,0,540,18.000000,0,23,1365.384155,885.000793,0.200000,0.300000,0.000000
545,0,545,18.166667,0,0,1242.728516,1256.867310,0.050000,0.050000,0.000000
545,0,545,18.166667,0,1,1308.802002,1241.242920,0.100000,0.050000,0.000000
545,0,545,18.166667,0,2,1374.875977,1224.894531,0.150000,0.050000,0.000000
545,0,545,18.166667,0,3,1440.147583,1207.286621,0.200000,0.050000,0.000000
545,0,545,18.166667,0,4,1226.740967,1193.735352,0.050000,0.100000,0.000000
545,0,545,18.166667,0,5,1293.954224,1179.032959,0.100000,0.100000,0.000000
545,0,545,18.166667,0,6,1360.364014,1162.348633,0.150000,0.100000,0.000000
545,0,545,18.166667,0,7,1427.180420,1145.134644,0.200000,0.100000,0.000000
545,0,545,18.166667,0,8,1211.150146,1130.875977,0.050000,0.150000,0.000000
545,0,545,18.166667,0,9,1278.893555,1115.268433,0.100000,0.150000,0.000000
545,0,545,18.166667,0,10,1345.498535,1098.182251,0.150000,0.150000,0.000000
545,0,545,18.166667,0,11,1413.078003,1081.380371,0.200000,0.150000,0.000000
545,0,545,18.166667,0,12,1195.100586,1065.882446,0.050000,0.200000,0.000000
545,0,545,18.166667,0,13,1262.935181,1049.819214,0.100000,0.200000,0.000000
545,0,545,18.166667,0,14,1331.313721,1034.265747,0.150000,0.200000,0.000000
545,0,545,18.166667,0,15,1399.359985,1017.124573,0.200000,0.200000,0.000000
545,0,545,18.166667,0,16,1178.493896,1000.141479,0.050000,0.250000,0.000000
545,0,545,18.166667,0,17,1248.235718,984.000488,0.100000,0.250000,0.000000
545,0,545,18.166667,0,18,1317.018555,967.358704,0.150000,0.250000,0.000000
545,0,545,18.166667,0,19,1385.312866,951.016357,0.200000,0.250000,0.000000
545,0,545,18.166667,0,20,1162.251953,932.462341,0.050000,0.300000,0.000000
545,0,545,18.166667,0,21,1232.093506,916.390198,0.100000,0.300000,0.000000
545,0,545,18.166667,0,22,1301.533447,899.699646,0.150000,0.300000,0.000000
545,0,545,18.166667,0,23,1370.950195,883.683472,0.200000,0.300000,0.000000
550,0,550,18.333333,0,2,1380.325195,1226.876709,0.150000,0.050000,0.000000
550,0,550,18.333333,0,6,1366.103882,1163.367554,0.150000,0.100000,0.000000
550,0,550,18.333333,0,10,1351.009277,1099.936890,0.150000,0.150000,0.000000
550,0,550,18.333333,0,11,1418.817017,1083.803711,0.200000,0.150000,0.000000
550,0,550,18.333333,0,12,1200.500732,1067.527832,0.050000,0.200000,0.000000
550,0,550,18.333333,0,13,1268.773438,1052.008057,0.100000,0.200000,0.000000
550,0,550,18.333333,0,14,1337.072388,1035.039795,0.150000,0.200000,0.000000
550,0,550,18.333333,0,15,1405.320435,1018.949341,0.200000,0.200000,0.000000
550,0,550,18.333333,0,16,1184.544800,1002.161743,0.050000,0.250000,0.000000
550,0,550,18.333333,0,17,1253.194092,985.771667,0.100000,0.250000,0.000000
550,0,550,18.333333,0,18,1322.377075,969.546631,0.150000,0.250000,0.000000
550,0,550,18.333333,0,19,1390.783569,952.955017,0.200000,0.250000,0.000000
550,0,550,18.333333,0,20,1167.177979,935.142090,0.050000,0.300000,0.000000
550,0,550,18.333333,0,21,1237.734741,918.136108,0.100000,0.300000,0.000000
555,0,555,18.500000,0,0,1250.501343,1258.019897,0.050000,0.050000,0.000000
555,0,555,18.500000,0,1,1318.703979,1243.533447,0.100000,0.050000,0.000000
555,0,555,18.500000,0,2,1385.809082,1227.490601,0.150000,0.050000,0.000000
555,0,555,18.500000,0,3,1450.478271,1209.862061,0.200000,0.050000,0.000000
555,0,555,18.500000,0,4,1237.136841,1195.692261,0.050000,0.100000,0.000000
555,0,555,18.500000,0,5,1304.453369,1180.702759,0.100000,0.100000,0.000000
555,0,555,18.500000,0,9,1289.255859,1116.716187,0.100000,0.150000,0.000000
555,0,555,18.500000,0,13,1273.976685,1051.499756,0.100000,0.200000,0.000000
555,0,555,18.500000,0,14,1342.718506,1035.687134,0.150000,0.200000,0.000000
555,0,555,18.500000,0,15,1411.647095,1019.272339,0.200000,0.200000,0.000000
555,0,555,18.500000,0,16,1189.896606,1000.953308,0.050000,0.250000,0.000000
555,0,555,18.500000,0,17,1259.104126,985.602600,0.100000,0.250000,0.000000
555,0,555,18.500000,0,18,1328.633423,969.136963,0.150000,0.250000,0.000000
555,0,555,18.500000,0,19,1397.172729,952.981873,0.200000,0.250000,0.000000
555,0,555,18.500000,0,20,1173.809692,933.603271,0.050000,0.300000,0.000000
555,0,555,18.500000,0,21,1244.010132,917.649963,0.100000,0.300000,0.000000
555,0,555,18.500000,0,22,1313.637695,901.774963,0.150000,0.300000,0.000000
555,0,555,18.500000,0,23,1383.780151,885.226196,0.200000,0.300000,0.000000
560,0,560,18.666667,0,0,1252.053589,1257.678467,0.050000,0.050000,0.000000
560,0,560,18.666667,0,1,1319.922363,1243.763794,0.100000,0.050000,0.000000
560,0,560,18.666667,0,2,1385.358398,1227.106567,0.150000,0.050000,0.000000
560,0,560,18.666667,0,3,1451.861328,1212.126587,0.200000,0.050000,0.000000
560,0,560,18.666667,0,6,1373.460693,1164.498779,0.150000,0.100000,0.000000
560,0,560,18.666667,0,7,1439.773071,1147.920410,0.200000,0.100000,0.000000
560,0,560,18.666667,0,11,1427.322388,1084.329834,0.200000,0.150000,0.000000
560,0,560,18.666667,0,12,1208.736938,1067.044922,0.050000,0.200000,0.000000
560,0,560,18.666667,0,15,1412.573853,1019.018799,0.200000,0.200000,0.000000
560,0,560,18.666667,0,16,1193.106201,1000.516663,0.050000,0.250000,0.000000
560,0,560,18.666667,0,17,1262.416138,985.359619,0.100000,0.250000,0.000000
560,0,560,18.666667,0,18,1332.382935,969.505249,0.150000,0.250000,0.000000
560,0,560,18.666667,0,19,1400.694702,953.082642,0.200000,0.250000,0.000000
560,0,560,18.666667,0,20,1177.348999,932.514465,0.050000,0.300000,0.000000
560,0,560,18.666667,0,21,1246.910400,916.903320,0.100000,0.300000,0.000000
560,0,560,18.666667,0,22,1317.527832,901.359741,0.150000,0.300000,0.000000
560,0,560,18.666667,0,23,1387.474121,885.816406,0.200000,0.300000,0.000000
565,0,565,18.833333,0,3,1453.167480,1213.069824,0.200000,0.050000,0.000000
565,0,565,18.833333,0,4,1239.375732,1199.297974,0.050000,0.100000,0.000000
565,0,565,18.833333,0,8,1223.469482,1135.208618,0.050000,0.150000,0.000000
565,0,565,18.833333,0,9,1292.470581,1119.298950,0.100000,0.150000,0.000000
565,0,565,18.833333,0,12,1208.530762,1070.402954,0.050000,0.200000,0.000000
565,0,565,18.833333,0,13,1277.764771,1054.321167,0.100000,0.200000,0.000000
565,0,565,18.833333,0,14,1345.737427,1037.920776,0.150000,0.200000,0.000000
565,0,565,18.833333,0,15,1413.122070,1020.692505,0.200000,0.200000,0.000000
565,0,565,18.833333,0,16,1193.948486,1003.775757,0.050000,0.250000,0.000000
565,0,565,18.833333,0,17,1262.547119,987.176758,0.100000,0.250000,0.000000
565,0,565,18.833333,0,18,1331.305054,970.983704,0.150000,0.250000,0.000000
565,0,565,18.833333,0,19,1400.410156,954.755981,0.200000,0.250000,0.000000
565,0,565,18.833333,0,20,1176.925415,935.594666,0.050000,0.300000,0.000000
565,0,565,18.833333,0,21,1247.589844,919.863586,0.100000,0.300000,0.000000
565,0,565,18.833333,0,22,1317.354370,902.706909,0.150000,0.300000,0.000000
565,0,565,18.833333,0,23,1385.742310,887.180664,0.200000,0.300000,0.000000
570,0,570,19.000000,0,2,1386.085693,1232.451782,0.150000,0.050000,0.000000
570,0,570,19.000000,0,4,1239.550415,1200.756592,0.050000,0.100000,0.000000
570,0,570,19.000000,0,5,1306.585815,1186.138428,0.100000,0.100000,0.000000
570,0,570,19.000000,0,8,1224.478638,1137.493530,0.050000,0.150000,0.000000
570,0,570,19.000000,0,9,1292.312134,1121.386719,0.100000,0.150000,0.000000
570,0,570,19.000000,0,12,1208.912231,1071.122681,0.050000,0.200000,0.000000
570,0,570,19.000000,0,13,1276.424561,1055.272705,0.100000,0.200000,0.000000
570,0,570,19.000000,0,14,1346.083618,1039.124634,0.150000,0.200000,0.000000
570,0,570,19.000000,0,15,1414.197388,1023.024719,0.200000,0.200000,0.000000
570,0,570,19.000000,0,16,1192.563477,1004.557251,0.050000,0.250000,0.000000
570,0,570,19.000000,0,17,1262.510620,988.670166,0.100000,0.250000,0.000000
570,0,570,19.000000,0,18,1332.308472,972.891174,0.150000,0.250000,0.000000
570,0,570,19.000000,0,19,1399.718018,957.151001,0.200000,0.250000,0.000000
570,0,570,19.000000,0,20,1177.398926,936.611694,0.050000,0.300000,0.000000
570,0,570,19.000000,0,21,1247.462402,920.680847,0.100000,0.300000,0.000000
570,0,570,19.000000,0,22,1317.083496,904.505493,0.150000,0.300000,0.000000
570,0,570,19.000000,0,23,1386.544800,888.720276,0.200000,0.300000,0.000000
575,0,575,19.166667,0,2,1383.528564,1244.077637,0.150000,0.050000,0.000000
575,0,575,19.166667,0,4,1235.232178,1209.553833,0.050000,0.100000,0.000000
575,0,575,19.166667,0,5,1302.880737,1193.933472,0.100000,0.100000,0.000000
575,0,575,19.166667,0,8,1220.351685,1142.801025,0.050000,0.150000,0.000000
575,0,575,19.166667,0,9,1288.905151,1127.387451,0.100000,0.150000,0.000000
575,0,575,19.166667,0,12,1205.375488,1074.213989,0.050000,0.200000,0.000000
575,0,575,19.166667,0,13,1273.957642,1060.038086,0.100000,0.200000,0.000000
575,0,575,19.166667,0,14,1342.534668,1044.971924,0.150000,0.200000,0.000000
575,0,575,19.166667,0,15,1410.299561,1028.854248,0.200000,0.200000,0.000000
575,0,575,19.166667,0,16,1189.987061,1007.159851,0.050000,0.250000,0.000000
575,0,575,19.166667,0,17,1259.821289,991.847778,0.100000,0.250000,0.000000
575,0,575,19.166667,0,18,1328.738159,976.352234,0.150000,0.250000,0.000000
575,0,575,19.166667,0,19,1396.803711,960.686646,0.200000,0.250000,0.000000
575,0,575,19.166667,0,20,1174.935303,938.623596,0.050000,0.300000,0.000000
575,0,575,19.166667,0,21,1245.032837,923.084595,0.100000,0.300000,0.000000
575,0,575,19.166667,0,22,1314.484009,907.499329,0.150000,0.300000,0.000000
575,0,575,19.166667,0,23,1383.887207,892.385437,0.200000,0.300000,0.000000
580,0,580,19.333333,0,10,1357.472900,1111.731079,0.150000,0.150000,0.000000
580,0,580,19.333333,0,11,1425.577637,1096.326904,0.200000,0.150000,0.000000
580,0,580,19.333333,0,12,1204.000977,1074.321167,0.050000,0.200000,0.000000
580,0,580,19.333333,0,13,1273.634155,1058.719849,0.100000,0.200000,0.000000
580,0,580,19.333333,0,14,1342.639038,1043.144409,0.150000,0.200000,0.000000
580,0,580,19.333333,0,15,1410.704224,1027.760864,0.200000,0.200000,0.000000
580,0,580,19.333333,0,16,1188.728027,1004.925659,0.050000,0.250000,0.000000
580,0,580,19.333333,0,17,1258.226074,990.182800,0.100000,0.250000,0.000000
580,0,580,19.333333,0,18,1327.922729,974.391968,0.150000,0.250000,0.000000
580,0,580,19.333333,0,19,1396.957275,959.290405,0.200000,0.250000,0.000000
580,0,580,19.333333,0,20,1173.309082,935.636414,0.050000,0.300000,0.000000
580,0,580,19.333333,0,21,1242.996826,920.331238,0.100000,0.300000,0.000000
580,0,580,19.333333,0,22,1312.984863,905.291504,0.150000,0.300000,0.000000
580,0,580,19.333333,0,23,1382.082153,890.115417,0.200000,0.300000,0.000000
585,0,585,19.500000,0,2,1391.705933,1257.273804,0.150000,0.050000,0.000000
585,0,585,19.500000,0,3,1460.838989,1241.076050,0.200000,0.050000,0.000000
585,0,585,19.500000,0,6,1376.097290,1186.916626,0.150000,0.100000,0.000000
585,0,585,19.500000,0,7,1445.780518,1170.436279,0.200000,0.100000,0.000000
585,0,585,19.500000,0,10,1360.248413,1115.754883,0.150000,0.150000,0.000000
585,0,585,19.500000,0,11,1430.018799,1099.655151,0.200000,0.150000,0.000000
585,0,585,19.500000,0,12,1204.817505,1077.055664,0.050000,0.200000,0.000000
585,0,585,19.500000,0,13,1275.709595,1061.093018,0.100000,0.200000,0.000000
585,0,585,19.500000,0,14,1345.459717,1045.482300,0.150000,0.200000,0.000000
585,0,585,19.500000,0,15,1415.158813,1030.212280,0.200000,0.200000,0.000000
585,0,585,19.500000,0,16,1189.545166,1005.804077,0.050000,0.250000,0.000000
585,0,585,19.500000,0,17,1259.749023,990.232483,0.100000,0.250000,0.000000
585,0,585,19.500000,0,18,1329.924072,975.371155,0.150000,0.250000,0.000000
585,0,585,19.500000,0,19,1399.727905,960.428894,0.200000,0.250000,0.000000
585,0,585,19.500000,0,20,1174.050049,935.349670,0.050000,0.300000,0.000000
585,0,585,19.500000,0,21,1244.533691,920.371399,0.100000,0.300000,0.000000
585,0,585,19.500000,0,22,1315.057739,905.976440,0.150000,0.300000,0.000000
585,0,585,19.500000,0,23,1384.756226,890.869080,0.200000,0.300000,0.000000
590,0,590,19.666667,0,0,1240.130981,1301.036743,0.050000,0.050000,0.000000
590,0,590,19.666667,0,1,1313.553955,1284.240479,0.100000,0.050000,0.000000
590,0,590,19.666667,0,2,1385.073853,1267.317993,0.150000,0.050000,0.000000
590,0,590,19.666667,0,3,1455.665771,1250.179321,0.200000,0.050000,0.000000
590,0,590,19.666667,0,12,1193.896851,1080.720947,0.050000,0.200000,0.000000
590,0,590,19.666667,0,15,1408.600342,1034.243164,0.200000,0.200000,0.000000
590,0,590,19.666667,0,16,1178.028198,1007.960571,0.050000,0.250000,0.000000
590,0,590,19.666667,0,17,1250.733521,992.974487,0.100000,0.250000,0.000000
590,0,590,19.666667,0,18,1321.538086,977.856445,0.150000,0.250000,0.000000
590,0,590,19.666667,0,19,1392.780884,963.430176,0.200000,0.250000,0.000000
590,0,590,19.666667,0,20,1163.101929,936.119263,0.050000,0.300000,0.000000
590,0,590,19.666667,0,21,1235.317261,921.146912,0.100000,0.300000,0.000000
590,0,590,19.666667,0,22,1306.923950,906.544189,0.150000,0.300000,0.000000
590,0,590,19.666667,0,23,1377.628662,891.896362,0.200000,0.300000,0.000000
595,0,595,19.833333,0,0,1233.383179,1304.987915,0.050000,0.050000,0.000000
595,0,595,19.833333,0,1,1307.295654,1287.867554,0.100000,0.050000,0.000000
595,0,595,19.833333,0,2,1380.127197,1270.460327,0.150000,0.050000,0.000000
595,0,595,19.833333,0,3,1451.279175,1252.504761,0.200000,0.050000,0.000000
595,0,595,19.833333,0,4,1217.055786,1229.923828,0.050000,0.100000,0.000000
595,0,595,19.833333,0,5,1290.746338,1212.664917,0.100000,0.100000,0.000000
595,0,595,19.833333,0,6,1363.243896,1195.880127,0.150000,0.100000,0.000000
595,0,595,19.833333,0,7,1434.389526,1179.349854,0.200000,0.100000,0.000000
595,0,595,19.833333,0,8,1200.892944,1155.015747,0.050000,0.150000,0.000000
595,0,595,19.833333,0,9,1274.657959,1139.080688,0.100000,0.150000,0.000000
595,0,595,19.833333,0,10,1346.768921,1122.423096,0.150000,0.150000,0.000000
595,0,595,19.833333,0,11,1417.946289,1106.645020,0.200000,0.150000,0.000000
595,0,595,19.833333,0,12,1184.674316,1081.373901,0.050000,0.200000,0.000000
595,0,595,19.833333,0,13,1258.243774,1065.547852,0.100000,0.200000,0.000000
595,0,595,19.833333,0,14,1330.564087,1049.466797,0.150000,0.200000,0.000000
595,0,595,19.833333,0,15,1401.581543,1033.479126,0.200000,0.200000,0.000000
595,0,595,19.833333,0,16,1169.006836,1008.367004,0.050000,0.250000,0.000000
595,0,595,19.833333,0,17,1242.028442,992.343750,0.100000,0.250000,0.000000
595,0,595,19.833333,0,18,1314.236206,977.223267,0.150000,0.250000,0.000000
595,0,595,19.833333,0,19,1385.512817,962.188416,0.200000,0.250000,0.000000
595,0,595,19.833333,0,20,1153.189819,934.692200,0.050000,0.300000,0.000000
595,0,595,19.833333,0,21,1226.009766,919.995239,0.100000,0.300000,0.000000
595,0,595,19.833333,0,22,1298.634766,905.155151,0.150000,0.300000,0.000000
595,0,595,19.833333,0,23,1369.277466,890.814148,0.200000,0.300000,0.000000
600,0,600,20.000000,0,0,1241.989502,1297.458618,0.050000,0.050000,0.000000
600,0,600,20.000000,0,1,1315.986816,1278.865845,0.100000,0.050000,0.000000
600,0,600,20.000000,0,2,1388.724854,1261.026245,0.150000,0.050000,0.000000
600,0,600,20.000000,0,3,1460.307007,1243.330933,0.200000,0.050000,0.000000
600,0,600,20.000000,0,4,1225.179443,1222.189331,0.050000,0.100000,0.000000
600,0,600,20.000000,0,5,1299.236572,1204.416382,0.100000,0.100000,0.000000
600,0,600,20.000000,0,8,1207.540894,1147.515991,0.050000,0.150000,0.000000
600,0,600,20.000000,0,9,1281.149170,1130.265869,0.100000,0.150000,0.000000
600,0,600,20.000000,0,12,1191.241089,1073.204590,0.050000,0.200000,0.000000
600,0,600,20.000000,0,13,1264.508911,1056.834351,0.100000,0.200000,0.000000
600,0,600,20.000000,0,14,1336.096802,1040.647949,0.150000,0.200000,0.000000
600,0,600,20.000000,0,15,1407.887451,1024.046387,0.200000,0.200000,0.000000
600,0,600,20.000000,0,16,1174.115479,999.471924,0.050000,0.250000,0.000000
600,0,600,20.000000,0,17,1247.338501,983.190002,0.100000,0.250000,0.000000
600,0,600,20.000000,0,18,1319.687744,967.522400,0.150000,0.250000,0.000000
600,0,600,20.000000,0,19,1390.792725,952.193420,0.200000,0.250000,0.000000
600,0,600,20.000000,0,20,1157.686279,926.485901,0.050000,0.300000,0.000000
600,0,600,20.000000,0,21,1230.234009,911.124817,0.100000,0.300000,0.000000
600,0,600,20.000000,0,22,1303.071289,895.471802,0.150000,0.300000,0.000000
600,0,600,20.000000,0,23,1374.533813,880.553101,0.200000,0.300000,0.000000
620,0,620,20.666667,0,2,1579.313049,1280.344604,0.150000,0.050000,0.000000
620,0,620,20.666667,0,3,1659.854370,1286.040161,0.200000,0.050000,0.000000
620,0,620,20.666667,0,6,1580.531677,1200.458984,0.150000,0.100000,0.000000
620,0,620,20.666667,0,7,1662.827515,1205.295410,0.200000,0.100000,0.000000
620,0,620,20.666667,0,11,1663.502563,1125.378418,0.200000,0.150000,0.000000
620,0,620,20.666667,0,12,1428.733521,1037.979614,0.050000,0.200000,0.000000
620,0,620,20.666667,0,15,1665.811340,1046.708130,0.200000,0.200000,0.000000
620,0,620,20.666667,0,16,1433.791382,962.085571,0.050000,0.250000,0.000000
620,0,620,20.666667,0,17,1508.653687,963.469788,0.100000,0.250000,0.000000
620,0,620,20.666667,0,18,1587.223999,965.740356,0.150000,0.250000,0.000000
620,0,620,20.666667,0,19,1665.933289,968.482666,0.200000,0.250000,0.000000
620,0,620,20.666667,0,21,1510.595581,887.235168,0.100000,0.300000,0.000000
625,0,625,20.833333,0,0,1443.932251,1270.450684,0.050000,0.050000,0.000000
625,0,625,20.833333,0,1,1521.469360,1278.097290,0.100000,0.050000,0.000000
625,0,625,20.833333,0,6,1605.158691,1204.202515,0.150000,0.100000,0.000000
625,0,625,20.833333,0,7,1687.530884,1209.825195,0.200000,0.100000,0.000000
625,0,625,20.833333,0,11,1689.491882,1129.223877,0.200000,0.150000,0.000000
625,0,625,20.833333,0,12,1453.478760,1038.814697,0.050000,0.200000,0.000000
625,0,625,20.833333,0,15,1691.188354,1049.345825,0.200000,0.200000,0.000000
625,0,625,20.833333,0,16,1457.180176,963.053772,0.050000,0.250000,0.000000
625,0,625,20.833333,0,17,1532.593384,965.487610,0.100000,0.250000,0.000000
625,0,625,20.833333,0,18,1612.556824,967.760620,0.150000,0.250000,0.000000
625,0,625,20.833333,0,19,1693.435852,970.101929,0.200000,0.250000,0.000000
625,0,625,20.833333,0,20,1460.013550,887.537537,0.050000,0.300000,0.000000
625,0,625,20.833333,0,21,1536.627197,888.940796,0.100000,0.300000,0.000000
625,0,625,20.833333,0,22,1614.937805,890.085999,0.150000,0.300000,0.000000
625,0,625,20.833333,0,23,1695.743835,891.675110,0.200000,0.300000,0.000000
630,0,630,21.000000,0,0,1465.169800,1280.278809,0.050000,0.050000,0.000000
630,0,630,21.000000,0,1,1543.407227,1288.394409,0.100000,0.050000,0.000000
630,0,630,21.000000,0,2,1625.332825,1296.381836,0.150000,0.050000,0.000000
630,0,630,21.000000,0,6,1629.072876,1213.710205,0.150000,0.100000,0.000000
630,0,630,21.000000,0,11,1715.818054,1139.458984,0.200000,0.150000,0.000000
630,0,630,21.000000,0,12,1476.188599,1043.228516,0.050000,0.200000,0.000000
630,0,630,21.000000,0,15,1719.465637,1057.578247,0.200000,0.200000,0.000000
630,0,630,21.000000,0,16,1479.906616,966.293457,0.050000,0.250000,0.000000
630,0,630,21.000000,0,17,1558.104858,969.638062,0.100000,0.250000,0.000000
630,0,630,21.000000,0,18,1639.713074,973.492493,0.150000,0.250000,0.000000
630,0,630,21.000000,0,19,1722.056152,976.601196,0.200000,0.250000,0.000000
630,0,630,21.000000,0,20,1483.830200,889.376221,0.050000,0.300000,0.000000
630,0,630,21.000000,0,21,1562.475098,891.125854,0.100000,0.300000,0.000000
630,0,630,21.000000,0,22,1643.422668,893.212219,0.150000,0.300000,0.000000
630,0,630,21.000000,0,23,1725.340942,895.420288,0.200000,0.300000,0.000000
635,0,635,21.166667,0,2,1656.101990,1298.318237,0.150000,0.050000,0.000000
635,0,635,21.166667,0,3,1742.609924,1307.969360,0.200000,0.050000,0.000000
635,0,635,21.166667,0,6,1659.611694,1214.631592,0.150000,0.100000,0.000000
635,0,635,21.166667,0,7,1746.644348,1223.285889,0.200000,0.100000,0.000000
635,0,635,21.166667,0,11,1750.751709,1138.834595,0.200000,0.150000,0.000000
635,0,635,21.166667,0,12,1506.237427,1038.914185,0.050000,0.200000,0.000000
635,0,635,21.166667,0,15,1754.349365,1055.744263,0.200000,0.200000,0.000000
635,0,635,21.166667,0,16,1511.448975,960.790283,0.050000,0.250000,0.000000
635,0,635,21.166667,0,19,1758.899109,973.128357,0.200000,0.250000,0.000000
635,0,635,21.166667,0,20,1515.292236,883.602783,0.050000,0.300000,0.000000
635,0,635,21.166667,0,23,1763.295227,891.470215,0.200000,0.300000,0.000000
640,0,640,21.333333,0,6,1697.667847,1220.685913,0.150000,0.100000,0.000000
640,0,640,21.333333,0,12,1543.867188,1040.920776,0.050000,0.200000,0.000000
640,0,640,21.333333,0,16,1549.532349,961.336792,0.050000,0.250000,0.000000
640,0,640,21.333333,0,20,1555.176270,882.628235,0.050000,0.300000,0.000000
645,0,645,21.500000,0,3,1825.627441,1322.173096,0.200000,0.050000,0.000000
645,0,645,21.500000,0,7,1831.047058,1233.056030,0.200000,0.100000,0.000000
645,0,645,21.500000,0,11,1836.185059,1144.615234,0.200000,0.150000,0.000000
645,0,645,21.500000,0,12,1583.040833,1037.682129,0.050000,0.200000,0.000000
645,0,645,21.500000,0,15,1841.178284,1057.688721,0.200000,0.200000,0.000000
645,0,645,21.500000,0,16,1590.720825,957.331116,0.050000,0.250000,0.000000
645,0,645,21.500000,0,17,1672.308167,961.331909,0.100000,0.250000,0.000000
645,0,645,21.500000,0,18,1757.056396,966.599487,0.150000,0.250000,0.000000
645,0,645,21.500000,0,20,1595.617554,877.470581,0.050000,0.300000,0.000000
645,0,645,21.500000,0,21,1677.653625,880.590942,0.100000,0.300000,0.000000
645,0,645,21.500000,0,22,1763.067688,882.929321,0.150000,0.300000,0.000000
650,0,650,21.666667,0,0,1611.830383,1295.854492,0.050000,0.050000,0.000000
650,0,650,21.666667,0,1,1694.593262,1311.745972,0.100000,0.050000,0.000000
650,0,650,21.666667,0,2,1784.328247,1328.143555,0.150000,0.050000,0.000000
650,0,650,21.666667,0,6,1793.026245,1239.022705,0.150000,0.100000,0.000000
650,0,650,21.666667,0,11,1896.046692,1162.589111,0.200000,0.150000,0.000000
650,0,650,21.666667,0,12,1638.946899,1043.609009,0.050000,0.200000,0.000000
650,0,650,21.666667,0,15,1904.853516,1070.778320,0.200000,0.200000,0.000000
650,0,650,21.666667,0,16,1648.954895,961.862915,0.050000,0.250000,0.000000
650,0,650,21.666667,0,17,1731.847412,967.794006,0.100000,0.250000,0.000000
650,0,650,21.666667,0,18,1820.275757,974.376709,0.150000,0.250000,0.000000
650,0,650,21.666667,0,19,1913.593201,982.097107,0.200000,0.250000,0.000000
650,0,650,21.666667,0,20,1657.008484,880.339722,0.050000,0.300000,0.000000
650,0,650,21.666667,0,21,1741.015198,884.466492,0.100000,0.300000,0.000000
650,0,650,21.666667,0,22,1829.161682,888.089355,0.150000,0.300000,0.000000
650,0,650,21.666667,0,23,1922.466797,893.143982,0.200000,0.300000,0.000000
655,0,655,21.833333,0,0,1617.640198,1303.146606,0.050000,0.050000,0.000000
655,0,655,21.833333,0,1,1701.171814,1320.713623,0.100000,0.050000,0.000000
655,0,655,21.833333,0,2,1791.045776,1338.985352,0.150000,0.050000,0.000000
655,0,655,21.833333,0,3,1886.851379,1359.026245,0.200000,0.050000,0.000000
655,0,655,21.833333,0,4,1628.231018,1217.791016,0.050000,0.100000,0.000000
655,0,655,21.833333,0,5,1712.570129,1233.345581,0.100000,0.100000,0.000000
655,0,655,21.833333,0,6,1802.991028,1249.499512,0.150000,0.100000,0.000000
655,0,655,21.833333,0,7,1897.785156,1266.739258,0.200000,0.100000,0.000000
655,0,655,21.833333,0,8,1639.854248,1133.526611,0.050000,0.150000,0.000000
655,0,655,21.833333,0,9,1724.182983,1146.902222,0.100000,0.150000,0.000000
655,0,655,21.833333,0,10,1813.823425,1160.395996,0.150000,0.150000,0.000000
655,0,655,21.833333,0,11,1907.761719,1175.023804,0.200000,0.150000,0.000000
655,0,655,21.833333,0,12,1651.714478,1050.520020,0.050000,0.200000,0.000000
655,0,655,21.833333,0,13,1736.081665,1060.899536,0.100000,0.200000,0.000000
655,0,655,21.833333,0,14,1825.412354,1072.675781,0.150000,0.200000,0.000000
655,0,655,21.833333,0,15,1919.701843,1084.447021,0.200000,0.200000,0.000000
655,0,655,21.833333,0,16,1664.149353,969.384155,0.050000,0.250000,0.000000
655,0,655,21.833333,0,17,1747.751831,976.806335,0.100000,0.250000,0.000000
655,0,655,21.833333,0,18,1836.707581,985.442627,0.150000,0.250000,0.000000
655,0,655,21.833333,0,19,1930.500366,994.485657,0.200000,0.250000,0.000000
655,0,655,21.833333,0,20,1674.737122,886.661804,0.050000,0.300000,0.000000
655,0,655,21.833333,0,21,1758.419983,892.680725,0.100000,0.300000,0.000000
655,0,655,21.833333,0,22,1847.435669,899.225403,0.150000,0.300000,0.000000
655,0,655,21.833333,0,23,1941.543030,905.353516,0.200000,0.300000,0.000000
660,0,660,22.000000,0,0,1620.398682,1299.618164,0.050000,0.050000,0.000000
660,0,660,22.000000,0,1,1704.527832,1318.451782,0.100000,0.050000,0.000000
660,0,660,22.000000,0,2,1794.795349,1337.825806,0.150000,0.050000,0.000000
660,0,660,22.000000,0,3,1891.049438,1358.425537,0.200000,0.050000,0.000000
660,0,660,22.000000,0,4,1633.254761,1214.639526,0.050000,0.100000,0.000000
660,0,660,22.000000,0,5,1717.755432,1230.346436,0.100000,0.100000,0.000000
660,0,660,22.000000,0,6,1807.686035,1248.111816,0.150000,0.100000,0.000000
660,0,660,22.000000,0,7,1903.442322,1264.832764,0.200000,0.100000,0.000000
660,0,660,22.000000,0,8,1646.572693,1130.441528,0.050000,0.150000,0.000000
660,0,660,22.000000,0,9,1730.918945,1143.976440,0.100000,0.150000,0.000000
660,0,660,22.000000,0,10,1821.073975,1158.623657,0.150000,0.150000,0.000000
660,0,660,22.000000,0,11,1915.499207,1173.592407,0.200000,0.150000,0.000000
660,0,660,22.000000,0,12,1658.787842,1048.255493,0.050000,0.200000,0.000000
660,0,660,22.000000,0,13,1742.951843,1058.849731,0.100000,0.200000,0.000000
660,0,660,22.000000,0,14,1833.226013,1070.485962,0.150000,0.200000,0.000000
660,0,660,22.000000,0,15,1928.165771,1082.977783,0.200000,0.200000,0.000000
660,0,660,22.000000,0,16,1671.906250,965.872681,0.050000,0.250000,0.000000
660,0,660,22.000000,0,17,1756.477600,974.488647,0.100000,0.250000,0.000000
660,0,660,22.000000,0,18,1845.486206,983.535217,0.150000,0.250000,0.000000
660,0,660,22.000000,0,19,1940.057434,993.491760,0.200000,0.250000,0.000000
660,0,660,22.000000,0,20,1684.800598,885.436279,0.050000,0.300000,0.000000
660,0,660,22.000000,0,21,1769.134888,891.353699,0.100000,0.300000,0.000000
660,0,660,22.000000,0,22,1858.353088,898.045593,0.150000,0.300000,0.000000
660,0,660,22.000000,0,23,1951.995605,905.398438,0.200000,0.300000,0.000000
665,0,665,22.166667,0,0,1598.995850,1274.919434,0.050000,0.050000,0.000000
665,0,665,22.166667,0,1,1682.352295,1294.835571,0.100000,0.050000,0.000000
665,0,665,22.166667,0,2,1773.157715,1316.438110,0.150000,0.050000,0.000000
665,0,665,22.166667,0,3,1867.515808,1338.760010,0.200000,0.050000,0.000000
665,0,665,22.166667,0,4,1616.095642,1191.024414,0.050000,0.100000,0.000000
665,0,665,22.166667,0,5,1699.448853,1207.614014,0.100000,0.100000,0.000000
665,0,665,22.166667,0,6,1789.484680,1226.730225,0.150000,0.100000,0.000000
665,0,665,22.166667,0,7,1883.473511,1246.334351,0.200000,0.100000,0.000000
665,0,665,22.166667,0,8,1630.946960,1107.565796,0.050000,0.150000,0.000000
665,0,665,22.166667,0,9,1715.357788,1122.819580,0.100000,0.150000,0.000000
665,0,665,22.166667,0,10,1804.293457,1138.911865,0.150000,0.150000,0.000000
665,0,665,22.166667,0,11,1899.514282,1156.480225,0.200000,0.150000,0.000000
665,0,665,22.166667,0,12,1647.626465,1026.445557,0.050000,0.200000,0.000000
665,0,665,22.166667,0,13,1731.445801,1038.754639,0.100000,0.200000,0.000000
665,0,665,22.166667,0,14,1820.643616,1052.209717,0.150000,0.200000,0.000000
665,0,665,22.166667,0,15,1914.757996,1066.882446,0.200000,0.200000,0.000000
665,0,665,22.166667,0,16,1662.807007,945.416626,0.050000,0.250000,0.000000
665,0,665,22.166667,0,17,1746.885193,956.088928,0.100000,0.250000,0.000000
665,0,665,22.166667,0,18,1835.994080,966.903381,0.150000,0.250000,0.000000
665,0,665,22.166667,0,19,1929.628845,978.862976,0.200000,0.250000,0.000000
665,0,665,22.166667,0,20,1679.193848,866.261902,0.050000,0.300000,0.000000
665,0,665,22.166667,0,21,1762.507324,873.905457,0.100000,0.300000,0.000000
665,0,665,22.166667,0,22,1850.733643,882.665833,0.150000,0.300000,0.000000
665,0,665,22.166667,0,23,1945.098083,891.693787,0.200000,0.300000,0.000000
670,0,670,22.333333,0,2,1802.662048,1308.258911,0.150000,0.050000,0.000000
670,0,670,22.333333,0,3,1898.829529,1330.950317,0.200000,0.050000,0.000000
670,0,670,22.333333,0,12,1678.503235,1016.485474,0.050000,0.200000,0.000000
670,0,670,22.333333,0,15,1947.982910,1056.114746,0.200000,0.200000,0.000000
670,0,670,22.333333,0,16,1696.116028,936.652710,0.050000,0.250000,0.000000
670,0,670,22.333333,0,17,1779.280579,946.015869,0.100000,0.250000,0.000000
670,0,670,22.333333,0,18,1868.280457,956.005981,0.150000,0.250000,0.000000
670,0,670,22.333333,0,19,1962.702759,966.994934,0.200000,0.250000,0.000000
670,0,670,22.333333,0,20,1711.622925,856.502197,0.050000,0.300000,0.000000
670,0,670,22.333333,0,21,1796.186707,865.137512,0.100000,0.300000,0.000000
670,0,670,22.333333,0,22,1884.392517,871.076721,0.150000,0.300000,0.000000
670,0,670,22.333333,0,23,1978.255676,879.588501,0.200000,0.300000,0.000000
675,0,675,22.500000,0,2,1861.319580,1321.497437,0.150000,0.050000,0.000000
675,0,675,22.500000,0,3,1959.268860,1345.748047,0.200000,0.050000,0.000000
675,0,675,22.500000,0,12,1733.910522,1022.545837,0.050000,0.200000,0.000000
675,0,675,22.500000,0,16,1749.629150,939.705017,0.050000,0.250000,0.000000
680,0,680,22.666667,0,20,1858.281128,857.282043,0.050000,0.300000,0.000000
685,0,685,22.833333,0,0,1820.185730,1281.377441,0.050000,0.050000,0.000000
685,0,685,22.833333,0,1,1917.168213,1303.628662,0.100000,0.050000,0.000000
685,0,685,22.833333,0,12,1873.877258,1016.448547,0.050000,0.200000,0.000000
685,0,685,22.833333,0,13,1966.922974,1030.283569,0.100000,0.200000,0.000000
685,0,685,22.833333,0,14,2068.251526,1045.782104,0.150000,0.200000,0.000000
685,0,685,22.833333,0,15,2175.867096,1060.557251,0.200000,0.200000,0.000000
685,0,685,22.833333,0,16,1889.692505,931.517090,0.050000,0.250000,0.000000
685,0,685,22.833333,0,19,2192.072845,967.506836,0.200000,0.250000,0.000000
685,0,685,22.833333,0,20,1907.954346,848.214905,0.050000,0.300000,0.000000
685,0,685,22.833333,0,23,2206.284546,874.324707,0.200000,0.300000,0.000000
690,0,690,23.000000,0,0,1851.412109,1280.112427,0.050000,0.050000,0.000000
690,0,690,23.000000,0,1,1948.801636,1302.760132,0.100000,0.050000,0.000000
690,0,690,23.000000,0,2,2053.362732,1327.436035,0.150000,0.050000,0.000000
690,0,690,23.000000,0,3,2163.995575,1353.780273,0.200000,0.050000,0.000000
690,0,690,23.000000,0,4,1869.774963,1189.504639,0.050000,0.100000,0.000000
690,0,690,23.000000,0,5,1966.747864,1208.665649,0.100000,0.100000,0.000000
690,0,690,23.000000,0,6,2070.707947,1230.085571,0.150000,0.100000,0.000000
690,0,690,23.000000,0,7,2181.641571,1252.507202,0.200000,0.100000,0.000000
690,0,690,23.000000,0,8,1887.686646,1100.363037,0.050000,0.150000,0.000000
690,0,690,23.000000,0,11,2198.098785,1153.845215,0.200000,0.150000,0.000000
690,0,690,23.000000,0,12,1905.455200,1012.716736,0.050000,0.200000,0.000000
690,0,690,23.000000,0,15,2215.034485,1057.157715,0.200000,0.200000,0.000000
690,0,690,23.000000,0,16,1923.523132,928.093567,0.050000,0.250000,0.000000
690,0,690,23.000000,0,17,2019.657410,937.844788,0.100000,0.250000,0.000000
690,0,690,23.000000,0,18,2122.262299,949.541870,0.150000,0.250000,0.000000
690,0,690,23.000000,0,19,2231.427338,962.064026,0.200000,0.250000,0.000000
690,0,690,23.000000,0,20,1940.610474,844.217529,0.050000,0.300000,0.000000
690,0,690,23.000000,0,21,2036.630615,851.213013,0.100000,0.300000,0.000000
690,0,690,23.000000,0,22,2138.117096,859.528259,0.150000,0.300000,0.000000
690,0,690,23.000000,0,23,2246.281097,868.411011,0.200000,0.300000,0.000000
695,0,695,23.166667,0,0,1865.136475,1281.221680,0.050000,0.050000,0.000000
695,0,695,23.166667,0,1,1964.311829,1304.531494,0.100000,0.050000,0.000000
695,0,695,23.166667,0,2,2070.070618,1330.035645,0.150000,0.050000,0.000000
695,0,695,23.166667,0,3,2183.169098,1356.551025,0.200000,0.050000,0.000000
695,0,695,23.166667,0,4,1884.605530,1189.711304,0.050000,0.100000,0.000000
695,0,695,23.166667,0,5,1982.544373,1209.473267,0.100000,0.100000,0.000000
695,0,695,23.166667,0,6,2088.592743,1232.219238,0.150000,0.100000,0.000000
695,0,695,23.166667,0,7,2200.807953,1255.642334,0.200000,0.100000,0.000000
695,0,695,23.166667,0,8,1903.456116,1100.272827,0.050000,0.150000,0.000000
695,0,695,23.166667,0,9,2001.456604,1117.501831,0.100000,0.150000,0.000000
695,0,695,23.166667,0,10,2106.898590,1136.023926,0.150000,0.150000,0.000000
695,0,695,23.166667,0,11,2218.502014,1155.175049,0.200000,0.150000,0.000000
695,0,695,23.166667,0,12,1922.112732,1013.414246,0.050000,0.200000,0.000000
695,0,695,23.166667,0,13,2020.281372,1026.466797,0.100000,0.200000,0.000000
695,0,695,23.166667,0,14,2124.499298,1041.335205,0.150000,0.200000,0.000000
695,0,695,23.166667,0,15,2235.343628,1057.639893,0.200000,0.200000,0.000000
695,0,695,23.166667,0,16,1941.270813,926.761230,0.050000,0.250000,0.000000
695,0,695,23.166667,0,17,2038.294250,937.728760,0.100000,0.250000,0.000000
695,0,695,23.166667,0,18,2142.086182,949.402161,0.150000,0.250000,0.000000
695,0,695,23.166667,0,19,2252.768250,961.703491,0.200000,0.250000,0.000000
695,0,695,23.166667,0,20,1958.766602,842.633240,0.050000,0.300000,0.000000
695,0,695,23.166667,0,21,2056.136536,850.844727,0.100000,0.300000,0.000000
695,0,695,23.166667,0,22,2159.478271,859.557800,0.150000,0.300000,0.000000
695,0,695,23.166667,0,23,2268.230469,868.379272,0.200000,0.300000,0.000000
700,0,700,23.333333,0,0,1874.125977,1276.883545,0.050000,0.050000,0.000000
700,0,700,23.333333,0,1,1972.970825,1299.532837,0.100000,0.050000,0.000000
700,0,700,23.333333,0,2,2079.770447,1324.581909,0.150000,0.050000,0.000000
700,0,700,23.333333,0,3,2194.084900,1350.767822,0.200000,0.050000,0.000000
700,0,700,23.333333,0,4,1893.258240,1185.823242,0.050000,0.100000,0.000000
700,0,700,23.333333,0,5,1991.916626,1204.758911,0.100000,0.100000,0.000000
700,0,700,23.333333,0,6,2098.643372,1225.330811,0.150000,0.100000,0.000000
700,0,700,23.333333,0,7,2211.548004,1249.277466,0.200000,0.100000,0.000000
700,0,700,23.333333,0,8,1911.898560,1096.455078,0.050000,0.150000,0.000000
700,0,700,23.333333,0,9,2011.286011,1112.430298,0.100000,0.150000,0.000000
700,0,700,23.333333,0,10,2116.448761,1130.274292,0.150000,0.150000,0.000000
700,0,700,23.333333,0,11,2229.075897,1149.236572,0.200000,0.150000,0.000000
700,0,700,23.333333,0,12,1930.813843,1009.589539,0.050000,0.200000,0.000000
700,0,700,23.333333,0,13,2029.179382,1022.194153,0.100000,0.200000,0.000000
700,0,700,23.333333,0,14,2133.982819,1037.259155,0.150000,0.200000,0.000000
700,0,700,23.333333,0,15,2245.790802,1051.603027,0.200000,0.200000,0.000000
700,0,700,23.333333,0,16,1949.025513,924.500732,0.050000,0.250000,0.000000
700,0,700,23.333333,0,17,2047.359314,934.461975,0.100000,0.250000,0.000000
700,0,700,23.333333,0,18,2151.093689,944.918701,0.150000,0.250000,0.000000
700,0,700,23.333333,0,19,2261.657562,957.216980,0.200000,0.250000,0.000000
700,0,700,23.333333,0,20,1967.182190,840.652161,0.050000,0.300000,0.000000
700,0,700,23.333333,0,21,2064.698669,848.100952,0.100000,0.300000,0.000000
700,0,700,23.333333,0,22,2168.206024,855.997803,0.150000,0.300000,0.000000
700,0,700,23.333333,0,23,2277.645813,864.612122,0.200000,0.300000,0.000000
705,0,705,23.500000,0,0,1874.485840,1274.420166,0.050000,0.050000,0.000000
705,0,705,23.500000,0,1,1973.596924,1295.754395,0.100000,0.050000,0.000000
705,0,705,23.500000,0,2,2080.555908,1319.303955,0.150000,0.050000,0.000000
705,0,705,23.500000,0,3,2195.303314,1344.874146,0.200000,0.050000,0.000000
705,0,705,23.500000,0,4,1892.933960,1182.874878,0.050000,0.100000,0.000000
705,0,705,23.500000,0,5,1991.958740,1201.405640,0.100000,0.100000,0.000000
705,0,705,23.500000,0,6,2098.429108,1221.061279,0.150000,0.100000,0.000000
705,0,705,23.500000,0,7,2211.952301,1242.655151,0.200000,0.100000,0.000000
705,0,705,23.500000,0,8,1911.513428,1093.460693,0.050000,0.150000,0.000000
705,0,705,23.500000,0,9,2009.602905,1108.034180,0.100000,0.150000,0.000000
705,0,705,23.500000,0,10,2116.153748,1125.315063,0.150000,0.150000,0.000000
705,0,705,23.500000,0,11,2228.628937,1142.930664,0.200000,0.150000,0.000000
705,0,705,23.500000,0,12,1929.451782,1005.862122,0.050000,0.200000,0.000000
705,0,705,23.500000,0,13,2027.669617,1018.337463,0.100000,0.200000,0.000000
705,0,705,23.500000,0,14,2133.048615,1031.706543,0.150000,0.200000,0.000000
705,0,705,23.500000,0,15,2244.072083,1046.138794,0.200000,0.200000,0.000000
705,0,705,23.500000,0,16,1947.441528,921.296387,0.050000,0.250000,0.000000
705,0,705,23.500000,0,17,2045.109314,930.161316,0.100000,0.250000,0.000000
705,0,705,23.500000,0,18,2149.507904,940.079407,0.150000,0.250000,0.000000
705,0,705,23.500000,0,19,2259.895203,950.506165,0.200000,0.250000,0.000000
705,0,705,23.500000,0,20,1964.671021,837.414490,0.050000,0.300000,0.000000
705,0,705,23.500000,0,21,2062.170898,844.001587,0.100000,0.300000,0.000000
705,0,705,23.500000,0,22,2165.495392,850.595276,0.150000,0.300000,0.000000
705,0,705,23.500000,0,23,2275.266113,858.261597,0.200000,0.300000,0.000000
710,0,710,23.666667,0,0,1872.836182,1273.336792,0.050000,0.050000,0.000000
710,0,710,23.666667,0,1,1972.560608,1293.893433,0.100000,0.050000,0.000000
710,0,710,23.666667,0,2,2080.519836,1316.835327,0.150000,0.050000,0.000000
710,0,710,23.666667,0,3,2194.833984,1341.319580,0.200000,0.050000,0.000000
710,0,710,23.666667,0,4,1891.258850,1181.681641,0.050000,0.100000,0.000000
710,0,710,23.666667,0,5,1990.492737,1198.472778,0.100000,0.100000,0.000000
710,0,710,23.666667,0,6,2097.160492,1218.498779,0.150000,0.100000,0.000000
710,0,710,23.666667,0,7,2210.469360,1238.926636,0.200000,0.100000,0.000000
710,0,710,23.666667,0,8,1909.059570,1092.192505,0.050000,0.150000,0.000000
710,0,710,23.666667,0,9,2008.229370,1106.313721,0.100000,0.150000,0.000000
710,0,710,23.666667,0,10,2113.747314,1122.545654,0.150000,0.150000,0.000000
710,0,710,23.666667,0,11,2226.536316,1139.230347,0.200000,0.150000,0.000000
710,0,710,23.666667,0,12,1926.085571,1004.806030,0.050000,0.200000,0.000000
710,0,710,23.666667,0,13,2024.870056,1016.224060,0.100000,0.200000,0.000000
710,0,710,23.666667,0,14,2129.870056,1029.054077,0.150000,0.200000,0.000000
710,0,710,23.666667,0,15,2241.759247,1042.084351,0.200000,0.200000,0.000000
710,0,710,23.666667,0,16,1943.715881,920.267151,0.050000,0.250000,0.000000
710,0,710,23.666667,0,17,2041.637512,928.168457,0.100000,0.250000,0.000000
710,0,710,23.666667,0,18,2146.017853,937.508301,0.150000,0.250000,0.000000
710,0,710,23.666667,0,19,2256.402496,947.198975,0.200000,0.250000,0.000000
710,0,710,23.666667,0,20,1960.924988,836.498474,0.050000,0.300000,0.000000
710,0,710,23.666667,0,21,2057.835327,842.332275,0.100000,0.300000,0.000000
710,0,710,23.666667,0,22,2161.318176,848.161865,0.150000,0.300000,0.000000
710,0,710,23.666667,0,23,2270.903687,854.720703,0.200000,0.300000,0.000000
715,0,715,23.833333,0,0,1866.402588,1272.373535,0.050000,0.050000,0.000000
715,0,715,23.833333,0,1,1967.093262,1291.207642,0.100000,0.050000,0.000000
715,0,715,23.833333,0,2,2075.386963,1311.764160,0.150000,0.050000,0.000000
715,0,715,23.833333,0,3,2190.862671,1334.470459,0.200000,0.050000,0.000000
715,0,715,23.833333,0,4,1883.198792,1180.576294,0.050000,0.100000,0.000000
715,0,715,23.833333,0,5,1983.294312,1195.918457,0.100000,0.100000,0.000000
715,0,715,23.833333,0,6,2091.103119,1213.132690,0.150000,0.100000,0.000000
715,0,715,23.833333,0,7,2204.975555,1232.026001,0.200000,0.100000,0.000000
715,0,715,23.833333,0,8,1899.413513,1091.563232,0.050000,0.150000,0.000000
715,0,715,23.833333,0,9,1999.664246,1103.853149,0.100000,0.150000,0.000000
715,0,715,23.833333,0,10,2105.544922,1117.812378,0.150000,0.150000,0.000000
715,0,715,23.833333,0,11,2217.578491,1132.578247,0.200000,0.150000,0.000000
715,0,715,23.833333,0,12,1915.962097,1005.349487,0.050000,0.200000,0.000000
715,0,715,23.833333,0,13,2014.618164,1014.600464,0.100000,0.200000,0.000000
715,0,715,23.833333,0,14,2119.661102,1025.177979,0.150000,0.200000,0.000000
715,0,715,23.833333,0,15,2230.986725,1036.495972,0.200000,0.200000,0.000000
715,0,715,23.833333,0,16,1932.003906,920.770386,0.050000,0.250000,0.000000
715,0,715,23.833333,0,17,2029.603149,928.000244,0.100000,0.250000,0.000000
715,0,715,23.833333,0,18,2133.514374,935.343018,0.150000,0.250000,0.000000
715,0,715,23.833333,0,19,2244.131714,942.654663,0.200000,0.250000,0.000000
715,0,715,23.833333,0,20,1947.688416,839.340881,0.050000,0.300000,0.000000
715,0,715,23.833333,0,21,2043.820129,843.076538,0.100000,0.300000,0.000000
715,0,715,23.833333,0,22,2147.009644,847.535522,0.150000,0.300000,0.000000
715,0,715,23.833333,0,23,2255.590027,851.942505,0.200000,0.300000,0.000000
720,0,720,24.000000,0,0,1843.703796,1265.730835,0.050000,0.050000,0.000000
720,0,720,24.000000,0,1,1945.219727,1282.744141,0.100000,0.050000,0.000000
720,0,720,24.000000,0,2,2055.255493,1301.815918,0.150000,0.050000,0.000000
720,0,720,24.000000,0,3,2170.839783,1323.292969,0.200000,0.050000,0.000000
720,0,720,24.000000,0,4,1861.239807,1175.115234,0.050000,0.100000,0.000000
720,0,720,24.000000,0,5,1961.891907,1188.540649,0.100000,0.100000,0.000000
720,0,720,24.000000,0,6,2070.191040,1203.944214,0.150000,0.100000,0.000000
720,0,720,24.000000,0,7,2184.984711,1222.123657,0.200000,0.100000,0.000000
720,0,720,24.000000,0,8,1878.638916,1087.649292,0.050000,0.150000,0.000000
720,0,720,24.000000,0,9,1978.053345,1098.012329,0.100000,0.150000,0.000000
720,0,720,24.000000,0,10,2084.142517,1110.591553,0.150000,0.150000,0.000000
720,0,720,24.000000,0,11,2197.196960,1123.753784,0.200000,0.150000,0.000000
720,0,720,24.000000,0,12,1894.506042,1003.346619,0.050000,0.200000,0.000000
720,0,720,24.000000,0,13,1993.384521,1011.197815,0.100000,0.200000,0.000000
720,0,720,24.000000,0,14,2097.156189,1020.477600,0.150000,0.200000,0.000000
720,0,720,24.000000,0,15,2208.405273,1029.850220,0.200000,0.200000,0.000000
720,0,720,24.000000,0,16,1910.210022,921.581848,0.050000,0.250000,0.000000
720,0,720,24.000000,0,17,2007.603699,927.208252,0.100000,0.250000,0.000000
720,0,720,24.000000,0,18,2110.575439,932.959106,0.150000,0.250000,0.000000
720,0,720,24.000000,0,19,2219.603577,939.470886,0.200000,0.250000,0.000000
720,0,720,24.000000,0,20,1926.312988,843.546997,0.050000,0.300000,0.000000
720,0,720,24.000000,0,21,2021.679443,846.456299,0.100000,0.300000,0.000000
720,0,720,24.000000,0,22,2123.778473,848.542908,0.150000,0.300000,0.000000
720,0,720,24.000000,0,23,2230.620575,852.340027,0.200000,0.300000,0.000000
725,0,725,24.166667,0,0,1828.195251,1251.726807,0.050000,0.050000,0.000000
725,0,725,24.166667,0,1,1929.866638,1269.063599,0.100000,0.050000,0.000000
725,0,725,24.166667,0,2,2039.202332,1286.890625,0.150000,0.050000,0.000000
725,0,725,24.166667,0,3,2156.220642,1308.338135,0.200000,0.050000,0.000000
725,0,725,24.166667,0,4,1847.103455,1162.885010,0.050000,0.100000,0.000000
725,0,725,24.166667,0,5,1946.917480,1175.288452,0.100000,0.100000,0.000000
725,0,725,24.166667,0,6,2055.354126,1191.357422,0.150000,0.100000,0.000000
725,0,725,24.166667,0,7,2169.828064,1207.864624,0.200000,0.100000,0.000000
725,0,725,24.166667,0,8,1864.471191,1076.604126,0.050000,0.150000,0.000000
725,0,725,24.166667,0,9,1963.825623,1086.633911,0.100000,0.150000,0.000000
725,0,725,24.166667,0,10,2069.809326,1099.554199,0.150000,0.150000,0.000000
725,0,725,24.166667,0,11,2182.509003,1112.494263,0.200000,0.150000,0.000000
725,0,725,24.166667,0,12,1882.210205,994.821533,0.050000,0.200000,0.000000
725,0,725,24.166667,0,13,1980.615845,1002.585510,0.100000,0.200000,0.000000
725,0,725,24.166667,0,14,2084.678955,1010.907166,0.150000,0.200000,0.000000
725,0,725,24.166667,0,15,2195.518860,1020.776245,0.200000,0.200000,0.000000
725,0,725,24.166667,0,16,1898.864319,915.578857,0.050000,0.250000,0.000000
725,0,725,24.166667,0,17,1994.850708,920.587585,0.100000,0.250000,0.000000
725,0,725,24.166667,0,18,2098.572693,927.338806,0.150000,0.250000,0.000000
725,0,725,24.166667,0,19,2206.662567,932.493042,0.200000,0.250000,0.000000
725,0,725,24.166667,0,20,1914.940979,839.809631,0.050000,0.300000,0.000000
725,0,725,24.166667,0,21,2010.154724,841.914673,0.100000,0.300000,0.000000
725,0,725,24.166667,0,22,2111.026764,845.202209,0.150000,0.300000,0.000000
725,0,725,24.166667,0,23,2218.195984,848.123596,0.200000,0.300000,0.000000
730,0,730,24.333333,0,0,1819.624451,1240.931030,0.050000,0.050000,0.000000
730,0,730,24.333333,0,1,1921.959961,1256.144653,0.100000,0.050000,0.000000
730,0,730,24.333333,0,2,2031.842651,1273.652222,0.150000,0.050000,0.000000
730,0,730,24.333333,0,3,2148.548004,1294.368896,0.200000,0.050000,0.000000
730,0,730,24.333333,0,4,1838.618286,1152.343262,0.050000,0.100000,0.000000
730,0,730,24.333333,0,5,1939.363525,1164.849731,0.100000,0.100000,0.000000
730,0,730,24.333333,0,6,2047.702087,1179.548950,0.150000,0.100000,0.000000
730,0,730,24.333333,0,7,2162.163910,1195.517944,0.200000,0.100000,0.000000
730,0,730,24.333333,0,8,1857.171875,1067.663574,0.050000,0.150000,0.000000
730,0,730,24.333333,0,9,1956.422668,1077.246826,0.100000,0.150000,0.000000
730,0,730,24.333333,0,10,2062.746582,1089.472778,0.150000,0.150000,0.000000
730,0,730,24.333333,0,11,2174.660095,1101.293457,0.200000,0.150000,0.000000
730,0,730,24.333333,0,12,1874.872620,987.519409,0.050000,0.200000,0.000000
730,0,730,24.333333,0,13,1973.432007,994.590759,0.100000,0.200000,0.000000
730,0,730,24.333333,0,14,2076.658936,1002.543762,0.150000,0.200000,0.000000
730,0,730,24.333333,0,15,2187.405396,1012.319458,0.200000,0.200000,0.000000
730,0,730,24.333333,0,16,1893.529175,911.389709,0.050000,0.250000,0.000000
730,0,730,24.333333,0,17,1988.393250,914.714905,0.100000,0.250000,0.000000
730,0,730,24.333333,0,18,2090.378815,920.499817,0.150000,0.250000,0.000000
730,0,730,24.333333,0,19,2197.960236,926.454285,0.200000,0.250000,0.000000
730,0,730,24.333333,0,20,1908.753357,836.529175,0.050000,0.300000,0.000000
730,0,730,24.333333,0,21,2003.452148,838.664917,0.100000,0.300000,0.000000
730,0,730,24.333333,0,22,2103.580566,841.400757,0.150000,0.300000,0.000000
730,0,730,24.333333,0,23,2209.359222,843.586731,0.200000,0.300000,0.000000
735,0,735,24.500000,0,0,1812.755981,1234.665405,0.050000,0.050000,0.000000
735,0,735,24.500000,0,1,1914.635559,1249.119141,0.100000,0.050000,0.000000
735,0,735,24.500000,0,2,2023.993408,1266.756958,0.150000,0.050000,0.000000
735,0,735,24.500000,0,3,2140.927490,1286.717529,0.200000,0.050000,0.000000
735,0,735,24.500000,0,4,1831.592346,1146.674194,0.050000,0.100000,0.000000
735,0,735,24.500000,0,5,1931.696167,1157.976074,0.100000,0.100000,0.000000
735,0,735,24.500000,0,6,2039.558960,1172.328369,0.150000,0.100000,0.000000
735,0,735,24.500000,0,7,2154.828308,1187.920044,0.200000,0.100000,0.000000
735,0,735,24.500000,0,8,1850.538940,1063.020142,0.050000,0.150000,0.000000
735,0,735,24.500000,0,9,1949.604309,1071.643555,0.100000,0.150000,0.000000
735,0,735,24.500000,0,10,2055.317139,1083.695679,0.150000,0.150000,0.000000
735,0,735,24.500000,0,11,2167.530426,1095.473022,0.200000,0.150000,0.000000
735,0,735,24.500000,0,12,1867.921631,983.594727,0.050000,0.200000,0.000000
735,0,735,24.500000,0,13,1966.491394,990.431824,0.100000,0.200000,0.000000
735,0,735,24.500000,0,14,2069.434998,997.440857,0.150000,0.200000,0.000000
735,0,735,24.500000,0,15,2180.024475,1005.928772,0.200000,0.200000,0.000000
735,0,735,24.500000,0,16,1885.772095,906.904419,0.050000,0.250000,0.000000
735,0,735,24.500000,0,17,1981.526855,910.924561,0.100000,0.250000,0.000000
735,0,735,24.500000,0,18,2083.555298,915.713501,0.150000,0.250000,0.000000
735,0,735,24.500000,0,19,2190.435211,921.132996,0.200000,0.250000,0.000000
735,0,735,24.500000,0,20,1902.065308,833.552002,0.050000,0.300000,0.000000
735,0,735,24.500000,0,21,1996.700012,835.437256,0.100000,0.300000,0.000000
735,0,735,24.500000,0,22,2096.252441,837.538086,0.150000,0.300000,0.000000
735,0,735,24.500000,0,23,2201.323700,839.424011,0.200000,0.300000,0.000000
740,0,740,24.666667,0,0,1803.675964,1232.616699,0.050000,0.050000,0.000000
740,0,740,24.666667,0,1,1905.353394,1247.495483,0.100000,0.050000,0.000000
740,0,740,24.666667,0,2,2014.612427,1265.616821,0.150000,0.050000,0.000000
740,0,740,24.666667,0,3,2131.875031,1285.358643,0.200000,0.050000,0.000000
740,0,740,24.666667,0,4,1823.771790,1144.668457,0.050000,0.100000,0.000000
740,0,740,24.666667,0,5,1923.881042,1156.603882,0.100000,0.100000,0.000000
740,0,740,24.666667,0,6,2030.955322,1171.219849,0.150000,0.100000,0.000000
740,0,740,24.666667,0,7,2145.832916,1187.453247,0.200000,0.100000,0.000000
740,0,740,24.666667,0,8,1843.169983,1061.875244,0.050000,0.150000,0.000000
740,0,740,24.666667,0,9,1941.121582,1070.234497,0.100000,0.150000,0.000000
740,0,740,24.666667,0,10,2047.139648,1082.144043,0.150000,0.150000,0.000000
740,0,740,24.666667,0,11,2159.344482,1093.545776,0.200000,0.150000,0.000000
740,0,740,24.666667,0,12,1861.053040,981.755310,0.050000,0.200000,0.000000
740,0,740,24.666667,0,13,1958.742554,988.697083,0.100000,0.200000,0.000000
740,0,740,24.666667,0,14,2061.800964,996.414429,0.150000,0.200000,0.000000
740,0,740,24.666667,0,15,2171.864624,1005.148010,0.200000,0.200000,0.000000
740,0,740,24.666667,0,16,1879.390869,905.945618,0.050000,0.250000,0.000000
740,0,740,24.666667,0,17,1974.258301,910.191467,0.100000,0.250000,0.000000
740,0,740,24.666667,0,18,2076.418640,915.393494,0.150000,0.250000,0.000000
740,0,740,24.666667,0,19,2183.697479,919.942322,0.200000,0.250000,0.000000
740,0,740,24.666667,0,20,1896.068176,833.170044,0.050000,0.300000,0.000000
740,0,740,24.666667,0,21,1990.573608,835.285156,0.100000,0.300000,0.000000
740,0,740,24.666667,0,22,2089.940186,836.622681,0.150000,0.300000,0.000000
740,0,740,24.666667,0,23,2195.120422,838.876221,0.200000,0.300000,0.000000
745,0,745,24.833333,0,0,1801.423096,1231.799561,0.050000,0.050000,0.000000
745,0,745,24.833333,0,1,1902.830688,1246.005737,0.100000,0.050000,0.000000
745,0,745,24.833333,0,2,2012.174866,1263.739014,0.150000,0.050000,0.000000
745,0,745,24.833333,0,3,2129.602997,1283.498413,0.200000,0.050000,0.000000
745,0,745,24.833333,0,4,1821.144470,1143.753662,0.050000,0.100000,0.000000
745,0,745,24.833333,0,5,1920.831116,1155.435425,0.100000,0.100000,0.000000
745,0,745,24.833333,0,6,2028.489502,1169.522949,0.150000,0.100000,0.000000
745,0,745,24.833333,0,7,2143.481628,1186.110962,0.200000,0.100000,0.000000
745,0,745,24.833333,0,8,1840.323181,1061.544312,0.050000,0.150000,0.000000
745,0,745,24.833333,0,9,1938.294678,1069.430908,0.100000,0.150000,0.000000
745,0,745,24.833333,0,10,2044.403809,1080.627686,0.150000,0.150000,0.000000
745,0,745,24.833333,0,11,2155.806854,1092.205444,0.200000,0.150000,0.000000
745,0,745,24.833333,0,12,1858.795044,981.678406,0.050000,0.200000,0.000000
745,0,745,24.833333,0,13,1955.462952,988.229309,0.100000,0.200000,0.000000
745,0,745,24.833333,0,14,2058.756836,995.315613,0.150000,0.200000,0.000000
745,0,745,24.833333,0,15,2168.417297,1003.915466,0.200000,0.200000,0.000000
745,0,745,24.833333,0,16,1876.183289,905.586731,0.050000,0.250000,0.000000
745,0,745,24.833333,0,17,1971.461914,909.273499,0.100000,0.250000,0.000000
745,0,745,24.833333,0,18,2072.951538,913.995239,0.150000,0.250000,0.000000
745,0,745,24.833333,0,19,2180.557709,919.213684,0.200000,0.250000,0.000000
745,0,745,24.833333,0,20,1892.830139,832.788391,0.050000,0.300000,0.000000
745,0,745,24.833333,0,21,1987.303101,834.695740,0.100000,0.300000,0.000000
745,0,745,24.833333,0,22,2086.356781,836.219788,0.150000,0.300000,0.000000
745,0,745,24.833333,0,23,2191.634674,837.820190,0.200000,0.300000,0.000000
750,0,750,25.000000,0,0,1800.232788,1228.688843,0.050000,0.050000,0.000000
750,0,750,25.000000,0,1,1901.249207,1242.483032,0.100000,0.050000,0.000000
750,0,750,25.000000,0,2,2011.276978,1260.011719,0.150000,0.050000,0.000000
750,0,750,25.000000,0,3,2127.090698,1278.794922,0.200000,0.050000,0.000000
750,0,750,25.000000,0,4,1819.769226,1141.055542,0.050000,0.100000,0.000000
750,0,750,25.000000,0,5,1918.992676,1152.365479,0.100000,0.100000,0.000000
750,0,750,25.000000,0,6,2026.601929,1166.167603,0.150000,0.100000,0.000000
750,0,750,25.000000,0,7,2140.775391,1180.820435,0.200000,0.100000,0.000000
750,0,750,25.000000,0,8,1838.575745,1058.602417,0.050000,0.150000,0.000000
750,0,750,25.000000,0,9,1936.255371,1066.602539,0.100000,0.150000,0.000000
750,0,750,25.000000,0,10,2041.893372,1077.608276,0.150000,0.150000,0.000000
750,0,750,25.000000,0,11,2153.427002,1088.073364,0.200000,0.150000,0.000000
750,0,750,25.000000,0,12,1856.245483,978.757202,0.050000,0.200000,0.000000
750,0,750,25.000000,0,13,1953.476440,984.798767,0.100000,0.200000,0.000000
750,0,750,25.000000,0,14,2056.582153,992.290710,0.150000,0.200000,0.000000
750,0,750,25.000000,0,15,2166.065582,1000.279053,0.200000,0.200000,0.000000
750,0,750,25.000000,0,16,1874.684265,904.373047,0.050000,0.250000,0.000000
750,0,750,25.000000,0,17,1968.859436,906.764648,0.100000,0.250000,0.000000
750,0,750,25.000000,0,18,2069.859009,910.804016,0.150000,0.250000,0.000000
750,0,750,25.000000,0,19,2177.749512,915.618164,0.200000,0.250000,0.000000
750,0,750,25.000000,0,20,1890.832275,831.079529,0.050000,0.300000,0.000000
750,0,750,25.000000,0,21,1984.775879,832.586548,0.100000,0.300000,0.000000
750,0,750,25.000000,0,22,2083.471863,833.581726,0.150000,0.300000,0.000000
750,0,750,25.000000,0,23,2188.189911,834.906189,0.200000,0.300000,0.000000
755,0,755,25.166667,0,0,1796.240479,1226.767090,0.050000,0.050000,0.000000
755,0,755,25.166667,0,1,1897.378784,1241.088867,0.100000,0.050000,0.000000
755,0,755,25.166667,0,2,2005.787720,1258.526855,0.150000,0.050000,0.000000
755,0,755,25.166667,0,3,2122.608307,1277.919434,0.200000,0.050000,0.000000
755,0,755,25.166667,0,4,1815.741333,1140.245972,0.050000,0.100000,0.000000
755,0,755,25.166667,0,5,1915.535156,1151.420776,0.100000,0.100000,0.000000
755,0,755,25.166667,0,6,2022.245728,1165.573242,0.150000,0.100000,0.000000
755,0,755,25.166667,0,7,2136.628418,1181.113037,0.200000,0.100000,0.000000
755,0,755,25.166667,0,8,1835.131042,1057.554199,0.050000,0.150000,0.000000
755,0,755,25.166667,0,9,1932.773376,1066.295776,0.100000,0.150000,0.000000
755,0,755,25.166667,0,10,2038.250427,1077.139282,0.150000,0.150000,0.000000
755,0,755,25.166667,0,11,2149.690216,1088.426636,0.200000,0.150000,0.000000
755,0,755,25.166667,0,12,1853.348572,979.266724,0.050000,0.200000,0.000000
755,0,755,25.166667,0,13,1950.653931,985.862488,0.100000,0.200000,0.000000
755,0,755,25.166667,0,14,2053.235596,992.138245,0.150000,0.200000,0.000000
755,0,755,25.166667,0,15,2162.274139,1000.213501,0.200000,0.200000,0.000000
755,0,755,25.166667,0,16,1871.840027,903.725342,0.050000,0.250000,0.000000
755,0,755,25.166667,0,17,1965.800842,906.685242,0.100000,0.250000,0.000000
755,0,755,25.166667,0,18,2066.792847,911.651917,0.150000,0.250000,0.000000
755,0,755,25.166667,0,19,2173.302704,917.024292,0.200000,0.250000,0.000000
755,0,755,25.166667,0,20,1888.517456,830.829224,0.050000,0.300000,0.000000
755,0,755,25.166667,0,21,1981.620850,832.741943,0.100000,0.300000,0.000000
755,0,755,25.166667,0,22,2080.519623,834.178772,0.150000,0.300000,0.000000
755,0,755,25.166667,0,23,2184.600372,835.864075,0.200000,0.300000,0.000000
760,0,760,25.333333,0,0,1793.847412,1226.327148,0.050000,0.050000,0.000000
760,0,760,25.333333,0,1,1894.429443,1240.572388,0.100000,0.050000,0.000000
760,0,760,25.333333,0,2,2003.527039,1257.683472,0.150000,0.050000,0.000000
760,0,760,25.333333,0,3,2118.809662,1277.204712,0.200000,0.050000,0.000000
760,0,760,25.333333,0,4,1813.440796,1139.304321,0.050000,0.100000,0.000000
760,0,760,25.333333,0,5,1912.852722,1150.174927,0.100000,0.100000,0.000000
760,0,760,25.333333,0,6,2019.304016,1164.502930,0.150000,0.100000,0.000000
760,0,760,25.333333,0,7,2132.459686,1179.916016,0.200000,0.100000,0.000000
760,0,760,25.333333,0,8,1833.318787,1056.289551,0.050000,0.150000,0.000000
760,0,760,25.333333,0,9,1930.533508,1064.633545,0.100000,0.150000,0.000000
760,0,760,25.333333,0,10,2035.671265,1075.774048,0.150000,0.150000,0.000000
760,0,760,25.333333,0,11,2146.300446,1086.926636,0.200000,0.150000,0.000000
760,0,760,25.333333,0,12,1851.139587,977.218750,0.050000,0.200000,0.000000
760,0,760,25.333333,0,13,1947.830505,984.103027,0.100000,0.200000,0.000000
760,0,760,25.333333,0,14,2049.767944,990.667908,0.150000,0.200000,0.000000
760,0,760,25.333333,0,15,2158.778320,998.785645,0.200000,0.200000,0.000000
760,0,760,25.333333,0,16,1869.514709,901.661682,0.050000,0.250000,0.000000
760,0,760,25.333333,0,17,1963.495972,905.191589,0.100000,0.250000,0.000000
760,0,760,25.333333,0,18,2063.787659,908.902344,0.150000,0.250000,0.000000
760,0,760,25.333333,0,19,2170.547699,913.757812,0.200000,0.250000,0.000000
760,0,760,25.333333,0,20,1886.166016,828.671143,0.050000,0.300000,0.000000
760,0,760,25.333333,0,21,1978.058899,829.514038,0.100000,0.300000,0.000000
760,0,760,25.333333,0,22,2078.380798,831.651855,0.150000,0.300000,0.000000
760,0,760,25.333333,0,23,2182.521271,833.999268,0.200000,0.300000,0.000000
765,0,765,25.500000,0,8,1832.101746,1044.502808,0.050000,0.150000,0.000000
765,0,765,25.500000,0,11,2136.412933,1068.323608,0.200000,0.150000,0.000000
765,0,765,25.500000,0,12,1847.539246,960.299866,0.050000,0.200000,0.000000
765,0,765,25.500000,0,15,2148.593353,976.021423,0.200000,0.200000,0.000000
765,0,765,25.500000,0,17,1955.707092,881.569153,0.100000,0.250000,0.000000
765,0,765,25.500000,0,18,2056.506592,886.133118,0.150000,0.250000,0.000000
765,0,765,25.500000,0,19,2160.605835,886.860229,0.200000,0.250000,0.000000
765,0,765,25.500000,0,21,1972.729126,805.502930,0.100000,0.300000,0.000000
770,0,770,25.666667,0,15,2135.641815,930.332581,0.200000,0.200000,0.000000
770,0,770,25.666667,0,17,1943.735046,841.460938,0.100000,0.250000,0.000000
770,0,770,25.666667,0,18,2037.752625,837.973022,0.150000,0.250000,0.000000
770,0,770,25.666667,0,19,2140.588989,835.805054,0.200000,0.250000,0.000000
770,0,770,25.666667,0,21,1949.520142,753.568481,0.100000,0.300000,0.000000
775,0,775,25.833333,0,20,1857.000854,736.422668,0.050000,0.300000,0.000000
775,0,775,25.833333,0,21,1943.767700,727.103760,0.100000,0.300000,0.000000
775,0,775,25.833333,0,22,2036.302551,717.827881,0.150000,0.300000,0.000000
780,0,780,26.000000,0,16,1857.837646,801.286011,0.050000,0.250000,0.000000
780,0,780,26.000000,0,17,1941.240845,790.627502,0.100000,0.250000,0.000000
780,0,780,26.000000,0,18,2029.888611,779.715271,0.150000,0.250000,0.000000
780,0,780,26.000000,0,19,2126.786957,769.203308,0.200000,0.250000,0.000000
780,0,780,26.000000,0,20,1845.411255,718.539673,0.050000,0.300000,0.000000
780,0,780,26.000000,0,21,1929.458740,706.413818,0.100000,0.300000,0.000000
785,0,785,26.166667,0,15,2131.065155,849.538269,0.200000,0.200000,0.000000
785,0,785,26.166667,0,16,1850.855347,806.706238,0.050000,0.250000,0.000000
785,0,785,26.166667,0,17,1929.993530,794.754211,0.100000,0.250000,0.000000
785,0,785,26.166667,0,18,2015.539612,782.167053,0.150000,0.250000,0.000000
785,0,785,26.166667,0,19,2107.667145,768.419495,0.200000,0.250000,0.000000
785,0,785,26.166667,0,20,1826.328674,732.582336,0.050000,0.300000,0.000000
785,0,785,26.166667,0,21,1906.249146,718.144653,0.100000,0.300000,0.000000
785,0,785,26.166667,0,22,1991.646545,702.514648,0.150000,0.300000,0.000000
785,0,785,26.166667,0,23,2084.100647,684.905579,0.200000,0.300000,0.000000
810,0,810,27.000000,0,20,1822.546021,756.935364,0.050000,0.300000,0.000000
810,0,810,27.000000,0,23,2077.657837,725.699158,0.200000,0.300000,0.000000
815,0,815,27.166667,0,18,2005.129517,815.815796,0.150000,0.250000,0.000000
815,0,815,27.166667,0,19,2095.648956,809.012695,0.200000,0.250000,0.000000
815,0,815,27.166667,0,20,1817.007629,759.113159,0.050000,0.300000,0.000000
815,0,815,27.166667,0,21,1895.977356,747.821106,0.100000,0.300000,0.000000
815,0,815,27.166667,0,22,1980.671753,737.611267,0.150000,0.300000,0.000000
815,0,815,27.166667,0,23,2072.570740,727.257996,0.200000,0.300000,0.000000
820,0,820,27.333333,0,16,1841.692688,828.579163,0.050000,0.250000,0.000000
820,0,820,27.333333,0,20,1816.360107,756.144226,0.050000,0.300000,0.000000
820,0,820,27.333333,0,23,2072.022705,721.133301,0.200000,0.300000,0.000000
825,0,825,27.500000,0,16,1844.814758,824.585754,0.050000,0.250000,0.000000
825,0,825,27.500000,0,17,1923.641235,814.618896,0.100000,0.250000,0.000000
825,0,825,27.500000,0,20,1821.605713,751.275635,0.050000,0.300000,0.000000
825,0,825,27.500000,0,21,1902.246460,737.725891,0.100000,0.300000,0.000000
825,0,825,27.500000,0,22,1987.440735,724.340149,0.150000,0.300000,0.000000
825,0,825,27.500000,0,23,2079.130066,710.747498,0.200000,0.300000,0.000000
830,0,830,27.666667,0,20,1832.627808,766.358459,0.050000,0.300000,0.000000
830,0,830,27.666667,0,21,1911.768921,756.014404,0.100000,0.300000,0.000000
830,0,830,27.666667,0,22,1995.466431,744.924561,0.150000,0.300000,0.000000
830,0,830,27.666667,0,23,2086.707245,732.718140,0.200000,0.300000,0.000000
835,0,835,27.833333,0,11,2147.226349,993.861084,0.200000,0.150000,0.000000
835,0,835,27.833333,0,15,2131.443024,909.263611,0.200000,0.200000,0.000000
835,0,835,27.833333,0,18,2017.246765,833.688782,0.150000,0.250000,0.000000
835,0,835,27.833333,0,19,2115.297699,822.346191,0.200000,0.250000,0.000000
835,0,835,27.833333,0,21,1908.626282,760.250244,0.100000,0.300000,0.000000
835,0,835,27.833333,0,22,2000.205566,747.089294,0.150000,0.300000,0.000000
835,0,835,27.833333,0,23,2098.239227,733.672363,0.200000,0.300000,0.000000
840,0,840,28.000000,0,0,1887.225159,1165.678589,0.050000,0.050000,0.000000
840,0,840,28.000000,0,1,1969.538269,1166.398682,0.100000,0.050000,0.000000
840,0,840,28.000000,0,2,2060.133972,1164.331787,0.150000,0.050000,0.000000
840,0,840,28.000000,0,3,2156.727173,1161.549805,0.200000,0.050000,0.000000
840,0,840,28.000000,0,4,1868.850281,1091.090210,0.050000,0.100000,0.000000
840,0,840,28.000000,0,5,1953.624390,1086.830200,0.100000,0.100000,0.000000
840,0,840,28.000000,0,6,2044.358215,1083.347290,0.150000,0.100000,0.000000
840,0,840,28.000000,0,7,2140.908630,1077.039795,0.200000,0.100000,0.000000
840,0,840,28.000000,0,8,1854.280457,1012.864990,0.050000,0.150000,0.000000
840,0,840,28.000000,0,9,1937.958618,1006.396851,0.100000,0.150000,0.000000
840,0,840,28.000000,0,10,2029.280334,999.323059,0.150000,0.150000,0.000000
840,0,840,28.000000,0,11,2126.175476,992.195618,0.200000,0.150000,0.000000
840,0,840,28.000000,0,12,1837.031067,933.083130,0.050000,0.200000,0.000000
840,0,840,28.000000,0,13,1922.443176,925.199707,0.100000,0.200000,0.000000
840,0,840,28.000000,0,14,2014.274902,915.630493,0.150000,0.200000,0.000000
840,0,840,28.000000,0,15,2110.807678,905.146118,0.200000,0.200000,0.000000
840,0,840,28.000000,0,16,1821.085632,854.276978,0.050000,0.250000,0.000000
840,0,840,28.000000,0,17,1906.370117,842.412903,0.100000,0.250000,0.000000
840,0,840,28.000000,0,18,1996.586731,829.749084,0.150000,0.250000,0.000000
840,0,840,28.000000,0,19,2095.317261,816.436523,0.200000,0.250000,0.000000
840,0,840,28.000000,0,20,1804.230957,773.315247,0.050000,0.300000,0.000000
840,0,840,28.000000,0,21,1889.127869,758.515625,0.100000,0.300000,0.000000
840,0,840,28.000000,0,22,1979.822083,744.474060,0.150000,0.300000,0.000000
840,0,840,28.000000,0,23,2078.278442,727.067993,0.200000,0.300000,0.000000
845,0,845,28.166667,0,0,1871.528564,1161.661621,0.050000,0.050000,0.000000
845,0,845,28.166667,0,1,1953.520020,1162.540283,0.100000,0.050000,0.000000
845,0,845,28.166667,0,2,2044.990601,1160.183350,0.150000,0.050000,0.000000
845,0,845,28.166667,0,3,2141.597565,1156.889282,0.200000,0.050000,0.000000
845,0,845,28.166667,0,4,1856.542603,1084.242310,0.050000,0.100000,0.000000
845,0,845,28.166667,0,5,1940.458252,1081.337769,0.100000,0.100000,0.000000
845,0,845,28.166667,0,6,2030.924744,1076.616333,0.150000,0.100000,0.000000
845,0,845,28.166667,0,7,2126.689117,1071.569214,0.200000,0.100000,0.000000
845,0,845,28.166667,0,8,1841.478333,1005.723877,0.050000,0.150000,0.000000
845,0,845,28.166667,0,9,1925.801636,999.927185,0.100000,0.150000,0.000000
845,0,845,28.166667,0,10,2016.259583,992.475708,0.150000,0.150000,0.000000
845,0,845,28.166667,0,11,2112.575287,985.359680,0.200000,0.150000,0.000000
845,0,845,28.166667,0,12,1827.002808,926.634216,0.050000,0.200000,0.000000
845,0,845,28.166667,0,13,1910.988647,917.373535,0.100000,0.200000,0.000000
845,0,845,28.166667,0,14,2001.243469,908.288269,0.150000,0.200000,0.000000
845,0,845,28.166667,0,15,2097.698822,897.533936,0.200000,0.200000,0.000000
845,0,845,28.166667,0,16,1811.626343,846.160522,0.050000,0.250000,0.000000
845,0,845,28.166667,0,17,1895.845337,834.321838,0.100000,0.250000,0.000000
845,0,845,28.166667,0,18,1986.865662,821.569336,0.150000,0.250000,0.000000
845,0,845,28.166667,0,19,2083.585052,808.802856,0.200000,0.250000,0.000000
845,0,845,28.166667,0,20,1796.768738,764.316345,0.050000,0.300000,0.000000
845,0,845,28.166667,0,21,1881.555725,750.233521,0.100000,0.300000,0.000000
845,0,845,28.166667,0,22,1971.850098,734.146118,0.150000,0.300000,0.000000
845,0,845,28.166667,0,23,2067.934082,717.535706,0.200000,0.300000,0.000000
850,0,850,28.333333,0,0,1866.155579,1165.325439,0.050000,0.050000,0.000000
850,0,850,28.333333,0,1,1950.301636,1164.683350,0.100000,0.050000,0.000000
850,0,850,28.333333,0,2,2041.912354,1160.950806,0.150000,0.050000,0.000000
850,0,850,28.333333,0,3,2137.983704,1158.266602,0.200000,0.050000,0.000000
850,0,850,28.333333,0,4,1851.264282,1087.300903,0.050000,0.100000,0.000000
850,0,850,28.333333,0,5,1936.129944,1083.773193,0.100000,0.100000,0.000000
850,0,850,28.333333,0,6,2027.413330,1078.036743,0.150000,0.100000,0.000000
850,0,850,28.333333,0,7,2124.530853,1071.688599,0.200000,0.100000,0.000000
850,0,850,28.333333,0,8,1835.935486,1008.630920,0.050000,0.150000,0.000000
850,0,850,28.333333,0,9,1921.335693,1001.670410,0.100000,0.150000,0.000000
850,0,850,28.333333,0,10,2013.265869,994.245544,0.150000,0.150000,0.000000
850,0,850,28.333333,0,11,2109.728333,985.712219,0.200000,0.150000,0.000000
850,0,850,28.333333,0,12,1820.456116,929.708618,0.050000,0.200000,0.000000
850,0,850,28.333333,0,13,1907.101257,919.031921,0.100000,0.200000,0.000000
850,0,850,28.333333,0,14,1998.330933,909.254028,0.150000,0.200000,0.000000
850,0,850,28.333333,0,15,2096.052734,897.472961,0.200000,0.200000,0.000000
850,0,850,28.333333,0,16,1805.793701,847.684509,0.050000,0.250000,0.000000
850,0,850,28.333333,0,17,1892.103088,835.577576,0.100000,0.250000,0.000000
850,0,850,28.333333,0,18,1983.675720,822.253540,0.150000,0.250000,0.000000
850,0,850,28.333333,0,19,2080.865936,808.554138,0.200000,0.250000,0.000000
850,0,850,28.333333,0,20,1790.810303,765.673340,0.050000,0.300000,0.000000
850,0,850,28.333333,0,21,1877.036743,750.374207,0.100000,0.300000,0.000000
850,0,850,28.333333,0,22,1968.734131,734.912842,0.150000,0.300000,0.000000
850,0,850,28.333333,0,23,2066.282532,718.203369,0.200000,0.300000,0.000000
855,0,855,28.500000,0,0,1864.716492,1166.572388,0.050000,0.050000,0.000000
855,0,855,28.500000,0,1,1949.069031,1166.565308,0.100000,0.050000,0.000000
855,0,855,28.500000,0,2,2040.796265,1163.500366,0.150000,0.050000,0.000000
855,0,855,28.500000,0,3,2136.778900,1159.990112,0.200000,0.050000,0.000000
855,0,855,28.500000,0,4,1850.460205,1088.717651,0.050000,0.100000,0.000000
855,0,855,28.500000,0,5,1935.381958,1085.549561,0.100000,0.100000,0.000000
855,0,855,28.500000,0,6,2026.105896,1081.261963,0.150000,0.100000,0.000000
855,0,855,28.500000,0,7,2123.629883,1074.480225,0.200000,0.100000,0.000000
855,0,855,28.500000,0,8,1835.633362,1010.099731,0.050000,0.150000,0.000000
855,0,855,28.500000,0,9,1920.855591,1003.773132,0.100000,0.150000,0.000000
855,0,855,28.500000,0,10,2012.683716,996.342712,0.150000,0.150000,0.000000
855,0,855,28.500000,0,11,2109.657410,988.313049,0.200000,0.150000,0.000000
855,0,855,28.500000,0,12,1821.421448,929.610840,0.050000,0.200000,0.000000
855,0,855,28.500000,0,13,1906.707092,921.351318,0.100000,0.200000,0.000000
855,0,855,28.500000,0,14,1998.309998,911.145020,0.150000,0.200000,0.000000
855,0,855,28.500000,0,15,2095.383606,900.593933,0.200000,0.200000,0.000000
855,0,855,28.500000,0,16,1806.204102,849.317322,0.050000,0.250000,0.000000
855,0,855,28.500000,0,17,1892.255005,837.319153,0.100000,0.250000,0.000000
855,0,855,28.500000,0,18,1984.033325,824.826538,0.150000,0.250000,0.000000
855,0,855,28.500000,0,19,2080.904938,811.585022,0.200000,0.250000,0.000000
855,0,855,28.500000,0,20,1791.617493,767.564331,0.050000,0.300000,0.000000
855,0,855,28.500000,0,21,1877.739990,752.546692,0.100000,0.300000,0.000000
855,0,855,28.500000,0,22,1969.189880,737.285889,0.150000,0.300000,0.000000
855,0,855,28.500000,0,23,2066.704163,720.716858,0.200000,0.300000,0.000000
860,0,860,28.666667,0,0,1862.614441,1165.533569,0.050000,0.050000,0.000000
860,0,860,28.666667,0,1,1946.615906,1164.731445,0.100000,0.050000,0.000000
860,0,860,28.666667,0,2,2037.825928,1161.963745,0.150000,0.050000,0.000000
860,0,860,28.666667,0,3,2134.109772,1158.300781,0.200000,0.050000,0.000000
860,0,860,28.666667,0,4,1847.756226,1087.516846,0.050000,0.100000,0.000000
860,0,860,28.666667,0,5,1932.693726,1083.684204,0.100000,0.100000,0.000000
860,0,860,28.666667,0,6,2023.731445,1078.264648,0.150000,0.100000,0.000000
860,0,860,28.666667,0,7,2119.950562,1072.270142,0.200000,0.100000,0.000000
860,0,860,28.666667,0,8,1833.160645,1008.273315,0.050000,0.150000,0.000000
860,0,860,28.666667,0,9,1917.636353,1002.054871,0.100000,0.150000,0.000000
860,0,860,28.666667,0,10,2009.448914,993.530396,0.150000,0.150000,0.000000
860,0,860,28.666667,0,11,2106.312836,984.994019,0.200000,0.150000,0.000000
860,0,860,28.666667,0,12,1818.554504,928.446228,0.050000,0.200000,0.000000
860,0,860,28.666667,0,13,1903.917969,918.572510,0.100000,0.200000,0.000000
860,0,860,28.666667,0,14,1994.726685,909.096069,0.150000,0.200000,0.000000
860,0,860,28.666667,0,15,2091.777985,897.253113,0.200000,0.200000,0.000000
860,0,860,28.666667,0,16,1803.739441,847.161133,0.050000,0.250000,0.000000
860,0,860,28.666667,0,17,1889.452209,835.316406,0.100000,0.250000,0.000000
860,0,860,28.666667,0,18,1981.034546,822.032776,0.150000,0.250000,0.000000
860,0,860,28.666667,0,19,2077.362244,807.987244,0.200000,0.250000,0.000000
860,0,860,28.666667,0,20,1789.168579,765.073059,0.050000,0.300000,0.000000
860,0,860,28.666667,0,21,1874.699341,750.246704,0.100000,0.300000,0.000000
860,0,860,28.666667,0,22,1965.536438,734.939636,0.150000,0.300000,0.000000
860,0,860,28.666667,0,23,2062.972290,717.507080,0.200000,0.300000,0.000000
865,0,865,28.833333,0,0,1858.315674,1168.254639,0.050000,0.050000,0.000000
865,0,865,28.833333,0,1,1942.455811,1168.042847,0.100000,0.050000,0.000000
865,0,865,28.833333,0,2,2033.811096,1164.925903,0.150000,0.050000,0.000000
865,0,865,28.833333,0,3,2130.435638,1161.512085,0.200000,0.050000,0.000000
865,0,865,28.833333,0,4,1844.628235,1088.566162,0.050000,0.100000,0.000000
865,0,865,28.833333,0,5,1929.106750,1085.283081,0.100000,0.100000,0.000000
865,0,865,28.833333,0,6,2020.413574,1080.353882,0.150000,0.100000,0.000000
865,0,865,28.833333,0,7,2117.452179,1073.956543,0.200000,0.100000,0.000000
865,0,865,28.833333,0,8,1830.248169,1009.241821,0.050000,0.150000,0.000000
865,0,865,28.833333,0,9,1914.681030,1002.676880,0.100000,0.150000,0.000000
865,0,865,28.833333,0,10,2006.617493,994.402832,0.150000,0.150000,0.000000
865,0,865,28.833333,0,11,2103.541962,986.204468,0.200000,0.150000,0.000000
865,0,865,28.833333,0,12,1816.366211,928.396606,0.050000,0.200000,0.000000
865,0,865,28.833333,0,13,1901.188782,918.671326,0.100000,0.200000,0.000000
865,0,865,28.833333,0,14,1992.473999,908.305420,0.150000,0.200000,0.000000
865,0,865,28.833333,0,15,2089.242981,897.310669,0.200000,0.200000,0.000000
865,0,865,28.833333,0,16,1802.499023,846.859314,0.050000,0.250000,0.000000
865,0,865,28.833333,0,17,1887.325928,834.834045,0.100000,0.250000,0.000000
865,0,865,28.833333,0,18,1978.218933,821.278992,0.150000,0.250000,0.000000
865,0,865,28.833333,0,19,2074.742126,807.682983,0.200000,0.250000,0.000000
865,0,865,28.833333,0,20,1788.474609,764.809326,0.050000,0.300000,0.000000
865,0,865,28.833333,0,21,1873.509888,750.013428,0.100000,0.300000,0.000000
865,0,865,28.833333,0,22,1964.314209,733.880188,0.150000,0.300000,0.000000
865,0,865,28.833333,0,23,2060.691101,717.016724,0.200000,0.300000,0.000000
870,0,870,29.000000,0,0,1854.808289,1176.573364,0.050000,0.050000,0.000000
870,0,870,29.000000,0,1,1939.123169,1175.350586,0.100000,0.050000,0.000000
870,0,870,29.000000,0,2,2030.963440,1171.631226,0.150000,0.050000,0.000000
870,0,870,29.000000,0,3,2128.337891,1167.634888,0.200000,0.050000,0.000000
870,0,870,29.000000,0,4,1841.345215,1096.247314,0.050000,0.100000,0.000000
870,0,870,29.000000,0,5,1926.220154,1090.969116,0.100000,0.100000,0.000000
870,0,870,29.000000,0,6,2017.162598,1085.296387,0.150000,0.100000,0.000000
870,0,870,29.000000,0,7,2114.262115,1079.036499,0.200000,0.100000,0.000000
870,0,870,29.000000,0,8,1828.553650,1014.806702,0.050000,0.150000,0.000000
870,0,870,29.000000,0,9,1912.694031,1007.440735,0.100000,0.150000,0.000000
870,0,870,29.000000,0,10,2004.065369,998.492737,0.150000,0.150000,0.000000
870,0,870,29.000000,0,11,2100.546936,989.361938,0.200000,0.150000,0.000000
870,0,870,29.000000,0,12,1815.562012,933.521240,0.050000,0.200000,0.000000
870,0,870,29.000000,0,13,1899.714233,923.276245,0.100000,0.200000,0.000000
870,0,870,29.000000,0,14,1990.061951,912.352600,0.150000,0.200000,0.000000
870,0,870,29.000000,0,15,2086.939606,899.883423,0.200000,0.200000,0.000000
870,0,870,29.000000,0,16,1801.949585,851.452393,0.050000,0.250000,0.000000
870,0,870,29.000000,0,17,1886.743347,838.743835,0.100000,0.250000,0.000000
870,0,870,29.000000,0,18,1976.893250,825.409973,0.150000,0.250000,0.000000
870,0,870,29.000000,0,19,2072.478882,810.558655,0.200000,0.250000,0.000000
870,0,870,29.000000,0,20,1789.940002,770.414917,0.050000,0.300000,0.000000
870,0,870,29.000000,0,21,1873.505188,754.531433,0.100000,0.300000,0.000000
870,0,870,29.000000,0,22,1963.007874,737.706238,0.150000,0.300000,0.000000
870,0,870,29.000000,0,23,2057.783264,719.730530,0.200000,0.300000,0.000000
875,0,875,29.166667,0,2,2020.721802,1183.271973,0.150000,0.050000,0.000000
875,0,875,29.166667,0,3,2118.377869,1177.391602,0.200000,0.050000,0.000000
875,0,875,29.166667,0,6,2007.260742,1094.433228,0.150000,0.100000,0.000000
875,0,875,29.166667,0,7,2104.934235,1086.133789,0.200000,0.100000,0.000000
875,0,875,29.166667,0,10,1994.055237,1006.873047,0.150000,0.150000,0.000000
875,0,875,29.166667,0,11,2090.129028,995.909790,0.200000,0.150000,0.000000
875,0,875,29.166667,0,12,1808.037537,943.017944,0.050000,0.200000,0.000000
875,0,875,29.166667,0,13,1890.547607,932.435974,0.100000,0.200000,0.000000
875,0,875,29.166667,0,14,1982.030945,919.160217,0.150000,0.200000,0.000000
875,0,875,29.166667,0,15,2077.830444,905.576660,0.200000,0.200000,0.000000
875,0,875,29.166667,0,16,1796.597290,863.742065,0.050000,0.250000,0.000000
875,0,875,29.166667,0,17,1880.855286,848.007202,0.100000,0.250000,0.000000
875,0,875,29.166667,0,18,1969.232605,832.897461,0.150000,0.250000,0.000000
875,0,875,29.166667,0,19,2064.203003,815.817261,0.200000,0.250000,0.000000
875,0,875,29.166667,0,20,1787.092407,782.192627,0.050000,0.300000,0.000000
875,0,875,29.166667,0,21,1869.851196,766.813293,0.100000,0.300000,0.000000
875,0,875,29.166667,0,22,1956.910706,748.110596,0.150000,0.300000,0.000000
875,0,875,29.166667,0,23,2050.197754,727.781555,0.200000,0.300000,0.000000
880,0,880,29.333333,0,15,2049.191772,940.088135,0.200000,0.200000,0.000000
880,0,880,29.333333,0,18,1940.811218,875.297791,0.150000,0.250000,0.000000
880,0,880,29.333333,0,19,2032.445007,858.391296,0.200000,0.250000,0.000000
880,0,880,29.333333,0,21,1839.531738,813.935974,0.100000,0.300000,0.000000
890,0,890,29.666667,0,17,1766.072266,928.822510,0.100000,0.250000,0.000000
890,0,890,29.666667,0,18,1857.594604,919.859436,0.150000,0.250000,0.000000
890,0,890,29.666667,0,21,1772.065796,854.403442,0.100000,0.300000,0.000000
890,0,890,29.666667,0,22,1861.361877,842.460449,0.150000,0.300000,0.000000
895,0,895,29.833333,0,0,1613.111084,1261.149414,0.050000,0.050000,0.000000
895,0,895,29.833333,0,1,1706.184875,1259.557861,0.100000,0.050000,0.000000
895,0,895,29.833333,0,2,1808.979980,1261.084717,0.150000,0.050000,0.000000
895,0,895,29.833333,0,3,1918.138855,1265.258179,0.200000,0.050000,0.000000
895,0,895,29.833333,0,6,1813.182190,1168.014648,0.150000,0.100000,0.000000
895,0,895,29.833333,0,7,1919.842346,1167.379272,0.200000,0.100000,0.000000
895,0,895,29.833333,0,10,1816.175049,1078.444824,0.150000,0.150000,0.000000
895,0,895,29.833333,0,12,1636.580139,1007.748474,0.050000,0.200000,0.000000
895,0,895,29.833333,0,13,1727.598816,1002.307678,0.100000,0.200000,0.000000
895,0,895,29.833333,0,14,1820.923828,995.223816,0.150000,0.200000,0.000000
895,0,895,29.833333,0,16,1645.363159,932.097595,0.050000,0.250000,0.000000
895,0,895,29.833333,0,17,1731.700989,923.778442,0.100000,0.250000,0.000000
895,0,895,29.833333,0,18,1823.604065,914.490051,0.150000,0.250000,0.000000
895,0,895,29.833333,0,19,1921.758606,906.580017,0.200000,0.250000,0.000000
895,0,895,29.833333,0,20,1654.007324,858.735779,0.050000,0.300000,0.000000
895,0,895,29.833333,0,21,1735.060242,847.954102,0.100000,0.300000,0.000000
895,0,895,29.833333,0,22,1827.492065,838.989014,0.150000,0.300000,0.000000
895,0,895,29.833333,0,23,1925.556580,829.269470,0.200000,0.300000,0.000000
900,0,900,30.000000,0,0,1609.020447,1245.371826,0.050000,0.050000,0.000000
900,0,900,30.000000,0,1,1702.992676,1242.364380,0.100000,0.050000,0.000000
900,0,900,30.000000,0,2,1805.914490,1242.014404,0.150000,0.050000,0.000000
900,0,900,30.000000,0,3,1915.461182,1243.770386,0.200000,0.050000,0.000000
900,0,900,30.000000,0,4,1616.027893,1156.697510,0.050000,0.100000,0.000000
900,0,900,30.000000,0,5,1708.605164,1152.179199,0.100000,0.100000,0.000000
900,0,900,30.000000,0,6,1808.951355,1149.687622,0.150000,0.100000,0.000000
900,0,900,30.000000,0,7,1915.416748,1147.750610,0.200000,0.100000,0.000000
900,0,900,30.000000,0,8,1623.825500,1073.905884,0.050000,0.150000,0.000000
900,0,900,30.000000,0,9,1714.356384,1067.187988,0.100000,0.150000,0.000000
900,0,900,30.000000,0,10,1811.512207,1062.729980,0.150000,0.150000,0.000000
900,0,900,30.000000,0,11,1914.767761,1057.134399,0.200000,0.150000,0.000000
900,0,900,30.000000,0,12,1630.454712,995.428467,0.050000,0.200000,0.000000
900,0,900,30.000000,0,13,1720.008484,987.543091,0.100000,0.200000,0.000000
900,0,900,30.000000,0,14,1814.255737,979.611694,0.150000,0.200000,0.000000
900,0,900,30.000000,0,15,1914.171204,971.544373,0.200000,0.200000,0.000000
900,0,900,30.000000,0,16,1638.731812,921.563293,0.050000,0.250000,0.000000
900,0,900,30.000000,0,17,1724.196716,911.279480,0.100000,0.250000,0.000000
900,0,900,30.000000,0,18,1815.975647,901.141052,0.150000,0.250000,0.000000
900,0,900,30.000000,0,19,1914.025208,890.752869,0.200000,0.250000,0.000000
900,0,900,30.000000,0,20,1644.432617,850.549561,0.050000,0.300000,0.000000
900,0,900,30.000000,0,21,1729.533264,838.925781,0.100000,0.300000,0.000000
900,0,900,30.000000,0,22,1818.646606,826.695496,0.150000,0.300000,0.000000
900,0,900,30.000000,0,23,1913.330322,814.255493,0.200000,0.300000,0.000000
905,0,905,30.166667,0,0,1612.573425,1246.525269,0.050000,0.050000,0.000000
905,0,905,30.166667,0,1,1707.199402,1244.621826,0.100000,0.050000,0.000000
905,0,905,30.166667,0,2,1809.827026,1244.671387,0.150000,0.050000,0.000000
905,0,905,30.166667,0,3,1919.030457,1246.554077,0.200000,0.050000,0.000000
905,0,905,30.166667,0,4,1619.992493,1158.280151,0.050000,0.100000,0.000000
905,0,905,30.166667,0,5,1712.937012,1154.664673,0.100000,0.100000,0.000000
905,0,905,30.166667,0,6,1812.674866,1151.733398,0.150000,0.100000,0.000000
905,0,905,30.166667,0,7,1918.580750,1150.556274,0.200000,0.100000,0.000000
905,0,905,30.166667,0,8,1627.581116,1075.351440,0.050000,0.150000,0.000000
905,0,905,30.166667,0,9,1718.060486,1069.314575,0.100000,0.150000,0.000000
905,0,905,30.166667,0,10,1815.636169,1064.992310,0.150000,0.150000,0.000000
905,0,905,30.166667,0,11,1918.506897,1060.278564,0.200000,0.150000,0.000000
905,0,905,30.166667,0,12,1634.490967,996.535706,0.050000,0.200000,0.000000
905,0,905,30.166667,0,13,1723.029602,988.897644,0.100000,0.200000,0.000000
905,0,905,30.166667,0,14,1817.597046,982.254333,0.150000,0.200000,0.000000
905,0,905,30.166667,0,15,1918.096313,974.598206,0.200000,0.200000,0.000000
905,0,905,30.166667,0,16,1641.801575,922.540649,0.050000,0.250000,0.000000
905,0,905,30.166667,0,17,1728.149353,912.705750,0.100000,0.250000,0.000000
905,0,905,30.166667,0,18,1820.889587,903.628662,0.150000,0.250000,0.000000
905,0,905,30.166667,0,19,1917.295105,893.730530,0.200000,0.250000,0.000000
905,0,905,30.166667,0,20,1648.181335,851.429504,0.050000,0.300000,0.000000
905,0,905,30.166667,0,21,1733.246948,840.541321,0.100000,0.300000,0.000000
905,0,905,30.166667,0,22,1822.604797,828.655273,0.150000,0.300000,0.000000
905,0,905,30.166667,0,23,1916.908752,816.706848,0.200000,0.300000,0.000000
910,0,910,30.333333,0,0,1612.508362,1246.218750,0.050000,0.050000,0.000000
910,0,910,30.333333,0,1,1706.778564,1244.530396,0.100000,0.050000,0.000000
910,0,910,30.333333,0,2,1809.261780,1245.963257,0.150000,0.050000,0.000000
910,0,910,30.333333,0,3,1918.213318,1247.888062,0.200000,0.050000,0.000000
910,0,910,30.333333,0,4,1620.018311,1158.139282,0.050000,0.100000,0.000000
910,0,910,30.333333,0,5,1712.448486,1154.525269,0.100000,0.100000,0.000000
910,0,910,30.333333,0,6,1812.435486,1153.216064,0.150000,0.100000,0.000000
910,0,910,30.333333,0,7,1918.604614,1152.296631,0.200000,0.100000,0.000000
910,0,910,30.333333,0,8,1628.257019,1075.318970,0.050000,0.150000,0.000000
910,0,910,30.333333,0,9,1718.597778,1069.713745,0.100000,0.150000,0.000000
910,0,910,30.333333,0,10,1815.899780,1066.151611,0.150000,0.150000,0.000000
910,0,910,30.333333,0,11,1918.555420,1061.536987,0.200000,0.150000,0.000000
910,0,910,30.333333,0,12,1635.512817,996.591064,0.050000,0.200000,0.000000
910,0,910,30.333333,0,13,1724.794617,990.222412,0.100000,0.200000,0.000000
910,0,910,30.333333,0,14,1818.743530,982.973267,0.150000,0.200000,0.000000
910,0,910,30.333333,0,15,1918.732361,976.070435,0.200000,0.200000,0.000000
910,0,910,30.333333,0,16,1643.470398,922.512695,0.050000,0.250000,0.000000
910,0,910,30.333333,0,17,1729.673157,913.464966,0.100000,0.250000,0.000000
910,0,910,30.333333,0,18,1820.899841,904.384949,0.150000,0.250000,0.000000
910,0,910,30.333333,0,19,1918.980042,895.024048,0.200000,0.250000,0.000000
910,0,910,30.333333,0,20,1649.762634,851.632690,0.050000,0.300000,0.000000
910,0,910,30.333333,0,21,1735.427185,841.271545,0.100000,0.300000,0.000000
910,0,910,30.333333,0,22,1824.692688,829.799622,0.150000,0.300000,0.000000
910,0,910,30.333333,0,23,1918.751160,818.420349,0.200000,0.300000,0.000000
915,0,915,30.500000,0,0,1609.793518,1246.206177,0.050000,0.050000,0.000000
915,0,915,30.500000,0,1,1703.776306,1244.840820,0.100000,0.050000,0.000000
915,0,915,30.500000,0,2,1805.738159,1246.539062,0.150000,0.050000,0.000000
915,0,915,30.500000,0,3,1915.196289,1249.179810,0.200000,0.050000,0.000000
915,0,915,30.500000,0,4,1617.556335,1157.851685,0.050000,0.100000,0.000000
915,0,915,30.500000,0,5,1710.035095,1155.065674,0.100000,0.100000,0.000000
915,0,915,30.500000,0,6,1809.878723,1153.918213,0.150000,0.100000,0.000000
915,0,915,30.500000,0,7,1916.110840,1153.266113,0.200000,0.100000,0.000000
915,0,915,30.500000,0,8,1626.588318,1075.721558,0.050000,0.150000,0.000000
915,0,915,30.500000,0,9,1716.604370,1070.343628,0.100000,0.150000,0.000000
915,0,915,30.500000,0,10,1813.926880,1066.897095,0.150000,0.150000,0.000000
915,0,915,30.500000,0,11,1916.210999,1062.605957,0.200000,0.150000,0.000000
915,0,915,30.500000,0,12,1634.244629,997.054199,0.050000,0.200000,0.000000
915,0,915,30.500000,0,13,1723.385681,990.627625,0.100000,0.200000,0.000000
915,0,915,30.500000,0,14,1816.915833,983.807190,0.150000,0.200000,0.000000
915,0,915,30.500000,0,15,1916.520996,976.976746,0.200000,0.200000,0.000000
915,0,915,30.500000,0,16,1641.872986,922.431641,0.050000,0.250000,0.000000
915,0,915,30.500000,0,17,1728.303528,913.574402,0.100000,0.250000,0.000000
915,0,915,30.500000,0,18,1820.886230,905.590820,0.150000,0.250000,0.000000
915,0,915,30.500000,0,19,1917.255127,895.757629,0.200000,0.250000,0.000000
915,0,915,30.500000,0,20,1648.834778,852.257446,0.050000,0.300000,0.000000
915,0,915,30.500000,0,21,1734.717712,841.699219,0.100000,0.300000,0.000000
915,0,915,30.500000,0,22,1823.627869,830.419617,0.150000,0.300000,0.000000
915,0,915,30.500000,0,23,1917.838684,818.745239,0.200000,0.300000,0.000000
920,0,920,30.666667,0,0,1598.956116,1249.629517,0.050000,0.050000,0.000000
920,0,920,30.666667,0,1,1692.527588,1249.491577,0.100000,0.050000,0.000000
920,0,920,30.666667,0,2,1793.606445,1251.196167,0.150000,0.050000,0.000000
920,0,920,30.666667,0,3,1901.650879,1254.026367,0.200000,0.050000,0.000000
920,0,920,30.666667,0,4,1607.898804,1162.155151,0.050000,0.100000,0.000000
920,0,920,30.666667,0,5,1699.355652,1158.977539,0.100000,0.100000,0.000000
920,0,920,30.666667,0,6,1797.687317,1158.409546,0.150000,0.100000,0.000000
920,0,920,30.666667,0,7,1902.923706,1157.855225,0.200000,0.100000,0.000000
920,0,920,30.666667,0,8,1617.269287,1078.979248,0.050000,0.150000,0.000000
920,0,920,30.666667,0,9,1705.898560,1073.714478,0.100000,0.150000,0.000000
920,0,920,30.666667,0,10,1802.425110,1070.830444,0.150000,0.150000,0.000000
920,0,920,30.666667,0,11,1904.433167,1067.204468,0.200000,0.150000,0.000000
920,0,920,30.666667,0,12,1625.524841,1000.282410,0.050000,0.200000,0.000000
920,0,920,30.666667,0,13,1713.386902,993.835938,0.100000,0.200000,0.000000
920,0,920,30.666667,0,14,1806.209656,987.688293,0.150000,0.200000,0.000000
920,0,920,30.666667,0,15,1906.203552,981.129761,0.200000,0.200000,0.000000
920,0,920,30.666667,0,16,1632.843689,925.323853,0.050000,0.250000,0.000000
920,0,920,30.666667,0,17,1718.887756,916.951233,0.100000,0.250000,0.000000
920,0,920,30.666667,0,18,1809.821045,908.320435,0.150000,0.250000,0.000000
920,0,920,30.666667,0,19,1907.067322,899.798340,0.200000,0.250000,0.000000
920,0,920,30.666667,0,20,1641.320435,854.098572,0.050000,0.300000,0.000000
920,0,920,30.666667,0,21,1725.461121,844.266968,0.100000,0.300000,0.000000
920,0,920,30.666667,0,22,1814.490295,832.847900,0.150000,0.300000,0.000000
920,0,920,30.666667,0,23,1908.272095,821.788574,0.200000,0.300000,0.000000
925,0,925,30.833333,0,0,1594.645874,1252.169434,0.050000,0.050000,0.000000
925,0,925,30.833333,0,1,1687.171204,1251.618530,0.100000,0.050000,0.000000
925,0,925,30.833333,0,2,1788.604004,1253.443726,0.150000,0.050000,0.000000
925,0,925,30.833333,0,3,1895.990295,1256.282593,0.200000,0.050000,0.000000
925,0,925,30.833333,0,4,1602.694702,1163.320801,0.050000,0.100000,0.000000
925,0,925,30.833333,0,5,1694.635681,1160.798096,0.100000,0.100000,0.000000
925,0,925,30.833333,0,6,1793.017395,1160.421997,0.150000,0.100000,0.000000
925,0,925,30.833333,0,7,1897.735229,1160.103638,0.200000,0.100000,0.000000
925,0,925,30.833333,0,8,1611.744934,1079.716187,0.050000,0.150000,0.000000
925,0,925,30.833333,0,9,1701.088440,1075.349609,0.100000,0.150000,0.000000
925,0,925,30.833333,0,10,1797.083740,1072.537964,0.150000,0.150000,0.000000
925,0,925,30.833333,0,11,1898.503113,1069.040039,0.200000,0.150000,0.000000
925,0,925,30.833333,0,12,1619.700684,1001.304260,0.050000,0.200000,0.000000
925,0,925,30.833333,0,13,1707.913513,994.804443,0.100000,0.200000,0.000000
925,0,925,30.833333,0,14,1801.715149,988.664307,0.150000,0.200000,0.000000
925,0,925,30.833333,0,15,1900.642456,982.566589,0.200000,0.200000,0.000000
925,0,925,30.833333,0,16,1628.530945,926.346802,0.050000,0.250000,0.000000
925,0,925,30.833333,0,17,1714.668823,917.424561,0.100000,0.250000,0.000000
925,0,925,30.833333,0,18,1805.509277,909.432251,0.150000,0.250000,0.000000
925,0,925,30.833333,0,19,1901.913147,900.747437,0.200000,0.250000,0.000000
925,0,925,30.833333,0,20,1636.766296,854.216797,0.050000,0.300000,0.000000
925,0,925,30.833333,0,21,1721.558838,845.193359,0.100000,0.300000,0.000000
925,0,925,30.833333,0,22,1809.612000,834.215454,0.150000,0.300000,0.000000
925,0,925,30.833333,0,23,1902.785461,822.494995,0.200000,0.300000,0.000000
930,0,930,31.000000,0,0,1562.332764,1257.823608,0.050000,0.050000,0.000000
930,0,930,31.000000,0,1,1654.567200,1256.727295,0.100000,0.050000,0.000000
930,0,930,31.000000,0,2,1754.747070,1257.812744,0.150000,0.050000,0.000000
930,0,930,31.000000,0,3,1860.948730,1259.357666,0.200000,0.050000,0.000000
930,0,930,31.000000,0,4,1567.809692,1168.382690,0.050000,0.100000,0.000000
930,0,930,31.000000,0,5,1659.393616,1165.348755,0.100000,0.100000,0.000000
930,0,930,31.000000,0,6,1756.416504,1163.768677,0.150000,0.100000,0.000000
930,0,930,31.000000,0,7,1861.252625,1162.646973,0.200000,0.100000,0.000000
930,0,930,31.000000,0,8,1577.042358,1085.296509,0.050000,0.150000,0.000000
930,0,930,31.000000,0,11,1860.476318,1071.227173,0.200000,0.150000,0.000000
930,0,930,31.000000,0,12,1583.738220,1001.807556,0.050000,0.200000,0.000000
930,0,930,31.000000,0,15,1862.408936,985.284851,0.200000,0.200000,0.000000
930,0,930,31.000000,0,16,1587.741577,927.288818,0.050000,0.250000,0.000000
930,0,930,31.000000,0,17,1671.848938,919.188171,0.100000,0.250000,0.000000
930,0,930,31.000000,0,18,1764.776794,910.991028,0.150000,0.250000,0.000000
930,0,930,31.000000,0,19,1859.170959,901.357300,0.200000,0.250000,0.000000
930,0,930,31.000000,0,21,1677.489807,844.476746,0.100000,0.300000,0.000000
930,0,930,31.000000,0,22,1767.372925,832.830200,0.150000,0.300000,0.000000
930,0,930,31.000000,0,23,1860.966675,823.331055,0.200000,0.300000,0.000000
945,0,945,31.500000,0,0,1376.425659,1249.361450,0.050000,0.050000,0.000000
945,0,945,31.500000,0,1,1466.582886,1237.789429,0.100000,0.050000,0.000000
945,0,945,31.500000,0,2,1563.302979,1227.582520,0.150000,0.050000,0.000000
945,0,945,31.500000,0,3,1659.134338,1217.016968,0.200000,0.050000,0.000000
945,0,945,31.500000,0,6,1552.278564,1138.255493,0.150000,0.100000,0.000000
945,0,945,31.500000,0,7,1647.600342,1126.087891,0.200000,0.100000,0.000000
945,0,945,31.500000,0,11,1635.136658,1040.550049,0.200000,0.150000,0.000000
945,0,945,31.500000,0,12,1365.339355,1000.496948,0.050000,0.200000,0.000000
950,0,950,31.666667,0,0,1331.088867,1263.330688,0.050000,0.050000,0.000000
950,0,950,31.666667,0,1,1419.657349,1250.397827,0.100000,0.050000,0.000000
950,0,950,31.666667,0,2,1511.239502,1239.160400,0.150000,0.050000,0.000000
950,0,950,31.666667,0,3,1605.266235,1228.628784,0.200000,0.050000,0.000000
950,0,950,31.666667,0,6,1500.494141,1152.430054,0.150000,0.100000,0.000000
950,0,950,31.666667,0,7,1592.909241,1140.644531,0.200000,0.100000,0.000000
950,0,950,31.666667,0,11,1579.233521,1058.021729,0.200000,0.150000,0.000000
950,0,950,31.666667,0,16,1311.795654,946.742920,0.050000,0.250000,0.000000
950,0,950,31.666667,0,17,1391.078857,931.123047,0.100000,0.250000,0.000000
950,0,950,31.666667,0,22,1465.082031,845.393921,0.150000,0.300000,0.000000
950,0,950,31.666667,0,23,1546.127441,830.601929,0.200000,0.300000,0.000000
955,0,955,31.833333,0,2,1491.325562,1227.671021,0.150000,0.050000,0.000000
955,0,955,31.833333,0,3,1585.754517,1218.345825,0.200000,0.050000,0.000000
955,0,955,31.833333,0,4,1306.615479,1168.039673,0.050000,0.100000,0.000000
955,0,955,31.833333,0,5,1394.475952,1155.854858,0.100000,0.100000,0.000000
955,0,955,31.833333,0,6,1482.878906,1145.746704,0.150000,0.100000,0.000000
955,0,955,31.833333,0,7,1574.220886,1135.032593,0.200000,0.100000,0.000000
955,0,955,31.833333,0,8,1304.846802,1091.737183,0.050000,0.150000,0.000000
955,0,955,31.833333,0,9,1388.212769,1080.004272,0.100000,0.150000,0.000000
955,0,955,31.833333,0,10,1475.194214,1067.924072,0.150000,0.150000,0.000000
955,0,955,31.833333,0,11,1563.380127,1057.326660,0.200000,0.150000,0.000000
955,0,955,31.833333,0,12,1302.552612,1019.012756,0.050000,0.200000,0.000000
955,0,955,31.833333,0,13,1384.124268,1007.252747,0.100000,0.200000,0.000000
955,0,955,31.833333,0,14,1468.011963,995.485352,0.150000,0.200000,0.000000
955,0,955,31.833333,0,15,1553.256592,984.134277,0.200000,0.200000,0.000000
955,0,955,31.833333,0,16,1300.720825,951.410522,0.050000,0.250000,0.000000
955,0,955,31.833333,0,17,1379.735229,938.832703,0.100000,0.250000,0.000000
955,0,955,31.833333,0,18,1460.878784,926.587036,0.150000,0.250000,0.000000
955,0,955,31.833333,0,19,1544.038696,914.143921,0.200000,0.250000,0.000000
955,0,955,31.833333,0,20,1297.937744,886.751587,0.050000,0.300000,0.000000
955,0,955,31.833333,0,21,1376.678833,874.542786,0.100000,0.300000,0.000000
955,0,955,31.833333,0,22,1454.341553,861.824524,0.150000,0.300000,0.000000
955,0,955,31.833333,0,23,1535.121948,848.630493,0.200000,0.300000,0.000000
960,0,960,32.000000,0,0,1304.701904,1228.834717,0.050000,0.050000,0.000000
960,0,960,32.000000,0,1,1393.518188,1217.566772,0.100000,0.050000,0.000000
960,0,960,32.000000,0,2,1486.084961,1208.750244,0.150000,0.050000,0.000000
960,0,960,32.000000,0,3,1580.571167,1200.607910,0.200000,0.050000,0.000000
960,0,960,32.000000,0,4,1302.542480,1148.648560,0.050000,0.100000,0.000000
960,0,960,32.000000,0,5,1389.582153,1137.434570,0.100000,0.100000,0.000000
960,0,960,32.000000,0,6,1478.535522,1128.657593,0.150000,0.100000,0.000000
960,0,960,32.000000,0,7,1570.034607,1119.712158,0.200000,0.100000,0.000000
960,0,960,32.000000,0,8,1301.336182,1073.745605,0.050000,0.150000,0.000000
960,0,960,32.000000,0,9,1385.658203,1062.797852,0.100000,0.150000,0.000000
960,0,960,32.000000,0,10,1471.698364,1053.517212,0.150000,0.150000,0.000000
960,0,960,32.000000,0,11,1559.858521,1043.553955,0.200000,0.150000,0.000000
960,0,960,32.000000,0,12,1299.874390,1003.787659,0.050000,0.200000,0.000000
960,0,960,32.000000,0,13,1382.406982,993.196594,0.100000,0.200000,0.000000
960,0,960,32.000000,0,14,1465.489868,982.865173,0.150000,0.200000,0.000000
960,0,960,32.000000,0,15,1550.975952,972.413147,0.200000,0.200000,0.000000
960,0,960,32.000000,0,16,1298.750366,937.891052,0.050000,0.250000,0.000000
960,0,960,32.000000,0,17,1378.372559,926.862488,0.100000,0.250000,0.000000
960,0,960,32.000000,0,18,1458.675415,915.705933,0.150000,0.250000,0.000000
960,0,960,32.000000,0,19,1542.190063,904.809570,0.200000,0.250000,0.000000
960,0,960,32.000000,0,20,1297.564697,875.627502,0.050000,0.300000,0.000000
960,0,960,32.000000,0,21,1376.057373,864.579346,0.100000,0.300000,0.000000
960,0,960,32.000000,0,22,1453.630005,853.237061,0.150000,0.300000,0.000000
960,0,960,32.000000,0,23,1534.804077,841.402039,0.200000,0.300000,0.000000
965,0,965,32.166667,0,0,1295.403931,1239.533447,0.050000,0.050000,0.000000
965,0,965,32.166667,0,1,1385.778076,1231.205566,0.100000,0.050000,0.000000
965,0,965,32.166667,0,2,1479.693481,1225.188965,0.150000,0.050000,0.000000
965,0,965,32.166667,0,3,1575.168457,1220.855347,0.200000,0.050000,0.000000
965,0,965,32.166667,0,4,1294.695923,1157.569458,0.050000,0.100000,0.000000
965,0,965,32.166667,0,5,1383.455444,1149.418823,0.100000,0.100000,0.000000
965,0,965,32.166667,0,6,1473.596436,1143.850708,0.150000,0.100000,0.000000
965,0,965,32.166667,0,7,1565.787476,1137.674561,0.200000,0.100000,0.000000
965,0,965,32.166667,0,8,1293.838989,1080.913574,0.050000,0.150000,0.000000
965,0,965,32.166667,0,9,1381.459839,1072.397949,0.100000,0.150000,0.000000
965,0,965,32.166667,0,10,1468.552368,1067.294922,0.150000,0.150000,0.000000
965,0,965,32.166667,0,11,1556.440674,1061.222778,0.200000,0.150000,0.000000
965,0,965,32.166667,0,12,1293.974243,1010.760437,0.050000,0.200000,0.000000
965,0,965,32.166667,0,13,1377.825317,1002.167603,0.100000,0.200000,0.000000
965,0,965,32.166667,0,14,1463.237671,994.619385,0.150000,0.200000,0.000000
965,0,965,32.166667,0,15,1548.878784,987.403992,0.200000,0.200000,0.000000
965,0,965,32.166667,0,16,1294.897827,942.600891,0.050000,0.250000,0.000000
965,0,965,32.166667,0,17,1375.874146,934.564331,0.100000,0.250000,0.000000
965,0,965,32.166667,0,18,1457.618042,926.491821,0.150000,0.250000,0.000000
965,0,965,32.166667,0,19,1541.598633,918.915955,0.200000,0.250000,0.000000
965,0,965,32.166667,0,20,1294.749023,879.347778,0.050000,0.300000,0.000000
965,0,965,32.166667,0,21,1373.750488,871.121216,0.100000,0.300000,0.000000
965,0,965,32.166667,0,22,1453.546631,862.538330,0.150000,0.300000,0.000000
965,0,965,32.166667,0,23,1535.485840,854.183594,0.200000,0.300000,0.000000
970,0,970,32.333333,0,0,1283.740356,1247.346558,0.050000,0.050000,0.000000
970,0,970,32.333333,0,1,1375.020874,1239.991333,0.100000,0.050000,0.000000
970,0,970,32.333333,0,2,1469.465454,1235.089966,0.150000,0.050000,0.000000
970,0,970,32.333333,0,3,1563.781006,1231.752930,0.200000,0.050000,0.000000
970,0,970,32.333333,0,4,1283.452881,1165.608643,0.050000,0.100000,0.000000
970,0,970,32.333333,0,5,1372.789917,1158.322144,0.100000,0.100000,0.000000
970,0,970,32.333333,0,6,1463.280396,1153.096680,0.150000,0.100000,0.000000
970,0,970,32.333333,0,7,1555.541138,1148.890869,0.200000,0.100000,0.000000
970,0,970,32.333333,0,8,1284.052490,1089.301392,0.050000,0.150000,0.000000
970,0,970,32.333333,0,9,1369.319458,1082.417480,0.100000,0.150000,0.000000
970,0,970,32.333333,0,10,1458.739746,1077.324585,0.150000,0.150000,0.000000
970,0,970,32.333333,0,11,1546.079102,1071.549683,0.200000,0.150000,0.000000
970,0,970,32.333333,0,12,1283.254395,1017.703064,0.050000,0.200000,0.000000
970,0,970,32.333333,0,13,1368.592285,1011.197388,0.100000,0.200000,0.000000
970,0,970,32.333333,0,14,1452.450806,1004.721130,0.150000,0.200000,0.000000
970,0,970,32.333333,0,15,1538.774780,998.621826,0.200000,0.200000,0.000000
970,0,970,32.333333,0,16,1284.137939,950.072205,0.050000,0.250000,0.000000
970,0,970,32.333333,0,17,1364.733154,943.393677,0.100000,0.250000,0.000000
970,0,970,32.333333,0,18,1448.676270,936.506958,0.150000,0.250000,0.000000
970,0,970,32.333333,0,19,1530.686890,930.514648,0.200000,0.250000,0.000000
970,0,970,32.333333,0,20,1284.464600,886.297180,0.050000,0.300000,0.000000
970,0,970,32.333333,0,21,1363.898804,879.520142,0.100000,0.300000,0.000000
970,0,970,32.333333,0,22,1443.472656,872.198425,0.150000,0.300000,0.000000
970,0,970,32.333333,0,23,1524.773804,865.281067,0.200000,0.300000,0.000000
975,0,975,32.500000,0,0,1269.753296,1248.593262,0.050000,0.050000,0.000000
975,0,975,32.500000,0,1,1361.086182,1243.113281,0.100000,0.050000,0.000000
975,0,975,32.500000,0,2,1455.701782,1239.155640,0.150000,0.050000,0.000000
975,0,975,32.500000,0,3,1550.400635,1236.537109,0.200000,0.050000,0.000000
975,0,975,32.500000,0,4,1270.931641,1166.749390,0.050000,0.100000,0.000000
975,0,975,32.500000,0,5,1360.371704,1161.303711,0.100000,0.100000,0.000000
975,0,975,32.500000,0,6,1450.083374,1157.597656,0.150000,0.100000,0.000000
975,0,975,32.500000,0,7,1542.396973,1153.684448,0.200000,0.100000,0.000000
975,0,975,32.500000,0,8,1272.415894,1090.531372,0.050000,0.150000,0.000000
975,0,975,32.500000,0,9,1357.488647,1085.395386,0.100000,0.150000,0.000000
975,0,975,32.500000,0,10,1446.540771,1080.862793,0.150000,0.150000,0.000000
975,0,975,32.500000,0,11,1534.595703,1076.971924,0.200000,0.150000,0.000000
975,0,975,32.500000,0,12,1272.660278,1019.659912,0.050000,0.200000,0.000000
975,0,975,32.500000,0,13,1358.337524,1014.124634,0.100000,0.200000,0.000000
975,0,975,32.500000,0,14,1441.790527,1008.615479,0.150000,0.200000,0.000000
975,0,975,32.500000,0,15,1528.427246,1003.561707,0.200000,0.200000,0.000000
975,0,975,32.500000,0,16,1275.114014,952.126831,0.050000,0.250000,0.000000
975,0,975,32.500000,0,17,1355.570190,946.144287,0.100000,0.250000,0.000000
975,0,975,32.500000,0,18,1439.080078,940.820374,0.150000,0.250000,0.000000
975,0,975,32.500000,0,19,1522.281738,935.164978,0.200000,0.250000,0.000000
975,0,975,32.500000,0,20,1274.770630,888.718872,0.050000,0.300000,0.000000
975,0,975,32.500000,0,21,1354.255493,882.463806,0.100000,0.300000,0.000000
975,0,975,32.500000,0,22,1434.198486,876.853699,0.150000,0.300000,0.000000
975,0,975,32.500000,0,23,1515.376465,870.408264,0.200000,0.300000,0.000000
980,0,980,32.666667,0,0,1247.091919,1250.827637,0.050000,0.050000,0.000000
980,0,980,32.666667,0,1,1338.573975,1245.812134,0.100000,0.050000,0.000000
980,0,980,32.666667,0,2,1433.138306,1243.427734,0.150000,0.050000,0.000000
980,0,980,32.666667,0,3,1527.282349,1241.753174,0.200000,0.050000,0.000000
980,0,980,32.666667,0,4,1249.418335,1168.878174,0.050000,0.100000,0.000000
980,0,980,32.666667,0,5,1339.572144,1164.674438,0.100000,0.100000,0.000000
980,0,980,32.666667,0,8,1251.761963,1092.641846,0.050000,0.150000,0.000000
980,0,980,32.666667,0,9,1338.274048,1088.098877,0.100000,0.150000,0.000000
980,0,980,32.666667,0,12,1255.081665,1021.492737,0.050000,0.200000,0.000000
980,0,980,32.666667,0,13,1339.503052,1017.490662,0.100000,0.200000,0.000000
980,0,980,32.666667,0,14,1423.178101,1013.350525,0.150000,0.200000,0.000000
980,0,980,32.666667,0,15,1510.378906,1009.780701,0.200000,0.200000,0.000000
980,0,980,32.666667,0,16,1257.668457,954.560791,0.050000,0.250000,0.000000
980,0,980,32.666667,0,17,1338.039673,949.981873,0.100000,0.250000,0.000000
980,0,980,32.666667,0,18,1421.995117,945.812012,0.150000,0.250000,0.000000
980,0,980,32.666667,0,19,1504.382324,941.122314,0.200000,0.250000,0.000000
980,0,980,32.666667,0,20,1258.893311,891.382874,0.050000,0.300000,0.000000
980,0,980,32.666667,0,21,1339.453247,886.368103,0.100000,0.300000,0.000000
980,0,980,32.666667,0,22,1418.085449,881.540283,0.150000,0.300000,0.000000
980,0,980,32.666667,0,23,1500.593018,876.645447,0.200000,0.300000,0.000000
985,0,985,32.833333,0,0,1210.264282,1245.254761,0.050000,0.050000,0.000000
985,0,985,32.833333,0,1,1299.631714,1238.518677,0.100000,0.050000,0.000000
985,0,985,32.833333,0,2,1393.187134,1236.356445,0.150000,0.050000,0.000000
985,0,985,32.833333,0,3,1486.282959,1234.032227,0.200000,0.050000,0.000000
985,0,985,32.833333,0,6,1389.616089,1155.718872,0.150000,0.100000,0.000000
985,0,985,32.833333,0,7,1481.193115,1152.532349,0.200000,0.100000,0.000000
985,0,985,32.833333,0,11,1475.154907,1077.320679,0.200000,0.150000,0.000000
990,0,990,33.000000,0,0,1153.668579,1243.538696,0.050000,0.050000,0.000000
990,0,990,33.000000,0,1,1242.826904,1238.029785,0.100000,0.050000,0.000000
990,0,990,33.000000,0,2,1334.850464,1234.661377,0.150000,0.050000,0.000000
990,0,990,33.000000,0,3,1427.647583,1233.431519,0.200000,0.050000,0.000000
990,0,990,33.000000,0,15,1415.370850,1010.525513,0.200000,0.200000,0.000000
990,0,990,33.000000,0,16,1170.608032,957.301086,0.050000,0.250000,0.000000
990,0,990,33.000000,0,17,1248.610474,952.696289,0.100000,0.250000,0.000000
990,0,990,33.000000,0,18,1330.716309,948.844788,0.150000,0.250000,0.000000
990,0,990,33.000000,0,19,1410.514160,944.961304,0.200000,0.250000,0.000000
990,0,990,33.000000,0,20,1173.286255,895.299072,0.050000,0.300000,0.000000
990,0,990,33.000000,0,21,1250.968262,891.572754,0.100000,0.300000,0.000000
995,0,995,33.166667,0,0,1148.379272,1232.434692,0.050000,0.050000,0.000000
995,0,995,33.166667,0,1,1238.086792,1225.682129,0.100000,0.050000,0.000000
995,0,995,33.166667,0,2,1329.745239,1221.328003,0.150000,0.050000,0.000000
995,0,995,33.166667,0,3,1421.812500,1219.942383,0.200000,0.050000,0.000000
995,0,995,33.166667,0,4,1151.734009,1155.733276,0.050000,0.100000,0.000000
995,0,995,33.166667,0,5,1239.833008,1149.144287,0.100000,0.100000,0.000000
995,0,995,33.166667,0,6,1328.307861,1144.910522,0.150000,0.100000,0.000000
995,0,995,33.166667,0,7,1417.121704,1141.801514,0.200000,0.100000,0.000000
995,0,995,33.166667,0,8,1156.679565,1083.841675,0.050000,0.150000,0.000000
995,0,995,33.166667,0,9,1241.188232,1077.951294,0.100000,0.150000,0.000000
995,0,995,33.166667,0,10,1325.842651,1073.915283,0.150000,0.150000,0.000000
995,0,995,33.166667,0,11,1412.914551,1070.290039,0.200000,0.150000,0.000000
995,0,995,33.166667,0,12,1160.439453,1017.455688,0.050000,0.200000,0.000000
995,0,995,33.166667,0,13,1243.083130,1012.418701,0.100000,0.200000,0.000000
995,0,995,33.166667,0,14,1324.859009,1008.063599,0.150000,0.200000,0.000000
995,0,995,33.166667,0,15,1408.975220,1003.862305,0.200000,0.200000,0.000000
995,0,995,33.166667,0,16,1164.940186,955.415283,0.050000,0.250000,0.000000
995,0,995,33.166667,0,17,1243.731812,949.705688,0.100000,0.250000,0.000000
995,0,995,33.166667,0,18,1324.450562,945.447083,0.150000,0.250000,0.000000
995,0,995,33.166667,0,19,1404.313354,940.334839,0.200000,0.250000,0.000000
995,0,995,33.166667,0,20,1167.600342,896.563110,0.050000,0.300000,0.000000
995,0,995,33.166667,0,21,1244.934937,891.153137,0.100000,0.300000,0.000000
995,0,995,33.166667,0,22,1322.381714,886.011414,0.150000,0.300000,0.000000
995,0,995,33.166667,0,23,1400.594116,880.540283,0.200000,0.300000,0.000000
1000,0,1000,33.333333,0,0,1152.461792,1209.695557,0.050000,0.050000,0.000000
1000,0,1000,33.333333,0,1,1242.670654,1204.672729,0.100000,0.050000,0.000000
1000,0,1000,33.333333,0,6,1332.345093,1126.396973,0.150000,0.100000,0.000000
1000,0,1000,33.333333,0,7,1420.935669,1123.416870,0.200000,0.100000,0.000000
1000,0,1000,33.333333,0,10,1329.803101,1057.622559,0.150000,0.150000,0.000000
1000,0,1000,33.333333,0,11,1415.389648,1055.009033,0.200000,0.150000,0.000000
1000,0,1000,33.333333,0,12,1165.739502,1003.794556,0.050000,0.200000,0.000000
1000,0,1000,33.333333,0,13,1246.680420,998.279114,0.100000,0.200000,0.000000
1000,0,1000,33.333333,0,14,1329.542969,993.749817,0.150000,0.200000,0.000000
1000,0,1000,33.333333,0,15,1413.193237,990.679688,0.200000,0.200000,0.000000
1000,0,1000,33.333333,0,16,1169.652222,944.017395,0.050000,0.250000,0.000000
1000,0,1000,33.333333,0,17,1248.444824,938.110229,0.100000,0.250000,0.000000
1000,0,1000,33.333333,0,18,1328.451294,934.462708,0.150000,0.250000,0.000000
1000,0,1000,33.333333,0,19,1407.814697,928.888489,0.200000,0.250000,0.000000
1000,0,1000,33.333333,0,20,1172.685669,887.545776,0.050000,0.300000,0.000000
1000,0,1000,33.333333,0,21,1249.781006,882.224609,0.100000,0.300000,0.000000
1000,0,1000,33.333333,0,22,1326.347656,876.861023,0.150000,0.300000,0.000000
1000,0,1000,33.333333,0,23,1403.282593,871.423767,0.200000,0.300000,0.000000
1005,0,1005,33.500000,0,0,1175.153687,1179.243774,0.050000,0.050000,0.000000
1005,0,1005,33.500000,0,1,1260.870117,1172.308960,0.100000,0.050000,0.000000
1005,0,1005,33.500000,0,2,1353.401855,1166.995483,0.150000,0.050000,0.000000
1005,0,1005,33.500000,0,3,1441.699829,1165.216553,0.200000,0.050000,0.000000
1005,0,1005,33.500000,0,6,1348.615479,1095.939331,0.150000,0.100000,0.000000
1005,0,1005,33.500000,0,7,1437.360352,1090.771118,0.200000,0.100000,0.000000
1005,0,1005,33.500000,0,10,1346.965820,1027.329346,0.150000,0.150000,0.000000
1005,0,1005,33.500000,0,12,1182.581299,977.362488,0.050000,0.200000,0.000000
1005,0,1005,33.500000,0,13,1265.937134,970.941528,0.100000,0.200000,0.000000
1005,0,1005,33.500000,0,14,1343.822021,966.570129,0.150000,0.200000,0.000000
1005,0,1005,33.500000,0,16,1186.474609,918.092163,0.050000,0.250000,0.000000
1005,0,1005,33.500000,0,19,1419.439331,904.532104,0.200000,0.250000,0.000000
1015,0,1015,33.833333,0,12,1202.789429,894.221619,0.050000,0.200000,0.000000
1015,0,1015,33.833333,0,15,1433.216919,867.884399,0.200000,0.200000,0.000000
1015,0,1015,33.833333,0,17,1276.377319,818.716858,0.100000,0.250000,0.000000
1015,0,1015,33.833333,0,18,1349.441895,808.908752,0.150000,0.250000,0.000000
1020,0,1020,34.000000,0,12,1196.724731,897.055298,0.050000,0.200000,0.000000
1020,0,1020,34.000000,0,15,1417.297363,860.076355,0.200000,0.200000,0.000000
1020,0,1020,34.000000,0,16,1187.068359,826.911987,0.050000,0.250000,0.000000
1020,0,1020,34.000000,0,17,1258.772705,814.202637,0.100000,0.250000,0.000000
1020,0,1020,34.000000,0,18,1331.099731,802.115234,0.150000,0.250000,0.000000
1020,0,1020,34.000000,0,19,1404.639771,789.085144,0.200000,0.250000,0.000000
1020,0,1020,34.000000,0,20,1176.411743,757.611938,0.050000,0.300000,0.000000
1020,0,1020,34.000000,0,21,1248.237793,745.875183,0.100000,0.300000,0.000000
1020,0,1020,34.000000,0,22,1319.727905,732.975769,0.150000,0.300000,0.000000
1020,0,1020,34.000000,0,23,1392.337524,720.733398,0.200000,0.300000,0.000000
1025,0,1025,34.166667,0,12,1171.873657,875.840210,0.050000,0.200000,0.000000
1025,0,1025,34.166667,0,15,1386.047119,837.599854,0.200000,0.200000,0.000000
1025,0,1025,34.166667,0,16,1161.634277,806.972717,0.050000,0.250000,0.000000
1025,0,1025,34.166667,0,17,1231.043579,794.195984,0.100000,0.250000,0.000000
1025,0,1025,34.166667,0,18,1300.373291,780.071655,0.150000,0.250000,0.000000
1025,0,1025,34.166667,0,20,1150.501709,738.621887,0.050000,0.300000,0.000000
1025,0,1025,34.166667,0,21,1220.238525,725.777039,0.100000,0.300000,0.000000
1025,0,1025,34.166667,0,22,1289.792603,712.677246,0.150000,0.300000,0.000000
1030,0,1030,34.333333,0,0,1222.768555,1078.336548,0.050000,0.050000,0.000000
1030,0,1030,34.333333,0,1,1294.256470,1069.467041,0.100000,0.050000,0.000000
1030,0,1030,34.333333,0,2,1364.667725,1058.506226,0.150000,0.050000,0.000000
1030,0,1030,34.333333,0,3,1436.227417,1049.605103,0.200000,0.050000,0.000000
1030,0,1030,34.333333,0,4,1213.325195,1008.310791,0.050000,0.100000,0.000000
1030,0,1030,34.333333,0,5,1284.365479,998.191833,0.100000,0.100000,0.000000
1030,0,1030,34.333333,0,6,1355.158569,987.409424,0.150000,0.100000,0.000000
1030,0,1030,34.333333,0,7,1425.420166,977.900146,0.200000,0.100000,0.000000
1030,0,1030,34.333333,0,8,1204.222168,938.188049,0.050000,0.150000,0.000000
1030,0,1030,34.333333,0,11,1415.456299,908.081970,0.200000,0.150000,0.000000
1030,0,1030,34.333333,0,12,1194.586426,868.313843,0.050000,0.200000,0.000000
1030,0,1030,34.333333,0,15,1405.504517,838.311279,0.200000,0.200000,0.000000
1030,0,1030,34.333333,0,16,1184.855225,799.522522,0.050000,0.250000,0.000000
1030,0,1030,34.333333,0,17,1254.419800,789.356140,0.100000,0.250000,0.000000
1030,0,1030,34.333333,0,18,1324.888550,779.010986,0.150000,0.250000,0.000000
1030,0,1030,34.333333,0,20,1175.660034,730.521240,0.050000,0.300000,0.000000
1030,0,1030,34.333333,0,21,1245.665161,721.365845,0.100000,0.300000,0.000000
1035,0,1035,34.500000,0,0,1228.873169,1075.857178,0.050000,0.050000,0.000000
1035,0,1035,34.500000,0,1,1300.024658,1062.260010,0.100000,0.050000,0.000000
1035,0,1035,34.500000,0,2,1370.682983,1049.238037,0.150000,0.050000,0.000000
1035,0,1035,34.500000,0,3,1442.038696,1036.491577,0.200000,0.050000,0.000000
1035,0,1035,34.500000,0,4,1215.965820,1006.178345,0.050000,0.100000,0.000000
1035,0,1035,34.500000,0,5,1286.826904,991.590271,0.100000,0.100000,0.000000
1035,0,1035,34.500000,0,6,1357.147949,978.564880,0.150000,0.100000,0.000000
1035,0,1035,34.500000,0,7,1427.486816,965.487793,0.200000,0.100000,0.000000
1035,0,1035,34.500000,0,8,1202.422485,935.735901,0.050000,0.150000,0.000000
1035,0,1035,34.500000,0,9,1272.579590,921.876648,0.100000,0.150000,0.000000
1035,0,1035,34.500000,0,10,1343.797363,908.238892,0.150000,0.150000,0.000000
1035,0,1035,34.500000,0,11,1414.733276,894.826416,0.200000,0.150000,0.000000
1035,0,1035,34.500000,0,12,1189.884399,865.097107,0.050000,0.200000,0.000000
1035,0,1035,34.500000,0,13,1259.851562,852.133118,0.100000,0.200000,0.000000
1035,0,1035,34.500000,0,14,1329.807495,840.319153,0.150000,0.200000,0.000000
1035,0,1035,34.500000,0,15,1400.946777,825.003601,0.200000,0.200000,0.000000
1035,0,1035,34.500000,0,16,1176.974609,796.288330,0.050000,0.250000,0.000000
1035,0,1035,34.500000,0,17,1246.359375,783.155823,0.100000,0.250000,0.000000
1035,0,1035,34.500000,0,18,1316.568359,768.874634,0.150000,0.250000,0.000000
1035,0,1035,34.500000,0,19,1387.861816,755.479858,0.200000,0.250000,0.000000
1035,0,1035,34.500000,0,20,1163.687012,725.810364,0.050000,0.300000,0.000000
1035,0,1035,34.500000,0,21,1233.244873,713.125427,0.100000,0.300000,0.000000
1035,0,1035,34.500000,0,22,1303.167358,700.046326,0.150000,0.300000,0.000000
1035,0,1035,34.500000,0,23,1373.547119,685.284241,0.200000,0.300000,0.000000
1040,0,1040,34.666667,0,0,1237.261475,1052.014648,0.050000,0.050000,0.000000
1040,0,1040,34.666667,0,1,1307.910034,1040.051270,0.100000,0.050000,0.000000
1040,0,1040,34.666667,0,2,1379.242310,1025.153931,0.150000,0.050000,0.000000
1040,0,1040,34.666667,0,3,1450.095459,1011.904053,0.200000,0.050000,0.000000
1040,0,1040,34.666667,0,6,1364.984009,955.329163,0.150000,0.100000,0.000000
1040,0,1040,34.666667,0,7,1435.913086,940.902649,0.200000,0.100000,0.000000
1040,0,1040,34.666667,0,11,1422.021362,870.328491,0.200000,0.150000,0.000000
1040,0,1040,34.666667,0,12,1196.218628,840.981995,0.050000,0.200000,0.000000
1040,0,1040,34.666667,0,15,1408.237549,800.604431,0.200000,0.200000,0.000000
1040,0,1040,34.666667,0,16,1182.003418,771.956055,0.050000,0.250000,0.000000
1040,0,1040,34.666667,0,17,1252.646729,758.275024,0.100000,0.250000,0.000000
1040,0,1040,34.666667,0,18,1323.008545,744.352234,0.150000,0.250000,0.000000
1040,0,1040,34.666667,0,19,1393.620728,731.036804,0.200000,0.250000,0.000000
1040,0,1040,34.666667,0,20,1168.839722,703.683289,0.050000,0.300000,0.000000
1040,0,1040,34.666667,0,21,1239.078125,688.663452,0.100000,0.300000,0.000000
1040,0,1040,34.666667,0,22,1308.882568,675.309448,0.150000,0.300000,0.000000
1040,0,1040,34.666667,0,23,1379.835449,660.522461,0.200000,0.300000,0.000000
1045,0,1045,34.833333,0,1,1317.401855,1019.573792,0.100000,0.050000,0.000000
1045,0,1045,34.833333,0,2,1388.554565,1006.494019,0.150000,0.050000,0.000000
1045,0,1045,34.833333,0,3,1458.745728,993.344177,0.200000,0.050000,0.000000
1045,0,1045,34.833333,0,4,1232.783691,962.585876,0.050000,0.100000,0.000000
1045,0,1045,34.833333,0,9,1289.503540,879.981628,0.100000,0.150000,0.000000
1045,0,1045,34.833333,0,13,1275.949097,808.195618,0.100000,0.200000,0.000000
1045,0,1045,34.833333,0,15,1418.099243,780.836365,0.200000,0.200000,0.000000
1050,0,1050,35.000000,0,0,1251.667358,1018.028076,0.050000,0.050000,0.000000
1050,0,1050,35.000000,0,1,1322.049927,1004.732727,0.100000,0.050000,0.000000
1050,0,1050,35.000000,0,2,1392.784546,992.105286,0.150000,0.050000,0.000000
1050,0,1050,35.000000,0,3,1463.995239,979.153748,0.200000,0.050000,0.000000
1050,0,1050,35.000000,0,6,1379.230591,922.174805,0.150000,0.100000,0.000000
1050,0,1050,35.000000,0,7,1450.680786,908.827209,0.200000,0.100000,0.000000
1050,0,1050,35.000000,0,10,1366.238159,851.200806,0.150000,0.150000,0.000000
1050,0,1050,35.000000,0,11,1437.301880,838.015991,0.200000,0.150000,0.000000
1050,0,1050,35.000000,0,12,1212.051636,807.389893,0.050000,0.200000,0.000000
1050,0,1050,35.000000,0,13,1282.286255,794.916504,0.100000,0.200000,0.000000
1050,0,1050,35.000000,0,14,1353.051392,780.036743,0.150000,0.200000,0.000000
1050,0,1050,35.000000,0,15,1423.975464,767.216125,0.200000,0.200000,0.000000
1050,0,1050,35.000000,0,16,1198.474243,737.828003,0.050000,0.250000,0.000000
1050,0,1050,35.000000,0,17,1269.058838,723.931519,0.100000,0.250000,0.000000
1050,0,1050,35.000000,0,18,1340.107056,709.991272,0.150000,0.250000,0.000000
1050,0,1050,35.000000,0,19,1411.025269,695.290527,0.200000,0.250000,0.000000
1050,0,1050,35.000000,0,20,1184.626709,666.978882,0.050000,0.300000,0.000000
1050,0,1050,35.000000,0,21,1254.957397,652.739868,0.100000,0.300000,0.000000
1050,0,1050,35.000000,0,22,1326.812378,638.928955,0.150000,0.300000,0.000000
1050,0,1050,35.000000,0,23,1397.685425,624.216064,0.200000,0.300000,0.000000
1055,0,1055,35.166667,0,0,1259.496094,995.937134,0.050000,0.050000,0.000000
1055,0,1055,35.166667,0,1,1329.960083,983.766724,0.100000,0.050000,0.000000
1055,0,1055,35.166667,0,2,1401.031250,971.043945,0.150000,0.050000,0.000000
1055,0,1055,35.166667,0,3,1472.559814,958.703979,0.200000,0.050000,0.000000
1055,0,1055,35.166667,0,4,1246.001953,926.174805,0.050000,0.100000,0.000000
1055,0,1055,35.166667,0,5,1316.843872,913.262695,0.100000,0.100000,0.000000
1055,0,1055,35.166667,0,6,1388.155884,900.448486,0.150000,0.100000,0.000000
1055,0,1055,35.166667,0,7,1460.104004,887.578430,0.200000,0.100000,0.000000
1055,0,1055,35.166667,0,8,1233.572632,855.270386,0.050000,0.150000,0.000000
1055,0,1055,35.166667,0,9,1304.067627,842.145020,0.100000,0.150000,0.000000
1055,0,1055,35.166667,0,10,1375.255859,829.165771,0.150000,0.150000,0.000000
1055,0,1055,35.166667,0,11,1447.600220,816.360596,0.200000,0.150000,0.000000
1055,0,1055,35.166667,0,12,1220.801392,783.686584,0.050000,0.200000,0.000000
1055,0,1055,35.166667,0,13,1291.470093,771.276001,0.100000,0.200000,0.000000
1055,0,1055,35.166667,0,14,1362.803955,757.655029,0.150000,0.200000,0.000000
1055,0,1055,35.166667,0,15,1434.831787,744.635254,0.200000,0.200000,0.000000
1055,0,1055,35.166667,0,16,1207.430298,712.664734,0.050000,0.250000,0.000000
1055,0,1055,35.166667,0,17,1278.014771,699.149109,0.100000,0.250000,0.000000
1055,0,1055,35.166667,0,18,1350.041626,685.548706,0.150000,0.250000,0.000000
1055,0,1055,35.166667,0,19,1422.737793,671.632629,0.200000,0.250000,0.000000
1055,0,1055,35.166667,0,20,1193.331055,640.713989,0.050000,0.300000,0.000000
1055,0,1055,35.166667,0,21,1265.140869,627.036011,0.100000,0.300000,0.000000
1055,0,1055,35.166667,0,22,1336.837036,612.848755,0.150000,0.300000,0.000000
1055,0,1055,35.166667,0,23,1409.930054,599.211121,0.200000,0.300000,0.000000
1060,0,1060,35.333333,0,0,1259.548462,984.817688,0.050000,0.050000,0.000000
1060,0,1060,35.333333,0,1,1329.982300,972.559326,0.100000,0.050000,0.000000
1060,0,1060,35.333333,0,2,1400.988647,960.227966,0.150000,0.050000,0.000000
1060,0,1060,35.333333,0,3,1472.949585,948.224548,0.200000,0.050000,0.000000
1060,0,1060,35.333333,0,4,1246.079834,915.094177,0.050000,0.100000,0.000000
1060,0,1060,35.333333,0,5,1317.006592,902.673279,0.100000,0.100000,0.000000
1060,0,1060,35.333333,0,6,1388.906860,889.100159,0.150000,0.100000,0.000000
1060,0,1060,35.333333,0,7,1460.975586,876.783508,0.200000,0.100000,0.000000
1060,0,1060,35.333333,0,8,1232.746704,843.197937,0.050000,0.150000,0.000000
1060,0,1060,35.333333,0,9,1304.159790,830.302124,0.100000,0.150000,0.000000
1060,0,1060,35.333333,0,10,1376.099976,818.068726,0.150000,0.150000,0.000000
1060,0,1060,35.333333,0,11,1448.606567,804.709534,0.200000,0.150000,0.000000
1060,0,1060,35.333333,0,12,1219.731445,772.084106,0.050000,0.200000,0.000000
1060,0,1060,35.333333,0,13,1291.168579,759.049377,0.100000,0.200000,0.000000
1060,0,1060,35.333333,0,14,1363.428955,746.263977,0.150000,0.200000,0.000000
1060,0,1060,35.333333,0,15,1435.957153,732.546509,0.200000,0.200000,0.000000
1060,0,1060,35.333333,0,16,1206.270508,699.822754,0.050000,0.250000,0.000000
1060,0,1060,35.333333,0,17,1278.210693,686.488342,0.100000,0.250000,0.000000
1060,0,1060,35.333333,0,18,1350.816895,673.300659,0.150000,0.250000,0.000000
1060,0,1060,35.333333,0,19,1423.377930,659.660828,0.200000,0.250000,0.000000
1060,0,1060,35.333333,0,20,1192.735718,627.632141,0.050000,0.300000,0.000000
1060,0,1060,35.333333,0,21,1264.848145,613.210999,0.100000,0.300000,0.000000
1060,0,1060,35.333333,0,22,1337.207886,600.016357,0.150000,0.300000,0.000000
1060,0,1060,35.333333,0,23,1410.973511,584.933960,0.200000,0.300000,0.000000
1065,0,1065,35.500000,0,0,1258.812988,967.527954,0.050000,0.050000,0.000000
1065,0,1065,35.500000,0,1,1330.246094,955.028442,0.100000,0.050000,0.000000
1065,0,1065,35.500000,0,2,1401.455322,942.694641,0.150000,0.050000,0.000000
1065,0,1065,35.500000,0,3,1473.914429,928.309021,0.200000,0.050000,0.000000
1065,0,1065,35.500000,0,4,1245.179565,896.859070,0.050000,0.100000,0.000000
1065,0,1065,35.500000,0,5,1316.445312,883.848877,0.100000,0.100000,0.000000
1065,0,1065,35.500000,0,6,1388.300049,870.992310,0.150000,0.100000,0.000000
1065,0,1065,35.500000,0,7,1461.003052,857.408203,0.200000,0.100000,0.000000
1065,0,1065,35.500000,0,8,1231.665039,825.079590,0.050000,0.150000,0.000000
1065,0,1065,35.500000,0,9,1303.438477,811.696594,0.100000,0.150000,0.000000
1065,0,1065,35.500000,0,10,1376.381592,798.909058,0.150000,0.150000,0.000000
1065,0,1065,35.500000,0,11,1448.904785,785.222107,0.200000,0.150000,0.000000
1065,0,1065,35.500000,0,12,1217.936157,753.274658,0.050000,0.200000,0.000000
1065,0,1065,35.500000,0,13,1289.978271,739.484009,0.100000,0.200000,0.000000
1065,0,1065,35.500000,0,14,1362.919678,725.947571,0.150000,0.200000,0.000000
1065,0,1065,35.500000,0,15,1436.161255,711.906921,0.200000,0.200000,0.000000
1065,0,1065,35.500000,0,16,1204.195801,679.817932,0.050000,0.250000,0.000000
1065,0,1065,35.500000,0,17,1276.706421,666.477539,0.100000,0.250000,0.000000
1065,0,1065,35.500000,0,18,1350.164795,652.490417,0.150000,0.250000,0.000000
1065,0,1065,35.500000,0,19,1423.586060,637.827209,0.200000,0.250000,0.000000
1065,0,1065,35.500000,0,20,1190.363037,606.070862,0.050000,0.300000,0.000000
1065,0,1065,35.500000,0,21,1263.224854,591.558960,0.100000,0.300000,0.000000
1065,0,1065,35.500000,0,22,1336.824951,577.100037,0.150000,0.300000,0.000000
1065,0,1065,35.500000,0,23,1410.848267,562.818604,0.200000,0.300000,0.000000
1070,0,1070,35.666667,0,0,1255.587036,960.163391,0.050000,0.050000,0.000000
1070,0,1070,35.666667,0,1,1327.031616,948.849487,0.100000,0.050000,0.000000
1070,0,1070,35.666667,0,2,1399.369263,935.811768,0.150000,0.050000,0.000000
1070,0,1070,35.666667,0,3,1471.420166,923.626709,0.200000,0.050000,0.000000
1070,0,1070,35.666667,0,4,1242.316284,888.899353,0.050000,0.100000,0.000000
1070,0,1070,35.666667,0,5,1314.049561,876.808044,0.100000,0.100000,0.000000
1070,0,1070,35.666667,0,6,1386.864014,863.914612,0.150000,0.100000,0.000000
1070,0,1070,35.666667,0,7,1459.471558,851.250488,0.200000,0.100000,0.000000
1070,0,1070,35.666667,0,8,1229.061279,817.117615,0.050000,0.150000,0.000000
1070,0,1070,35.666667,0,9,1301.167603,804.785522,0.100000,0.150000,0.000000
1070,0,1070,35.666667,0,10,1374.178711,791.354492,0.150000,0.150000,0.000000
1070,0,1070,35.666667,0,11,1447.596802,778.250061,0.200000,0.150000,0.000000
1070,0,1070,35.666667,0,12,1215.812012,743.870056,0.050000,0.200000,0.000000
1070,0,1070,35.666667,0,13,1288.140259,731.152344,0.100000,0.200000,0.000000
1070,0,1070,35.666667,0,14,1361.324951,717.678162,0.150000,0.200000,0.000000
1070,0,1070,35.666667,0,15,1435.415283,704.561890,0.200000,0.200000,0.000000
1070,0,1070,35.666667,0,16,1202.013428,670.808960,0.050000,0.250000,0.000000
1070,0,1070,35.666667,0,17,1275.027222,657.730286,0.100000,0.250000,0.000000
1070,0,1070,35.666667,0,18,1348.787598,643.517761,0.150000,0.250000,0.000000
1070,0,1070,35.666667,0,19,1423.202759,629.533875,0.200000,0.250000,0.000000
1070,0,1070,35.666667,0,20,1188.277466,596.395630,0.050000,0.300000,0.000000
1070,0,1070,35.666667,0,21,1261.955078,582.322388,0.100000,0.300000,0.000000
1070,0,1070,35.666667,0,22,1335.871094,568.190186,0.150000,0.300000,0.000000
1070,0,1070,35.666667,0,23,1410.454468,553.979675,0.200000,0.300000,0.000000
1075,0,1075,35.833333,0,0,1253.607422,962.595947,0.050000,0.050000,0.000000
1075,0,1075,35.833333,0,1,1325.214233,949.948547,0.100000,0.050000,0.000000
1075,0,1075,35.833333,0,2,1397.181396,938.173645,0.150000,0.050000,0.000000
1075,0,1075,35.833333,0,3,1469.691528,924.633118,0.200000,0.050000,0.000000
1075,0,1075,35.833333,0,4,1240.070923,891.921753,0.050000,0.100000,0.000000
1075,0,1075,35.833333,0,5,1311.500488,879.029053,0.100000,0.100000,0.000000
1075,0,1075,35.833333,0,6,1384.305542,865.996582,0.150000,0.100000,0.000000
1075,0,1075,35.833333,0,7,1457.333252,853.034851,0.200000,0.100000,0.000000
1075,0,1075,35.833333,0,8,1226.411987,819.703308,0.050000,0.150000,0.000000
1075,0,1075,35.833333,0,9,1299.042725,806.755249,0.100000,0.150000,0.000000
1075,0,1075,35.833333,0,10,1371.758545,793.622253,0.150000,0.150000,0.000000
1075,0,1075,35.833333,0,11,1445.254761,780.200195,0.200000,0.150000,0.000000
1075,0,1075,35.833333,0,12,1213.027222,747.071533,0.050000,0.200000,0.000000
1075,0,1075,35.833333,0,13,1285.962280,733.782349,0.100000,0.200000,0.000000
1075,0,1075,35.833333,0,14,1358.725830,719.940430,0.150000,0.200000,0.000000
1075,0,1075,35.833333,0,15,1433.031738,706.248779,0.200000,0.200000,0.000000
1075,0,1075,35.833333,0,16,1199.414062,673.005554,0.050000,0.250000,0.000000
1075,0,1075,35.833333,0,17,1272.203979,659.730652,0.100000,0.250000,0.000000
1075,0,1075,35.833333,0,18,1345.762329,645.684143,0.150000,0.250000,0.000000
1075,0,1075,35.833333,0,19,1420.128296,631.379761,0.200000,0.250000,0.000000
1075,0,1075,35.833333,0,20,1185.244873,598.955444,0.050000,0.300000,0.000000
1075,0,1075,35.833333,0,21,1258.680054,584.291077,0.100000,0.300000,0.000000
1075,0,1075,35.833333,0,22,1332.936646,570.367188,0.150000,0.300000,0.000000
1075,0,1075,35.833333,0,23,1407.743896,555.707092,0.200000,0.300000,0.000000
1080,0,1080,36.000000,0,0,1247.286255,974.974365,0.050000,0.050000,0.000000
1080,0,1080,36.000000,0,1,1318.033936,962.450378,0.100000,0.050000,0.000000
1080,0,1080,36.000000,0,2,1390.234619,949.200012,0.150000,0.050000,0.000000
1080,0,1080,36.000000,0,3,1463.128296,935.714722,0.200000,0.050000,0.000000
1080,0,1080,36.000000,0,4,1232.826782,904.254578,0.050000,0.100000,0.000000
1080,0,1080,36.000000,0,5,1304.691895,891.474121,0.100000,0.100000,0.000000
1080,0,1080,36.000000,0,6,1377.057617,877.964233,0.150000,0.100000,0.000000
1080,0,1080,36.000000,0,7,1450.308105,864.682861,0.200000,0.100000,0.000000
1080,0,1080,36.000000,0,8,1219.129272,832.630981,0.050000,0.150000,0.000000
1080,0,1080,36.000000,0,9,1290.794556,819.316162,0.100000,0.150000,0.000000
1080,0,1080,36.000000,0,10,1364.006348,805.537231,0.150000,0.150000,0.000000
1080,0,1080,36.000000,0,11,1437.019409,791.753174,0.200000,0.150000,0.000000
1080,0,1080,36.000000,0,12,1205.663086,759.576843,0.050000,0.200000,0.000000
1080,0,1080,36.000000,0,13,1277.245850,746.436096,0.100000,0.200000,0.000000
1080,0,1080,36.000000,0,14,1350.729858,732.267578,0.150000,0.200000,0.000000
1080,0,1080,36.000000,0,15,1424.320068,718.154907,0.200000,0.200000,0.000000
1080,0,1080,36.000000,0,16,1190.126953,686.332397,0.050000,0.250000,0.000000
1080,0,1080,36.000000,0,17,1263.693359,672.993530,0.100000,0.250000,0.000000
1080,0,1080,36.000000,0,18,1336.876831,657.814819,0.150000,0.250000,0.000000
1080,0,1080,36.000000,0,19,1410.434692,644.098450,0.200000,0.250000,0.000000
1080,0,1080,36.000000,0,20,1175.902710,612.175781,0.050000,0.300000,0.000000
1080,0,1080,36.000000,0,21,1249.361816,597.792480,0.100000,0.300000,0.000000
1080,0,1080,36.000000,0,22,1323.154663,582.698547,0.150000,0.300000,0.000000
1080,0,1080,36.000000,0,23,1398.182617,567.292725,0.200000,0.300000,0.000000
1085,0,1085,36.166667,0,0,1241.698975,987.270203,0.050000,0.050000,0.000000
1085,0,1085,36.166667,0,1,1312.311401,973.914490,0.100000,0.050000,0.000000
1085,0,1085,36.166667,0,2,1384.255737,960.781982,0.150000,0.050000,0.000000
1085,0,1085,36.166667,0,3,1456.515503,946.435974,0.200000,0.050000,0.000000
1085,0,1085,36.166667,0,4,1226.786743,916.461792,0.050000,0.100000,0.000000
1085,0,1085,36.166667,0,5,1297.820801,903.307007,0.100000,0.100000,0.000000
1085,0,1085,36.166667,0,6,1370.725708,889.160400,0.150000,0.100000,0.000000
1085,0,1085,36.166667,0,7,1443.323486,875.332397,0.200000,0.100000,0.000000
1085,0,1085,36.166667,0,8,1212.146118,845.076965,0.050000,0.150000,0.000000
1085,0,1085,36.166667,0,9,1283.947388,831.195923,0.100000,0.150000,0.000000
1085,0,1085,36.166667,0,10,1356.673096,817.181580,0.150000,0.150000,0.000000
1085,0,1085,36.166667,0,11,1429.874023,802.596375,0.200000,0.150000,0.000000
1085,0,1085,36.166667,0,12,1197.506226,772.502014,0.050000,0.200000,0.000000
1085,0,1085,36.166667,0,13,1269.409546,758.728027,0.100000,0.200000,0.000000
1085,0,1085,36.166667,0,14,1342.902832,743.934448,0.150000,0.200000,0.000000
1085,0,1085,36.166667,0,15,1416.272339,728.820312,0.200000,0.200000,0.000000
1085,0,1085,36.166667,0,16,1182.014526,699.506653,0.050000,0.250000,0.000000
1085,0,1085,36.166667,0,17,1254.945923,684.273682,0.100000,0.250000,0.000000
1085,0,1085,36.166667,0,18,1328.858032,669.598389,0.150000,0.250000,0.000000
1085,0,1085,36.166667,0,19,1403.037964,654.896667,0.200000,0.250000,0.000000
1085,0,1085,36.166667,0,20,1167.163208,624.022522,0.050000,0.300000,0.000000
1085,0,1085,36.166667,0,21,1240.136597,609.277649,0.100000,0.300000,0.000000
1085,0,1085,36.166667,0,22,1314.493286,594.218567,0.150000,0.300000,0.000000
1085,0,1085,36.166667,0,23,1388.809082,578.751526,0.200000,0.300000,0.000000
1095,0,1095,36.500000,0,9,1246.877930,884.840271,0.100000,0.150000,0.000000
1095,0,1095,36.500000,0,10,1318.504028,868.456726,0.150000,0.150000,0.000000
1095,0,1095,36.500000,0,11,1391.824829,852.027649,0.200000,0.150000,0.000000
1095,0,1095,36.500000,0,13,1228.756958,814.226501,0.100000,0.200000,0.000000
1095,0,1095,36.500000,0,14,1301.811157,797.465271,0.150000,0.200000,0.000000
1095,0,1095,36.500000,0,15,1374.775879,780.370483,0.200000,0.200000,0.000000
1095,0,1095,36.500000,0,16,1138.066040,758.752808,0.050000,0.250000,0.000000
1095,0,1095,36.500000,0,17,1210.282471,741.322754,0.100000,0.250000,0.000000
1095,0,1095,36.500000,0,18,1284.235474,724.174866,0.150000,0.250000,0.000000
1095,0,1095,36.500000,0,19,1359.024780,706.474060,0.200000,0.250000,0.000000
1095,0,1095,36.500000,0,20,1118.059204,684.803711,0.050000,0.300000,0.000000
1095,0,1095,36.500000,0,21,1191.820679,666.812622,0.100000,0.300000,0.000000
1095,0,1095,36.500000,0,22,1266.539062,649.787170,0.150000,0.300000,0.000000
1095,0,1095,36.500000,0,23,1340.719727,630.783264,0.200000,0.300000,0.000000
1100,0,1100,36.666667,0,0,1199.721191,1024.286743,0.050000,0.050000,0.000000
1100,0,1100,36.666667,0,1,1269.013184,1009.759216,0.100000,0.050000,0.000000
1100,0,1100,36.666667,0,4,1180.746826,961.133362,0.050000,0.100000,0.000000
1100,0,1100,36.666667,0,5,1250.749878,945.622314,0.100000,0.100000,0.000000
1100,0,1100,36.666667,0,8,1161.712280,895.291992,0.050000,0.150000,0.000000
1100,0,1100,36.666667,0,9,1232.200806,878.768127,0.100000,0.150000,0.000000
1100,0,1100,36.666667,0,12,1141.865479,827.347595,0.050000,0.200000,0.000000
1100,0,1100,36.666667,0,13,1213.542358,810.997437,0.100000,0.200000,0.000000
1100,0,1100,36.666667,0,14,1286.826294,792.966614,0.150000,0.200000,0.000000
1100,0,1100,36.666667,0,15,1359.806030,774.686523,0.200000,0.200000,0.000000
1100,0,1100,36.666667,0,16,1120.981689,757.398499,0.050000,0.250000,0.000000
1100,0,1100,36.666667,0,17,1193.965820,739.624451,0.100000,0.250000,0.000000
1100,0,1100,36.666667,0,18,1267.883667,721.723755,0.150000,0.250000,0.000000
1100,0,1100,36.666667,0,19,1342.039062,703.861328,0.200000,0.250000,0.000000
1100,0,1100,36.666667,0,20,1099.036987,684.839478,0.050000,0.300000,0.000000
1100,0,1100,36.666667,0,21,1173.822754,666.244995,0.100000,0.300000,0.000000
1100,0,1100,36.666667,0,22,1249.173340,647.775940,0.150000,0.300000,0.000000
1100,0,1100,36.666667,0,23,1324.449829,628.834656,0.200000,0.300000,0.000000
1105,0,1105,36.833333,0,2,1330.716309,1001.400940,0.150000,0.050000,0.000000
1105,0,1105,36.833333,0,12,1135.596558,834.419861,0.050000,0.200000,0.000000
1105,0,1105,36.833333,0,13,1206.928223,816.799438,0.100000,0.200000,0.000000
1105,0,1105,36.833333,0,14,1280.383057,802.196106,0.150000,0.200000,0.000000
1105,0,1105,36.833333,0,15,1354.690430,783.447998,0.200000,0.200000,0.000000
1105,0,1105,36.833333,0,16,1115.571533,763.076355,0.050000,0.250000,0.000000
1105,0,1105,36.833333,0,17,1188.765869,745.283508,0.100000,0.250000,0.000000
1105,0,1105,36.833333,0,18,1262.495972,729.533081,0.150000,0.250000,0.000000
1105,0,1105,36.833333,0,19,1336.776733,712.580139,0.200000,0.250000,0.000000
1105,0,1105,36.833333,0,20,1094.524658,690.493713,0.050000,0.300000,0.000000
1105,0,1105,36.833333,0,21,1168.825806,673.486145,0.100000,0.300000,0.000000
1105,0,1105,36.833333,0,22,1243.799683,656.066589,0.150000,0.300000,0.000000
1105,0,1105,36.833333,0,23,1319.934204,637.714966,0.200000,0.300000,0.000000
1120,0,1120,37.333333,0,10,1264.852295,949.926636,0.150000,0.150000,0.000000
1120,0,1120,37.333333,0,11,1337.269531,931.869690,0.200000,0.150000,0.000000
1120,0,1120,37.333333,0,12,1099.737671,917.283569,0.050000,0.200000,0.000000
1120,0,1120,37.333333,0,13,1171.809937,899.448792,0.100000,0.200000,0.000000
1120,0,1120,37.333333,0,14,1244.966675,881.761536,0.150000,0.200000,0.000000
1120,0,1120,37.333333,0,15,1318.785400,862.832520,0.200000,0.200000,0.000000
1120,0,1120,37.333333,0,16,1077.496582,847.344421,0.050000,0.250000,0.000000
1120,0,1120,37.333333,0,17,1150.679199,829.643921,0.100000,0.250000,0.000000
1120,0,1120,37.333333,0,18,1223.878662,811.363403,0.150000,0.250000,0.000000
1120,0,1120,37.333333,0,19,1299.209595,792.469971,0.200000,0.250000,0.000000
1120,0,1120,37.333333,0,20,1053.158203,775.977600,0.050000,0.300000,0.000000
1120,0,1120,37.333333,0,21,1127.324097,757.275574,0.100000,0.300000,0.000000
1120,0,1120,37.333333,0,22,1202.670410,739.144104,0.150000,0.300000,0.000000
1120,0,1120,37.333333,0,23,1278.998535,719.458862,0.200000,0.300000,0.000000
1125,0,1125,37.500000,0,2,1299.397705,1087.525513,0.150000,0.050000,0.000000
1125,0,1125,37.500000,0,5,1210.288208,1041.280884,0.100000,0.100000,0.000000
1125,0,1125,37.500000,0,6,1280.963623,1024.754517,0.150000,0.100000,0.000000
1125,0,1125,37.500000,0,8,1118.969604,992.234802,0.050000,0.150000,0.000000
1125,0,1125,37.500000,0,9,1189.701538,975.049011,0.100000,0.150000,0.000000
1125,0,1125,37.500000,0,10,1261.632812,957.806335,0.150000,0.150000,0.000000
1125,0,1125,37.500000,0,11,1334.225952,940.352417,0.200000,0.150000,0.000000
1125,0,1125,37.500000,0,12,1097.172119,924.668884,0.050000,0.200000,0.000000
1125,0,1125,37.500000,0,13,1168.134277,908.445129,0.100000,0.200000,0.000000
1125,0,1125,37.500000,0,14,1241.149414,889.740295,0.150000,0.200000,0.000000
1125,0,1125,37.500000,0,15,1314.619995,871.744995,0.200000,0.200000,0.000000
1125,0,1125,37.500000,0,16,1073.197876,856.806885,0.050000,0.250000,0.000000
1125,0,1125,37.500000,0,17,1146.163574,839.555359,0.100000,0.250000,0.000000
1125,0,1125,37.500000,0,18,1220.081421,820.395142,0.150000,0.250000,0.000000
1125,0,1125,37.500000,0,19,1294.767700,801.562256,0.200000,0.250000,0.000000
1125,0,1125,37.500000,0,20,1048.894775,786.219238,0.050000,0.300000,0.000000
1125,0,1125,37.500000,0,21,1123.211426,767.262268,0.100000,0.300000,0.000000
1125,0,1125,37.500000,0,22,1198.253906,747.588989,0.150000,0.300000,0.000000
1125,0,1125,37.500000,0,23,1274.522095,728.372437,0.200000,0.300000,0.000000
1130,0,1130,37.666667,0,10,1256.008057,966.633118,0.150000,0.150000,0.000000
1130,0,1130,37.666667,0,11,1328.188110,947.581116,0.200000,0.150000,0.000000
1130,0,1130,37.666667,0,12,1091.195801,936.174561,0.050000,0.200000,0.000000
1130,0,1130,37.666667,0,13,1162.467285,917.413940,0.100000,0.200000,0.000000
1130,0,1130,37.666667,0,14,1234.564087,898.304504,0.150000,0.200000,0.000000
1130,0,1130,37.666667,0,15,1308.200195,879.383850,0.200000,0.200000,0.000000
1130,0,1130,37.666667,0,16,1066.734863,865.699097,0.050000,0.250000,0.000000
1130,0,1130,37.666667,0,17,1139.690796,848.321716,0.100000,0.250000,0.000000
1130,0,1130,37.666667,0,18,1213.155640,827.589233,0.150000,0.250000,0.000000
1130,0,1130,37.666667,0,19,1287.768555,808.421631,0.200000,0.250000,0.000000
1130,0,1130,37.666667,0,20,1043.304077,795.475525,0.050000,0.300000,0.000000
1130,0,1130,37.666667,0,21,1116.799438,775.664673,0.100000,0.300000,0.000000
1130,0,1130,37.666667,0,22,1191.156860,755.831604,0.150000,0.300000,0.000000
1130,0,1130,37.666667,0,23,1266.542114,735.245361,0.200000,0.300000,0.000000
1135,0,1135,37.833333,0,16,1087.391602,869.517700,0.050000,0.250000,0.000000
1135,0,1135,37.833333,0,17,1161.167358,852.561279,0.100000,0.250000,0.000000
1165,0,1165,38.833333,0,16,1167.619507,954.137268,0.050000,0.250000,0.000000
1170,0,1170,39.000000,0,23,1380.623047,835.196533,0.200000,0.300000,0.000000
1175,0,1175,39.166667,0,18,1307.521606,938.000488,0.150000,0.250000,0.000000
1175,0,1175,39.166667,0,19,1388.731445,921.941223,0.200000,0.250000,0.000000
1185,0,1185,39.500000,0,20,1135.202026,911.373962,0.050000,0.300000,0.000000
1185,0,1185,39.500000,0,23,1379.876343,865.637451,0.200000,0.300000,0.000000
1190,0,1190,39.666667,0,13,1255.955322,1043.636963,0.100000,0.200000,0.000000
1190,0,1190,39.666667,0,16,1158.792847,986.575378,0.050000,0.250000,0.000000
1190,0,1190,39.666667,0,20,1138.406128,911.967468,0.050000,0.300000,0.000000
1190,0,1190,39.666667,0,23,1383.427124,866.314941,0.200000,0.300000,0.000000
1205,0,1205,40.166667,0,15,1337.448486,993.573120,0.200000,0.200000,0.000000
1205,0,1205,40.166667,0,18,1239.545166,935.304810,0.150000,0.250000,0.000000
1205,0,1205,40.166667,0,19,1318.614990,919.830017,0.200000,0.250000,0.000000
1205,0,1205,40.166667,0,21,1141.546387,876.437622,0.100000,0.300000,0.000000
1205,0,1205,40.166667,0,22,1219.472412,861.238892,0.150000,0.300000,0.000000
1205,0,1205,40.166667,0,23,1300.223267,844.044617,0.200000,0.300000,0.000000
1210,0,1210,40.333333,0,12,1112.466797,1035.099854,0.050000,0.200000,0.000000
1210,0,1210,40.333333,0,15,1341.425903,992.895874,0.200000,0.200000,0.000000
1210,0,1210,40.333333,0,16,1091.480713,965.158630,0.050000,0.250000,0.000000
1210,0,1210,40.333333,0,20,1069.267456,889.850098,0.050000,0.300000,0.000000
1225,0,1225,40.833333,0,13,1272.314941,1050.954956,0.100000,0.200000,0.000000
1225,0,1225,40.833333,0,16,1176.242920,990.759155,0.050000,0.250000,0.000000
1225,0,1225,40.833333,0,17,1255.542114,978.340698,0.100000,0.250000,0.000000
1225,0,1225,40.833333,0,20,1156.942017,916.247620,0.050000,0.300000,0.000000
1225,0,1225,40.833333,0,21,1238.397339,901.433228,0.100000,0.300000,0.000000
1225,0,1225,40.833333,0,22,1320.575073,887.118164,0.150000,0.300000,0.000000
1225,0,1225,40.833333,0,23,1403.249634,872.039795,0.200000,0.300000,0.000000
1230,0,1230,41.000000,0,15,1438.080200,1029.946655,0.200000,0.200000,0.000000
1230,0,1230,41.000000,0,16,1181.032593,998.325562,0.050000,0.250000,0.000000
1230,0,1230,41.000000,0,17,1261.276245,984.706177,0.100000,0.250000,0.000000
1230,0,1230,41.000000,0,18,1342.383911,970.539185,0.150000,0.250000,0.000000
1230,0,1230,41.000000,0,20,1162.797607,922.956665,0.050000,0.300000,0.000000
1230,0,1230,41.000000,0,21,1243.642700,907.951172,0.100000,0.300000,0.000000
1235,0,1235,41.166667,0,15,1439.268066,1033.287720,0.200000,0.200000,0.000000
1235,0,1235,41.166667,0,16,1183.098633,1000.597778,0.050000,0.250000,0.000000
1235,0,1235,41.166667,0,17,1262.576782,988.322937,0.100000,0.250000,0.000000
1235,0,1235,41.166667,0,18,1344.182739,973.596497,0.150000,0.250000,0.000000
1235,0,1235,41.166667,0,19,1425.710815,959.296265,0.200000,0.250000,0.000000
1235,0,1235,41.166667,0,22,1328.126587,897.379211,0.150000,0.300000,0.000000
1235,0,1235,41.166667,0,23,1411.557739,882.406982,0.200000,0.300000,0.000000
1240,0,1240,41.333333,0,13,1276.258545,1061.767578,0.100000,0.200000,0.000000
1240,0,1240,41.333333,0,14,1355.795654,1049.117676,0.150000,0.200000,0.000000
1240,0,1240,41.333333,0,16,1180.195312,1002.649719,0.050000,0.250000,0.000000
1240,0,1240,41.333333,0,19,1422.529297,959.899292,0.200000,0.250000,0.000000
1240,0,1240,41.333333,0,20,1161.543701,927.713257,0.050000,0.300000,0.000000
1240,0,1240,41.333333,0,23,1408.203369,883.750671,0.200000,0.300000,0.000000
1245,0,1245,41.500000,0,15,1433.829834,1034.517090,0.200000,0.200000,0.000000
1245,0,1245,41.500000,0,19,1419.474365,960.775269,0.200000,0.250000,0.000000
1250,0,1250,41.666667,0,20,1156.744995,928.697144,0.050000,0.300000,0.000000
1250,0,1250,41.666667,0,21,1237.484009,913.793518,0.100000,0.300000,0.000000
1250,0,1250,41.666667,0,22,1319.557251,899.918518,0.150000,0.300000,0.000000
1250,0,1250,41.666667,0,23,1402.527466,884.221558,0.200000,0.300000,0.000000
1255,0,1255,41.833333,0,16,1175.812744,1004.610657,0.050000,0.250000,0.000000
1255,0,1255,41.833333,0,17,1255.608765,990.487122,0.100000,0.250000,0.000000
1255,0,1255,41.833333,0,18,1336.440918,977.424744,0.150000,0.250000,0.000000
1255,0,1255,41.833333,0,19,1417.952759,963.015747,0.200000,0.250000,0.000000
1255,0,1255,41.833333,0,22,1320.403442,901.284363,0.150000,0.300000,0.000000
1255,0,1255,41.833333,0,23,1403.085327,886.420044,0.200000,0.300000,0.000000
1260,0,1260,42.000000,0,13,1274.612793,1064.623657,0.100000,0.200000,0.000000
1260,0,1260,42.000000,0,14,1353.447998,1052.271362,0.150000,0.200000,0.000000
1260,0,1260,42.000000,0,15,1433.772583,1037.406250,0.200000,0.200000,0.000000
1260,0,1260,42.000000,0,16,1177.617676,1004.910889,0.050000,0.250000,0.000000
1260,0,1260,42.000000,0,19,1420.256836,963.301270,0.200000,0.250000,0.000000
1265,0,1265,42.166667,0,13,1274.746826,1066.380005,0.100000,0.200000,0.000000
1265,0,1265,42.166667,0,14,1354.698120,1051.920166,0.150000,0.200000,0.000000
1265,0,1265,42.166667,0,15,1434.104126,1038.606689,0.200000,0.200000,0.000000
1265,0,1265,42.166667,0,17,1257.818726,993.499512,0.100000,0.250000,0.000000
1265,0,1265,42.166667,0,18,1338.803711,979.594238,0.150000,0.250000,0.000000
1265,0,1265,42.166667,0,19,1420.616577,964.729248,0.200000,0.250000,0.000000
1265,0,1265,42.166667,0,21,1240.641968,917.928650,0.100000,0.300000,0.000000
1265,0,1265,42.166667,0,22,1322.646484,903.623962,0.150000,0.300000,0.000000
1265,0,1265,42.166667,0,23,1405.301270,888.535706,0.200000,0.300000,0.000000
1270,0,1270,42.333333,0,15,1433.450806,1038.815918,0.200000,0.200000,0.000000
1270,0,1270,42.333333,0,16,1177.878906,1006.683777,0.050000,0.250000,0.000000
1270,0,1270,42.333333,0,19,1420.256348,965.527649,0.200000,0.250000,0.000000
1270,0,1270,42.333333,0,20,1159.293457,931.603577,0.050000,0.300000,0.000000
1270,0,1270,42.333333,0,23,1405.435425,888.620667,0.200000,0.300000,0.000000
1275,0,1275,42.500000,0,13,1274.105591,1066.107178,0.100000,0.200000,0.000000
1275,0,1275,42.500000,0,17,1257.337524,994.485840,0.100000,0.250000,0.000000
1275,0,1275,42.500000,0,21,1239.988037,917.384338,0.100000,0.300000,0.000000
1275,0,1275,42.500000,0,22,1322.201782,903.490112,0.150000,0.300000,0.000000
1275,0,1275,42.500000,0,23,1405.229004,888.747131,0.200000,0.300000,0.000000
1280,0,1280,42.666667,0,17,1256.930420,994.414368,0.100000,0.250000,0.000000
1280,0,1280,42.666667,0,18,1337.533569,979.937195,0.150000,0.250000,0.000000
1280,0,1280,42.666667,0,19,1419.533325,965.528870,0.200000,0.250000,0.000000
1280,0,1280,42.666667,0,21,1239.633301,918.565552,0.100000,0.300000,0.000000
1280,0,1280,42.666667,0,22,1321.377686,904.627197,0.150000,0.300000,0.000000
1280,0,1280,42.666667,0,23,1404.623535,889.150940,0.200000,0.300000,0.000000
1285,0,1285,42.833333,0,13,1271.922241,1066.427368,0.100000,0.200000,0.000000
1285,0,1285,42.833333,0,16,1175.571289,1007.486633,0.050000,0.250000,0.000000
1290,0,1290,43.000000,0,17,1254.665527,995.254639,0.100000,0.250000,0.000000
1290,0,1290,43.000000,0,18,1335.397949,980.800232,0.150000,0.250000,0.000000
1290,0,1290,43.000000,0,19,1416.845093,967.197266,0.200000,0.250000,0.000000
1290,0,1290,43.000000,0,21,1237.281860,919.592957,0.100000,0.300000,0.000000
1290,0,1290,43.000000,0,22,1319.123779,905.089050,0.150000,0.300000,0.000000
1290,0,1290,43.000000,0,23,1402.142212,890.785461,0.200000,0.300000,0.000000
1295,0,1295,43.166667,0,15,1436.752319,1040.456177,0.200000,0.200000,0.000000
1295,0,1295,43.166667,0,16,1180.011597,1008.326965,0.050000,0.250000,0.000000
1295,0,1295,43.166667,0,17,1259.575073,994.786194,0.100000,0.250000,0.000000
1295,0,1295,43.166667,0,18,1340.318970,981.065125,0.150000,0.250000,0.000000
1295,0,1295,43.166667,0,19,1422.042358,967.407654,0.200000,0.250000,0.000000
1295,0,1295,43.166667,0,20,1161.261230,934.424316,0.050000,0.300000,0.000000
1295,0,1295,43.166667,0,21,1242.125366,919.423950,0.100000,0.300000,0.000000
1295,0,1295,43.166667,0,22,1324.156738,904.734802,0.150000,0.300000,0.000000
1295,0,1295,43.166667,0,23,1407.118652,890.322693,0.200000,0.300000,0.000000
1300,0,1300,43.333333,0,13,1281.470947,1068.338379,0.100000,0.200000,0.000000
1300,0,1300,43.333333,0,14,1360.725464,1055.321655,0.150000,0.200000,0.000000
1300,0,1300,43.333333,0,15,1441.372681,1041.425659,0.200000,0.200000,0.000000
1300,0,1300,43.333333,0,17,1265.045654,995.124207,0.100000,0.250000,0.000000
1300,0,1300,43.333333,0,18,1345.973389,981.440002,0.150000,0.250000,0.000000
1300,0,1300,43.333333,0,19,1427.532837,967.566101,0.200000,0.250000,0.000000
1300,0,1300,43.333333,0,22,1330.207397,905.329407,0.150000,0.300000,0.000000
1300,0,1300,43.333333,0,23,1413.085815,890.647888,0.200000,0.300000,0.000000
1305,0,1305,43.500000,0,15,1441.468628,1039.337402,0.200000,0.200000,0.000000
1305,0,1305,43.500000,0,19,1427.748779,964.767456,0.200000,0.250000,0.000000
1305,0,1305,43.500000,0,20,1167.189941,931.739014,0.050000,0.300000,0.000000
1305,0,1305,43.500000,0,23,1413.073242,887.890259,0.200000,0.300000,0.000000
1310,0,1310,43.666667,0,12,1194.887695,1075.331909,0.050000,0.200000,0.000000
1310,0,1310,43.666667,0,15,1433.108032,1036.044434,0.200000,0.200000,0.000000
1310,0,1310,43.666667,0,16,1176.791870,1003.741272,0.050000,0.250000,0.000000
1310,0,1310,43.666667,0,17,1257.351807,990.473450,0.100000,0.250000,0.000000
1310,0,1310,43.666667,0,18,1337.525024,976.476318,0.150000,0.250000,0.000000
1310,0,1310,43.666667,0,19,1418.693726,962.612854,0.200000,0.250000,0.000000
1310,0,1310,43.666667,0,20,1158.313110,929.200500,0.050000,0.300000,0.000000
1310,0,1310,43.666667,0,21,1239.207642,914.734192,0.100000,0.300000,0.000000
1310,0,1310,43.666667,0,22,1321.673096,901.052002,0.150000,0.300000,0.000000
1310,0,1310,43.666667,0,23,1403.910400,885.607178,0.200000,0.300000,0.000000
1315,0,1315,43.833333,0,12,1185.642700,1072.847656,0.050000,0.200000,0.000000
1315,0,1315,43.833333,0,13,1263.420898,1060.372803,0.100000,0.200000,0.000000
1315,0,1315,43.833333,0,17,1246.659180,988.220947,0.100000,0.250000,0.000000
1315,0,1315,43.833333,0,21,1229.801880,912.554016,0.100000,0.300000,0.000000
1315,0,1315,43.833333,0,22,1311.620972,897.800232,0.150000,0.300000,0.000000
1315,0,1315,43.833333,0,23,1394.507446,882.851868,0.200000,0.300000,0.000000
1320,0,1320,44.000000,0,11,1430.775391,1104.476318,0.200000,0.150000,0.000000
1320,0,1320,44.000000,0,20,1143.255737,926.281311,0.050000,0.300000,0.000000
1330,0,1330,44.333333,0,15,1427.360596,1031.445801,0.200000,0.200000,0.000000
1330,0,1330,44.333333,0,16,1171.659546,998.903198,0.050000,0.250000,0.000000
1330,0,1330,44.333333,0,19,1413.517822,957.851562,0.200000,0.250000,0.000000
1330,0,1330,44.333333,0,20,1153.215088,924.300598,0.050000,0.300000,0.000000
1350,0,1350,45.000000,0,12,1061.453003,1035.420410,0.050000,0.200000,0.000000
1350,0,1350,45.000000,0,16,1041.381592,961.219238,0.050000,0.250000,0.000000
1355,0,1355,45.166667,0,12,1031.242065,1036.800903,0.050000,0.200000,0.000000
1355,0,1355,45.166667,0,15,1255.622559,994.831421,0.200000,0.200000,0.000000
1355,0,1355,45.166667,0,16,1009.440308,965.744385,0.050000,0.250000,0.000000
1355,0,1355,45.166667,0,17,1084.795654,952.313110,0.100000,0.250000,0.000000
1355,0,1355,45.166667,0,18,1161.340454,936.635437,0.150000,0.250000,0.000000
1355,0,1355,45.166667,0,19,1238.174561,922.234192,0.200000,0.250000,0.000000
1355,0,1355,45.166667,0,20,987.122437,894.158936,0.050000,0.300000,0.000000
1355,0,1355,45.166667,0,21,1064.163696,877.427795,0.100000,0.300000,0.000000
1360,0,1360,45.333333,0,8,1044.124634,1108.144775,0.050000,0.150000,0.000000
1360,0,1360,45.333333,0,9,1117.733643,1093.602661,0.100000,0.150000,0.000000
1360,0,1360,45.333333,0,10,1191.713013,1080.544067,0.150000,0.150000,0.000000
1360,0,1360,45.333333,0,11,1266.189453,1065.558960,0.200000,0.150000,0.000000
1360,0,1360,45.333333,0,12,1024.776733,1037.558838,0.050000,0.200000,0.000000
1360,0,1360,45.333333,0,13,1098.371094,1023.860107,0.100000,0.200000,0.000000
1360,0,1360,45.333333,0,14,1173.783325,1009.481140,0.150000,0.200000,0.000000
1360,0,1360,45.333333,0,15,1248.702026,994.919250,0.200000,0.200000,0.000000
1360,0,1360,45.333333,0,16,1004.084473,966.391357,0.050000,0.250000,0.000000
1360,0,1360,45.333333,0,17,1079.291504,952.078613,0.100000,0.250000,0.000000
1360,0,1360,45.333333,0,18,1154.651001,936.811890,0.150000,0.250000,0.000000
1360,0,1360,45.333333,0,19,1231.165039,922.336426,0.200000,0.250000,0.000000
1360,0,1360,45.333333,0,20,983.631714,893.447510,0.050000,0.300000,0.000000
1360,0,1360,45.333333,0,21,1059.029297,877.933289,0.100000,0.300000,0.000000
1360,0,1360,45.333333,0,22,1135.968750,862.901672,0.150000,0.300000,0.000000
1360,0,1360,45.333333,0,23,1212.792358,847.140137,0.200000,0.300000,0.000000
1365,0,1365,45.500000,0,2,1233.330078,1226.795776,0.150000,0.050000,0.000000
1365,0,1365,45.500000,0,3,1307.468994,1212.683105,0.200000,0.050000,0.000000
1365,0,1365,45.500000,0,12,1033.760254,1042.836548,0.050000,0.200000,0.000000
1365,0,1365,45.500000,0,13,1107.718262,1028.668579,0.100000,0.200000,0.000000
1365,0,1365,45.500000,0,14,1183.121216,1013.999390,0.150000,0.200000,0.000000
1365,0,1365,45.500000,0,15,1258.157715,998.670288,0.200000,0.200000,0.000000
1365,0,1365,45.500000,0,16,1014.807251,969.744385,0.050000,0.250000,0.000000
1365,0,1365,45.500000,0,17,1088.989380,955.682739,0.100000,0.250000,0.000000
1365,0,1365,45.500000,0,18,1165.017456,940.252502,0.150000,0.250000,0.000000
1365,0,1365,45.500000,0,19,1241.064575,925.091003,0.200000,0.250000,0.000000
1365,0,1365,45.500000,0,20,994.716064,896.149170,0.050000,0.300000,0.000000
1365,0,1365,45.500000,0,21,1070.518677,880.020569,0.100000,0.300000,0.000000
1365,0,1365,45.500000,0,22,1146.439209,864.619934,0.150000,0.300000,0.000000
1365,0,1365,45.500000,0,23,1223.738159,849.095459,0.200000,0.300000,0.000000
1370,0,1370,45.666667,0,0,1094.249023,1271.952515,0.050000,0.050000,0.000000
1370,0,1370,45.666667,0,1,1166.880981,1258.191772,0.100000,0.050000,0.000000
1370,0,1370,45.666667,0,2,1240.394897,1243.945190,0.150000,0.050000,0.000000
1370,0,1370,45.666667,0,3,1314.719727,1227.938477,0.200000,0.050000,0.000000
1370,0,1370,45.666667,0,4,1077.063721,1200.724976,0.050000,0.100000,0.000000
1370,0,1370,45.666667,0,5,1150.425781,1186.265259,0.100000,0.100000,0.000000
1370,0,1370,45.666667,0,6,1224.983887,1171.786499,0.150000,0.100000,0.000000
1370,0,1370,45.666667,0,7,1299.189819,1156.282959,0.200000,0.100000,0.000000
1370,0,1370,45.666667,0,8,1060.485962,1128.145508,0.050000,0.150000,0.000000
1370,0,1370,45.666667,0,9,1134.328125,1113.314575,0.100000,0.150000,0.000000
1370,0,1370,45.666667,0,10,1208.692017,1098.456543,0.150000,0.150000,0.000000
1370,0,1370,45.666667,0,11,1283.674438,1083.475708,0.200000,0.150000,0.000000
1370,0,1370,45.666667,0,12,1043.743530,1054.913940,0.050000,0.200000,0.000000
1370,0,1370,45.666667,0,13,1117.457886,1040.119019,0.100000,0.200000,0.000000
1370,0,1370,45.666667,0,14,1192.794556,1025.018433,0.150000,0.200000,0.000000
1370,0,1370,45.666667,0,15,1267.245483,1009.747009,0.200000,0.200000,0.000000
1370,0,1370,45.666667,0,16,1026.187866,980.986938,0.050000,0.250000,0.000000
1370,0,1370,45.666667,0,17,1101.005493,966.450012,0.100000,0.250000,0.000000
1370,0,1370,45.666667,0,18,1176.030518,950.855408,0.150000,0.250000,0.000000
1370,0,1370,45.666667,0,19,1251.423828,935.344177,0.200000,0.250000,0.000000
1370,0,1370,45.666667,0,20,1008.956177,906.554260,0.050000,0.300000,0.000000
1370,0,1370,45.666667,0,21,1083.749146,890.935913,0.100000,0.300000,0.000000
1370,0,1370,45.666667,0,22,1159.190063,875.756165,0.150000,0.300000,0.000000
1370,0,1370,45.666667,0,23,1234.951416,859.946899,0.200000,0.300000,0.000000
1375,0,1375,45.833333,0,0,1098.326538,1272.095947,0.050000,0.050000,0.000000
1375,0,1375,45.833333,0,1,1172.018188,1258.178101,0.100000,0.050000,0.000000
1375,0,1375,45.833333,0,2,1246.362549,1243.370850,0.150000,0.050000,0.000000
1375,0,1375,45.833333,0,3,1320.940918,1228.881958,0.200000,0.050000,0.000000
1375,0,1375,45.833333,0,4,1083.866211,1197.908691,0.050000,0.100000,0.000000
1375,0,1375,45.833333,0,5,1157.357300,1184.368896,0.100000,0.100000,0.000000
1375,0,1375,45.833333,0,6,1231.825073,1169.924927,0.150000,0.100000,0.000000
1375,0,1375,45.833333,0,7,1306.118164,1154.989014,0.200000,0.100000,0.000000
1375,0,1375,45.833333,0,8,1068.888672,1125.031494,0.050000,0.150000,0.000000
1375,0,1375,45.833333,0,9,1142.027100,1110.866821,0.100000,0.150000,0.000000
1375,0,1375,45.833333,0,10,1216.161011,1095.761230,0.150000,0.150000,0.000000
1375,0,1375,45.833333,0,11,1291.355103,1081.429199,0.200000,0.150000,0.000000
1375,0,1375,45.833333,0,12,1052.931030,1051.543701,0.050000,0.200000,0.000000
1375,0,1375,45.833333,0,13,1126.848145,1036.599854,0.100000,0.200000,0.000000
1375,0,1375,45.833333,0,14,1201.614990,1021.935486,0.150000,0.200000,0.000000
1375,0,1375,45.833333,0,15,1276.069458,1007.621460,0.200000,0.200000,0.000000
1375,0,1375,45.833333,0,16,1037.989014,977.476013,0.050000,0.250000,0.000000
1375,0,1375,45.833333,0,17,1112.109741,962.702942,0.100000,0.250000,0.000000
1375,0,1375,45.833333,0,18,1185.745972,948.045044,0.150000,0.250000,0.000000
1375,0,1375,45.833333,0,19,1260.851196,933.366150,0.200000,0.250000,0.000000
1375,0,1375,45.833333,0,20,1022.046631,903.291565,0.050000,0.300000,0.000000
1375,0,1375,45.833333,0,21,1096.096680,887.943726,0.100000,0.300000,0.000000
1375,0,1375,45.833333,0,22,1171.034180,873.931335,0.150000,0.300000,0.000000
1375,0,1375,45.833333,0,23,1245.673584,858.367371,0.200000,0.300000,0.000000
1380,0,1380,46.000000,0,0,1102.378662,1269.074341,0.050000,0.050000,0.000000
1380,0,1380,46.000000,0,1,1176.607666,1255.248169,0.100000,0.050000,0.000000
1380,0,1380,46.000000,0,2,1250.996460,1240.993286,0.150000,0.050000,0.000000
1380,0,1380,46.000000,0,3,1324.714355,1226.110962,0.200000,0.050000,0.000000
1380,0,1380,46.000000,0,4,1087.859863,1195.386475,0.050000,0.100000,0.000000
1380,0,1380,46.000000,0,5,1161.489136,1181.115234,0.100000,0.100000,0.000000
1380,0,1380,46.000000,0,6,1236.135986,1166.422729,0.150000,0.100000,0.000000
1380,0,1380,46.000000,0,7,1310.401123,1151.975342,0.200000,0.100000,0.000000
1380,0,1380,46.000000,0,8,1073.056030,1121.746704,0.050000,0.150000,0.000000
1380,0,1380,46.000000,0,9,1146.809937,1107.281738,0.100000,0.150000,0.000000
1380,0,1380,46.000000,0,10,1221.014160,1092.815918,0.150000,0.150000,0.000000
1380,0,1380,46.000000,0,11,1295.263184,1077.895874,0.200000,0.150000,0.000000
1380,0,1380,46.000000,0,12,1058.469604,1047.662842,0.050000,0.200000,0.000000
1380,0,1380,46.000000,0,13,1131.971802,1033.075684,0.100000,0.200000,0.000000
1380,0,1380,46.000000,0,14,1206.740601,1018.724548,0.150000,0.200000,0.000000
1380,0,1380,46.000000,0,15,1280.811523,1004.136047,0.200000,0.200000,0.000000
1380,0,1380,46.000000,0,16,1043.870972,973.653320,0.050000,0.250000,0.000000
1380,0,1380,46.000000,0,17,1117.717651,959.406250,0.100000,0.250000,0.000000
1380,0,1380,46.000000,0,18,1191.844727,944.642822,0.150000,0.250000,0.000000
1380,0,1380,46.000000,0,19,1266.088989,930.128662,0.200000,0.250000,0.000000
1380,0,1380,46.000000,0,20,1028.972168,900.105164,0.050000,0.300000,0.000000
1380,0,1380,46.000000,0,21,1102.890991,885.047424,0.100000,0.300000,0.000000
1380,0,1380,46.000000,0,22,1176.560303,870.807861,0.150000,0.300000,0.000000
1380,0,1380,46.000000,0,23,1251.231689,855.988464,0.200000,0.300000,0.000000
1385,0,1385,46.166667,0,0,1103.846069,1268.553589,0.050000,0.050000,0.000000
1385,0,1385,46.166667,0,1,1178.137207,1254.621338,0.100000,0.050000,0.000000
1385,0,1385,46.166667,0,2,1252.311401,1239.999512,0.150000,0.050000,0.000000
1385,0,1385,46.166667,0,3,1326.712402,1225.629761,0.200000,0.050000,0.000000
1385,0,1385,46.166667,0,4,1089.835938,1194.749146,0.050000,0.100000,0.000000
1385,0,1385,46.166667,0,5,1163.703125,1180.672363,0.100000,0.100000,0.000000
1385,0,1385,46.166667,0,6,1238.116211,1165.798462,0.150000,0.100000,0.000000
1385,0,1385,46.166667,0,7,1311.735107,1151.457153,0.200000,0.100000,0.000000
1385,0,1385,46.166667,0,8,1075.762573,1120.188110,0.050000,0.150000,0.000000
1385,0,1385,46.166667,0,9,1149.365479,1106.064209,0.100000,0.150000,0.000000
1385,0,1385,46.166667,0,10,1223.736450,1091.841919,0.150000,0.150000,0.000000
1385,0,1385,46.166667,0,11,1297.599243,1077.561279,0.200000,0.150000,0.000000
1385,0,1385,46.166667,0,12,1061.829346,1046.456421,0.050000,0.200000,0.000000
1385,0,1385,46.166667,0,13,1135.517456,1032.055298,0.100000,0.200000,0.000000
1385,0,1385,46.166667,0,14,1209.496094,1017.986084,0.150000,0.200000,0.000000
1385,0,1385,46.166667,0,15,1283.177734,1003.768005,0.200000,0.200000,0.000000
1385,0,1385,46.166667,0,16,1047.148438,972.814331,0.050000,0.250000,0.000000
1385,0,1385,46.166667,0,17,1121.369019,958.319580,0.100000,0.250000,0.000000
1385,0,1385,46.166667,0,18,1194.941528,944.463989,0.150000,0.250000,0.000000
1385,0,1385,46.166667,0,19,1268.808350,930.093201,0.200000,0.250000,0.000000
1385,0,1385,46.166667,0,20,1033.301514,899.551575,0.050000,0.300000,0.000000
1385,0,1385,46.166667,0,21,1107.037354,885.516357,0.100000,0.300000,0.000000
1385,0,1385,46.166667,0,22,1181.001099,870.941345,0.150000,0.300000,0.000000
1385,0,1385,46.166667,0,23,1254.698242,856.557495,0.200000,0.300000,0.000000
1390,0,1390,46.333333,0,0,1101.189209,1274.002930,0.050000,0.050000,0.000000
1390,0,1390,46.333333,0,1,1175.399170,1259.736084,0.100000,0.050000,0.000000
1390,0,1390,46.333333,0,2,1250.066406,1244.726440,0.150000,0.050000,0.000000
1390,0,1390,46.333333,0,3,1323.988037,1230.277954,0.200000,0.050000,0.000000
1390,0,1390,46.333333,0,4,1087.695312,1198.438354,0.050000,0.100000,0.000000
1390,0,1390,46.333333,0,5,1161.748779,1184.937378,0.100000,0.100000,0.000000
1390,0,1390,46.333333,0,6,1235.803955,1170.742920,0.150000,0.100000,0.000000
1390,0,1390,46.333333,0,7,1310.008545,1156.097168,0.200000,0.100000,0.000000
1390,0,1390,46.333333,0,8,1072.890503,1124.869141,0.050000,0.150000,0.000000
1390,0,1390,46.333333,0,9,1147.631104,1110.275757,0.100000,0.150000,0.000000
1390,0,1390,46.333333,0,10,1221.267578,1096.152344,0.150000,0.150000,0.000000
1390,0,1390,46.333333,0,11,1295.744873,1082.349976,0.200000,0.150000,0.000000
1390,0,1390,46.333333,0,12,1059.774658,1050.655762,0.050000,0.200000,0.000000
1390,0,1390,46.333333,0,13,1133.808472,1036.792847,0.100000,0.200000,0.000000
1390,0,1390,46.333333,0,14,1207.737671,1022.054688,0.150000,0.200000,0.000000
1390,0,1390,46.333333,0,15,1281.667114,1008.289246,0.200000,0.200000,0.000000
1390,0,1390,46.333333,0,16,1045.722290,977.155762,0.050000,0.250000,0.000000
1390,0,1390,46.333333,0,17,1119.760132,963.145935,0.100000,0.250000,0.000000
1390,0,1390,46.333333,0,18,1193.607666,949.185669,0.150000,0.250000,0.000000
1390,0,1390,46.333333,0,19,1266.949463,934.424133,0.200000,0.250000,0.000000
1390,0,1390,46.333333,0,20,1032.105835,903.794617,0.050000,0.300000,0.000000
1390,0,1390,46.333333,0,21,1105.864624,890.274048,0.100000,0.300000,0.000000
1390,0,1390,46.333333,0,22,1179.718140,875.685913,0.150000,0.300000,0.000000
1390,0,1390,46.333333,0,23,1253.825928,861.797302,0.200000,0.300000,0.000000
1395,0,1395,46.500000,0,0,1089.618530,1276.959717,0.050000,0.050000,0.000000
1395,0,1395,46.500000,0,1,1165.671021,1262.031860,0.100000,0.050000,0.000000
1395,0,1395,46.500000,0,2,1238.943359,1247.637207,0.150000,0.050000,0.000000
1395,0,1395,46.500000,0,3,1312.866455,1233.175049,0.200000,0.050000,0.000000
1395,0,1395,46.500000,0,4,1077.056519,1203.067993,0.050000,0.100000,0.000000
1395,0,1395,46.500000,0,5,1151.599243,1188.120605,0.100000,0.100000,0.000000
1395,0,1395,46.500000,0,6,1225.359741,1173.518555,0.150000,0.100000,0.000000
1395,0,1395,46.500000,0,7,1299.166870,1158.461182,0.200000,0.100000,0.000000
1395,0,1395,46.500000,0,9,1137.027344,1113.976440,0.100000,0.150000,0.000000
1395,0,1395,46.500000,0,10,1210.340942,1099.123047,0.150000,0.150000,0.000000
1395,0,1395,46.500000,0,11,1284.905640,1084.922363,0.200000,0.150000,0.000000
1395,0,1395,46.500000,0,13,1123.117310,1040.126587,0.100000,0.200000,0.000000
1395,0,1395,46.500000,0,16,1034.909912,981.321838,0.050000,0.250000,0.000000
1395,0,1395,46.500000,0,17,1109.079834,966.988037,0.100000,0.250000,0.000000
1395,0,1395,46.500000,0,20,1022.660645,907.659729,0.050000,0.300000,0.000000
1395,0,1395,46.500000,0,21,1096.667969,894.053406,0.100000,0.300000,0.000000
1395,0,1395,46.500000,0,22,1168.793945,879.841553,0.150000,0.300000,0.000000
1395,0,1395,46.500000,0,23,1241.699097,865.389404,0.200000,0.300000,0.000000
1400,0,1400,46.666667,0,0,1074.950317,1277.972778,0.050000,0.050000,0.000000
1400,0,1400,46.666667,0,1,1150.634033,1264.961426,0.100000,0.050000,0.000000
1400,0,1400,46.666667,0,2,1224.242310,1251.074951,0.150000,0.050000,0.000000
1400,0,1400,46.666667,0,3,1298.610352,1237.032349,0.200000,0.050000,0.000000
1400,0,1400,46.666667,0,4,1063.397095,1204.367554,0.050000,0.100000,0.000000
1400,0,1400,46.666667,0,8,1050.202637,1129.777832,0.050000,0.150000,0.000000
1400,0,1400,46.666667,0,9,1124.680054,1116.704590,0.100000,0.150000,0.000000
1400,0,1400,46.666667,0,10,1198.683594,1102.877563,0.150000,0.150000,0.000000
1400,0,1400,46.666667,0,11,1272.009033,1089.362915,0.200000,0.150000,0.000000
1400,0,1400,46.666667,0,12,1037.224121,1057.673462,0.050000,0.200000,0.000000
1400,0,1400,46.666667,0,13,1112.542114,1043.016113,0.100000,0.200000,0.000000
1400,0,1400,46.666667,0,14,1185.767578,1029.111816,0.150000,0.200000,0.000000
1400,0,1400,46.666667,0,15,1258.844604,1016.324402,0.200000,0.200000,0.000000
1400,0,1400,46.666667,0,16,1024.792358,982.923889,0.050000,0.250000,0.000000
1400,0,1400,46.666667,0,17,1098.386475,970.120483,0.100000,0.250000,0.000000
1400,0,1400,46.666667,0,18,1171.921875,956.355774,0.150000,0.250000,0.000000
1400,0,1400,46.666667,0,19,1245.474609,943.043152,0.200000,0.250000,0.000000
1400,0,1400,46.666667,0,20,1012.293457,910.137756,0.050000,0.300000,0.000000
1400,0,1400,46.666667,0,21,1086.264893,896.922791,0.100000,0.300000,0.000000
1400,0,1400,46.666667,0,22,1158.993896,884.333679,0.150000,0.300000,0.000000
1400,0,1400,46.666667,0,23,1232.587158,870.676025,0.200000,0.300000,0.000000
1405,0,1405,46.833333,0,0,1057.641479,1275.871582,0.050000,0.050000,0.000000
1405,0,1405,46.833333,0,1,1132.578735,1264.722656,0.100000,0.050000,0.000000
1405,0,1405,46.833333,0,2,1208.833252,1252.950562,0.150000,0.050000,0.000000
1405,0,1405,46.833333,0,3,1280.678833,1240.551514,0.200000,0.050000,0.000000
1405,0,1405,46.833333,0,4,1048.153198,1201.664307,0.050000,0.100000,0.000000
1405,0,1405,46.833333,0,5,1121.102295,1189.779663,0.100000,0.100000,0.000000
1405,0,1405,46.833333,0,6,1195.574951,1177.943970,0.150000,0.100000,0.000000
1405,0,1405,46.833333,0,7,1269.151489,1165.949097,0.200000,0.100000,0.000000
1405,0,1405,46.833333,0,8,1035.438110,1126.959717,0.050000,0.150000,0.000000
1405,0,1405,46.833333,0,9,1110.955811,1115.070190,0.100000,0.150000,0.000000
1405,0,1405,46.833333,0,10,1185.784058,1104.268311,0.150000,0.150000,0.000000
1405,0,1405,46.833333,0,11,1258.103638,1091.697266,0.200000,0.150000,0.000000
1405,0,1405,46.833333,0,12,1025.561523,1054.126709,0.050000,0.200000,0.000000
1405,0,1405,46.833333,0,13,1099.295776,1042.603882,0.100000,0.200000,0.000000
1405,0,1405,46.833333,0,14,1172.222656,1031.713989,0.150000,0.200000,0.000000
1405,0,1405,46.833333,0,15,1246.796021,1019.259644,0.200000,0.200000,0.000000
1405,0,1405,46.833333,0,16,1014.007446,980.401611,0.050000,0.250000,0.000000
1405,0,1405,46.833333,0,17,1088.369141,969.072083,0.100000,0.250000,0.000000
1405,0,1405,46.833333,0,18,1161.935303,957.535339,0.150000,0.250000,0.000000
1405,0,1405,46.833333,0,19,1234.966919,946.001892,0.200000,0.250000,0.000000
1405,0,1405,46.833333,0,20,1003.072266,908.327209,0.050000,0.300000,0.000000
1405,0,1405,46.833333,0,21,1077.143311,896.578064,0.100000,0.300000,0.000000
1405,0,1405,46.833333,0,22,1150.592041,885.040955,0.150000,0.300000,0.000000
1405,0,1405,46.833333,0,23,1223.791260,873.849365,0.200000,0.300000,0.000000
1410,0,1410,47.000000,0,1,1113.725708,1268.795654,0.100000,0.050000,0.000000
1410,0,1410,47.000000,0,2,1187.403320,1257.212524,0.150000,0.050000,0.000000
1410,0,1410,47.000000,0,3,1260.250488,1243.136963,0.200000,0.050000,0.000000
1410,0,1410,47.000000,0,6,1175.672485,1182.180176,0.150000,0.100000,0.000000
1410,0,1410,47.000000,0,11,1237.732300,1096.156738,0.200000,0.150000,0.000000
1415,0,1415,47.166667,0,23,1176.599365,908.206055,0.200000,0.300000,0.000000
1420,0,1420,47.333333,0,0,985.344604,1311.220581,0.050000,0.050000,0.000000
1420,0,1420,47.333333,0,1,1061.475220,1300.427124,0.100000,0.050000,0.000000
1420,0,1420,47.333333,0,2,1136.140991,1290.416382,0.150000,0.050000,0.000000
1420,0,1420,47.333333,0,3,1209.226196,1278.671143,0.200000,0.050000,0.000000
1420,0,1420,47.333333,0,4,976.787354,1237.259644,0.050000,0.100000,0.000000
1420,0,1420,47.333333,0,5,1052.759399,1225.967285,0.100000,0.100000,0.000000
1420,0,1420,47.333333,0,6,1127.240234,1215.737305,0.150000,0.100000,0.000000
1420,0,1420,47.333333,0,7,1198.643066,1204.661133,0.200000,0.100000,0.000000
1420,0,1420,47.333333,0,8,971.330933,1162.401978,0.050000,0.150000,0.000000
1420,0,1420,47.333333,0,9,1043.840576,1152.299438,0.100000,0.150000,0.000000
1420,0,1420,47.333333,0,10,1119.258057,1142.749878,0.150000,0.150000,0.000000
1420,0,1420,47.333333,0,11,1191.287720,1132.340210,0.200000,0.150000,0.000000
1420,0,1420,47.333333,0,12,961.141357,1088.457397,0.050000,0.200000,0.000000
1420,0,1420,47.333333,0,13,1034.702026,1078.101807,0.100000,0.200000,0.000000
1420,0,1420,47.333333,0,14,1110.205933,1068.362427,0.150000,0.200000,0.000000
1420,0,1420,47.333333,0,15,1181.961304,1059.676025,0.200000,0.200000,0.000000
1420,0,1420,47.333333,0,16,954.252441,1015.545044,0.050000,0.250000,0.000000
1420,0,1420,47.333333,0,17,1028.253174,1005.305359,0.100000,0.250000,0.000000
1420,0,1420,47.333333,0,18,1101.654785,998.004822,0.150000,0.250000,0.000000
1420,0,1420,47.333333,0,19,1173.382568,988.462341,0.200000,0.250000,0.000000
1420,0,1420,47.333333,0,20,946.196533,941.925232,0.050000,0.300000,0.000000
1420,0,1420,47.333333,0,21,1019.075317,933.797119,0.100000,0.300000,0.000000
1420,0,1420,47.333333,0,22,1091.896240,925.518250,0.150000,0.300000,0.000000
1420,0,1420,47.333333,0,23,1163.761841,916.593140,0.200000,0.300000,0.000000
1425,0,1425,47.500000,0,0,964.315308,1309.133057,0.050000,0.050000,0.000000
1425,0,1425,47.500000,0,1,1040.974121,1299.359009,0.100000,0.050000,0.000000
1425,0,1425,47.500000,0,2,1114.428467,1289.062134,0.150000,0.050000,0.000000
1425,0,1425,47.500000,0,3,1187.772339,1280.364746,0.200000,0.050000,0.000000
1425,0,1425,47.500000,0,6,1106.270630,1216.424683,0.150000,0.100000,0.000000
1425,0,1425,47.500000,0,7,1180.185181,1205.833984,0.200000,0.100000,0.000000
1425,0,1425,47.500000,0,11,1171.895996,1133.224854,0.200000,0.150000,0.000000
1425,0,1425,47.500000,0,12,944.732300,1086.464600,0.050000,0.200000,0.000000
1425,0,1425,47.500000,0,15,1164.191162,1061.936768,0.200000,0.200000,0.000000
1425,0,1425,47.500000,0,16,936.919800,1014.523376,0.050000,0.250000,0.000000
1425,0,1425,47.500000,0,17,1011.454102,1006.550964,0.100000,0.250000,0.000000
1425,0,1425,47.500000,0,18,1083.969116,998.447083,0.150000,0.250000,0.000000
1425,0,1425,47.500000,0,19,1155.645874,990.846436,0.200000,0.250000,0.000000
1425,0,1425,47.500000,0,20,931.095825,942.677246,0.050000,0.300000,0.000000
1425,0,1425,47.500000,0,21,1002.828247,934.880005,0.100000,0.300000,0.000000
1430,0,1430,47.666667,0,0,950.602539,1314.283325,0.050000,0.050000,0.000000
1430,0,1430,47.666667,0,1,1025.364258,1305.438232,0.100000,0.050000,0.000000
1430,0,1430,47.666667,0,2,1099.228516,1294.473267,0.150000,0.050000,0.000000
1430,0,1430,47.666667,0,3,1173.432861,1286.043091,0.200000,0.050000,0.000000
1430,0,1430,47.666667,0,4,945.051147,1238.625488,0.050000,0.100000,0.000000
1430,0,1430,47.666667,0,5,1020.369019,1230.408691,0.100000,0.100000,0.000000
1430,0,1430,47.666667,0,6,1092.645874,1221.614136,0.150000,0.100000,0.000000
1430,0,1430,47.666667,0,7,1165.557007,1212.138306,0.200000,0.100000,0.000000
1430,0,1430,47.666667,0,8,938.287720,1164.882935,0.050000,0.150000,0.000000
1430,0,1430,47.666667,0,9,1012.551270,1156.417847,0.100000,0.150000,0.000000
1430,0,1430,47.666667,0,10,1086.505371,1148.423950,0.150000,0.150000,0.000000
1430,0,1430,47.666667,0,11,1158.321777,1139.514648,0.200000,0.150000,0.000000
1430,0,1430,47.666667,0,12,931.548462,1091.998535,0.050000,0.200000,0.000000
1430,0,1430,47.666667,0,13,1005.910278,1083.759644,0.100000,0.200000,0.000000
1430,0,1430,47.666667,0,14,1078.682739,1075.791992,0.150000,0.200000,0.000000
1430,0,1430,47.666667,0,15,1151.379761,1068.536865,0.200000,0.200000,0.000000
1430,0,1430,47.666667,0,16,925.237793,1019.777466,0.050000,0.250000,0.000000
1430,0,1430,47.666667,0,17,998.631714,1012.528137,0.100000,0.250000,0.000000
1430,0,1430,47.666667,0,18,1071.723633,1004.780701,0.150000,0.250000,0.000000
1430,0,1430,47.666667,0,19,1143.926025,996.594971,0.200000,0.250000,0.000000
1430,0,1430,47.666667,0,20,918.596680,949.240479,0.050000,0.300000,0.000000
1430,0,1430,47.666667,0,21,992.572388,941.555847,0.100000,0.300000,0.000000
1430,0,1430,47.666667,0,22,1064.354858,934.597168,0.150000,0.300000,0.000000
1430,0,1430,47.666667,0,23,1135.073364,926.711121,0.200000,0.300000,0.000000
1435,0,1435,47.833333,0,1,1011.242065,1308.307495,0.100000,0.050000,0.000000
1435,0,1435,47.833333,0,6,1078.649902,1225.224609,0.150000,0.100000,0.000000
1435,0,1435,47.833333,0,8,925.959106,1165.599976,0.050000,0.150000,0.000000
1435,0,1435,47.833333,0,12,921.333618,1092.298462,0.050000,0.200000,0.000000
1435,0,1435,47.833333,0,17,989.518921,1013.820190,0.100000,0.250000,0.000000
1435,0,1435,47.833333,0,19,1132.871216,1001.728394,0.200000,0.250000,0.000000
1435,0,1435,47.833333,0,20,910.915771,948.585388,0.050000,0.300000,0.000000
1435,0,1435,47.833333,0,21,984.271484,943.283264,0.100000,0.300000,0.000000
1440,0,1440,48.000000,0,4,906.166992,1237.806641,0.050000,0.100000,0.000000
1440,0,1440,48.000000,0,10,1051.341675,1155.476318,0.150000,0.150000,0.000000
1440,0,1440,48.000000,0,11,1123.589966,1150.714355,0.200000,0.150000,0.000000
1440,0,1440,48.000000,0,12,900.599487,1091.568726,0.050000,0.200000,0.000000
1440,0,1440,48.000000,0,13,975.183594,1087.009399,0.100000,0.200000,0.000000
1440,0,1440,48.000000,0,14,1047.687134,1083.452393,0.150000,0.200000,0.000000
1440,0,1440,48.000000,0,15,1120.768311,1079.261230,0.200000,0.200000,0.000000
1440,0,1440,48.000000,0,16,898.508667,1019.345459,0.050000,0.250000,0.000000
1440,0,1440,48.000000,0,17,972.104126,1016.187317,0.100000,0.250000,0.000000
1440,0,1440,48.000000,0,18,1044.817993,1011.561096,0.150000,0.250000,0.000000
1440,0,1440,48.000000,0,19,1116.424683,1008.866577,0.200000,0.250000,0.000000
1440,0,1440,48.000000,0,20,895.665283,947.660767,0.050000,0.300000,0.000000
1440,0,1440,48.000000,0,21,969.430298,944.810791,0.100000,0.300000,0.000000
1440,0,1440,48.000000,0,22,1041.946167,941.182495,0.150000,0.300000,0.000000
1440,0,1440,48.000000,0,23,1113.519897,939.033997,0.200000,0.300000,0.000000
1445,0,1445,48.166667,0,0,902.788696,1311.146973,0.050000,0.050000,0.000000
1445,0,1445,48.166667,0,1,977.917480,1306.319458,0.100000,0.050000,0.000000
1445,0,1445,48.166667,0,2,1052.400879,1300.444092,0.150000,0.050000,0.000000
1445,0,1445,48.166667,0,3,1125.701050,1295.957642,0.200000,0.050000,0.000000
1445,0,1445,48.166667,0,4,900.710571,1236.325439,0.050000,0.100000,0.000000
1445,0,1445,48.166667,0,5,975.685913,1231.367676,0.100000,0.100000,0.000000
1445,0,1445,48.166667,0,6,1049.572632,1226.921753,0.150000,0.100000,0.000000
1445,0,1445,48.166667,0,7,1123.021240,1222.031616,0.200000,0.100000,0.000000
1445,0,1445,48.166667,0,8,898.686646,1162.342163,0.050000,0.150000,0.000000
1445,0,1445,48.166667,0,9,973.039795,1158.172729,0.100000,0.150000,0.000000
1445,0,1445,48.166667,0,10,1047.323853,1153.713867,0.150000,0.150000,0.000000
1445,0,1445,48.166667,0,11,1119.359741,1149.583008,0.200000,0.150000,0.000000
1445,0,1445,48.166667,0,12,896.806885,1089.213257,0.050000,0.200000,0.000000
1445,0,1445,48.166667,0,13,971.375244,1085.483154,0.100000,0.200000,0.000000
1445,0,1445,48.166667,0,14,1044.362549,1081.295776,0.150000,0.200000,0.000000
1445,0,1445,48.166667,0,15,1116.430542,1078.283447,0.200000,0.200000,0.000000
1445,0,1445,48.166667,0,16,894.506226,1016.786194,0.050000,0.250000,0.000000
1445,0,1445,48.166667,0,17,968.562134,1013.616577,0.100000,0.250000,0.000000
1445,0,1445,48.166667,0,18,1041.247803,1010.690430,0.150000,0.250000,0.000000
1445,0,1445,48.166667,0,19,1113.087036,1006.747925,0.200000,0.250000,0.000000
1445,0,1445,48.166667,0,20,892.570801,945.777832,0.050000,0.300000,0.000000
1445,0,1445,48.166667,0,21,966.069336,942.643311,0.100000,0.300000,0.000000
1445,0,1445,48.166667,0,22,1038.572998,939.824402,0.150000,0.300000,0.000000
1445,0,1445,48.166667,0,23,1109.931152,937.575928,0.200000,0.300000,0.000000
1450,0,1450,48.333333,0,0,902.251587,1313.038086,0.050000,0.050000,0.000000
1450,0,1450,48.333333,0,1,977.249878,1307.319214,0.100000,0.050000,0.000000
1450,0,1450,48.333333,0,2,1052.261963,1301.840454,0.150000,0.050000,0.000000
1450,0,1450,48.333333,0,3,1124.954224,1296.138306,0.200000,0.050000,0.000000
1450,0,1450,48.333333,0,4,899.569092,1237.900024,0.050000,0.100000,0.000000
1450,0,1450,48.333333,0,5,974.219971,1231.954590,0.100000,0.100000,0.000000
1450,0,1450,48.333333,0,6,1048.483521,1227.717041,0.150000,0.100000,0.000000
1450,0,1450,48.333333,0,7,1121.358643,1222.569946,0.200000,0.100000,0.000000
1450,0,1450,48.333333,0,8,897.695801,1163.599365,0.050000,0.150000,0.000000
1450,0,1450,48.333333,0,9,972.101440,1159.353516,0.100000,0.150000,0.000000
1450,0,1450,48.333333,0,10,1046.198730,1155.048828,0.150000,0.150000,0.000000
1450,0,1450,48.333333,0,11,1118.476562,1150.280884,0.200000,0.150000,0.000000
1450,0,1450,48.333333,0,12,895.471313,1090.655396,0.050000,0.200000,0.000000
1450,0,1450,48.333333,0,13,969.963989,1087.031006,0.100000,0.200000,0.000000
1450,0,1450,48.333333,0,14,1042.636230,1083.220337,0.150000,0.200000,0.000000
1450,0,1450,48.333333,0,15,1115.477051,1079.348755,0.200000,0.200000,0.000000
1450,0,1450,48.333333,0,16,893.278931,1018.693115,0.050000,0.250000,0.000000
1450,0,1450,48.333333,0,17,967.027100,1015.472351,0.100000,0.250000,0.000000
1450,0,1450,48.333333,0,18,1039.619873,1011.411255,0.150000,0.250000,0.000000
1450,0,1450,48.333333,0,19,1111.423828,1008.412048,0.200000,0.250000,0.000000
1450,0,1450,48.333333,0,20,891.290405,947.525146,0.050000,0.300000,0.000000
1450,0,1450,48.333333,0,21,964.776611,944.512268,0.100000,0.300000,0.000000
1450,0,1450,48.333333,0,22,1036.315063,941.862915,0.150000,0.300000,0.000000
1450,0,1450,48.333333,0,23,1107.834717,938.449402,0.200000,0.300000,0.000000
1455,0,1455,48.500000,0,0,903.400879,1312.412964,0.050000,0.050000,0.000000
1455,0,1455,48.500000,0,1,977.861572,1306.713501,0.100000,0.050000,0.000000
1455,0,1455,48.500000,0,2,1052.528564,1300.393555,0.150000,0.050000,0.000000
1455,0,1455,48.500000,0,3,1125.720581,1295.220703,0.200000,0.050000,0.000000
1455,0,1455,48.500000,0,4,900.161865,1237.369019,0.050000,0.100000,0.000000
1455,0,1455,48.500000,0,5,975.620972,1231.922852,0.100000,0.100000,0.000000
1455,0,1455,48.500000,0,6,1049.148682,1227.183716,0.150000,0.100000,0.000000
1455,0,1455,48.500000,0,7,1122.928711,1222.134644,0.200000,0.100000,0.000000
1455,0,1455,48.500000,0,8,898.707031,1163.284790,0.050000,0.150000,0.000000
1455,0,1455,48.500000,0,9,972.725098,1158.615723,0.100000,0.150000,0.000000
1455,0,1455,48.500000,0,10,1046.415283,1153.771606,0.150000,0.150000,0.000000
1455,0,1455,48.500000,0,11,1118.359375,1149.795288,0.200000,0.150000,0.000000
1455,0,1455,48.500000,0,12,896.414062,1089.915771,0.050000,0.200000,0.000000
1455,0,1455,48.500000,0,13,969.931519,1085.592041,0.100000,0.200000,0.000000
1455,0,1455,48.500000,0,14,1043.233032,1082.145752,0.150000,0.200000,0.000000
1455,0,1455,48.500000,0,15,1115.434204,1077.815674,0.200000,0.200000,0.000000
1455,0,1455,48.500000,0,16,894.285278,1017.927307,0.050000,0.250000,0.000000
1455,0,1455,48.500000,0,17,967.526245,1014.518188,0.100000,0.250000,0.000000
1455,0,1455,48.500000,0,18,1039.768921,1010.408875,0.150000,0.250000,0.000000
1455,0,1455,48.500000,0,19,1111.839478,1007.343018,0.200000,0.250000,0.000000
1455,0,1455,48.500000,0,20,891.653076,946.582703,0.050000,0.300000,0.000000
1455,0,1455,48.500000,0,21,965.298340,943.640137,0.100000,0.300000,0.000000
1455,0,1455,48.500000,0,22,1037.432007,940.606201,0.150000,0.300000,0.000000
1455,0,1455,48.500000,0,23,1108.621582,937.690002,0.200000,0.300000,0.000000
1460,0,1460,48.666667,0,0,900.495361,1311.411255,0.050000,0.050000,0.000000
1460,0,1460,48.666667,0,1,976.173340,1305.587769,0.100000,0.050000,0.000000
1460,0,1460,48.666667,0,2,1050.588013,1299.655029,0.150000,0.050000,0.000000
1460,0,1460,48.666667,0,3,1123.476685,1294.411865,0.200000,0.050000,0.000000
1460,0,1460,48.666667,0,4,898.425903,1236.488525,0.050000,0.100000,0.000000
1460,0,1460,48.666667,0,5,973.540283,1231.170166,0.100000,0.100000,0.000000
1460,0,1460,48.666667,0,6,1046.744629,1226.222290,0.150000,0.100000,0.000000
1460,0,1460,48.666667,0,7,1120.329346,1220.617188,0.200000,0.100000,0.000000
1460,0,1460,48.666667,0,8,897.122192,1163.371582,0.050000,0.150000,0.000000
1460,0,1460,48.666667,0,9,970.555298,1157.634033,0.100000,0.150000,0.000000
1460,0,1460,48.666667,0,10,1044.137939,1153.015747,0.150000,0.150000,0.000000
1460,0,1460,48.666667,0,11,1116.289429,1148.341187,0.200000,0.150000,0.000000
1460,0,1460,48.666667,0,12,893.359375,1090.066772,0.050000,0.200000,0.000000
1460,0,1460,48.666667,0,13,967.536255,1085.315918,0.100000,0.200000,0.000000
1460,0,1460,48.666667,0,14,1040.519409,1081.396851,0.150000,0.200000,0.000000
1460,0,1460,48.666667,0,15,1113.043091,1077.544067,0.200000,0.200000,0.000000
1460,0,1460,48.666667,0,17,964.859497,1014.274292,0.100000,0.250000,0.000000
1460,0,1460,48.666667,0,18,1037.533569,1010.583618,0.150000,0.250000,0.000000
1460,0,1460,48.666667,0,19,1108.624268,1006.664795,0.200000,0.250000,0.000000
1460,0,1460,48.666667,0,21,961.962280,943.425293,0.100000,0.300000,0.000000
1460,0,1460,48.666667,0,22,1033.894287,940.444824,0.150000,0.300000,0.000000
1460,0,1460,48.666667,0,23,1105.434692,937.073853,0.200000,0.300000,0.000000
1465,0,1465,48.833333,0,0,899.510620,1312.357422,0.050000,0.050000,0.000000
1465,0,1465,48.833333,0,1,974.804443,1306.194580,0.100000,0.050000,0.000000
1465,0,1465,48.833333,0,2,1049.536743,1300.234253,0.150000,0.050000,0.000000
1465,0,1465,48.833333,0,3,1122.149048,1294.510986,0.200000,0.050000,0.000000
1465,0,1465,48.833333,0,4,896.038086,1238.378296,0.050000,0.100000,0.000000
1465,0,1465,48.833333,0,5,971.785156,1231.653687,0.100000,0.100000,0.000000
1465,0,1465,48.833333,0,6,1045.452881,1226.462769,0.150000,0.100000,0.000000
1465,0,1465,48.833333,0,7,1117.891357,1220.255859,0.200000,0.100000,0.000000
1465,0,1465,48.833333,0,8,893.734497,1163.106567,0.050000,0.150000,0.000000
1465,0,1465,48.833333,0,9,968.410767,1158.430298,0.100000,0.150000,0.000000
1465,0,1465,48.833333,0,10,1041.396729,1152.567993,0.150000,0.150000,0.000000
1465,0,1465,48.833333,0,11,1114.443237,1148.729004,0.200000,0.150000,0.000000
1465,0,1465,48.833333,0,12,891.542725,1090.887451,0.050000,0.200000,0.000000
1465,0,1465,48.833333,0,13,965.738770,1086.325928,0.100000,0.200000,0.000000
1465,0,1465,48.833333,0,14,1038.531250,1081.618286,0.150000,0.200000,0.000000
1465,0,1465,48.833333,0,15,1110.798218,1077.188721,0.200000,0.200000,0.000000
1465,0,1465,48.833333,0,17,962.202759,1014.862061,0.100000,0.250000,0.000000
1465,0,1465,48.833333,0,18,1035.607056,1010.966492,0.150000,0.250000,0.000000
1465,0,1465,48.833333,0,19,1106.954834,1006.571533,0.200000,0.250000,0.000000
1465,0,1465,48.833333,0,21,960.142212,944.885620,0.100000,0.300000,0.000000
1465,0,1465,48.833333,0,22,1031.293457,941.043701,0.150000,0.300000,0.000000
1465,0,1465,48.833333,0,23,1102.535400,937.202637,0.200000,0.300000,0.000000
1470,0,1470,49.000000,0,2,1050.555176,1298.738403,0.150000,0.050000,0.000000
1470,0,1470,49.000000,0,3,1122.307495,1291.620117,0.200000,0.050000,0.000000
1470,0,1470,49.000000,0,4,896.200317,1235.731445,0.050000,0.100000,0.000000
1470,0,1470,49.000000,0,5,971.091553,1229.522949,0.100000,0.100000,0.000000
1470,0,1470,49.000000,0,6,1044.782837,1224.344116,0.150000,0.100000,0.000000
1470,0,1470,49.000000,0,7,1118.273193,1218.146729,0.200000,0.100000,0.000000
1470,0,1470,49.000000,0,8,894.147339,1162.200439,0.050000,0.150000,0.000000
1470,0,1470,49.000000,0,9,967.695312,1156.451904,0.100000,0.150000,0.000000
1470,0,1470,49.000000,0,10,1041.223145,1150.871094,0.150000,0.150000,0.000000
1470,0,1470,49.000000,0,11,1113.392578,1145.934570,0.200000,0.150000,0.000000
1470,0,1470,49.000000,0,12,890.394409,1089.516479,0.050000,0.200000,0.000000
1470,0,1470,49.000000,0,13,964.504395,1083.730957,0.100000,0.200000,0.000000
1470,0,1470,49.000000,0,14,1037.312134,1079.519043,0.150000,0.200000,0.000000
1470,0,1470,49.000000,0,15,1109.632568,1074.823242,0.200000,0.200000,0.000000
1470,0,1470,49.000000,0,17,961.552124,1012.809326,0.100000,0.250000,0.000000
1470,0,1470,49.000000,0,18,1033.676147,1008.921875,0.150000,0.250000,0.000000
1470,0,1470,49.000000,0,19,1104.948730,1005.215271,0.200000,0.250000,0.000000
1470,0,1470,49.000000,0,21,958.091431,943.329773,0.100000,0.300000,0.000000
1470,0,1470,49.000000,0,22,1028.729492,940.094971,0.150000,0.300000,0.000000
1470,0,1470,49.000000,0,23,1100.842041,935.474426,0.200000,0.300000,0.000000
1475,0,1475,49.166667,0,0,898.597778,1310.233398,0.050000,0.050000,0.000000
1475,0,1475,49.166667,0,1,974.391602,1304.670410,0.100000,0.050000,0.000000
1475,0,1475,49.166667,0,2,1050.033813,1299.298096,0.150000,0.050000,0.000000
1475,0,1475,49.166667,0,3,1123.426758,1293.801636,0.200000,0.050000,0.000000
1475,0,1475,49.166667,0,4,897.436523,1234.532471,0.050000,0.100000,0.000000
1475,0,1475,49.166667,0,5,973.320923,1229.813965,0.100000,0.100000,0.000000
1475,0,1475,49.166667,0,6,1046.707642,1225.288940,0.150000,0.100000,0.000000
1475,0,1475,49.166667,0,7,1119.630127,1221.276611,0.200000,0.100000,0.000000
1475,0,1475,49.166667,0,8,896.537598,1161.544678,0.050000,0.150000,0.000000
1475,0,1475,49.166667,0,9,970.554321,1157.132080,0.100000,0.150000,0.000000
1475,0,1475,49.166667,0,10,1043.511719,1153.345093,0.150000,0.150000,0.000000
1475,0,1475,49.166667,0,11,1116.205444,1148.667603,0.200000,0.150000,0.000000
1475,0,1475,49.166667,0,12,894.551636,1090.526245,0.050000,0.200000,0.000000
1475,0,1475,49.166667,0,13,967.738647,1086.023926,0.100000,0.200000,0.000000
1475,0,1475,49.166667,0,14,1041.036743,1082.967407,0.150000,0.200000,0.000000
1475,0,1475,49.166667,0,15,1112.426270,1079.837158,0.200000,0.200000,0.000000
1475,0,1475,49.166667,0,17,966.425659,1017.195129,0.100000,0.250000,0.000000
1475,0,1475,49.166667,0,18,1037.703369,1014.415649,0.150000,0.250000,0.000000
1475,0,1475,49.166667,0,19,1108.162109,1011.692200,0.200000,0.250000,0.000000
1475,0,1475,49.166667,0,21,964.380859,949.720276,0.100000,0.300000,0.000000
1475,0,1475,49.166667,0,22,1035.438477,947.450623,0.150000,0.300000,0.000000
1475,0,1475,49.166667,0,23,1105.056885,945.561951,0.200000,0.300000,0.000000
1480,0,1480,49.333333,0,0,897.949219,1303.343750,0.050000,0.050000,0.000000
1480,0,1480,49.333333,0,1,974.509521,1297.913086,0.100000,0.050000,0.000000
1480,0,1480,49.333333,0,2,1049.486816,1293.789551,0.150000,0.050000,0.000000
1480,0,1480,49.333333,0,3,1122.700195,1290.871338,0.200000,0.050000,0.000000
1480,0,1480,49.333333,0,4,898.408813,1228.219849,0.050000,0.100000,0.000000
1480,0,1480,49.333333,0,5,974.154541,1225.064209,0.100000,0.100000,0.000000
1480,0,1480,49.333333,0,6,1047.414062,1221.229492,0.150000,0.100000,0.000000
1480,0,1480,49.333333,0,7,1120.053223,1218.061890,0.200000,0.100000,0.000000
1480,0,1480,49.333333,0,8,898.575073,1156.515869,0.050000,0.150000,0.000000
1480,0,1480,49.333333,0,9,972.140625,1153.694458,0.100000,0.150000,0.000000
1480,0,1480,49.333333,0,10,1045.567139,1151.189697,0.150000,0.150000,0.000000
1480,0,1480,49.333333,0,11,1117.402588,1147.878174,0.200000,0.150000,0.000000
1480,0,1480,49.333333,0,12,899.266479,1086.562622,0.050000,0.200000,0.000000
1480,0,1480,49.333333,0,13,971.568359,1084.327271,0.100000,0.200000,0.000000
1480,0,1480,49.333333,0,14,1043.059692,1082.502441,0.150000,0.200000,0.000000
1480,0,1480,49.333333,0,15,1114.336914,1080.468994,0.200000,0.200000,0.000000
1480,0,1480,49.333333,0,17,971.287720,1017.069641,0.100000,0.250000,0.000000
1480,0,1480,49.333333,0,18,1041.278198,1015.570312,0.150000,0.250000,0.000000
1480,0,1480,49.333333,0,19,1110.920166,1014.396545,0.200000,0.250000,0.000000
1480,0,1480,49.333333,0,21,970.813110,953.211243,0.100000,0.300000,0.000000
1480,0,1480,49.333333,0,22,1039.270630,951.665588,0.150000,0.300000,0.000000
1480,0,1480,49.333333,0,23,1108.295410,949.979797,0.200000,0.300000,0.000000
1485,0,1485,49.500000,0,0,899.334351,1302.712158,0.050000,0.050000,0.000000
1485,0,1485,49.500000,0,1,975.075439,1297.473389,0.100000,0.050000,0.000000
1485,0,1485,49.500000,0,2,1050.098877,1292.377930,0.150000,0.050000,0.000000
1485,0,1485,49.500000,0,3,1123.424683,1288.675049,0.200000,0.050000,0.000000
1485,0,1485,49.500000,0,4,898.191040,1228.469238,0.050000,0.100000,0.000000
1485,0,1485,49.500000,0,5,973.843872,1223.584351,0.100000,0.100000,0.000000
1485,0,1485,49.500000,0,6,1046.278687,1221.237427,0.150000,0.100000,0.000000
1485,0,1485,49.500000,0,7,1119.788574,1216.699219,0.200000,0.100000,0.000000
1485,0,1485,49.500000,0,8,899.053711,1156.647461,0.050000,0.150000,0.000000
1485,0,1485,49.500000,0,9,972.525024,1152.735718,0.100000,0.150000,0.000000
1485,0,1485,49.500000,0,10,1045.256958,1150.120117,0.150000,0.150000,0.000000
1485,0,1485,49.500000,0,11,1116.563477,1146.799316,0.200000,0.150000,0.000000
1485,0,1485,49.500000,0,12,898.121582,1087.341797,0.050000,0.200000,0.000000
1485,0,1485,49.500000,0,13,971.469727,1084.491089,0.100000,0.200000,0.000000
1485,0,1485,49.500000,0,14,1042.849487,1081.366089,0.150000,0.200000,0.000000
1485,0,1485,49.500000,0,15,1112.937256,1079.269165,0.200000,0.200000,0.000000
1485,0,1485,49.500000,0,17,969.253418,1018.147949,0.100000,0.250000,0.000000
1485,0,1485,49.500000,0,18,1040.297485,1015.642212,0.150000,0.250000,0.000000
1485,0,1485,49.500000,0,19,1109.607788,1013.402954,0.200000,0.250000,0.000000
1485,0,1485,49.500000,0,21,968.745361,953.730774,0.100000,0.300000,0.000000
1485,0,1485,49.500000,0,22,1037.646240,951.663330,0.150000,0.300000,0.000000
1485,0,1485,49.500000,0,23,1106.005981,949.639099,0.200000,0.300000,0.000000
1490,0,1490,49.666667,0,0,910.546021,1306.037842,0.050000,0.050000,0.000000
1490,0,1490,49.666667,0,1,984.394775,1302.997314,0.100000,0.050000,0.000000
1490,0,1490,49.666667,0,3,1134.798218,1293.183105,0.200000,0.050000,0.000000
1490,0,1490,49.666667,0,4,909.188843,1232.701294,0.050000,0.100000,0.000000
1490,0,1490,49.666667,0,5,984.464111,1226.584717,0.100000,0.100000,0.000000
1490,0,1490,49.666667,0,6,1059.490967,1223.350586,0.150000,0.100000,0.000000
1490,0,1490,49.666667,0,7,1132.133057,1219.860352,0.200000,0.100000,0.000000
1490,0,1490,49.666667,0,11,1129.039673,1149.303711,0.200000,0.150000,0.000000
1490,0,1490,49.666667,0,12,912.250610,1089.174927,0.050000,0.200000,0.000000
1490,0,1490,49.666667,0,17,982.449219,1018.187073,0.100000,0.250000,0.000000
1490,0,1490,49.666667,0,22,1051.166992,950.198608,0.150000,0.300000,0.000000
1495,0,1495,49.833333,0,0,943.022827,1316.964233,0.050000,0.050000,0.000000
1495,0,1495,49.833333,0,1,1015.920532,1312.643433,0.100000,0.050000,0.000000
1495,0,1495,49.833333,0,2,1089.495850,1307.802002,0.150000,0.050000,0.000000
1495,0,1495,49.833333,0,3,1163.226440,1302.470581,0.200000,0.050000,0.000000
1495,0,1495,49.833333,0,4,942.560547,1242.831665,0.050000,0.100000,0.000000
1495,0,1495,49.833333,0,5,1015.850830,1238.769409,0.100000,0.100000,0.000000
1495,0,1495,49.833333,0,6,1087.756714,1232.120117,0.150000,0.100000,0.000000
1495,0,1495,49.833333,0,7,1160.119873,1227.724121,0.200000,0.100000,0.000000
1495,0,1495,49.833333,0,8,943.005005,1169.893677,0.050000,0.150000,0.000000
1495,0,1495,49.833333,0,9,1012.287964,1165.610352,0.100000,0.150000,0.000000
1495,0,1495,49.833333,0,10,1085.149048,1159.439331,0.150000,0.150000,0.000000
1495,0,1495,49.833333,0,11,1157.004639,1155.068115,0.200000,0.150000,0.000000
1495,0,1495,49.833333,0,12,942.756470,1098.218628,0.050000,0.200000,0.000000
1495,0,1495,49.833333,0,13,1013.709229,1094.424072,0.100000,0.200000,0.000000
1495,0,1495,49.833333,0,14,1083.595947,1088.151611,0.150000,0.200000,0.000000
1495,0,1495,49.833333,0,15,1155.013062,1083.974243,0.200000,0.200000,0.000000
1495,0,1495,49.833333,0,16,939.807861,1027.691528,0.050000,0.250000,0.000000
1495,0,1495,49.833333,0,17,1011.692749,1023.399048,0.100000,0.250000,0.000000
1495,0,1495,49.833333,0,18,1080.487183,1018.090088,0.150000,0.250000,0.000000
1495,0,1495,49.833333,0,19,1152.034180,1012.950989,0.200000,0.250000,0.000000
1495,0,1495,49.833333,0,20,941.888672,960.653320,0.050000,0.300000,0.000000
1495,0,1495,49.833333,0,21,1010.342651,956.071350,0.100000,0.300000,0.000000
1495,0,1495,49.833333,0,22,1079.561768,949.763489,0.150000,0.300000,0.000000
1495,0,1495,49.833333,0,23,1148.811279,945.633240,0.200000,0.300000,0.000000
1500,0,1500,50.000000,0,0,952.812622,1314.883179,0.050000,0.050000,0.000000
1500,0,1500,50.000000,0,1,1022.912354,1310.955078,0.100000,0.050000,0.000000
1500,0,1500,50.000000,0,2,1095.725952,1306.816284,0.150000,0.050000,0.000000
1500,0,1500,50.000000,0,3,1168.629395,1303.197876,0.200000,0.050000,0.000000
1500,0,1500,50.000000,0,4,952.947754,1241.239136,0.050000,0.100000,0.000000
1500,0,1500,50.000000,0,5,1023.112427,1236.728760,0.100000,0.100000,0.000000
1500,0,1500,50.000000,0,6,1093.779297,1233.048096,0.150000,0.100000,0.000000
1500,0,1500,50.000000,0,7,1166.173218,1227.877563,0.200000,0.100000,0.000000
1500,0,1500,50.000000,0,8,954.217163,1169.745117,0.050000,0.150000,0.000000
1500,0,1500,50.000000,0,9,1023.508423,1163.372803,0.100000,0.150000,0.000000
1500,0,1500,50.000000,0,10,1093.647461,1159.945190,0.150000,0.150000,0.000000
1500,0,1500,50.000000,0,11,1163.822876,1155.700806,0.200000,0.150000,0.000000
1500,0,1500,50.000000,0,12,953.773438,1097.847656,0.050000,0.200000,0.000000
1500,0,1500,50.000000,0,13,1022.831177,1093.758911,0.100000,0.200000,0.000000
1500,0,1500,50.000000,0,14,1091.689453,1088.902222,0.150000,0.200000,0.000000
1500,0,1500,50.000000,0,15,1161.836060,1083.757812,0.200000,0.200000,0.000000
1500,0,1500,50.000000,0,16,953.645874,1029.058228,0.050000,0.250000,0.000000
1500,0,1500,50.000000,0,17,1022.027222,1024.504150,0.100000,0.250000,0.000000
1500,0,1500,50.000000,0,18,1090.924194,1018.892456,0.150000,0.250000,0.000000
1500,0,1500,50.000000,0,19,1159.426147,1014.204773,0.200000,0.250000,0.000000
1500,0,1500,50.000000,0,20,953.713501,962.517151,0.050000,0.300000,0.000000
1500,0,1500,50.000000,0,21,1021.646362,956.683533,0.100000,0.300000,0.000000
1500,0,1500,50.000000,0,22,1089.316040,951.274414,0.150000,0.300000,0.000000
1500,0,1500,50.000000,0,23,1157.807861,945.612793,0.200000,0.300000,0.000000
1505,0,1505,50.166667,0,0,952.343018,1306.735107,0.050000,0.050000,0.000000
1505,0,1505,50.166667,0,1,1022.256104,1303.220947,0.100000,0.050000,0.000000
1505,0,1505,50.166667,0,2,1095.377441,1301.076172,0.150000,0.050000,0.000000
1505,0,1505,50.166667,0,3,1167.273071,1298.428955,0.200000,0.050000,0.000000
1505,0,1505,50.166667,0,4,953.383179,1232.528564,0.050000,0.100000,0.000000
1505,0,1505,50.166667,0,5,1023.663208,1229.441284,0.100000,0.100000,0.000000
1505,0,1505,50.166667,0,6,1094.984863,1225.946777,0.150000,0.100000,0.000000
1505,0,1505,50.166667,0,7,1167.135742,1223.354614,0.200000,0.100000,0.000000
1505,0,1505,50.166667,0,8,955.293823,1160.570068,0.050000,0.150000,0.000000
1505,0,1505,50.166667,0,9,1024.133423,1157.184570,0.100000,0.150000,0.000000
1505,0,1505,50.166667,0,10,1095.223999,1153.707764,0.150000,0.150000,0.000000
1505,0,1505,50.166667,0,11,1165.746582,1150.406494,0.200000,0.150000,0.000000
1505,0,1505,50.166667,0,12,956.377930,1090.119385,0.050000,0.200000,0.000000
1505,0,1505,50.166667,0,13,1024.922119,1086.015625,0.100000,0.200000,0.000000
1505,0,1505,50.166667,0,14,1094.975586,1082.434937,0.150000,0.200000,0.000000
1505,0,1505,50.166667,0,15,1165.744019,1079.794556,0.200000,0.200000,0.000000
1505,0,1505,50.166667,0,16,958.567871,1021.717651,0.050000,0.250000,0.000000
1505,0,1505,50.166667,0,17,1027.084595,1016.640564,0.100000,0.250000,0.000000
1505,0,1505,50.166667,0,18,1095.293579,1013.527954,0.150000,0.250000,0.000000
1505,0,1505,50.166667,0,19,1164.284668,1009.035400,0.200000,0.250000,0.000000
1505,0,1505,50.166667,0,20,959.573364,953.967163,0.050000,0.300000,0.000000
1505,0,1505,50.166667,0,21,1027.556885,950.226685,0.100000,0.300000,0.000000
1505,0,1505,50.166667,0,22,1094.511230,945.703491,0.150000,0.300000,0.000000
1505,0,1505,50.166667,0,23,1163.221436,941.116211,0.200000,0.300000,0.000000
1510,0,1510,50.333333,0,0,952.292114,1305.091187,0.050000,0.050000,0.000000
1510,0,1510,50.333333,0,1,1022.559814,1301.432495,0.100000,0.050000,0.000000
1510,0,1510,50.333333,0,2,1095.475708,1299.156494,0.150000,0.050000,0.000000
1510,0,1510,50.333333,0,3,1168.379639,1295.739258,0.200000,0.050000,0.000000
1510,0,1510,50.333333,0,5,1023.191406,1226.842163,0.100000,0.100000,0.000000
1510,0,1510,50.333333,0,6,1094.696899,1224.484985,0.150000,0.100000,0.000000
1510,0,1510,50.333333,0,7,1167.326172,1221.680054,0.200000,0.100000,0.000000
1510,0,1510,50.333333,0,9,1024.583984,1154.681396,0.100000,0.150000,0.000000
1510,0,1510,50.333333,0,10,1094.627808,1151.405273,0.150000,0.150000,0.000000
1510,0,1510,50.333333,0,11,1166.114746,1148.576416,0.200000,0.150000,0.000000
1510,0,1510,50.333333,0,14,1094.752563,1080.687744,0.150000,0.200000,0.000000
1510,0,1510,50.333333,0,15,1165.648926,1077.410767,0.200000,0.200000,0.000000
1510,0,1510,50.333333,0,18,1094.827271,1011.363892,0.150000,0.250000,0.000000
1510,0,1510,50.333333,0,19,1164.380493,1007.067200,0.200000,0.250000,0.000000
1510,0,1510,50.333333,0,22,1093.953247,943.766174,0.150000,0.300000,0.000000
1510,0,1510,50.333333,0,23,1162.679688,938.817566,0.200000,0.300000,0.000000
1525,0,1525,50.833333,0,0,881.646729,1307.380005,0.050000,0.050000,0.000000
1525,0,1525,50.833333,0,1,956.480469,1300.877930,0.100000,0.050000,0.000000
1525,0,1525,50.833333,0,2,1032.694702,1292.743164,0.150000,0.050000,0.000000
1525,0,1525,50.833333,0,3,1107.378174,1285.598389,0.200000,0.050000,0.000000
1525,0,1525,50.833333,0,4,878.210083,1230.659912,0.050000,0.100000,0.000000
1525,0,1525,50.833333,0,5,954.429443,1224.935425,0.100000,0.100000,0.000000
1525,0,1525,50.833333,0,6,1027.872437,1219.531494,0.150000,0.100000,0.000000
1525,0,1525,50.833333,0,7,1102.035522,1212.702393,0.200000,0.100000,0.000000
1525,0,1525,50.833333,0,8,875.195312,1156.619995,0.050000,0.150000,0.000000
1525,0,1525,50.833333,0,9,949.299927,1151.537476,0.100000,0.150000,0.000000
1525,0,1525,50.833333,0,10,1024.943481,1145.492554,0.150000,0.150000,0.000000
1525,0,1525,50.833333,0,11,1098.251099,1139.776733,0.200000,0.150000,0.000000
1525,0,1525,50.833333,0,12,872.397461,1082.931885,0.050000,0.200000,0.000000
1525,0,1525,50.833333,0,13,947.158447,1077.828735,0.100000,0.200000,0.000000
1525,0,1525,50.833333,0,14,1018.790405,1075.019287,0.150000,0.200000,0.000000
1525,0,1525,50.833333,0,15,1093.299316,1069.418091,0.200000,0.200000,0.000000
1525,0,1525,50.833333,0,17,943.868774,1007.091492,0.100000,0.250000,0.000000
1525,0,1525,50.833333,0,18,1017.242798,1003.486450,0.150000,0.250000,0.000000
1525,0,1525,50.833333,0,19,1088.498169,999.267395,0.200000,0.250000,0.000000
1525,0,1525,50.833333,0,21,940.798950,937.364014,0.100000,0.300000,0.000000
1530,0,1530,51.000000,0,0,873.503052,1307.095093,0.050000,0.050000,0.000000
1530,0,1530,51.000000,0,1,950.548584,1299.573364,0.100000,0.050000,0.000000
1530,0,1530,51.000000,0,2,1025.691528,1292.131592,0.150000,0.050000,0.000000
1530,0,1530,51.000000,0,3,1098.761963,1285.467529,0.200000,0.050000,0.000000
1530,0,1530,51.000000,0,4,869.422485,1231.438354,0.050000,0.100000,0.000000
1530,0,1530,51.000000,0,5,946.564575,1224.270386,0.100000,0.100000,0.000000
1530,0,1530,51.000000,0,6,1020.699585,1219.199097,0.150000,0.100000,0.000000
1530,0,1530,51.000000,0,7,1094.156372,1211.841797,0.200000,0.100000,0.000000
1530,0,1530,51.000000,0,8,867.410156,1156.861572,0.050000,0.150000,0.000000
1530,0,1530,51.000000,0,9,942.756470,1150.492676,0.100000,0.150000,0.000000
1530,0,1530,51.000000,0,10,1017.409912,1145.506348,0.150000,0.150000,0.000000
1530,0,1530,51.000000,0,11,1088.807251,1140.297241,0.200000,0.150000,0.000000
1530,0,1530,51.000000,0,12,864.129395,1082.700073,0.050000,0.200000,0.000000
1530,0,1530,51.000000,0,13,939.358643,1078.345947,0.100000,0.200000,0.000000
1530,0,1530,51.000000,0,14,1012.620728,1073.322754,0.150000,0.200000,0.000000
1530,0,1530,51.000000,0,15,1084.977173,1069.326660,0.200000,0.200000,0.000000
1530,0,1530,51.000000,0,17,934.478760,1007.429626,0.100000,0.250000,0.000000
1530,0,1530,51.000000,0,18,1007.630737,1002.542297,0.150000,0.250000,0.000000
1530,0,1530,51.000000,0,19,1079.419556,999.363403,0.200000,0.250000,0.000000
1530,0,1530,51.000000,0,21,931.535522,937.050232,0.100000,0.300000,0.000000
1530,0,1530,51.000000,0,22,1003.696899,933.548218,0.150000,0.300000,0.000000
1530,0,1530,51.000000,0,23,1075.066162,930.796448,0.200000,0.300000,0.000000
1535,0,1535,51.166667,0,0,873.413940,1310.409668,0.050000,0.050000,0.000000
1535,0,1535,51.166667,0,1,950.585083,1303.045166,0.100000,0.050000,0.000000
1535,0,1535,51.166667,0,2,1025.732178,1294.960938,0.150000,0.050000,0.000000
1535,0,1535,51.166667,0,3,1098.948364,1288.282227,0.200000,0.050000,0.000000
1535,0,1535,51.166667,0,4,869.541870,1235.184570,0.050000,0.100000,0.000000
1535,0,1535,51.166667,0,5,946.617920,1227.611938,0.100000,0.100000,0.000000
1535,0,1535,51.166667,0,6,1021.177734,1221.201904,0.150000,0.100000,0.000000
1535,0,1535,51.166667,0,7,1094.240112,1214.382812,0.200000,0.100000,0.000000
1535,0,1535,51.166667,0,8,866.551025,1159.613403,0.050000,0.150000,0.000000
1535,0,1535,51.166667,0,9,942.237671,1153.787842,0.100000,0.150000,0.000000
1535,0,1535,51.166667,0,10,1016.131836,1147.710083,0.150000,0.150000,0.000000
1535,0,1535,51.166667,0,11,1088.886719,1142.407593,0.200000,0.150000,0.000000
1535,0,1535,51.166667,0,12,862.429688,1087.053101,0.050000,0.200000,0.000000
1535,0,1535,51.166667,0,13,938.368164,1081.274414,0.100000,0.200000,0.000000
1535,0,1535,51.166667,0,14,1011.584717,1076.707642,0.150000,0.200000,0.000000
1535,0,1535,51.166667,0,15,1083.527344,1071.546387,0.200000,0.200000,0.000000
1535,0,1535,51.166667,0,17,934.420898,1009.622559,0.100000,0.250000,0.000000
1535,0,1535,51.166667,0,18,1007.293213,1006.074646,0.150000,0.250000,0.000000
1535,0,1535,51.166667,0,19,1078.611206,1002.059204,0.200000,0.250000,0.000000
1535,0,1535,51.166667,0,21,930.899780,940.593506,0.100000,0.300000,0.000000
1535,0,1535,51.166667,0,22,1002.947876,936.694458,0.150000,0.300000,0.000000
1535,0,1535,51.166667,0,23,1073.821777,933.609375,0.200000,0.300000,0.000000
1540,0,1540,51.333333,0,2,1028.312988,1298.375854,0.150000,0.050000,0.000000
1540,0,1540,51.333333,0,3,1099.951172,1289.894043,0.200000,0.050000,0.000000
1540,0,1540,51.333333,0,4,870.271851,1237.690552,0.050000,0.100000,0.000000
1540,0,1540,51.333333,0,5,947.555298,1229.959717,0.100000,0.100000,0.000000
1540,0,1540,51.333333,0,6,1021.836426,1223.188721,0.150000,0.100000,0.000000
1540,0,1540,51.333333,0,7,1094.776855,1216.038086,0.200000,0.100000,0.000000
1540,0,1540,51.333333,0,8,867.406616,1162.456665,0.050000,0.150000,0.000000
1540,0,1540,51.333333,0,9,943.346313,1155.351562,0.100000,0.150000,0.000000
1540,0,1540,51.333333,0,10,1016.640381,1149.386963,0.150000,0.150000,0.000000
1540,0,1540,51.333333,0,11,1089.562988,1143.875854,0.200000,0.150000,0.000000
1540,0,1540,51.333333,0,12,862.907471,1088.915039,0.050000,0.200000,0.000000
1540,0,1540,51.333333,0,13,938.396484,1083.293701,0.100000,0.200000,0.000000
1540,0,1540,51.333333,0,14,1011.581909,1078.329468,0.150000,0.200000,0.000000
1540,0,1540,51.333333,0,15,1084.100708,1073.304932,0.200000,0.200000,0.000000
1540,0,1540,51.333333,0,17,933.628296,1012.671265,0.100000,0.250000,0.000000
1540,0,1540,51.333333,0,18,1006.949463,1007.254456,0.150000,0.250000,0.000000
1540,0,1540,51.333333,0,19,1078.462769,1003.091980,0.200000,0.250000,0.000000
1540,0,1540,51.333333,0,21,930.152100,942.212952,0.100000,0.300000,0.000000
1540,0,1540,51.333333,0,22,1002.493408,938.060730,0.150000,0.300000,0.000000
1540,0,1540,51.333333,0,23,1073.178589,934.557068,0.200000,0.300000,0.000000
1545,0,1545,51.500000,0,17,950.857910,1009.481812,0.100000,0.250000,0.000000
1555,0,1555,51.833333,0,0,976.678223,1327.892090,0.050000,0.050000,0.000000
1555,0,1555,51.833333,0,11,1186.823853,1148.433960,0.200000,0.150000,0.000000
1555,0,1555,51.833333,0,17,1028.072998,1009.498901,0.100000,0.250000,0.000000
1555,0,1555,51.833333,0,22,1095.238037,931.371460,0.150000,0.300000,0.000000
1560,0,1560,52.000000,0,0,993.163330,1329.739502,0.050000,0.050000,0.000000
1560,0,1560,52.000000,0,1,1072.228760,1320.705200,0.100000,0.050000,0.000000
1560,0,1560,52.000000,0,2,1147.839478,1311.293823,0.150000,0.050000,0.000000
1560,0,1560,52.000000,0,3,1216.253418,1301.865112,0.200000,0.050000,0.000000
1560,0,1560,52.000000,0,6,1139.318970,1232.340088,0.150000,0.100000,0.000000
1560,0,1560,52.000000,0,7,1210.444824,1224.309570,0.200000,0.100000,0.000000
1560,0,1560,52.000000,0,10,1132.445190,1154.385742,0.150000,0.150000,0.000000
1560,0,1560,52.000000,0,11,1203.285400,1148.732910,0.200000,0.150000,0.000000
1560,0,1560,52.000000,0,13,1052.586792,1083.606934,0.100000,0.200000,0.000000
1560,0,1560,52.000000,0,14,1126.167114,1079.203735,0.150000,0.200000,0.000000
1560,0,1560,52.000000,0,15,1197.313721,1074.322632,0.200000,0.200000,0.000000
1560,0,1560,52.000000,0,16,971.033081,1011.400513,0.050000,0.250000,0.000000
1560,0,1560,52.000000,0,17,1046.171997,1007.476746,0.100000,0.250000,0.000000
1560,0,1560,52.000000,0,18,1119.842773,1003.751099,0.150000,0.250000,0.000000
1560,0,1560,52.000000,0,19,1189.743896,1000.478699,0.200000,0.250000,0.000000
1560,0,1560,52.000000,0,20,964.435181,933.425598,0.050000,0.300000,0.000000
1560,0,1560,52.000000,0,21,1040.669434,931.611206,0.100000,0.300000,0.000000
1560,0,1560,52.000000,0,22,1112.297729,930.474182,0.150000,0.300000,0.000000
1560,0,1560,52.000000,0,23,1183.808716,927.697815,0.200000,0.300000,0.000000
1565,0,1565,52.166667,0,0,997.667603,1337.136108,0.050000,0.050000,0.000000
1565,0,1565,52.166667,0,1,1075.765259,1326.116943,0.100000,0.050000,0.000000
1565,0,1565,52.166667,0,2,1150.355957,1315.748657,0.150000,0.050000,0.000000
1565,0,1565,52.166667,0,3,1220.233398,1304.403564,0.200000,0.050000,0.000000
1565,0,1565,52.166667,0,6,1142.969482,1237.281616,0.150000,0.100000,0.000000
1565,0,1565,52.166667,0,7,1213.317993,1229.065186,0.200000,0.100000,0.000000
1565,0,1565,52.166667,0,10,1136.543701,1159.202393,0.150000,0.150000,0.000000
1565,0,1565,52.166667,0,11,1206.826538,1152.081177,0.200000,0.150000,0.000000
1565,0,1565,52.166667,0,12,979.970093,1093.416138,0.050000,0.200000,0.000000
1565,0,1565,52.166667,0,13,1057.164185,1088.137085,0.100000,0.200000,0.000000
1565,0,1565,52.166667,0,14,1129.484863,1083.570679,0.150000,0.200000,0.000000
1565,0,1565,52.166667,0,15,1199.743896,1077.574829,0.200000,0.200000,0.000000
1565,0,1565,52.166667,0,16,974.766357,1014.494934,0.050000,0.250000,0.000000
1565,0,1565,52.166667,0,17,1050.481689,1010.757202,0.100000,0.250000,0.000000
1565,0,1565,52.166667,0,18,1123.310425,1006.904724,0.150000,0.250000,0.000000
1565,0,1565,52.166667,0,19,1193.341797,1004.098877,0.200000,0.250000,0.000000
1565,0,1565,52.166667,0,20,968.365234,936.374268,0.050000,0.300000,0.000000
1565,0,1565,52.166667,0,21,1045.491577,935.032471,0.100000,0.300000,0.000000
1565,0,1565,52.166667,0,22,1116.802734,932.760193,0.150000,0.300000,0.000000
1565,0,1565,52.166667,0,23,1187.684082,931.028748,0.200000,0.300000,0.000000
1570,0,1570,52.333333,0,0,991.351074,1334.709839,0.050000,0.050000,0.000000
1570,0,1570,52.333333,0,1,1070.451294,1324.955933,0.100000,0.050000,0.000000
1570,0,1570,52.333333,0,2,1144.433716,1314.631836,0.150000,0.050000,0.000000
1570,0,1570,52.333333,0,3,1214.393311,1304.851807,0.200000,0.050000,0.000000
1570,0,1570,52.333333,0,4,986.517944,1252.897705,0.050000,0.100000,0.000000
1570,0,1570,52.333333,0,5,1064.588379,1244.085938,0.100000,0.100000,0.000000
1570,0,1570,52.333333,0,6,1137.831299,1235.764404,0.150000,0.100000,0.000000
1570,0,1570,52.333333,0,7,1207.325195,1227.806885,0.200000,0.100000,0.000000
1570,0,1570,52.333333,0,8,980.856934,1171.386353,0.050000,0.150000,0.000000
1570,0,1570,52.333333,0,9,1057.647095,1165.261963,0.100000,0.150000,0.000000
1570,0,1570,52.333333,0,10,1131.734985,1158.566406,0.150000,0.150000,0.000000
1570,0,1570,52.333333,0,11,1201.684448,1151.854980,0.200000,0.150000,0.000000
1570,0,1570,52.333333,0,12,975.474976,1091.451782,0.050000,0.200000,0.000000
1570,0,1570,52.333333,0,13,1052.187378,1086.118408,0.100000,0.200000,0.000000
1570,0,1570,52.333333,0,14,1125.423218,1081.693481,0.150000,0.200000,0.000000
1570,0,1570,52.333333,0,15,1195.106445,1076.963745,0.200000,0.200000,0.000000
1570,0,1570,52.333333,0,16,969.783936,1012.460693,0.050000,0.250000,0.000000
1570,0,1570,52.333333,0,17,1046.194214,1009.289856,0.100000,0.250000,0.000000
1570,0,1570,52.333333,0,18,1119.371582,1006.230103,0.150000,0.250000,0.000000
1570,0,1570,52.333333,0,19,1188.837402,1003.443359,0.200000,0.250000,0.000000
1570,0,1570,52.333333,0,20,964.693115,934.606079,0.050000,0.300000,0.000000
1570,0,1570,52.333333,0,21,1041.407471,933.361511,0.100000,0.300000,0.000000
1570,0,1570,52.333333,0,22,1113.296143,931.656860,0.150000,0.300000,0.000000
1570,0,1570,52.333333,0,23,1183.390381,930.042847,0.200000,0.300000,0.000000
1575,0,1575,52.500000,0,0,987.356445,1333.462646,0.050000,0.050000,0.000000
1575,0,1575,52.500000,0,1,1066.865845,1323.550049,0.100000,0.050000,0.000000
1575,0,1575,52.500000,0,2,1141.028564,1313.782837,0.150000,0.050000,0.000000
1575,0,1575,52.500000,0,3,1210.141602,1305.567627,0.200000,0.050000,0.000000
1575,0,1575,52.500000,0,6,1134.695679,1234.961304,0.150000,0.100000,0.000000
1575,0,1575,52.500000,0,7,1205.307861,1228.226318,0.200000,0.100000,0.000000
1575,0,1575,52.500000,0,10,1127.945801,1157.260010,0.150000,0.150000,0.000000
1575,0,1575,52.500000,0,11,1197.638306,1152.379517,0.200000,0.150000,0.000000
1575,0,1575,52.500000,0,12,972.254395,1090.670776,0.050000,0.200000,0.000000
1575,0,1575,52.500000,0,13,1048.865479,1085.336304,0.100000,0.200000,0.000000
1575,0,1575,52.500000,0,14,1121.801514,1081.434448,0.150000,0.200000,0.000000
1575,0,1575,52.500000,0,15,1191.704102,1076.655029,0.200000,0.200000,0.000000
1575,0,1575,52.500000,0,16,966.299927,1010.717712,0.050000,0.250000,0.000000
1575,0,1575,52.500000,0,17,1043.319702,1008.373352,0.100000,0.250000,0.000000
1575,0,1575,52.500000,0,18,1116.299072,1005.629700,0.150000,0.250000,0.000000
1575,0,1575,52.500000,0,19,1185.818604,1003.246094,0.200000,0.250000,0.000000
1575,0,1575,52.500000,0,20,961.538818,933.377197,0.050000,0.300000,0.000000
1575,0,1575,52.500000,0,21,1037.514648,931.938538,0.100000,0.300000,0.000000
1575,0,1575,52.500000,0,22,1110.170776,930.879456,0.150000,0.300000,0.000000
1575,0,1575,52.500000,0,23,1180.322632,929.480347,0.200000,0.300000,0.000000
1580,0,1580,52.666667,0,0,985.338013,1333.271362,0.050000,0.050000,0.000000
1580,0,1580,52.666667,0,1,1063.843872,1323.373047,0.100000,0.050000,0.000000
1580,0,1580,52.666667,0,2,1138.579102,1314.512817,0.150000,0.050000,0.000000
1580,0,1580,52.666667,0,3,1208.194580,1305.164429,0.200000,0.050000,0.000000
1580,0,1580,52.666667,0,4,979.967651,1251.067261,0.050000,0.100000,0.000000
1580,0,1580,52.666667,0,5,1058.415771,1242.533325,0.100000,0.100000,0.000000
1580,0,1580,52.666667,0,6,1131.841675,1235.462524,0.150000,0.100000,0.000000
1580,0,1580,52.666667,0,7,1202.566895,1228.084961,0.200000,0.100000,0.000000
1580,0,1580,52.666667,0,8,974.846680,1169.232788,0.050000,0.150000,0.000000
1580,0,1580,52.666667,0,9,1052.951782,1163.418945,0.100000,0.150000,0.000000
1580,0,1580,52.666667,0,10,1126.175171,1157.378540,0.150000,0.150000,0.000000
1580,0,1580,52.666667,0,11,1196.431152,1152.233276,0.200000,0.150000,0.000000
1580,0,1580,52.666667,0,12,970.465088,1089.812012,0.050000,0.200000,0.000000
1580,0,1580,52.666667,0,13,1047.478149,1085.392944,0.100000,0.200000,0.000000
1580,0,1580,52.666667,0,14,1120.555664,1081.229614,0.150000,0.200000,0.000000
1580,0,1580,52.666667,0,15,1190.395752,1076.483521,0.200000,0.200000,0.000000
1580,0,1580,52.666667,0,16,965.425537,1010.721680,0.050000,0.250000,0.000000
1580,0,1580,52.666667,0,17,1042.400391,1008.090454,0.100000,0.250000,0.000000
1580,0,1580,52.666667,0,18,1114.765625,1005.472656,0.150000,0.250000,0.000000
1580,0,1580,52.666667,0,19,1184.816895,1003.005493,0.200000,0.250000,0.000000
1580,0,1580,52.666667,0,20,960.616943,933.162720,0.050000,0.300000,0.000000
1580,0,1580,52.666667,0,21,1036.817505,932.182373,0.100000,0.300000,0.000000
1580,0,1580,52.666667,0,22,1109.226074,931.493652,0.150000,0.300000,0.000000
1580,0,1580,52.666667,0,23,1178.945435,929.612732,0.200000,0.300000,0.000000
1585,0,1585,52.833333,0,0,991.150635,1335.588501,0.050000,0.050000,0.000000
1585,0,1585,52.833333,0,1,1068.633667,1326.616943,0.100000,0.050000,0.000000
1585,0,1585,52.833333,0,2,1145.603271,1316.940430,0.150000,0.050000,0.000000
1585,0,1585,52.833333,0,3,1218.187256,1306.612305,0.200000,0.050000,0.000000
1585,0,1585,52.833333,0,4,985.536011,1254.457520,0.050000,0.100000,0.000000
1585,0,1585,52.833333,0,5,1064.345947,1246.008667,0.100000,0.100000,0.000000
1585,0,1585,52.833333,0,6,1139.488159,1238.820923,0.150000,0.100000,0.000000
1585,0,1585,52.833333,0,7,1213.095337,1231.372681,0.200000,0.100000,0.000000
1585,0,1585,52.833333,0,8,980.546143,1174.481567,0.050000,0.150000,0.000000
1585,0,1585,52.833333,0,9,1059.244385,1167.623779,0.100000,0.150000,0.000000
1585,0,1585,52.833333,0,10,1133.646118,1160.826416,0.150000,0.150000,0.000000
1585,0,1585,52.833333,0,11,1206.456421,1155.683105,0.200000,0.150000,0.000000
1585,0,1585,52.833333,0,12,975.614014,1096.290894,0.050000,0.200000,0.000000
1585,0,1585,52.833333,0,13,1054.472900,1090.722656,0.100000,0.200000,0.000000
1585,0,1585,52.833333,0,14,1128.684570,1085.173462,0.150000,0.200000,0.000000
1585,0,1585,52.833333,0,15,1202.517212,1081.017822,0.200000,0.200000,0.000000
1585,0,1585,52.833333,0,16,972.433105,1018.293884,0.050000,0.250000,0.000000
1585,0,1585,52.833333,0,17,1048.759399,1013.578552,0.100000,0.250000,0.000000
1585,0,1585,52.833333,0,18,1123.657593,1009.339844,0.150000,0.250000,0.000000
1585,0,1585,52.833333,0,19,1194.832031,1006.673340,0.200000,0.250000,0.000000
1585,0,1585,52.833333,0,20,966.594849,940.276123,0.050000,0.300000,0.000000
1585,0,1585,52.833333,0,21,1043.839478,937.668396,0.100000,0.300000,0.000000
1585,0,1585,52.833333,0,22,1119.117188,934.282288,0.150000,0.300000,0.000000
1585,0,1585,52.833333,0,23,1189.988281,931.499207,0.200000,0.300000,0.000000
1590,0,1590,53.000000,0,2,1150.471313,1314.140015,0.150000,0.050000,0.000000
1590,0,1590,53.000000,0,3,1224.313843,1303.785400,0.200000,0.050000,0.000000
1590,0,1590,53.000000,0,5,1068.682739,1246.613281,0.100000,0.100000,0.000000
1590,0,1590,53.000000,0,6,1144.499390,1238.251343,0.150000,0.100000,0.000000
1590,0,1590,53.000000,0,7,1218.414673,1228.560059,0.200000,0.100000,0.000000
1590,0,1590,53.000000,0,8,985.491821,1178.116089,0.050000,0.150000,0.000000
1590,0,1590,53.000000,0,9,1063.067383,1170.041870,0.100000,0.150000,0.000000
1590,0,1590,53.000000,0,10,1138.823853,1161.666748,0.150000,0.150000,0.000000
1590,0,1590,53.000000,0,11,1212.626709,1154.581299,0.200000,0.150000,0.000000
1590,0,1590,53.000000,0,12,979.338501,1100.424438,0.050000,0.200000,0.000000
1590,0,1590,53.000000,0,13,1057.508789,1093.442139,0.100000,0.200000,0.000000
1590,0,1590,53.000000,0,14,1132.753662,1086.849121,0.150000,0.200000,0.000000
1590,0,1590,53.000000,0,15,1207.447754,1079.811157,0.200000,0.200000,0.000000
1590,0,1590,53.000000,0,16,974.504395,1023.493225,0.050000,0.250000,0.000000
1590,0,1590,53.000000,0,17,1051.398071,1017.125183,0.100000,0.250000,0.000000
1590,0,1590,53.000000,0,18,1128.027222,1011.399414,0.150000,0.250000,0.000000
1590,0,1590,53.000000,0,19,1201.502563,1004.865845,0.200000,0.250000,0.000000
1590,0,1590,53.000000,0,20,968.263794,945.698853,0.050000,0.300000,0.000000
1590,0,1590,53.000000,0,21,1047.047607,941.272766,0.100000,0.300000,0.000000
1590,0,1590,53.000000,0,22,1121.563232,936.066406,0.150000,0.300000,0.000000
1590,0,1590,53.000000,0,23,1196.179443,931.020264,0.200000,0.300000,0.000000
1595,0,1595,53.166667,0,2,1148.751465,1305.200928,0.150000,0.050000,0.000000
1595,0,1595,53.166667,0,3,1223.423462,1296.204834,0.200000,0.050000,0.000000
1595,0,1595,53.166667,0,4,990.808960,1248.860474,0.050000,0.100000,0.000000
1595,0,1595,53.166667,0,5,1067.096924,1240.736572,0.100000,0.100000,0.000000
1595,0,1595,53.166667,0,6,1143.186279,1232.182983,0.150000,0.100000,0.000000
1595,0,1595,53.166667,0,7,1217.729614,1223.320923,0.200000,0.100000,0.000000
1595,0,1595,53.166667,0,8,984.576660,1174.216553,0.050000,0.150000,0.000000
1595,0,1595,53.166667,0,9,1061.376953,1166.295288,0.100000,0.150000,0.000000
1595,0,1595,53.166667,0,10,1137.428345,1158.152588,0.150000,0.150000,0.000000
1595,0,1595,53.166667,0,11,1212.133789,1149.526367,0.200000,0.150000,0.000000
1595,0,1595,53.166667,0,12,976.448975,1098.794434,0.050000,0.200000,0.000000
1595,0,1595,53.166667,0,13,1054.740967,1090.835571,0.100000,0.200000,0.000000
1595,0,1595,53.166667,0,14,1131.235596,1083.320435,0.150000,0.200000,0.000000
1595,0,1595,53.166667,0,15,1206.471680,1076.088745,0.200000,0.200000,0.000000
1595,0,1595,53.166667,0,16,970.292603,1022.386841,0.050000,0.250000,0.000000
1595,0,1595,53.166667,0,17,1047.808716,1015.539734,0.100000,0.250000,0.000000
1595,0,1595,53.166667,0,18,1125.229858,1008.578186,0.150000,0.250000,0.000000
1595,0,1595,53.166667,0,19,1200.366455,1001.578064,0.200000,0.250000,0.000000
1595,0,1595,53.166667,0,20,963.553711,945.542175,0.050000,0.300000,0.000000
1595,0,1595,53.166667,0,21,1041.514526,939.163818,0.100000,0.300000,0.000000
1600,0,1600,53.333333,0,0,993.524414,1320.021118,0.050000,0.050000,0.000000
1600,0,1600,53.333333,0,1,1069.566772,1314.485229,0.100000,0.050000,0.000000
1600,0,1600,53.333333,0,2,1145.270630,1307.621826,0.150000,0.050000,0.000000
1600,0,1600,53.333333,0,3,1219.487915,1300.449829,0.200000,0.050000,0.000000
1600,0,1600,53.333333,0,4,987.562256,1247.462158,0.050000,0.100000,0.000000
1600,0,1600,53.333333,0,5,1064.169922,1241.691895,0.100000,0.100000,0.000000
1600,0,1600,53.333333,0,6,1140.445923,1235.221436,0.150000,0.100000,0.000000
1600,0,1600,53.333333,0,7,1215.568359,1228.452148,0.200000,0.100000,0.000000
1600,0,1600,53.333333,0,8,982.598145,1174.290771,0.050000,0.150000,0.000000
1600,0,1600,53.333333,0,9,1059.782349,1167.669922,0.100000,0.150000,0.000000
1600,0,1600,53.333333,0,10,1135.392212,1161.918457,0.150000,0.150000,0.000000
1600,0,1600,53.333333,0,11,1211.479492,1156.254761,0.200000,0.150000,0.000000
1600,0,1600,53.333333,0,12,976.537598,1098.757812,0.050000,0.200000,0.000000
1600,0,1600,53.333333,0,13,1054.454834,1094.517822,0.100000,0.200000,0.000000
1600,0,1600,53.333333,0,14,1131.282837,1088.426636,0.150000,0.200000,0.000000
1600,0,1600,53.333333,0,15,1207.300415,1082.845825,0.200000,0.200000,0.000000
1600,0,1600,53.333333,0,16,969.833740,1024.129272,0.050000,0.250000,0.000000
1600,0,1600,53.333333,0,17,1048.099121,1019.172546,0.100000,0.250000,0.000000
1600,0,1600,53.333333,0,18,1126.100952,1013.744202,0.150000,0.250000,0.000000
1600,0,1600,53.333333,0,19,1202.624756,1008.822693,0.200000,0.250000,0.000000
1600,0,1600,53.333333,0,20,963.285156,947.972351,0.050000,0.300000,0.000000
1600,0,1600,53.333333,0,21,1043.291016,942.995361,0.100000,0.300000,0.000000
1600,0,1600,53.333333,0,22,1120.728271,938.499146,0.150000,0.300000,0.000000
1600,0,1600,53.333333,0,23,1198.274048,933.386841,0.200000,0.300000,0.000000
1605,0,1605,53.500000,0,2,1144.080933,1303.690796,0.150000,0.050000,0.000000
1605,0,1605,53.500000,0,3,1218.594849,1295.857178,0.200000,0.050000,0.000000
1605,0,1605,53.500000,0,4,986.303101,1245.200195,0.050000,0.100000,0.000000
1605,0,1605,53.500000,0,5,1061.802612,1237.494385,0.100000,0.100000,0.000000
1605,0,1605,53.500000,0,6,1139.025391,1231.662354,0.150000,0.100000,0.000000
1605,0,1605,53.500000,0,7,1213.660522,1223.558472,0.200000,0.100000,0.000000
1605,0,1605,53.500000,0,8,982.091797,1171.529419,0.050000,0.150000,0.000000
1605,0,1605,53.500000,0,9,1057.539673,1164.828735,0.100000,0.150000,0.000000
1605,0,1605,53.500000,0,10,1134.257446,1157.739380,0.150000,0.150000,0.000000
1605,0,1605,53.500000,0,11,1209.591553,1151.410522,0.200000,0.150000,0.000000
1605,0,1605,53.500000,0,12,974.705078,1096.255371,0.050000,0.200000,0.000000
1605,0,1605,53.500000,0,13,1052.696045,1089.888062,0.100000,0.200000,0.000000
1605,0,1605,53.500000,0,14,1129.291138,1083.629272,0.150000,0.200000,0.000000
1605,0,1605,53.500000,0,15,1204.528931,1077.381348,0.200000,0.200000,0.000000
1605,0,1605,53.500000,0,16,968.965332,1020.211914,0.050000,0.250000,0.000000
1605,0,1605,53.500000,0,17,1046.565796,1014.886841,0.100000,0.250000,0.000000
1605,0,1605,53.500000,0,18,1123.754883,1009.135498,0.150000,0.250000,0.000000
1605,0,1605,53.500000,0,19,1200.292114,1003.653442,0.200000,0.250000,0.000000
1605,0,1605,53.500000,0,20,962.535767,944.437866,0.050000,0.300000,0.000000
1605,0,1605,53.500000,0,21,1040.595947,938.533447,0.100000,0.300000,0.000000
1605,0,1605,53.500000,0,22,1118.435059,934.317810,0.150000,0.300000,0.000000
1605,0,1605,53.500000,0,23,1195.325073,928.616760,0.200000,0.300000,0.000000
1610,0,1610,53.666667,0,0,991.624023,1324.020630,0.050000,0.050000,0.000000
1610,0,1610,53.666667,0,1,1066.936279,1317.140259,0.100000,0.050000,0.000000
1610,0,1610,53.666667,0,2,1143.822021,1309.302612,0.150000,0.050000,0.000000
1610,0,1610,53.666667,0,3,1217.395020,1300.515137,0.200000,0.050000,0.000000
1610,0,1610,53.666667,0,4,985.346802,1249.460938,0.050000,0.100000,0.000000
1610,0,1610,53.666667,0,5,1062.623535,1242.993896,0.100000,0.100000,0.000000
1610,0,1610,53.666667,0,6,1137.072754,1236.424316,0.150000,0.100000,0.000000
1610,0,1610,53.666667,0,7,1212.861694,1227.673340,0.200000,0.100000,0.000000
1610,0,1610,53.666667,0,8,978.664795,1174.487671,0.050000,0.150000,0.000000
1610,0,1610,53.666667,0,9,1056.610596,1168.619507,0.100000,0.150000,0.000000
1610,0,1610,53.666667,0,10,1132.479004,1161.358276,0.150000,0.150000,0.000000
1610,0,1610,53.666667,0,11,1207.452515,1154.747437,0.200000,0.150000,0.000000
1610,0,1610,53.666667,0,12,973.527588,1099.808838,0.050000,0.200000,0.000000
1610,0,1610,53.666667,0,13,1050.632935,1093.388428,0.100000,0.200000,0.000000
1610,0,1610,53.666667,0,14,1127.126831,1087.536865,0.150000,0.200000,0.000000
1610,0,1610,53.666667,0,15,1203.382690,1081.350586,0.200000,0.200000,0.000000
1610,0,1610,53.666667,0,16,966.887451,1024.174561,0.050000,0.250000,0.000000
1610,0,1610,53.666667,0,17,1044.788696,1018.669312,0.100000,0.250000,0.000000
1610,0,1610,53.666667,0,18,1122.349609,1012.806519,0.150000,0.250000,0.000000
1610,0,1610,53.666667,0,19,1197.404419,1006.861145,0.200000,0.250000,0.000000
1610,0,1610,53.666667,0,20,961.333740,947.632812,0.050000,0.300000,0.000000
1610,0,1610,53.666667,0,21,1040.039429,943.276001,0.100000,0.300000,0.000000
1610,0,1610,53.666667,0,22,1116.581543,936.819641,0.150000,0.300000,0.000000
1610,0,1610,53.666667,0,23,1192.646118,931.548706,0.200000,0.300000,0.000000
1615,0,1615,53.833333,0,0,989.834839,1323.445923,0.050000,0.050000,0.000000
1615,0,1615,53.833333,0,1,1066.908325,1316.551270,0.100000,0.050000,0.000000
1615,0,1615,53.833333,0,2,1143.422974,1308.268921,0.150000,0.050000,0.000000
1615,0,1615,53.833333,0,3,1216.867798,1299.850708,0.200000,0.050000,0.000000
1615,0,1615,53.833333,0,4,984.257690,1249.664062,0.050000,0.100000,0.000000
1615,0,1615,53.833333,0,5,1061.469360,1242.091919,0.100000,0.100000,0.000000
1615,0,1615,53.833333,0,6,1136.768677,1234.253662,0.150000,0.100000,0.000000
1615,0,1615,53.833333,0,7,1211.534546,1226.030273,0.200000,0.100000,0.000000
1615,0,1615,53.833333,0,8,978.768921,1174.617188,0.050000,0.150000,0.000000
1615,0,1615,53.833333,0,9,1055.360596,1167.239868,0.100000,0.150000,0.000000
1615,0,1615,53.833333,0,10,1131.547729,1159.848755,0.150000,0.150000,0.000000
1615,0,1615,53.833333,0,11,1206.298584,1152.564575,0.200000,0.150000,0.000000
1615,0,1615,53.833333,0,12,971.628418,1098.998779,0.050000,0.200000,0.000000
1615,0,1615,53.833333,0,13,1049.299927,1092.315308,0.100000,0.200000,0.000000
1615,0,1615,53.833333,0,14,1125.590576,1085.430542,0.150000,0.200000,0.000000
1615,0,1615,53.833333,0,15,1201.477417,1079.463745,0.200000,0.200000,0.000000
1615,0,1615,53.833333,0,16,965.551758,1022.671936,0.050000,0.250000,0.000000
1615,0,1615,53.833333,0,17,1043.128784,1017.045593,0.100000,0.250000,0.000000
1615,0,1615,53.833333,0,18,1119.409302,1010.401855,0.150000,0.250000,0.000000
1615,0,1615,53.833333,0,19,1195.771606,1003.777161,0.200000,0.250000,0.000000
1615,0,1615,53.833333,0,20,958.633545,947.603333,0.050000,0.300000,0.000000
1615,0,1615,53.833333,0,21,1037.286133,940.988220,0.100000,0.300000,0.000000
1615,0,1615,53.833333,0,22,1113.556885,935.314026,0.150000,0.300000,0.000000
1615,0,1615,53.833333,0,23,1189.787231,929.615356,0.200000,0.300000,0.000000
1620,0,1620,54.000000,0,0,988.358154,1317.948608,0.050000,0.050000,0.000000
1620,0,1620,54.000000,0,1,1064.105347,1311.796021,0.100000,0.050000,0.000000
1620,0,1620,54.000000,0,2,1141.184326,1302.526489,0.150000,0.050000,0.000000
1620,0,1620,54.000000,0,3,1214.560791,1294.147217,0.200000,0.050000,0.000000
1620,0,1620,54.000000,0,4,983.166138,1241.517212,0.050000,0.100000,0.000000
1620,0,1620,54.000000,0,5,1059.284790,1235.215454,0.100000,0.100000,0.000000
1620,0,1620,54.000000,0,6,1134.874146,1226.954956,0.150000,0.100000,0.000000
1620,0,1620,54.000000,0,7,1208.943848,1218.643311,0.200000,0.100000,0.000000
1620,0,1620,54.000000,0,8,977.457275,1166.711304,0.050000,0.150000,0.000000
1620,0,1620,54.000000,0,9,1053.038940,1160.322266,0.100000,0.150000,0.000000
1620,0,1620,54.000000,0,10,1129.491089,1152.710205,0.150000,0.150000,0.000000
1620,0,1620,54.000000,0,11,1203.645264,1146.358887,0.200000,0.150000,0.000000
1620,0,1620,54.000000,0,12,970.844116,1091.406372,0.050000,0.200000,0.000000
1620,0,1620,54.000000,0,13,1047.752197,1084.391968,0.100000,0.200000,0.000000
1620,0,1620,54.000000,0,14,1123.958862,1077.813232,0.150000,0.200000,0.000000
1620,0,1620,54.000000,0,15,1198.664062,1071.665039,0.200000,0.200000,0.000000
1620,0,1620,54.000000,0,16,965.399170,1015.502319,0.050000,0.250000,0.000000
1620,0,1620,54.000000,0,17,1042.283691,1009.396301,0.100000,0.250000,0.000000
1620,0,1620,54.000000,0,18,1117.805298,1003.297729,0.150000,0.250000,0.000000
1620,0,1620,54.000000,0,19,1192.841675,997.707275,0.200000,0.250000,0.000000
1620,0,1620,54.000000,0,20,959.583130,939.511292,0.050000,0.300000,0.000000
1620,0,1620,54.000000,0,21,1037.121948,934.721619,0.100000,0.300000,0.000000
1625,0,1625,54.166667,0,0,982.394531,1309.559937,0.050000,0.050000,0.000000
1625,0,1625,54.166667,0,1,1060.686890,1301.153809,0.100000,0.050000,0.000000
1625,0,1625,54.166667,0,2,1136.906860,1291.482178,0.150000,0.050000,0.000000
1625,0,1625,54.166667,0,3,1210.361206,1282.184448,0.200000,0.050000,0.000000
1625,0,1625,54.166667,0,4,977.211670,1232.624390,0.050000,0.100000,0.000000
1625,0,1625,54.166667,0,5,1054.413452,1224.402466,0.100000,0.100000,0.000000
1625,0,1625,54.166667,0,6,1129.589478,1215.062988,0.150000,0.100000,0.000000
1625,0,1625,54.166667,0,7,1202.784058,1206.844238,0.200000,0.100000,0.000000
1625,0,1625,54.166667,0,8,970.842896,1156.743408,0.050000,0.150000,0.000000
1625,0,1625,54.166667,0,9,1047.370605,1148.693481,0.100000,0.150000,0.000000
1625,0,1625,54.166667,0,10,1122.320923,1140.640503,0.150000,0.150000,0.000000
1625,0,1625,54.166667,0,11,1195.719604,1132.629150,0.200000,0.150000,0.000000
1625,0,1625,54.166667,0,12,964.856323,1080.983521,0.050000,0.200000,0.000000
1625,0,1625,54.166667,0,13,1041.234253,1074.510010,0.100000,0.200000,0.000000
1625,0,1625,54.166667,0,14,1114.592529,1067.364624,0.150000,0.200000,0.000000
1625,0,1625,54.166667,0,15,1188.489014,1059.750610,0.200000,0.200000,0.000000
1625,0,1625,54.166667,0,16,958.088379,1007.198120,0.050000,0.250000,0.000000
1625,0,1625,54.166667,0,17,1033.597168,1000.342041,0.100000,0.250000,0.000000
1625,0,1625,54.166667,0,18,1108.680176,994.296570,0.150000,0.250000,0.000000
1625,0,1625,54.166667,0,19,1181.702148,986.288086,0.200000,0.250000,0.000000
1625,0,1625,54.166667,0,20,951.345093,934.252380,0.050000,0.300000,0.000000
1625,0,1625,54.166667,0,21,1026.695435,926.825500,0.100000,0.300000,0.000000
1630,0,1630,54.333333,0,0,983.446899,1308.907227,0.050000,0.050000,0.000000
1630,0,1630,54.333333,0,1,1061.761597,1298.776978,0.100000,0.050000,0.000000
1630,0,1630,54.333333,0,2,1137.541260,1288.612793,0.150000,0.050000,0.000000
1630,0,1630,54.333333,0,3,1211.081787,1279.324951,0.200000,0.050000,0.000000
1630,0,1630,54.333333,0,4,976.338867,1232.599487,0.050000,0.100000,0.000000
1630,0,1630,54.333333,0,5,1054.322144,1222.420898,0.100000,0.100000,0.000000
1630,0,1630,54.333333,0,6,1129.289185,1213.150024,0.150000,0.100000,0.000000
1630,0,1630,54.333333,0,7,1200.957886,1203.967773,0.200000,0.100000,0.000000
1630,0,1630,54.333333,0,8,969.716187,1156.510498,0.050000,0.150000,0.000000
1630,0,1630,54.333333,0,9,1046.081299,1148.129272,0.100000,0.150000,0.000000
1630,0,1630,54.333333,0,10,1120.126099,1139.586304,0.150000,0.150000,0.000000
1630,0,1630,54.333333,0,11,1192.503052,1131.837646,0.200000,0.150000,0.000000
1630,0,1630,54.333333,0,12,962.375366,1083.647949,0.050000,0.200000,0.000000
1630,0,1630,54.333333,0,13,1038.632812,1075.350464,0.100000,0.200000,0.000000
1630,0,1630,54.333333,0,14,1111.407471,1068.079346,0.150000,0.200000,0.000000
1630,0,1630,54.333333,0,15,1183.775757,1061.049927,0.200000,0.200000,0.000000
1630,0,1630,54.333333,0,16,955.927856,1011.094910,0.050000,0.250000,0.000000
1630,0,1630,54.333333,0,17,1030.443604,1003.791077,0.100000,0.250000,0.000000
1630,0,1630,54.333333,0,18,1103.238159,997.662109,0.150000,0.250000,0.000000
1630,0,1630,54.333333,0,19,1174.565063,990.618042,0.200000,0.250000,0.000000
1630,0,1630,54.333333,0,20,949.267212,940.419983,0.050000,0.300000,0.000000
1630,0,1630,54.333333,0,21,1022.421875,933.647400,0.100000,0.300000,0.000000
1630,0,1630,54.333333,0,22,1095.586914,927.585022,0.150000,0.300000,0.000000
1630,0,1630,54.333333,0,23,1165.887817,922.468384,0.200000,0.300000,0.000000
1635,0,1635,54.500000,0,0,982.378906,1313.868286,0.050000,0.050000,0.000000
1635,0,1635,54.500000,0,1,1059.901367,1303.034912,0.100000,0.050000,0.000000
1635,0,1635,54.500000,0,2,1135.992798,1292.539673,0.150000,0.050000,0.000000
1635,0,1635,54.500000,0,3,1208.670166,1282.436890,0.200000,0.050000,0.000000
1635,0,1635,54.500000,0,4,974.388184,1237.065430,0.050000,0.100000,0.000000
1635,0,1635,54.500000,0,5,1051.353027,1226.460205,0.100000,0.100000,0.000000
1635,0,1635,54.500000,0,6,1125.806641,1217.455444,0.150000,0.100000,0.000000
1635,0,1635,54.500000,0,7,1198.964966,1208.668091,0.200000,0.100000,0.000000
1635,0,1635,54.500000,0,8,966.845581,1161.861572,0.050000,0.150000,0.000000
1635,0,1635,54.500000,0,9,1043.221313,1152.731567,0.100000,0.150000,0.000000
1635,0,1635,54.500000,0,10,1117.043457,1145.191162,0.150000,0.150000,0.000000
1635,0,1635,54.500000,0,11,1188.452515,1137.008545,0.200000,0.150000,0.000000
1635,0,1635,54.500000,0,12,959.664307,1089.815430,0.050000,0.200000,0.000000
1635,0,1635,54.500000,0,13,1034.591431,1081.829956,0.100000,0.200000,0.000000
1635,0,1635,54.500000,0,14,1107.037964,1074.775024,0.150000,0.200000,0.000000
1635,0,1635,54.500000,0,15,1177.911499,1066.902344,0.200000,0.200000,0.000000
1635,0,1635,54.500000,0,16,952.898560,1018.926025,0.050000,0.250000,0.000000
1635,0,1635,54.500000,0,17,1025.756226,1012.508850,0.100000,0.250000,0.000000
1635,0,1635,54.500000,0,18,1097.945312,1005.428589,0.150000,0.250000,0.000000
1635,0,1635,54.500000,0,19,1168.875000,998.307129,0.200000,0.250000,0.000000
1635,0,1635,54.500000,0,20,944.410278,950.890686,0.050000,0.300000,0.000000
1635,0,1635,54.500000,0,21,1019.120361,944.770142,0.100000,0.300000,0.000000
1635,0,1635,54.500000,0,22,1088.821411,939.015503,0.150000,0.300000,0.000000
1635,0,1635,54.500000,0,23,1159.825439,932.817627,0.200000,0.300000,0.000000
1640,0,1640,54.666667,0,0,982.520264,1323.601196,0.050000,0.050000,0.000000
1640,0,1640,54.666667,0,1,1060.102295,1312.451538,0.100000,0.050000,0.000000
1640,0,1640,54.666667,0,2,1135.951660,1300.981079,0.150000,0.050000,0.000000
1640,0,1640,54.666667,0,3,1208.681885,1291.713379,0.200000,0.050000,0.000000
1640,0,1640,54.666667,0,4,974.065186,1247.371460,0.050000,0.100000,0.000000
1640,0,1640,54.666667,0,5,1050.718872,1236.389648,0.100000,0.100000,0.000000
1640,0,1640,54.666667,0,6,1125.144043,1226.507202,0.150000,0.100000,0.000000
1640,0,1640,54.666667,0,7,1196.757324,1217.020630,0.200000,0.100000,0.000000
1640,0,1640,54.666667,0,8,965.199097,1173.127808,0.050000,0.150000,0.000000
1640,0,1640,54.666667,0,9,1040.790527,1164.501953,0.100000,0.150000,0.000000
1640,0,1640,54.666667,0,10,1113.577148,1154.629517,0.150000,0.150000,0.000000
1640,0,1640,54.666667,0,11,1186.053345,1147.281372,0.200000,0.150000,0.000000
1640,0,1640,54.666667,0,12,956.846924,1102.847412,0.050000,0.200000,0.000000
1640,0,1640,54.666667,0,13,1032.676025,1093.721802,0.100000,0.200000,0.000000
1640,0,1640,54.666667,0,14,1104.603149,1085.480103,0.150000,0.200000,0.000000
1640,0,1640,54.666667,0,15,1175.270752,1077.528320,0.200000,0.200000,0.000000
1640,0,1640,54.666667,0,16,950.278076,1032.360352,0.050000,0.250000,0.000000
1640,0,1640,54.666667,0,17,1023.395630,1024.930054,0.100000,0.250000,0.000000
1640,0,1640,54.666667,0,18,1095.072144,1017.636414,0.150000,0.250000,0.000000
1640,0,1640,54.666667,0,19,1164.833008,1010.877869,0.200000,0.250000,0.000000
1640,0,1640,54.666667,0,20,942.292480,965.210571,0.050000,0.300000,0.000000
1640,0,1640,54.666667,0,21,1015.329590,958.945862,0.100000,0.300000,0.000000
1640,0,1640,54.666667,0,22,1085.321655,952.308777,0.150000,0.300000,0.000000
1640,0,1640,54.666667,0,23,1154.494385,945.700745,0.200000,0.300000,0.000000
1645,0,1645,54.833333,0,0,983.202637,1327.873779,0.050000,0.050000,0.000000
1645,0,1645,54.833333,0,1,1060.491943,1316.065918,0.100000,0.050000,0.000000
1645,0,1645,54.833333,0,2,1135.607666,1302.679565,0.150000,0.050000,0.000000
1645,0,1645,54.833333,0,3,1209.240234,1293.693359,0.200000,0.050000,0.000000
1645,0,1645,54.833333,0,4,973.127563,1252.631714,0.050000,0.100000,0.000000
1645,0,1645,54.833333,0,5,1049.479370,1239.538696,0.100000,0.100000,0.000000
1645,0,1645,54.833333,0,6,1124.636841,1229.179199,0.150000,0.100000,0.000000
1645,0,1645,54.833333,0,7,1197.681763,1219.624878,0.200000,0.100000,0.000000
1645,0,1645,54.833333,0,8,964.763794,1178.499146,0.050000,0.150000,0.000000
1645,0,1645,54.833333,0,9,1039.649658,1167.909180,0.100000,0.150000,0.000000
1645,0,1645,54.833333,0,10,1113.533447,1158.312256,0.150000,0.150000,0.000000
1645,0,1645,54.833333,0,11,1184.316040,1149.400269,0.200000,0.150000,0.000000
1645,0,1645,54.833333,0,12,955.510132,1107.575806,0.050000,0.200000,0.000000
1645,0,1645,54.833333,0,13,1030.149048,1098.322754,0.100000,0.200000,0.000000
1645,0,1645,54.833333,0,14,1101.462402,1089.890015,0.150000,0.200000,0.000000
1645,0,1645,54.833333,0,15,1172.790771,1080.467041,0.200000,0.200000,0.000000
1645,0,1645,54.833333,0,16,947.414307,1038.902710,0.050000,0.250000,0.000000
1645,0,1645,54.833333,0,17,1020.023438,1030.351074,0.100000,0.250000,0.000000
1645,0,1645,54.833333,0,18,1091.437744,1022.324036,0.150000,0.250000,0.000000
1645,0,1645,54.833333,0,19,1161.311157,1014.340820,0.200000,0.250000,0.000000
1645,0,1645,54.833333,0,20,937.843384,972.629761,0.050000,0.300000,0.000000
1645,0,1645,54.833333,0,21,1010.614136,964.523193,0.100000,0.300000,0.000000
1645,0,1645,54.833333,0,22,1081.168945,957.231262,0.150000,0.300000,0.000000
1645,0,1645,54.833333,0,23,1150.367920,950.463135,0.200000,0.300000,0.000000
1650,0,1650,55.000000,0,0,982.957886,1329.316040,0.050000,0.050000,0.000000
1650,0,1650,55.000000,0,1,1060.698120,1315.848877,0.100000,0.050000,0.000000
1650,0,1650,55.000000,0,2,1136.501953,1304.016357,0.150000,0.050000,0.000000
1650,0,1650,55.000000,0,3,1209.430664,1292.531982,0.200000,0.050000,0.000000
1650,0,1650,55.000000,0,4,972.932983,1253.598267,0.050000,0.100000,0.000000
1650,0,1650,55.000000,0,5,1049.682007,1241.256714,0.100000,0.100000,0.000000
1650,0,1650,55.000000,0,6,1124.086670,1230.419312,0.150000,0.100000,0.000000
1650,0,1650,55.000000,0,7,1196.500854,1220.445801,0.200000,0.100000,0.000000
1650,0,1650,55.000000,0,8,963.103149,1180.019165,0.050000,0.150000,0.000000
1650,0,1650,55.000000,0,9,1038.723999,1169.816406,0.100000,0.150000,0.000000
1650,0,1650,55.000000,0,10,1112.473022,1159.941162,0.150000,0.150000,0.000000
1650,0,1650,55.000000,0,11,1183.690063,1150.395996,0.200000,0.150000,0.000000
1650,0,1650,55.000000,0,12,954.425537,1109.999146,0.050000,0.200000,0.000000
1650,0,1650,55.000000,0,13,1029.047119,1100.581177,0.100000,0.200000,0.000000
1650,0,1650,55.000000,0,14,1100.852051,1091.287720,0.150000,0.200000,0.000000
1650,0,1650,55.000000,0,15,1171.969849,1083.100708,0.200000,0.200000,0.000000
1650,0,1650,55.000000,0,16,945.035645,1041.327393,0.050000,0.250000,0.000000
1650,0,1650,55.000000,0,17,1018.618652,1033.063354,0.100000,0.250000,0.000000
1650,0,1650,55.000000,0,18,1089.497559,1025.005249,0.150000,0.250000,0.000000
1650,0,1650,55.000000,0,19,1158.980957,1017.190857,0.200000,0.250000,0.000000
1650,0,1650,55.000000,0,20,937.029541,975.173584,0.050000,0.300000,0.000000
1650,0,1650,55.000000,0,21,1008.731201,968.161438,0.100000,0.300000,0.000000
1650,0,1650,55.000000,0,22,1079.005615,960.352356,0.150000,0.300000,0.000000
1650,0,1650,55.000000,0,23,1147.940430,953.546997,0.200000,0.300000,0.000000
1655,0,1655,55.166667,0,0,983.520752,1328.591919,0.050000,0.050000,0.000000
1655,0,1655,55.166667,0,1,1062.327637,1315.630249,0.100000,0.050000,0.000000
1655,0,1655,55.166667,0,2,1138.332153,1303.002808,0.150000,0.050000,0.000000
1655,0,1655,55.166667,0,3,1211.170898,1291.468628,0.200000,0.050000,0.000000
1655,0,1655,55.166667,0,4,974.075073,1253.284302,0.050000,0.100000,0.000000
1655,0,1655,55.166667,0,5,1050.746216,1240.172852,0.100000,0.100000,0.000000
1655,0,1655,55.166667,0,6,1125.243042,1229.340576,0.150000,0.100000,0.000000
1655,0,1655,55.166667,0,7,1198.682983,1218.698975,0.200000,0.100000,0.000000
1655,0,1655,55.166667,0,8,963.634521,1178.562500,0.050000,0.150000,0.000000
1655,0,1655,55.166667,0,9,1039.768677,1168.076416,0.100000,0.150000,0.000000
1655,0,1655,55.166667,0,10,1112.537598,1157.605957,0.150000,0.150000,0.000000
1655,0,1655,55.166667,0,11,1184.398926,1148.755371,0.200000,0.150000,0.000000
1655,0,1655,55.166667,0,12,954.416138,1108.730591,0.050000,0.200000,0.000000
1655,0,1655,55.166667,0,13,1030.181641,1098.548340,0.100000,0.200000,0.000000
1655,0,1655,55.166667,0,14,1101.471313,1089.263672,0.150000,0.200000,0.000000
1655,0,1655,55.166667,0,15,1171.918701,1079.537720,0.200000,0.200000,0.000000
1655,0,1655,55.166667,0,16,946.103271,1039.524902,0.050000,0.250000,0.000000
1655,0,1655,55.166667,0,17,1018.778809,1031.019165,0.100000,0.250000,0.000000
1655,0,1655,55.166667,0,18,1091.068481,1022.425476,0.150000,0.250000,0.000000
1655,0,1655,55.166667,0,19,1160.156372,1013.749207,0.200000,0.250000,0.000000
1655,0,1655,55.166667,0,20,936.449463,973.341003,0.050000,0.300000,0.000000
1655,0,1655,55.166667,0,21,1009.146973,965.239441,0.100000,0.300000,0.000000
1655,0,1655,55.166667,0,22,1079.323608,957.556702,0.150000,0.300000,0.000000
1655,0,1655,55.166667,0,23,1148.617310,949.789307,0.200000,0.300000,0.000000
1660,0,1660,55.333333,0,0,986.083130,1329.589966,0.050000,0.050000,0.000000
1660,0,1660,55.333333,0,1,1064.604492,1316.147217,0.100000,0.050000,0.000000
1660,0,1660,55.333333,0,2,1140.440796,1303.644531,0.150000,0.050000,0.000000
1660,0,1660,55.333333,0,3,1213.420532,1292.550903,0.200000,0.050000,0.000000
1660,0,1660,55.333333,0,4,975.914062,1254.215942,0.050000,0.100000,0.000000
1660,0,1660,55.333333,0,5,1053.695557,1240.986450,0.100000,0.100000,0.000000
1660,0,1660,55.333333,0,6,1128.016968,1230.251099,0.150000,0.100000,0.000000
1660,0,1660,55.333333,0,7,1201.390747,1219.607056,0.200000,0.100000,0.000000
1660,0,1660,55.333333,0,8,966.463501,1179.333496,0.050000,0.150000,0.000000
1660,0,1660,55.333333,0,9,1042.580933,1168.487427,0.100000,0.150000,0.000000
1660,0,1660,55.333333,0,10,1117.452881,1158.806885,0.150000,0.150000,0.000000
1660,0,1660,55.333333,0,11,1187.508789,1148.598022,0.200000,0.150000,0.000000
1660,0,1660,55.333333,0,12,957.186890,1108.554443,0.050000,0.200000,0.000000
1660,0,1660,55.333333,0,13,1032.533447,1098.603271,0.100000,0.200000,0.000000
1660,0,1660,55.333333,0,14,1104.751465,1088.340332,0.150000,0.200000,0.000000
1660,0,1660,55.333333,0,15,1173.886597,1079.065186,0.200000,0.200000,0.000000
1660,0,1660,55.333333,0,16,948.743896,1039.319702,0.050000,0.250000,0.000000
1660,0,1660,55.333333,0,17,1021.406006,1030.425537,0.100000,0.250000,0.000000
1660,0,1660,55.333333,0,18,1093.210571,1021.656250,0.150000,0.250000,0.000000
1660,0,1660,55.333333,0,19,1163.203125,1013.283020,0.200000,0.250000,0.000000
1660,0,1660,55.333333,0,20,939.261963,972.390442,0.050000,0.300000,0.000000
1660,0,1660,55.333333,0,21,1012.374023,964.586365,0.100000,0.300000,0.000000
1660,0,1660,55.333333,0,22,1081.944458,956.673645,0.150000,0.300000,0.000000
1660,0,1660,55.333333,0,23,1151.679199,949.206970,0.200000,0.300000,0.000000
1665,0,1665,55.500000,0,0,986.986328,1330.710693,0.050000,0.050000,0.000000
1665,0,1665,55.500000,0,1,1065.113525,1317.653931,0.100000,0.050000,0.000000
1665,0,1665,55.500000,0,2,1141.524658,1305.302002,0.150000,0.050000,0.000000
1665,0,1665,55.500000,0,3,1214.484253,1293.889038,0.200000,0.050000,0.000000
1665,0,1665,55.500000,0,4,976.620483,1254.104492,0.050000,0.100000,0.000000
1665,0,1665,55.500000,0,5,1054.756348,1241.694580,0.100000,0.100000,0.000000
1665,0,1665,55.500000,0,6,1128.442505,1231.056763,0.150000,0.100000,0.000000
1665,0,1665,55.500000,0,7,1201.708496,1219.904419,0.200000,0.100000,0.000000
1665,0,1665,55.500000,0,8,967.321533,1178.481812,0.050000,0.150000,0.000000
1665,0,1665,55.500000,0,9,1043.285522,1168.069458,0.100000,0.150000,0.000000
1665,0,1665,55.500000,0,10,1116.623657,1157.673096,0.150000,0.150000,0.000000
1665,0,1665,55.500000,0,11,1189.133667,1148.523193,0.200000,0.150000,0.000000
1665,0,1665,55.500000,0,12,957.663208,1107.366577,0.050000,0.200000,0.000000
1665,0,1665,55.500000,0,13,1033.358032,1097.140137,0.100000,0.200000,0.000000
1665,0,1665,55.500000,0,14,1105.802979,1087.874878,0.150000,0.200000,0.000000
1665,0,1665,55.500000,0,15,1177.363159,1078.830078,0.200000,0.200000,0.000000
1665,0,1665,55.500000,0,16,949.244507,1037.004883,0.050000,0.250000,0.000000
1665,0,1665,55.500000,0,17,1023.008789,1028.301758,0.100000,0.250000,0.000000
1665,0,1665,55.500000,0,18,1094.753296,1019.511658,0.150000,0.250000,0.000000
1665,0,1665,55.500000,0,19,1165.226685,1012.148926,0.200000,0.250000,0.000000
1665,0,1665,55.500000,0,20,940.569824,968.548706,0.050000,0.300000,0.000000
1665,0,1665,55.500000,0,21,1012.610352,960.728821,0.100000,0.300000,0.000000
1665,0,1665,55.500000,0,22,1083.684326,954.255432,0.150000,0.300000,0.000000
1665,0,1665,55.500000,0,23,1154.641968,946.487122,0.200000,0.300000,0.000000
1670,0,1670,55.666667,0,0,989.171387,1330.893066,0.050000,0.050000,0.000000
1670,0,1670,55.666667,0,1,1067.503540,1318.572754,0.100000,0.050000,0.000000
1670,0,1670,55.666667,0,2,1143.596802,1306.541260,0.150000,0.050000,0.000000
1670,0,1670,55.666667,0,3,1217.893555,1295.518799,0.200000,0.050000,0.000000
1670,0,1670,55.666667,0,4,980.226318,1253.215820,0.050000,0.100000,0.000000
1670,0,1670,55.666667,0,5,1057.399780,1241.553589,0.100000,0.100000,0.000000
1670,0,1670,55.666667,0,6,1133.000610,1231.321655,0.150000,0.100000,0.000000
1670,0,1670,55.666667,0,7,1205.911865,1221.029907,0.200000,0.100000,0.000000
1670,0,1670,55.666667,0,8,972.061768,1177.685669,0.050000,0.150000,0.000000
1670,0,1670,55.666667,0,9,1048.121094,1167.217041,0.100000,0.150000,0.000000
1670,0,1670,55.666667,0,10,1122.968140,1157.489380,0.150000,0.150000,0.000000
1670,0,1670,55.666667,0,11,1195.157471,1148.378662,0.200000,0.150000,0.000000
1670,0,1670,55.666667,0,12,963.182739,1103.575439,0.050000,0.200000,0.000000
1670,0,1670,55.666667,0,13,1039.015625,1094.929810,0.100000,0.200000,0.000000
1670,0,1670,55.666667,0,14,1112.008667,1086.340576,0.150000,0.200000,0.000000
1670,0,1670,55.666667,0,15,1183.786255,1077.145142,0.200000,0.200000,0.000000
1670,0,1670,55.666667,0,16,955.069580,1032.274048,0.050000,0.250000,0.000000
1670,0,1670,55.666667,0,17,1029.681152,1024.114990,0.100000,0.250000,0.000000
1670,0,1670,55.666667,0,18,1102.046021,1016.247070,0.150000,0.250000,0.000000
1670,0,1670,55.666667,0,19,1173.870239,1008.070435,0.200000,0.250000,0.000000
1670,0,1670,55.666667,0,20,946.873535,962.986084,0.050000,0.300000,0.000000
1670,0,1670,55.666667,0,21,1021.671631,955.598877,0.100000,0.300000,0.000000
1670,0,1670,55.666667,0,22,1092.275269,948.683350,0.150000,0.300000,0.000000
1670,0,1670,55.666667,0,23,1163.080200,940.941956,0.200000,0.300000,0.000000
1675,0,1675,55.833333,0,0,987.708496,1328.555176,0.050000,0.050000,0.000000
1675,0,1675,55.833333,0,1,1066.166992,1316.246338,0.100000,0.050000,0.000000
1675,0,1675,55.833333,0,2,1142.221069,1305.190918,0.150000,0.050000,0.000000
1675,0,1675,55.833333,0,3,1215.882446,1295.088379,0.200000,0.050000,0.000000
1675,0,1675,55.833333,0,4,978.622192,1251.425049,0.050000,0.100000,0.000000
1675,0,1675,55.833333,0,5,1057.049438,1239.711548,0.100000,0.100000,0.000000
1675,0,1675,55.833333,0,6,1131.686157,1229.778564,0.150000,0.100000,0.000000
1675,0,1675,55.833333,0,7,1205.511353,1220.021606,0.200000,0.100000,0.000000
1675,0,1675,55.833333,0,8,971.721680,1175.511719,0.050000,0.150000,0.000000
1675,0,1675,55.833333,0,9,1046.726562,1165.639282,0.100000,0.150000,0.000000
1675,0,1675,55.833333,0,10,1122.327637,1156.462402,0.150000,0.150000,0.000000
1675,0,1675,55.833333,0,11,1194.445801,1146.774170,0.200000,0.150000,0.000000
1675,0,1675,55.833333,0,12,962.424316,1102.193359,0.050000,0.200000,0.000000
1675,0,1675,55.833333,0,13,1038.461426,1093.024902,0.100000,0.200000,0.000000
1675,0,1675,55.833333,0,14,1111.310425,1084.771973,0.150000,0.200000,0.000000
1675,0,1675,55.833333,0,15,1183.638916,1076.417603,0.200000,0.200000,0.000000
1675,0,1675,55.833333,0,16,954.784668,1030.254883,0.050000,0.250000,0.000000
1675,0,1675,55.833333,0,17,1028.664307,1022.606812,0.100000,0.250000,0.000000
1675,0,1675,55.833333,0,18,1102.301147,1014.867126,0.150000,0.250000,0.000000
1675,0,1675,55.833333,0,19,1172.644409,1007.388245,0.200000,0.250000,0.000000
1675,0,1675,55.833333,0,20,946.607300,960.611206,0.050000,0.300000,0.000000
1675,0,1675,55.833333,0,21,1021.069458,953.839844,0.100000,0.300000,0.000000
1675,0,1675,55.833333,0,22,1092.266724,946.717407,0.150000,0.300000,0.000000
1675,0,1675,55.833333,0,23,1162.548706,939.926270,0.200000,0.300000,0.000000
1680,0,1680,56.000000,0,0,988.561768,1326.677612,0.050000,0.050000,0.000000
1680,0,1680,56.000000,0,1,1067.261719,1315.138062,0.100000,0.050000,0.000000
1680,0,1680,56.000000,0,2,1143.223267,1303.315430,0.150000,0.050000,0.000000
1680,0,1680,56.000000,0,3,1218.384277,1291.863770,0.200000,0.050000,0.000000
1680,0,1680,56.000000,0,4,979.756714,1249.614502,0.050000,0.100000,0.000000
1680,0,1680,56.000000,0,5,1058.458008,1238.361084,0.100000,0.100000,0.000000
1680,0,1680,56.000000,0,6,1133.258423,1227.924072,0.150000,0.100000,0.000000
1680,0,1680,56.000000,0,7,1207.422119,1218.786377,0.200000,0.100000,0.000000
1680,0,1680,56.000000,0,8,972.682617,1173.488037,0.050000,0.150000,0.000000
1680,0,1680,56.000000,0,9,1048.284424,1163.632812,0.100000,0.150000,0.000000
1680,0,1680,56.000000,0,10,1123.963623,1154.749878,0.150000,0.150000,0.000000
1680,0,1680,56.000000,0,11,1195.499146,1145.249023,0.200000,0.150000,0.000000
1680,0,1680,56.000000,0,12,963.378784,1100.358887,0.050000,0.200000,0.000000
1680,0,1680,56.000000,0,13,1038.780151,1090.862427,0.100000,0.200000,0.000000
1680,0,1680,56.000000,0,14,1112.380005,1083.143677,0.150000,0.200000,0.000000
1680,0,1680,56.000000,0,15,1185.470947,1074.920776,0.200000,0.200000,0.000000
1680,0,1680,56.000000,0,16,955.406616,1028.451416,0.050000,0.250000,0.000000
1680,0,1680,56.000000,0,17,1030.268799,1020.544678,0.100000,0.250000,0.000000
1680,0,1680,56.000000,0,18,1103.414185,1013.281189,0.150000,0.250000,0.000000
1680,0,1680,56.000000,0,19,1174.069092,1005.433167,0.200000,0.250000,0.000000
1680,0,1680,56.000000,0,20,947.264038,959.322449,0.050000,0.300000,0.000000
1680,0,1680,56.000000,0,21,1022.115601,952.098755,0.100000,0.300000,0.000000
1680,0,1680,56.000000,0,22,1093.628052,944.695068,0.150000,0.300000,0.000000
1680,0,1680,56.000000,0,23,1163.818726,937.797363,0.200000,0.300000,0.000000
1685,0,1685,56.166667,0,0,989.319092,1322.365601,0.050000,0.050000,0.000000
1685,0,1685,56.166667,0,1,1067.123413,1311.494873,0.100000,0.050000,0.000000
1685,0,1685,56.166667,0,2,1144.992554,1300.306396,0.150000,0.050000,0.000000
1685,0,1685,56.166667,0,3,1218.104370,1289.076172,0.200000,0.050000,0.000000
1685,0,1685,56.166667,0,4,980.307983,1245.481201,0.050000,0.100000,0.000000
1685,0,1685,56.166667,0,5,1057.867188,1233.770874,0.100000,0.100000,0.000000
1685,0,1685,56.166667,0,6,1132.958496,1225.397461,0.150000,0.100000,0.000000
1685,0,1685,56.166667,0,7,1206.614136,1215.402222,0.200000,0.100000,0.000000
1685,0,1685,56.166667,0,8,972.781372,1169.781494,0.050000,0.150000,0.000000
1685,0,1685,56.166667,0,9,1048.825317,1160.302124,0.100000,0.150000,0.000000
1685,0,1685,56.166667,0,10,1123.435059,1151.564819,0.150000,0.150000,0.000000
1685,0,1685,56.166667,0,11,1194.731689,1144.269043,0.200000,0.150000,0.000000
1685,0,1685,56.166667,0,12,964.468994,1097.000854,0.050000,0.200000,0.000000
1685,0,1685,56.166667,0,13,1039.934570,1088.728638,0.100000,0.200000,0.000000
1685,0,1685,56.166667,0,14,1112.769897,1080.688843,0.150000,0.200000,0.000000
1685,0,1685,56.166667,0,15,1184.478638,1072.584595,0.200000,0.200000,0.000000
1685,0,1685,56.166667,0,16,956.750854,1025.965576,0.050000,0.250000,0.000000
1685,0,1685,56.166667,0,17,1030.583862,1018.836060,0.100000,0.250000,0.000000
1685,0,1685,56.166667,0,18,1103.727905,1011.919128,0.150000,0.250000,0.000000
1685,0,1685,56.166667,0,19,1173.716797,1005.184570,0.200000,0.250000,0.000000
1685,0,1685,56.166667,0,20,948.702515,957.351379,0.050000,0.300000,0.000000
1685,0,1685,56.166667,0,21,1023.286377,950.940430,0.100000,0.300000,0.000000
1685,0,1685,56.166667,0,22,1093.352661,945.014648,0.150000,0.300000,0.000000
1685,0,1685,56.166667,0,23,1164.432861,938.125732,0.200000,0.300000,0.000000
1690,0,1690,56.333333,0,0,989.043945,1316.200562,0.050000,0.050000,0.000000
1690,0,1690,56.333333,0,1,1068.000122,1303.629761,0.100000,0.050000,0.000000
1690,0,1690,56.333333,0,2,1144.175049,1293.952759,0.150000,0.050000,0.000000
1690,0,1690,56.333333,0,3,1218.091919,1282.868774,0.200000,0.050000,0.000000
1690,0,1690,56.333333,0,4,980.557007,1239.680786,0.050000,0.100000,0.000000
1690,0,1690,56.333333,0,5,1058.813477,1228.568481,0.100000,0.100000,0.000000
1690,0,1690,56.333333,0,6,1133.271240,1218.315918,0.150000,0.100000,0.000000
1690,0,1690,56.333333,0,7,1206.030518,1209.403931,0.200000,0.100000,0.000000
1690,0,1690,56.333333,0,8,971.872925,1164.078369,0.050000,0.150000,0.000000
1690,0,1690,56.333333,0,9,1048.975830,1154.272217,0.100000,0.150000,0.000000
1690,0,1690,56.333333,0,10,1122.091187,1145.673340,0.150000,0.150000,0.000000
1690,0,1690,56.333333,0,11,1195.796143,1137.242188,0.200000,0.150000,0.000000
1690,0,1690,56.333333,0,12,965.061157,1091.812500,0.050000,0.200000,0.000000
1690,0,1690,56.333333,0,13,1039.522827,1083.031616,0.100000,0.200000,0.000000
1690,0,1690,56.333333,0,14,1112.933228,1075.594849,0.150000,0.200000,0.000000
1690,0,1690,56.333333,0,15,1184.467651,1067.291382,0.200000,0.200000,0.000000
1690,0,1690,56.333333,0,16,956.720947,1021.225586,0.050000,0.250000,0.000000
1690,0,1690,56.333333,0,17,1030.739502,1014.098450,0.100000,0.250000,0.000000
1690,0,1690,56.333333,0,18,1103.611938,1007.036194,0.150000,0.250000,0.000000
1690,0,1690,56.333333,0,19,1174.123779,999.351196,0.200000,0.250000,0.000000
1690,0,1690,56.333333,0,20,948.705444,953.723145,0.050000,0.300000,0.000000
1690,0,1690,56.333333,0,21,1021.997803,945.940857,0.100000,0.300000,0.000000
1690,0,1690,56.333333,0,22,1093.647339,940.296204,0.150000,0.300000,0.000000
1690,0,1690,56.333333,0,23,1163.790894,933.604492,0.200000,0.300000,0.000000
1715,0,1715,57.166667,0,2,1386.938110,1340.471680,0.150000,0.050000,0.000000
1720,0,1720,57.333333,0,15,1513.528564,1129.331299,0.200000,0.200000,0.000000
1720,0,1720,57.333333,0,19,1509.515015,1058.325317,0.200000,0.250000,0.000000
1720,0,1720,57.333333,0,22,1431.793091,986.973389,0.150000,0.300000,0.000000
1720,0,1720,57.333333,0,23,1507.004517,985.459534,0.200000,0.300000,0.000000
1725,0,1725,57.500000,0,2,1474.211304,1369.619385,0.150000,0.050000,0.000000
1725,0,1725,57.500000,0,3,1554.865967,1367.064209,0.200000,0.050000,0.000000
1725,0,1725,57.500000,0,6,1463.481812,1289.170166,0.150000,0.100000,0.000000
1725,0,1725,57.500000,0,7,1548.682739,1287.263672,0.200000,0.100000,0.000000
1725,0,1725,57.500000,0,11,1540.459961,1209.001953,0.200000,0.150000,0.000000
1725,0,1725,57.500000,0,12,1300.858887,1137.547729,0.050000,0.200000,0.000000
1725,0,1725,57.500000,0,15,1535.372070,1134.375610,0.200000,0.200000,0.000000
1725,0,1725,57.500000,0,16,1302.654419,1065.467407,0.050000,0.250000,0.000000
1725,0,1725,57.500000,0,17,1377.662598,1063.374023,0.100000,0.250000,0.000000
1725,0,1725,57.500000,0,18,1453.700195,1063.581665,0.150000,0.250000,0.000000
1725,0,1725,57.500000,0,19,1527.963379,1064.191284,0.200000,0.250000,0.000000
1725,0,1725,57.500000,0,20,1301.079590,997.118347,0.050000,0.300000,0.000000
1725,0,1725,57.500000,0,21,1376.453613,997.118774,0.100000,0.300000,0.000000
1725,0,1725,57.500000,0,22,1449.306885,994.648438,0.150000,0.300000,0.000000
1725,0,1725,57.500000,0,23,1524.006836,993.873962,0.200000,0.300000,0.000000
1730,0,1730,57.666667,0,2,1493.027222,1384.325806,0.150000,0.050000,0.000000
1730,0,1730,57.666667,0,3,1574.950928,1381.389160,0.200000,0.050000,0.000000
1730,0,1730,57.666667,0,4,1320.123413,1307.405640,0.050000,0.100000,0.000000
1730,0,1730,57.666667,0,5,1402.114624,1304.383911,0.100000,0.100000,0.000000
1730,0,1730,57.666667,0,6,1483.141846,1301.905640,0.150000,0.100000,0.000000
1730,0,1730,57.666667,0,7,1565.385376,1298.343506,0.200000,0.100000,0.000000
1730,0,1730,57.666667,0,8,1316.775146,1229.999878,0.050000,0.150000,0.000000
1730,0,1730,57.666667,0,9,1395.107056,1227.577026,0.100000,0.150000,0.000000
1730,0,1730,57.666667,0,10,1476.228760,1222.907471,0.150000,0.150000,0.000000
1730,0,1730,57.666667,0,11,1555.678467,1221.167358,0.200000,0.150000,0.000000
1730,0,1730,57.666667,0,12,1311.740723,1155.842773,0.050000,0.200000,0.000000
1730,0,1730,57.666667,0,13,1392.035767,1152.277222,0.100000,0.200000,0.000000
1730,0,1730,57.666667,0,14,1469.263794,1147.767212,0.150000,0.200000,0.000000
1730,0,1730,57.666667,0,15,1547.036743,1144.816772,0.200000,0.200000,0.000000
1730,0,1730,57.666667,0,16,1307.842529,1081.038940,0.050000,0.250000,0.000000
1730,0,1730,57.666667,0,17,1385.615479,1080.217041,0.100000,0.250000,0.000000
1730,0,1730,57.666667,0,18,1462.565918,1077.044556,0.150000,0.250000,0.000000
1730,0,1730,57.666667,0,19,1538.846558,1072.308838,0.200000,0.250000,0.000000
1730,0,1730,57.666667,0,20,1306.047363,1015.018005,0.050000,0.300000,0.000000
1730,0,1730,57.666667,0,21,1380.231934,1010.919617,0.100000,0.300000,0.000000
1730,0,1730,57.666667,0,22,1455.995605,1007.686829,0.150000,0.300000,0.000000
1730,0,1730,57.666667,0,23,1531.244751,1004.568176,0.200000,0.300000,0.000000
1735,0,1735,57.833333,0,0,1329.583740,1389.230591,0.050000,0.050000,0.000000
1735,0,1735,57.833333,0,1,1412.548462,1385.450806,0.100000,0.050000,0.000000
1735,0,1735,57.833333,0,2,1496.743164,1382.934204,0.150000,0.050000,0.000000
1735,0,1735,57.833333,0,3,1580.294861,1380.438232,0.200000,0.050000,0.000000
1735,0,1735,57.833333,0,4,1325.576050,1306.469849,0.050000,0.100000,0.000000
1735,0,1735,57.833333,0,5,1407.983276,1303.440918,0.100000,0.100000,0.000000
1735,0,1735,57.833333,0,6,1488.456787,1300.717041,0.150000,0.100000,0.000000
1735,0,1735,57.833333,0,7,1570.959534,1298.362671,0.200000,0.100000,0.000000
1735,0,1735,57.833333,0,8,1323.540527,1228.808472,0.050000,0.150000,0.000000
1735,0,1735,57.833333,0,9,1401.876709,1224.672485,0.100000,0.150000,0.000000
1735,0,1735,57.833333,0,10,1482.156006,1222.151245,0.150000,0.150000,0.000000
1735,0,1735,57.833333,0,11,1562.288940,1219.192017,0.200000,0.150000,0.000000
1735,0,1735,57.833333,0,12,1317.934814,1154.327393,0.050000,0.200000,0.000000
1735,0,1735,57.833333,0,13,1397.130737,1149.936279,0.100000,0.200000,0.000000
1735,0,1735,57.833333,0,14,1474.973633,1146.843872,0.150000,0.200000,0.000000
1735,0,1735,57.833333,0,15,1554.532593,1144.731445,0.200000,0.200000,0.000000
1735,0,1735,57.833333,0,16,1316.574463,1081.991211,0.050000,0.250000,0.000000
1735,0,1735,57.833333,0,17,1391.853516,1079.051880,0.100000,0.250000,0.000000
1735,0,1735,57.833333,0,18,1468.708252,1074.581787,0.150000,0.250000,0.000000
1735,0,1735,57.833333,0,19,1545.759277,1071.842407,0.200000,0.250000,0.000000
1735,0,1735,57.833333,0,22,1462.266724,1006.750488,0.150000,0.300000,0.000000
1735,0,1735,57.833333,0,23,1540.250122,1003.982849,0.200000,0.300000,0.000000
1740,0,1740,58.000000,0,3,1576.212891,1362.154907,0.200000,0.050000,0.000000
1740,0,1740,58.000000,0,7,1569.242615,1280.922729,0.200000,0.100000,0.000000
1740,0,1740,58.000000,0,11,1561.111572,1201.380493,0.200000,0.150000,0.000000
1740,0,1740,58.000000,0,15,1556.513428,1124.803467,0.200000,0.200000,0.000000
1740,0,1740,58.000000,0,17,1394.893921,1054.708496,0.100000,0.250000,0.000000
1740,0,1740,58.000000,0,19,1548.651367,1048.915161,0.200000,0.250000,0.000000
1740,0,1740,58.000000,0,21,1393.227661,985.758972,0.100000,0.300000,0.000000
1770,0,1770,59.000000,0,0,1616.200989,1326.924316,0.050000,0.050000,0.000000
1770,0,1770,59.000000,0,1,1688.871277,1340.787231,0.100000,0.050000,0.000000
1770,0,1770,59.000000,0,2,1767.326416,1354.048462,0.150000,0.050000,0.000000
1770,0,1770,59.000000,0,3,1847.943542,1367.982910,0.200000,0.050000,0.000000
1770,0,1770,59.000000,0,4,1621.158020,1253.877319,0.050000,0.100000,0.000000
1770,0,1770,59.000000,0,5,1695.009216,1266.350464,0.100000,0.100000,0.000000
1770,0,1770,59.000000,0,6,1772.121765,1278.104492,0.150000,0.100000,0.000000
1770,0,1770,59.000000,0,7,1854.311401,1290.824951,0.200000,0.100000,0.000000
1770,0,1770,59.000000,0,8,1625.139526,1181.411621,0.050000,0.150000,0.000000
1770,0,1770,59.000000,0,9,1700.292908,1191.044556,0.100000,0.150000,0.000000
1770,0,1770,59.000000,0,10,1777.829895,1201.724609,0.150000,0.150000,0.000000
1770,0,1770,59.000000,0,11,1859.598145,1212.827759,0.200000,0.150000,0.000000
1770,0,1770,59.000000,0,12,1629.116943,1107.993652,0.050000,0.200000,0.000000
1770,0,1770,59.000000,0,13,1704.091370,1116.490845,0.100000,0.200000,0.000000
1770,0,1770,59.000000,0,14,1783.709412,1125.747925,0.150000,0.200000,0.000000
1770,0,1770,59.000000,0,15,1864.940857,1135.317261,0.200000,0.200000,0.000000
1770,0,1770,59.000000,0,16,1633.316467,1033.794922,0.050000,0.250000,0.000000
1770,0,1770,59.000000,0,17,1710.024353,1041.980347,0.100000,0.250000,0.000000
1770,0,1770,59.000000,0,18,1787.890686,1049.144531,0.150000,0.250000,0.000000
1770,0,1770,59.000000,0,19,1870.406616,1057.501953,0.200000,0.250000,0.000000
1770,0,1770,59.000000,0,20,1639.159729,961.150757,0.050000,0.300000,0.000000
1770,0,1770,59.000000,0,21,1715.037415,967.115112,0.100000,0.300000,0.000000
1770,0,1770,59.000000,0,22,1793.860779,972.762756,0.150000,0.300000,0.000000
1770,0,1770,59.000000,0,23,1876.114868,979.264832,0.200000,0.300000,0.000000
1775,0,1775,59.166667,0,0,1623.580994,1328.683960,0.050000,0.050000,0.000000
1775,0,1775,59.166667,0,1,1696.448364,1343.078857,0.100000,0.050000,0.000000
1775,0,1775,59.166667,0,2,1774.716797,1355.615112,0.150000,0.050000,0.000000
1775,0,1775,59.166667,0,3,1855.526428,1370.329102,0.200000,0.050000,0.000000
1775,0,1775,59.166667,0,4,1627.612000,1255.815918,0.050000,0.100000,0.000000
1775,0,1775,59.166667,0,5,1703.164246,1268.466431,0.100000,0.100000,0.000000
1775,0,1775,59.166667,0,8,1633.278259,1182.555908,0.050000,0.150000,0.000000
1775,0,1775,59.166667,0,9,1708.204468,1193.531494,0.100000,0.150000,0.000000
1775,0,1775,59.166667,0,12,1638.881042,1109.403931,0.050000,0.200000,0.000000
1775,0,1775,59.166667,0,13,1714.233398,1118.722290,0.100000,0.200000,0.000000
1775,0,1775,59.166667,0,14,1793.098694,1128.416016,0.150000,0.200000,0.000000
1775,0,1775,59.166667,0,15,1874.670105,1138.228760,0.200000,0.200000,0.000000
1775,0,1775,59.166667,0,16,1644.612549,1036.761353,0.050000,0.250000,0.000000
1775,0,1775,59.166667,0,17,1720.141907,1043.552246,0.100000,0.250000,0.000000
1775,0,1775,59.166667,0,18,1798.805664,1052.472290,0.150000,0.250000,0.000000
1775,0,1775,59.166667,0,19,1880.532837,1060.492798,0.200000,0.250000,0.000000
1775,0,1775,59.166667,0,20,1649.663086,963.490356,0.050000,0.300000,0.000000
1775,0,1775,59.166667,0,21,1725.844482,969.306519,0.100000,0.300000,0.000000
1775,0,1775,59.166667,0,22,1805.536682,975.349365,0.150000,0.300000,0.000000
1775,0,1775,59.166667,0,23,1886.744812,982.495728,0.200000,0.300000,0.000000
1780,0,1780,59.333333,0,0,1621.490784,1330.335083,0.050000,0.050000,0.000000
1780,0,1780,59.333333,0,1,1694.589905,1344.759644,0.100000,0.050000,0.000000
1780,0,1780,59.333333,0,2,1772.837280,1358.065918,0.150000,0.050000,0.000000
1780,0,1780,59.333333,0,3,1852.708374,1372.286865,0.200000,0.050000,0.000000
1780,0,1780,59.333333,0,4,1625.411560,1258.189819,0.050000,0.100000,0.000000
1780,0,1780,59.333333,0,5,1700.491028,1269.376099,0.100000,0.100000,0.000000
1780,0,1780,59.333333,0,6,1777.885925,1282.591064,0.150000,0.100000,0.000000
1780,0,1780,59.333333,0,7,1860.446167,1294.891357,0.200000,0.100000,0.000000
1780,0,1780,59.333333,0,8,1630.998535,1184.421143,0.050000,0.150000,0.000000
1780,0,1780,59.333333,0,9,1706.636902,1194.691895,0.100000,0.150000,0.000000
1780,0,1780,59.333333,0,10,1784.638367,1206.503662,0.150000,0.150000,0.000000
1780,0,1780,59.333333,0,11,1866.263428,1217.648682,0.200000,0.150000,0.000000
1780,0,1780,59.333333,0,12,1636.611389,1111.572998,0.050000,0.200000,0.000000
1780,0,1780,59.333333,0,13,1712.286865,1121.420410,0.100000,0.200000,0.000000
1780,0,1780,59.333333,0,14,1790.225891,1130.223511,0.150000,0.200000,0.000000
1780,0,1780,59.333333,0,15,1871.728882,1139.320190,0.200000,0.200000,0.000000
1780,0,1780,59.333333,0,16,1641.444824,1038.598877,0.050000,0.250000,0.000000
1780,0,1780,59.333333,0,17,1716.774780,1046.160889,0.100000,0.250000,0.000000
1780,0,1780,59.333333,0,18,1795.896301,1053.667603,0.150000,0.250000,0.000000
1780,0,1780,59.333333,0,19,1877.511963,1062.361084,0.200000,0.250000,0.000000
1780,0,1780,59.333333,0,20,1647.018250,965.446289,0.050000,0.300000,0.000000
1780,0,1780,59.333333,0,21,1723.287842,970.862549,0.100000,0.300000,0.000000
1780,0,1780,59.333333,0,22,1802.404907,977.181824,0.150000,0.300000,0.000000
1780,0,1780,59.333333,0,23,1883.547424,984.082825,0.200000,0.300000,0.000000
1785,0,1785,59.500000,0,0,1619.351685,1330.312256,0.050000,0.050000,0.000000
1785,0,1785,59.500000,0,1,1693.722473,1343.611572,0.100000,0.050000,0.000000
1785,0,1785,59.500000,0,2,1770.514954,1357.649536,0.150000,0.050000,0.000000
1785,0,1785,59.500000,0,3,1851.630066,1371.273193,0.200000,0.050000,0.000000
1785,0,1785,59.500000,0,4,1623.682617,1257.403442,0.050000,0.100000,0.000000
1785,0,1785,59.500000,0,5,1698.091675,1269.823975,0.100000,0.100000,0.000000
1785,0,1785,59.500000,0,6,1777.741882,1281.431152,0.150000,0.100000,0.000000
1785,0,1785,59.500000,0,7,1857.919189,1294.860229,0.200000,0.100000,0.000000
1785,0,1785,59.500000,0,8,1628.964355,1184.268188,0.050000,0.150000,0.000000
1785,0,1785,59.500000,0,9,1702.811157,1195.404175,0.100000,0.150000,0.000000
1785,0,1785,59.500000,0,10,1782.020203,1205.734985,0.150000,0.150000,0.000000
1785,0,1785,59.500000,0,11,1862.556152,1217.498413,0.200000,0.150000,0.000000
1785,0,1785,59.500000,0,12,1634.550293,1110.945923,0.050000,0.200000,0.000000
1785,0,1785,59.500000,0,13,1708.646362,1119.837036,0.100000,0.200000,0.000000
1785,0,1785,59.500000,0,14,1788.498840,1129.451050,0.150000,0.200000,0.000000
1785,0,1785,59.500000,0,15,1868.963684,1139.296509,0.200000,0.200000,0.000000
1785,0,1785,59.500000,0,16,1639.872803,1038.878662,0.050000,0.250000,0.000000
1785,0,1785,59.500000,0,17,1714.673035,1045.446899,0.100000,0.250000,0.000000
1785,0,1785,59.500000,0,18,1793.548645,1053.702271,0.150000,0.250000,0.000000
1785,0,1785,59.500000,0,19,1875.591431,1061.493408,0.200000,0.250000,0.000000
1785,0,1785,59.500000,0,20,1644.436340,964.698425,0.050000,0.300000,0.000000
1785,0,1785,59.500000,0,21,1720.432800,970.497009,0.100000,0.300000,0.000000
1785,0,1785,59.500000,0,22,1799.502258,976.637390,0.150000,0.300000,0.000000
1785,0,1785,59.500000,0,23,1881.242249,983.458313,0.200000,0.300000,0.000000
1790,0,1790,59.666667,0,0,1625.514038,1325.056519,0.050000,0.050000,0.000000
1790,0,1790,59.666667,0,1,1702.089661,1340.077026,0.100000,0.050000,0.000000
1790,0,1790,59.666667,0,2,1778.200989,1356.495361,0.150000,0.050000,0.000000
1790,0,1790,59.666667,0,3,1858.577515,1371.219727,0.200000,0.050000,0.000000
1790,0,1790,59.666667,0,6,1784.558411,1280.252563,0.150000,0.100000,0.000000
1790,0,1790,59.666667,0,7,1865.445251,1293.417114,0.200000,0.100000,0.000000
1790,0,1790,59.666667,0,11,1872.464905,1216.382812,0.200000,0.150000,0.000000
1790,0,1790,59.666667,0,15,1878.143372,1139.301636,0.200000,0.200000,0.000000
1790,0,1790,59.666667,0,18,1801.706604,1051.469849,0.150000,0.250000,0.000000
1790,0,1790,59.666667,0,19,1885.538330,1060.592285,0.200000,0.250000,0.000000
1790,0,1790,59.666667,0,20,1652.555359,961.503723,0.050000,0.300000,0.000000
1790,0,1790,59.666667,0,21,1727.965332,966.865967,0.100000,0.300000,0.000000
1790,0,1790,59.666667,0,22,1810.075623,973.539734,0.150000,0.300000,0.000000
1790,0,1790,59.666667,0,23,1890.709961,982.444275,0.200000,0.300000,0.000000
1795,0,1795,59.833333,0,16,1669.494568,1022.090698,0.050000,0.250000,0.000000
1795,0,1795,59.833333,0,17,1744.654297,1030.751709,0.100000,0.250000,0.000000
1795,0,1795,59.833333,0,18,1824.316223,1039.537842,0.150000,0.250000,0.000000
1795,0,1795,59.833333,0,19,1907.822876,1049.851074,0.200000,0.250000,0.000000
1795,0,1795,59.833333,0,20,1673.602356,947.888428,0.050000,0.300000,0.000000
1795,0,1795,59.833333,0,21,1749.735779,954.375671,0.100000,0.300000,0.000000
1795,0,1795,59.833333,0,22,1829.060608,963.344360,0.150000,0.300000,0.000000
1795,0,1795,59.833333,0,23,1916.452332,971.139954,0.200000,0.300000,0.000000
1800,0,1800,60.000000,0,15,1927.760559,1111.495605,0.200000,0.200000,0.000000
1800,0,1800,60.000000,0,16,1692.690857,1009.283203,0.050000,0.250000,0.000000
1800,0,1800,60.000000,0,17,1768.624084,1014.798767,0.100000,0.250000,0.000000
1800,0,1800,60.000000,0,18,1846.813843,1022.702393,0.150000,0.250000,0.000000
1800,0,1800,60.000000,0,19,1931.556213,1034.027832,0.200000,0.250000,0.000000
1800,0,1800,60.000000,0,20,1693.561707,934.245239,0.050000,0.300000,0.000000
1800,0,1800,60.000000,0,21,1771.966858,941.392029,0.100000,0.300000,0.000000
1800,0,1800,60.000000,0,22,1852.560242,945.654236,0.150000,0.300000,0.000000
1800,0,1800,60.000000,0,23,1937.652771,953.249451,0.200000,0.300000,0.000000
1805,0,1805,60.166667,0,12,1718.512817,1064.956177,0.050000,0.200000,0.000000
1805,0,1805,60.166667,0,15,1956.729675,1096.969238,0.200000,0.200000,0.000000
1805,0,1805,60.166667,0,16,1716.812378,990.668945,0.050000,0.250000,0.000000
1805,0,1805,60.166667,0,17,1795.657288,1001.195496,0.100000,0.250000,0.000000
1805,0,1805,60.166667,0,18,1876.065674,1010.628052,0.150000,0.250000,0.000000
1805,0,1805,60.166667,0,19,1958.315674,1021.079529,0.200000,0.250000,0.000000
1805,0,1805,60.166667,0,20,1719.629578,920.533630,0.050000,0.300000,0.000000
1805,0,1805,60.166667,0,21,1797.506348,927.273071,0.100000,0.300000,0.000000
1805,0,1805,60.166667,0,22,1877.651001,933.759949,0.150000,0.300000,0.000000
1805,0,1805,60.166667,0,23,1963.365601,940.469727,0.200000,0.300000,0.000000
1810,0,1810,60.333333,0,10,1892.112671,1145.647583,0.150000,0.150000,0.000000
1810,0,1810,60.333333,0,11,1973.559204,1161.630249,0.200000,0.150000,0.000000
1810,0,1810,60.333333,0,12,1740.458740,1049.329590,0.050000,0.200000,0.000000
1810,0,1810,60.333333,0,13,1816.048157,1064.171631,0.100000,0.200000,0.000000
1810,0,1810,60.333333,0,14,1896.481323,1073.706787,0.150000,0.200000,0.000000
1810,0,1810,60.333333,0,15,1978.866394,1088.008911,0.200000,0.200000,0.000000
1810,0,1810,60.333333,0,16,1741.453796,980.084106,0.050000,0.250000,0.000000
1810,0,1810,60.333333,0,17,1816.495056,990.489807,0.100000,0.250000,0.000000
1810,0,1810,60.333333,0,18,1897.062317,999.758362,0.150000,0.250000,0.000000
1810,0,1810,60.333333,0,19,1982.690979,1013.073486,0.200000,0.250000,0.000000
1810,0,1810,60.333333,0,20,1741.503418,907.506042,0.050000,0.300000,0.000000
1810,0,1810,60.333333,0,21,1819.743469,916.506653,0.100000,0.300000,0.000000
1810,0,1810,60.333333,0,22,1901.481934,925.255493,0.150000,0.300000,0.000000
1810,0,1810,60.333333,0,23,1988.707458,935.132507,0.200000,0.300000,0.000000
1815,0,1815,60.500000,0,2,1891.233276,1269.576172,0.150000,0.050000,0.000000
1815,0,1815,60.500000,0,12,1745.818909,1035.487671,0.050000,0.200000,0.000000
1815,0,1815,60.500000,0,15,1985.791321,1075.315552,0.200000,0.200000,0.000000
1815,0,1815,60.500000,0,16,1746.603394,966.907104,0.050000,0.250000,0.000000
1815,0,1815,60.500000,0,17,1822.886902,977.869751,0.100000,0.250000,0.000000
1815,0,1815,60.500000,0,18,1905.180725,988.802979,0.150000,0.250000,0.000000
1815,0,1815,60.500000,0,19,1990.547302,1000.263672,0.200000,0.250000,0.000000
1815,0,1815,60.500000,0,20,1746.768005,895.077942,0.050000,0.300000,0.000000
1815,0,1815,60.500000,0,21,1824.682129,901.929932,0.100000,0.300000,0.000000
1815,0,1815,60.500000,0,22,1907.995972,913.618835,0.150000,0.300000,0.000000
1815,0,1815,60.500000,0,23,1997.093140,923.406677,0.200000,0.300000,0.000000
1820,0,1820,60.666667,0,8,1742.025757,1093.266602,0.050000,0.150000,0.000000
1820,0,1820,60.666667,0,9,1815.695374,1107.389893,0.100000,0.150000,0.000000
1820,0,1820,60.666667,0,12,1742.893127,1025.027954,0.050000,0.200000,0.000000
1820,0,1820,60.666667,0,13,1818.909180,1036.883057,0.100000,0.200000,0.000000
1820,0,1820,60.666667,0,14,1899.389038,1049.453491,0.150000,0.200000,0.000000
1820,0,1820,60.666667,0,15,1983.265930,1061.111450,0.200000,0.200000,0.000000
1820,0,1820,60.666667,0,16,1742.498169,954.664734,0.050000,0.250000,0.000000
1820,0,1820,60.666667,0,17,1821.183472,965.062134,0.100000,0.250000,0.000000
1820,0,1820,60.666667,0,18,1902.646606,976.125977,0.150000,0.250000,0.000000
1820,0,1820,60.666667,0,19,1989.130798,987.271362,0.200000,0.250000,0.000000
1820,0,1820,60.666667,0,20,1744.172180,882.853149,0.050000,0.300000,0.000000
1820,0,1820,60.666667,0,21,1823.093811,891.182983,0.100000,0.300000,0.000000
1820,0,1820,60.666667,0,22,1905.918091,900.031067,0.150000,0.300000,0.000000
1820,0,1820,60.666667,0,23,1993.643860,909.734497,0.200000,0.300000,0.000000
1825,0,1825,60.833333,0,8,1738.560669,1080.313354,0.050000,0.150000,0.000000
1825,0,1825,60.833333,0,9,1813.570251,1094.510864,0.100000,0.150000,0.000000
1825,0,1825,60.833333,0,12,1738.458008,1012.743103,0.050000,0.200000,0.000000
1825,0,1825,60.833333,0,13,1816.089417,1024.341309,0.100000,0.200000,0.000000
1825,0,1825,60.833333,0,14,1895.517395,1036.253784,0.150000,0.200000,0.000000
1825,0,1825,60.833333,0,15,1981.102722,1045.682495,0.200000,0.200000,0.000000
1825,0,1825,60.833333,0,16,1739.289612,942.452759,0.050000,0.250000,0.000000
1825,0,1825,60.833333,0,17,1818.225159,950.925476,0.100000,0.250000,0.000000
1825,0,1825,60.833333,0,18,1899.065063,961.551880,0.150000,0.250000,0.000000
1825,0,1825,60.833333,0,19,1985.290344,971.871887,0.200000,0.250000,0.000000
1825,0,1825,60.833333,0,20,1739.338318,869.130859,0.050000,0.300000,0.000000
1825,0,1825,60.833333,0,21,1818.384766,876.536194,0.100000,0.300000,0.000000
1825,0,1825,60.833333,0,22,1901.696838,884.507202,0.150000,0.300000,0.000000
1825,0,1825,60.833333,0,23,1990.844482,894.234741,0.200000,0.300000,0.000000
1830,0,1830,61.000000,0,8,1736.288147,1072.330444,0.050000,0.150000,0.000000
1830,0,1830,61.000000,0,9,1811.297852,1084.537598,0.100000,0.150000,0.000000
1830,0,1830,61.000000,0,12,1735.743347,1003.481567,0.050000,0.200000,0.000000
1830,0,1830,61.000000,0,13,1812.955383,1013.950562,0.100000,0.200000,0.000000
1830,0,1830,61.000000,0,14,1892.791260,1024.791870,0.150000,0.200000,0.000000
1830,0,1830,61.000000,0,15,1979.498657,1035.667358,0.200000,0.200000,0.000000
1830,0,1830,61.000000,0,16,1736.208069,933.418213,0.050000,0.250000,0.000000
1830,0,1830,61.000000,0,17,1812.786743,941.086426,0.100000,0.250000,0.000000
1830,0,1830,61.000000,0,18,1895.554016,950.130920,0.150000,0.250000,0.000000
1830,0,1830,61.000000,0,19,1980.934937,960.309326,0.200000,0.250000,0.000000
1830,0,1830,61.000000,0,20,1734.358643,859.846436,0.050000,0.300000,0.000000
1830,0,1830,61.000000,0,21,1813.628296,866.186096,0.100000,0.300000,0.000000
1830,0,1830,61.000000,0,22,1897.569275,872.817017,0.150000,0.300000,0.000000
1830,0,1830,61.000000,0,23,1985.172180,880.058105,0.200000,0.300000,0.000000
1835,0,1835,61.166667,0,4,1734.867554,1139.778564,0.050000,0.100000,0.000000
1835,0,1835,61.166667,0,8,1733.827942,1073.051514,0.050000,0.150000,0.000000
1835,0,1835,61.166667,0,9,1809.473999,1085.331421,0.100000,0.150000,0.000000
1835,0,1835,61.166667,0,12,1732.767212,1004.701538,0.050000,0.200000,0.000000
1835,0,1835,61.166667,0,13,1808.946838,1014.046387,0.100000,0.200000,0.000000
1835,0,1835,61.166667,0,14,1890.694336,1025.211792,0.150000,0.200000,0.000000
1835,0,1835,61.166667,0,15,1976.546570,1035.691162,0.200000,0.200000,0.000000
1835,0,1835,61.166667,0,16,1731.444214,933.123901,0.050000,0.250000,0.000000
1835,0,1835,61.166667,0,17,1809.718262,941.917236,0.100000,0.250000,0.000000
1835,0,1835,61.166667,0,18,1892.537903,950.536194,0.150000,0.250000,0.000000
1835,0,1835,61.166667,0,19,1979.745605,959.538147,0.200000,0.250000,0.000000
1835,0,1835,61.166667,0,20,1730.670715,860.392944,0.050000,0.300000,0.000000
1835,0,1835,61.166667,0,21,1810.344421,866.721191,0.100000,0.300000,0.000000
1835,0,1835,61.166667,0,22,1893.492554,874.096436,0.150000,0.300000,0.000000
1835,0,1835,61.166667,0,23,1982.411011,880.517212,0.200000,0.300000,0.000000
1840,0,1840,61.333333,0,10,1890.842773,1101.527710,0.150000,0.150000,0.000000
1840,0,1840,61.333333,0,11,1977.117371,1115.086792,0.200000,0.150000,0.000000
1840,0,1840,61.333333,0,12,1734.785767,1007.612549,0.050000,0.200000,0.000000
1840,0,1840,61.333333,0,13,1810.838318,1018.539673,0.100000,0.200000,0.000000
1840,0,1840,61.333333,0,16,1734.236084,937.637512,0.050000,0.250000,0.000000
1840,0,1840,61.333333,0,17,1811.526733,946.559021,0.100000,0.250000,0.000000
1840,0,1840,61.333333,0,20,1733.373535,864.359131,0.050000,0.300000,0.000000
1840,0,1840,61.333333,0,21,1813.289612,871.980835,0.100000,0.300000,0.000000
1840,0,1840,61.333333,0,22,1896.726624,879.146484,0.150000,0.300000,0.000000
1840,0,1840,61.333333,0,23,1984.773499,887.311035,0.200000,0.300000,0.000000
1845,0,1845,61.500000,0,9,1809.269470,1089.644043,0.100000,0.150000,0.000000
1845,0,1845,61.500000,0,13,1810.395325,1019.222778,0.100000,0.200000,0.000000
1845,0,1845,61.500000,0,14,1891.723572,1029.091309,0.150000,0.200000,0.000000
1845,0,1845,61.500000,0,15,1977.440430,1040.555542,0.200000,0.200000,0.000000
1845,0,1845,61.500000,0,16,1732.973267,937.543396,0.050000,0.250000,0.000000
1845,0,1845,61.500000,0,17,1810.770752,945.249573,0.100000,0.250000,0.000000
1845,0,1845,61.500000,0,18,1893.074036,954.426392,0.150000,0.250000,0.000000
1845,0,1845,61.500000,0,19,1980.112732,964.444275,0.200000,0.250000,0.000000
1845,0,1845,61.500000,0,20,1731.593201,863.504944,0.050000,0.300000,0.000000
1845,0,1845,61.500000,0,21,1811.012451,870.723450,0.100000,0.300000,0.000000
1845,0,1845,61.500000,0,22,1895.154968,877.682922,0.150000,0.300000,0.000000
1845,0,1845,61.500000,0,23,1982.698914,884.820801,0.200000,0.300000,0.000000
1850,0,1850,61.666667,0,12,1721.319458,1005.399170,0.050000,0.200000,0.000000
1850,0,1850,61.666667,0,13,1799.344971,1015.835999,0.100000,0.200000,0.000000
1850,0,1850,61.666667,0,14,1879.519226,1025.732422,0.150000,0.200000,0.000000
1850,0,1850,61.666667,0,15,1966.386047,1036.031616,0.200000,0.200000,0.000000
1850,0,1850,61.666667,0,16,1720.229492,933.444275,0.050000,0.250000,0.000000
1850,0,1850,61.666667,0,17,1799.572510,941.721130,0.100000,0.250000,0.000000
1850,0,1850,61.666667,0,18,1880.751221,950.305969,0.150000,0.250000,0.000000
1850,0,1850,61.666667,0,19,1969.363281,959.882446,0.200000,0.250000,0.000000
1850,0,1850,61.666667,0,20,1719.716675,860.596619,0.050000,0.300000,0.000000
1850,0,1850,61.666667,0,21,1799.378479,867.171997,0.100000,0.300000,0.000000
1850,0,1850,61.666667,0,22,1881.571777,874.030457,0.150000,0.300000,0.000000
1850,0,1850,61.666667,0,23,1972.158203,880.528015,0.200000,0.300000,0.000000
1855,0,1855,61.833333,0,2,1854.346741,1228.804199,0.150000,0.050000,0.000000
1855,0,1855,61.833333,0,4,1702.466797,1134.937744,0.050000,0.100000,0.000000
1855,0,1855,61.833333,0,5,1778.320923,1149.109375,0.100000,0.100000,0.000000
1855,0,1855,61.833333,0,6,1855.809937,1160.413574,0.150000,0.100000,0.000000
1855,0,1855,61.833333,0,8,1701.311523,1066.684326,0.050000,0.150000,0.000000
1855,0,1855,61.833333,0,9,1776.105652,1078.485962,0.100000,0.150000,0.000000
1855,0,1855,61.833333,0,10,1857.776733,1090.559814,0.150000,0.150000,0.000000
1855,0,1855,61.833333,0,11,1940.950562,1100.523193,0.200000,0.150000,0.000000
1855,0,1855,61.833333,0,12,1704.130371,995.997803,0.050000,0.200000,0.000000
1855,0,1855,61.833333,0,13,1778.300598,1008.580627,0.100000,0.200000,0.000000
1855,0,1855,61.833333,0,14,1858.157471,1016.584717,0.150000,0.200000,0.000000
1855,0,1855,61.833333,0,15,1941.931213,1025.607788,0.200000,0.200000,0.000000
1855,0,1855,61.833333,0,16,1700.538147,927.415344,0.050000,0.250000,0.000000
1855,0,1855,61.833333,0,17,1775.455200,933.794189,0.100000,0.250000,0.000000
1855,0,1855,61.833333,0,18,1858.825134,941.621765,0.150000,0.250000,0.000000
1855,0,1855,61.833333,0,19,1944.675476,950.284912,0.200000,0.250000,0.000000
1855,0,1855,61.833333,0,20,1697.910217,852.288086,0.050000,0.300000,0.000000
1855,0,1855,61.833333,0,21,1776.919617,857.631836,0.100000,0.300000,0.000000
1855,0,1855,61.833333,0,22,1860.611633,863.359802,0.150000,0.300000,0.000000
1855,0,1855,61.833333,0,23,1946.851929,869.046814,0.200000,0.300000,0.000000
1860,0,1860,62.000000,0,2,1836.741272,1217.779175,0.150000,0.050000,0.000000
1860,0,1860,62.000000,0,5,1756.605164,1139.219482,0.100000,0.100000,0.000000
1860,0,1860,62.000000,0,6,1835.572327,1147.782593,0.150000,0.100000,0.000000
1860,0,1860,62.000000,0,8,1678.580688,1060.449707,0.050000,0.150000,0.000000
1860,0,1860,62.000000,0,9,1753.729431,1068.584229,0.100000,0.150000,0.000000
1860,0,1860,62.000000,0,10,1833.722473,1075.021118,0.150000,0.150000,0.000000
1860,0,1860,62.000000,0,11,1918.583984,1083.456787,0.200000,0.150000,0.000000
1860,0,1860,62.000000,0,12,1676.538330,989.280701,0.050000,0.200000,0.000000
1860,0,1860,62.000000,0,13,1752.710754,995.891235,0.100000,0.200000,0.000000
1860,0,1860,62.000000,0,14,1832.773254,1002.329529,0.150000,0.200000,0.000000
1860,0,1860,62.000000,0,15,1917.803894,1008.081848,0.200000,0.200000,0.000000
1860,0,1860,62.000000,0,16,1670.947571,916.535339,0.050000,0.250000,0.000000
1860,0,1860,62.000000,0,17,1749.926453,921.642456,0.100000,0.250000,0.000000
1860,0,1860,62.000000,0,18,1832.653809,926.805237,0.150000,0.250000,0.000000
1860,0,1860,62.000000,0,19,1917.370972,931.206299,0.200000,0.250000,0.000000
1860,0,1860,62.000000,0,20,1668.475769,843.327515,0.050000,0.300000,0.000000
1860,0,1860,62.000000,0,21,1747.542297,845.620483,0.100000,0.300000,0.000000
1865,0,1865,62.166667,0,15,1906.416016,1011.160645,0.200000,0.200000,0.000000
1865,0,1865,62.166667,0,16,1656.576233,933.450928,0.050000,0.250000,0.000000
1865,0,1865,62.166667,0,17,1735.887817,934.198914,0.100000,0.250000,0.000000
1865,0,1865,62.166667,0,18,1819.505676,933.609436,0.150000,0.250000,0.000000
1865,0,1865,62.166667,0,19,1904.544312,932.490479,0.200000,0.250000,0.000000
1865,0,1865,62.166667,0,20,1654.825439,857.631775,0.050000,0.300000,0.000000
1865,0,1865,62.166667,0,21,1734.670349,856.993408,0.100000,0.300000,0.000000
1870,0,1870,62.333333,0,2,1805.861633,1255.417603,0.150000,0.050000,0.000000
1870,0,1870,62.333333,0,6,1798.900085,1178.050781,0.150000,0.100000,0.000000
1870,0,1870,62.333333,0,11,1875.816650,1097.157837,0.200000,0.150000,0.000000
1870,0,1870,62.333333,0,15,1871.463806,1019.120056,0.200000,0.200000,0.000000
1870,0,1870,62.333333,0,18,1782.092163,945.841919,0.150000,0.250000,0.000000
1870,0,1870,62.333333,0,19,1865.317444,941.030457,0.200000,0.250000,0.000000
1870,0,1870,62.333333,0,20,1619.189819,881.397705,0.050000,0.300000,0.000000
1870,0,1870,62.333333,0,21,1698.113770,875.921570,0.100000,0.300000,0.000000
1875,0,1875,62.500000,0,0,1622.049927,1256.708862,0.050000,0.050000,0.000000
1875,0,1875,62.500000,0,1,1697.453674,1253.871948,0.100000,0.050000,0.000000
1875,0,1875,62.500000,0,2,1779.087646,1250.375732,0.150000,0.050000,0.000000
1875,0,1875,62.500000,0,3,1860.395508,1246.390503,0.200000,0.050000,0.000000
1875,0,1875,62.500000,0,6,1771.647217,1172.941895,0.150000,0.100000,0.000000
1875,0,1875,62.500000,0,7,1852.459351,1168.239014,0.200000,0.100000,0.000000
1875,0,1875,62.500000,0,11,1847.477722,1089.781250,0.200000,0.150000,0.000000
1875,0,1875,62.500000,0,12,1601.317017,1029.039917,0.050000,0.200000,0.000000
1875,0,1875,62.500000,0,15,1839.505005,1013.205811,0.200000,0.200000,0.000000
1875,0,1875,62.500000,0,16,1598.159912,954.256287,0.050000,0.250000,0.000000
1875,0,1875,62.500000,0,17,1674.815613,947.712036,0.100000,0.250000,0.000000
1875,0,1875,62.500000,0,18,1755.093811,942.698792,0.150000,0.250000,0.000000
1875,0,1875,62.500000,0,19,1835.392517,935.631653,0.200000,0.250000,0.000000
1875,0,1875,62.500000,0,20,1589.887390,880.301086,0.050000,0.300000,0.000000
1875,0,1875,62.500000,0,21,1667.609253,872.356079,0.100000,0.300000,0.000000
1875,0,1875,62.500000,0,22,1748.588867,865.608337,0.150000,0.300000,0.000000
1875,0,1875,62.500000,0,23,1826.717346,859.728760,0.200000,0.300000,0.000000
1880,0,1880,62.666667,0,0,1599.120361,1260.905762,0.050000,0.050000,0.000000
1880,0,1880,62.666667,0,1,1677.114929,1255.862183,0.100000,0.050000,0.000000
1880,0,1880,62.666667,0,2,1756.690125,1250.951782,0.150000,0.050000,0.000000
1880,0,1880,62.666667,0,3,1836.113770,1244.936890,0.200000,0.050000,0.000000
1880,0,1880,62.666667,0,6,1748.397461,1172.101074,0.150000,0.100000,0.000000
1880,0,1880,62.666667,0,7,1826.661621,1166.906738,0.200000,0.100000,0.000000
1880,0,1880,62.666667,0,10,1739.086060,1095.712524,0.150000,0.150000,0.000000
1880,0,1880,62.666667,0,11,1819.610107,1088.829346,0.200000,0.150000,0.000000
1880,0,1880,62.666667,0,12,1576.188110,1032.204590,0.050000,0.200000,0.000000
1880,0,1880,62.666667,0,13,1653.909546,1026.253906,0.100000,0.200000,0.000000
1880,0,1880,62.666667,0,14,1730.922363,1019.809937,0.150000,0.200000,0.000000
1880,0,1880,62.666667,0,15,1811.710205,1012.828125,0.200000,0.200000,0.000000
1880,0,1880,62.666667,0,16,1569.008240,957.209534,0.050000,0.250000,0.000000
1880,0,1880,62.666667,0,17,1646.492004,950.059631,0.100000,0.250000,0.000000
1880,0,1880,62.666667,0,18,1723.810303,943.765686,0.150000,0.250000,0.000000
1880,0,1880,62.666667,0,19,1803.037354,935.897522,0.200000,0.250000,0.000000
1880,0,1880,62.666667,0,20,1560.972168,883.108948,0.050000,0.300000,0.000000
1880,0,1880,62.666667,0,21,1639.349854,876.026978,0.100000,0.300000,0.000000
1880,0,1880,62.666667,0,22,1717.202637,866.849426,0.150000,0.300000,0.000000
1880,0,1880,62.666667,0,23,1794.852844,860.726440,0.200000,0.300000,0.000000
1885,0,1885,62.833333,0,0,1576.692139,1264.439575,0.050000,0.050000,0.000000
1885,0,1885,62.833333,0,1,1655.241272,1260.211304,0.100000,0.050000,0.000000
1885,0,1885,62.833333,0,2,1734.284729,1254.893555,0.150000,0.050000,0.000000
1885,0,1885,62.833333,0,3,1813.603821,1248.375610,0.200000,0.050000,0.000000
1885,0,1885,62.833333,0,4,1568.711243,1188.115112,0.050000,0.100000,0.000000
1885,0,1885,62.833333,0,5,1648.394653,1182.781738,0.100000,0.100000,0.000000
1885,0,1885,62.833333,0,6,1725.305115,1177.492920,0.150000,0.100000,0.000000
1885,0,1885,62.833333,0,7,1804.762817,1171.562012,0.200000,0.100000,0.000000
1885,0,1885,62.833333,0,8,1562.304565,1110.865967,0.050000,0.150000,0.000000
1885,0,1885,62.833333,0,9,1639.669434,1104.871826,0.100000,0.150000,0.000000
1885,0,1885,62.833333,0,10,1718.408203,1100.214355,0.150000,0.150000,0.000000
1885,0,1885,62.833333,0,11,1795.778137,1094.283936,0.200000,0.150000,0.000000
1885,0,1885,62.833333,0,12,1555.403076,1035.020264,0.050000,0.200000,0.000000
1885,0,1885,62.833333,0,13,1633.744446,1030.273560,0.100000,0.200000,0.000000
1885,0,1885,62.833333,0,14,1710.175232,1023.163696,0.150000,0.200000,0.000000
1885,0,1885,62.833333,0,15,1787.458435,1016.780212,0.200000,0.200000,0.000000
1885,0,1885,62.833333,0,16,1548.305176,959.878906,0.050000,0.250000,0.000000
1885,0,1885,62.833333,0,17,1624.057922,954.802490,0.100000,0.250000,0.000000
1885,0,1885,62.833333,0,18,1701.508423,947.370667,0.150000,0.250000,0.000000
1885,0,1885,62.833333,0,19,1780.754089,940.660706,0.200000,0.250000,0.000000
1885,0,1885,62.833333,0,20,1541.522705,885.559875,0.050000,0.300000,0.000000
1885,0,1885,62.833333,0,21,1618.224365,879.509949,0.100000,0.300000,0.000000
1885,0,1885,62.833333,0,22,1694.088684,873.279236,0.150000,0.300000,0.000000
1885,0,1885,62.833333,0,23,1773.060120,866.212646,0.200000,0.300000,0.000000
1890,0,1890,63.000000,0,0,1574.196655,1268.183594,0.050000,0.050000,0.000000
1890,0,1890,63.000000,0,1,1652.528076,1264.581787,0.100000,0.050000,0.000000
1890,0,1890,63.000000,0,2,1732.239502,1258.042236,0.150000,0.050000,0.000000
1890,0,1890,63.000000,0,3,1810.433838,1252.323730,0.200000,0.050000,0.000000
1890,0,1890,63.000000,0,6,1722.855591,1180.583130,0.150000,0.100000,0.000000
1890,0,1890,63.000000,0,7,1802.013184,1173.803467,0.200000,0.100000,0.000000
1890,0,1890,63.000000,0,10,1715.539124,1102.651367,0.150000,0.150000,0.000000
1890,0,1890,63.000000,0,11,1793.488159,1096.618896,0.200000,0.150000,0.000000
1890,0,1890,63.000000,0,12,1551.750366,1038.031250,0.050000,0.200000,0.000000
1890,0,1890,63.000000,0,13,1628.615479,1031.646606,0.100000,0.200000,0.000000
1890,0,1890,63.000000,0,14,1707.047546,1025.399048,0.150000,0.200000,0.000000
1890,0,1890,63.000000,0,15,1785.044434,1019.101013,0.200000,0.200000,0.000000
1890,0,1890,63.000000,0,16,1544.220581,962.361267,0.050000,0.250000,0.000000
1890,0,1890,63.000000,0,17,1621.277771,955.954895,0.100000,0.250000,0.000000
1890,0,1890,63.000000,0,18,1698.442444,948.962952,0.150000,0.250000,0.000000
1890,0,1890,63.000000,0,19,1777.429688,942.772400,0.200000,0.250000,0.000000
1890,0,1890,63.000000,0,20,1537.224243,887.825867,0.050000,0.300000,0.000000
1890,0,1890,63.000000,0,21,1613.171326,880.185425,0.100000,0.300000,0.000000
1890,0,1890,63.000000,0,22,1691.376282,873.369385,0.150000,0.300000,0.000000
1890,0,1890,63.000000,0,23,1769.279846,866.307251,0.200000,0.300000,0.000000
1895,0,1895,63.166667,0,0,1571.368347,1270.476929,0.050000,0.050000,0.000000
1895,0,1895,63.166667,0,1,1649.411743,1265.259399,0.100000,0.050000,0.000000
1895,0,1895,63.166667,0,2,1728.484619,1260.783447,0.150000,0.050000,0.000000
1895,0,1895,63.166667,0,4,1563.599243,1192.213257,0.050000,0.100000,0.000000
1895,0,1895,63.166667,0,5,1641.645020,1187.435791,0.100000,0.100000,0.000000
1895,0,1895,63.166667,0,6,1720.080261,1182.690552,0.150000,0.100000,0.000000
1895,0,1895,63.166667,0,8,1556.734009,1115.667358,0.050000,0.150000,0.000000
1895,0,1895,63.166667,0,9,1634.340698,1110.369385,0.100000,0.150000,0.000000
1895,0,1895,63.166667,0,10,1713.164185,1104.814453,0.150000,0.150000,0.000000
1895,0,1895,63.166667,0,11,1792.190186,1099.301270,0.200000,0.150000,0.000000
1895,0,1895,63.166667,0,12,1549.760620,1039.398315,0.050000,0.200000,0.000000
1895,0,1895,63.166667,0,13,1627.389282,1033.471802,0.100000,0.200000,0.000000
1895,0,1895,63.166667,0,14,1705.667419,1027.487427,0.150000,0.200000,0.000000
1895,0,1895,63.166667,0,15,1783.603271,1021.666077,0.200000,0.200000,0.000000
1895,0,1895,63.166667,0,16,1542.939453,963.637817,0.050000,0.250000,0.000000
1895,0,1895,63.166667,0,17,1620.404785,957.091553,0.100000,0.250000,0.000000
1895,0,1895,63.166667,0,18,1698.034058,951.508911,0.150000,0.250000,0.000000
1895,0,1895,63.166667,0,19,1776.835510,945.002258,0.200000,0.250000,0.000000
1895,0,1895,63.166667,0,20,1536.802124,887.991211,0.050000,0.300000,0.000000
1895,0,1895,63.166667,0,21,1613.493225,882.131714,0.100000,0.300000,0.000000
1895,0,1895,63.166667,0,22,1691.260376,875.302307,0.150000,0.300000,0.000000
1895,0,1895,63.166667,0,23,1770.547791,868.919495,0.200000,0.300000,0.000000
1900,0,1900,63.333333,0,0,1572.795227,1265.646484,0.050000,0.050000,0.000000
1900,0,1900,63.333333,0,1,1651.468811,1259.187012,0.100000,0.050000,0.000000
1900,0,1900,63.333333,0,2,1730.503052,1252.853027,0.150000,0.050000,0.000000
1900,0,1900,63.333333,0,3,1808.685120,1245.712891,0.200000,0.050000,0.000000
1900,0,1900,63.333333,0,4,1564.268188,1187.802368,0.050000,0.100000,0.000000
1900,0,1900,63.333333,0,5,1642.389221,1181.708740,0.100000,0.100000,0.000000
1900,0,1900,63.333333,0,6,1720.654602,1174.190308,0.150000,0.100000,0.000000
1900,0,1900,63.333333,0,7,1799.338440,1167.701904,0.200000,0.100000,0.000000
1900,0,1900,63.333333,0,8,1555.580444,1111.185791,0.050000,0.150000,0.000000
1900,0,1900,63.333333,0,9,1632.857971,1104.151367,0.100000,0.150000,0.000000
1900,0,1900,63.333333,0,10,1711.326782,1097.445190,0.150000,0.150000,0.000000
1900,0,1900,63.333333,0,11,1789.493103,1090.046631,0.200000,0.150000,0.000000
1900,0,1900,63.333333,0,12,1546.775269,1034.957397,0.050000,0.200000,0.000000
1900,0,1900,63.333333,0,13,1624.023315,1027.919189,0.100000,0.200000,0.000000
1900,0,1900,63.333333,0,14,1701.997314,1020.521912,0.150000,0.200000,0.000000
1900,0,1900,63.333333,0,15,1780.436279,1013.263855,0.200000,0.200000,0.000000
1900,0,1900,63.333333,0,16,1538.790527,959.649414,0.050000,0.250000,0.000000
1900,0,1900,63.333333,0,17,1615.713806,952.018982,0.100000,0.250000,0.000000
1900,0,1900,63.333333,0,18,1692.142578,944.026917,0.150000,0.250000,0.000000
1900,0,1900,63.333333,0,19,1771.053589,936.446838,0.200000,0.250000,0.000000
1900,0,1900,63.333333,0,20,1530.548096,884.448242,0.050000,0.300000,0.000000
1900,0,1900,63.333333,0,21,1607.945679,876.870239,0.100000,0.300000,0.000000
1900,0,1900,63.333333,0,22,1683.882690,868.530640,0.150000,0.300000,0.000000
1900,0,1900,63.333333,0,23,1761.741943,861.025879,0.200000,0.300000,0.000000
1905,0,1905,63.500000,0,3,1804.420105,1256.783813,0.200000,0.050000,0.000000
1905,0,1905,63.500000,0,15,1768.851379,1021.257629,0.200000,0.200000,0.000000
1915,0,1915,63.833333,0,1,1585.582825,1315.865479,0.100000,0.050000,0.000000
1915,0,1915,63.833333,0,2,1666.231567,1304.289185,0.150000,0.050000,0.000000
1915,0,1915,63.833333,0,3,1745.490051,1291.479126,0.200000,0.050000,0.000000
1915,0,1915,63.833333,0,5,1567.342041,1234.479248,0.100000,0.100000,0.000000
1915,0,1915,63.833333,0,8,1472.404785,1168.407715,0.050000,0.150000,0.000000
1915,0,1915,63.833333,0,9,1552.407349,1153.512817,0.100000,0.150000,0.000000
1915,0,1915,63.833333,0,12,1455.459961,1095.396484,0.050000,0.200000,0.000000
1915,0,1915,63.833333,0,13,1534.450317,1081.203003,0.100000,0.200000,0.000000
1915,0,1915,63.833333,0,14,1610.176086,1071.222534,0.150000,0.200000,0.000000
1915,0,1915,63.833333,0,15,1689.447815,1059.209961,0.200000,0.200000,0.000000
1915,0,1915,63.833333,0,16,1443.493652,1018.980469,0.050000,0.250000,0.000000
1915,0,1915,63.833333,0,17,1519.621216,1006.454102,0.100000,0.250000,0.000000
1915,0,1915,63.833333,0,18,1595.065125,996.774536,0.150000,0.250000,0.000000
1915,0,1915,63.833333,0,19,1671.204529,983.607849,0.200000,0.250000,0.000000
1915,0,1915,63.833333,0,20,1427.299316,949.393555,0.050000,0.300000,0.000000
1915,0,1915,63.833333,0,21,1505.426392,936.505005,0.100000,0.300000,0.000000
1915,0,1915,63.833333,0,22,1579.497681,924.602173,0.150000,0.300000,0.000000
1915,0,1915,63.833333,0,23,1652.910217,914.547852,0.200000,0.300000,0.000000
1920,0,1920,64.000000,0,0,1485.391602,1316.854980,0.050000,0.050000,0.000000
1920,0,1920,64.000000,0,1,1566.869751,1303.753906,0.100000,0.050000,0.000000
1920,0,1920,64.000000,0,2,1648.755981,1292.928467,0.150000,0.050000,0.000000
1920,0,1920,64.000000,0,3,1728.824829,1282.116089,0.200000,0.050000,0.000000
1920,0,1920,64.000000,0,4,1468.570923,1235.017822,0.050000,0.100000,0.000000
1920,0,1920,64.000000,0,5,1549.290527,1223.408691,0.100000,0.100000,0.000000
1920,0,1920,64.000000,0,6,1628.598267,1212.674438,0.150000,0.100000,0.000000
1920,0,1920,64.000000,0,7,1707.536438,1202.530396,0.200000,0.100000,0.000000
1920,0,1920,64.000000,0,8,1453.411377,1157.760620,0.050000,0.150000,0.000000
1920,0,1920,64.000000,0,9,1532.051270,1146.057739,0.100000,0.150000,0.000000
1920,0,1920,64.000000,0,10,1609.888855,1136.879395,0.150000,0.150000,0.000000
1920,0,1920,64.000000,0,11,1687.124146,1127.327271,0.200000,0.150000,0.000000
1920,0,1920,64.000000,0,12,1437.834595,1084.733154,0.050000,0.200000,0.000000
1920,0,1920,64.000000,0,13,1515.190552,1073.483154,0.100000,0.200000,0.000000
1920,0,1920,64.000000,0,14,1592.108398,1062.716309,0.150000,0.200000,0.000000
1920,0,1920,64.000000,0,15,1668.604614,1053.674438,0.200000,0.200000,0.000000
1920,0,1920,64.000000,0,16,1424.344604,1012.716187,0.050000,0.250000,0.000000
1920,0,1920,64.000000,0,17,1499.947144,1002.188965,0.100000,0.250000,0.000000
1920,0,1920,64.000000,0,18,1574.677368,993.028076,0.150000,0.250000,0.000000
1920,0,1920,64.000000,0,19,1649.835815,982.426025,0.200000,0.250000,0.000000
1920,0,1920,64.000000,0,20,1410.741211,943.634338,0.050000,0.300000,0.000000
1920,0,1920,64.000000,0,21,1485.000610,934.627869,0.100000,0.300000,0.000000
1920,0,1920,64.000000,0,22,1558.625000,924.228699,0.150000,0.300000,0.000000
1920,0,1920,64.000000,0,23,1631.950989,914.991455,0.200000,0.300000,0.000000
1925,0,1925,64.166667,0,0,1459.007202,1317.719727,0.050000,0.050000,0.000000
1925,0,1925,64.166667,0,1,1541.234253,1306.314087,0.100000,0.050000,0.000000
1925,0,1925,64.166667,0,2,1624.785583,1295.994873,0.150000,0.050000,0.000000
1925,0,1925,64.166667,0,3,1705.773804,1286.915527,0.200000,0.050000,0.000000
1925,0,1925,64.166667,0,6,1604.861694,1215.928467,0.150000,0.100000,0.000000
1925,0,1925,64.166667,0,7,1685.354675,1206.650757,0.200000,0.100000,0.000000
1925,0,1925,64.166667,0,10,1587.363403,1140.001343,0.150000,0.150000,0.000000
1925,0,1925,64.166667,0,11,1665.471130,1130.256836,0.200000,0.150000,0.000000
1925,0,1925,64.166667,0,12,1414.418945,1085.696655,0.050000,0.200000,0.000000
1925,0,1925,64.166667,0,13,1492.835449,1076.148071,0.100000,0.200000,0.000000
1925,0,1925,64.166667,0,14,1568.443665,1067.868896,0.150000,0.200000,0.000000
1925,0,1925,64.166667,0,15,1646.840881,1057.903687,0.200000,0.200000,0.000000
1925,0,1925,64.166667,0,16,1401.713623,1015.028809,0.050000,0.250000,0.000000
1925,0,1925,64.166667,0,17,1477.027588,1006.202881,0.100000,0.250000,0.000000
1925,0,1925,64.166667,0,18,1552.920532,996.710938,0.150000,0.250000,0.000000
1925,0,1925,64.166667,0,19,1628.865845,987.605896,0.200000,0.250000,0.000000
1925,0,1925,64.166667,0,20,1388.728271,947.437866,0.050000,0.300000,0.000000
1925,0,1925,64.166667,0,21,1464.674805,938.799072,0.100000,0.300000,0.000000
1925,0,1925,64.166667,0,22,1536.576416,931.029602,0.150000,0.300000,0.000000
1925,0,1925,64.166667,0,23,1611.416443,920.994080,0.200000,0.300000,0.000000
1930,0,1930,64.333333,0,0,1444.606079,1323.592041,0.050000,0.050000,0.000000
1930,0,1930,64.333333,0,1,1528.277588,1312.443481,0.100000,0.050000,0.000000
1930,0,1930,64.333333,0,2,1611.180176,1302.301270,0.150000,0.050000,0.000000
1930,0,1930,64.333333,0,3,1693.178162,1292.517212,0.200000,0.050000,0.000000
1930,0,1930,64.333333,0,4,1429.245483,1242.351685,0.050000,0.100000,0.000000
1930,0,1930,64.333333,0,5,1511.909546,1231.447144,0.100000,0.100000,0.000000
1930,0,1930,64.333333,0,6,1592.432739,1222.494507,0.150000,0.100000,0.000000
1930,0,1930,64.333333,0,7,1672.880920,1212.718018,0.200000,0.100000,0.000000
1930,0,1930,64.333333,0,8,1415.442017,1164.161255,0.050000,0.150000,0.000000
1930,0,1930,64.333333,0,9,1495.177002,1154.463501,0.100000,0.150000,0.000000
1930,0,1930,64.333333,0,10,1574.501709,1145.334717,0.150000,0.150000,0.000000
1930,0,1930,64.333333,0,11,1652.580505,1138.044556,0.200000,0.150000,0.000000
1930,0,1930,64.333333,0,12,1402.475586,1089.805420,0.050000,0.200000,0.000000
1930,0,1930,64.333333,0,13,1479.594971,1080.834229,0.100000,0.200000,0.000000
1930,0,1930,64.333333,0,14,1556.697998,1073.102783,0.150000,0.200000,0.000000
1930,0,1930,64.333333,0,15,1634.542114,1062.871338,0.200000,0.200000,0.000000
1930,0,1930,64.333333,0,16,1390.305420,1019.809143,0.050000,0.250000,0.000000
1930,0,1930,64.333333,0,17,1464.913940,1011.388245,0.100000,0.250000,0.000000
1930,0,1930,64.333333,0,18,1541.879395,1001.849243,0.150000,0.250000,0.000000
1930,0,1930,64.333333,0,19,1617.009888,993.225830,0.200000,0.250000,0.000000
1930,0,1930,64.333333,0,20,1376.709961,951.657593,0.050000,0.300000,0.000000
1930,0,1930,64.333333,0,21,1451.105225,942.575928,0.100000,0.300000,0.000000
1930,0,1930,64.333333,0,22,1526.285034,934.566101,0.150000,0.300000,0.000000
1930,0,1930,64.333333,0,23,1601.250427,926.227905,0.200000,0.300000,0.000000
1935,0,1935,64.500000,0,0,1439.208496,1329.830688,0.050000,0.050000,0.000000
1935,0,1935,64.500000,0,1,1523.520752,1317.912964,0.100000,0.050000,0.000000
1935,0,1935,64.500000,0,2,1605.700806,1308.401123,0.150000,0.050000,0.000000
1935,0,1935,64.500000,0,3,1687.890442,1298.502075,0.200000,0.050000,0.000000
1935,0,1935,64.500000,0,4,1424.319824,1248.568481,0.050000,0.100000,0.000000
1935,0,1935,64.500000,0,5,1506.111450,1237.470703,0.100000,0.100000,0.000000
1935,0,1935,64.500000,0,6,1586.169617,1228.981079,0.150000,0.100000,0.000000
1935,0,1935,64.500000,0,7,1666.948059,1219.295288,0.200000,0.100000,0.000000
1935,0,1935,64.500000,0,8,1409.688354,1170.984497,0.050000,0.150000,0.000000
1935,0,1935,64.500000,0,9,1489.153931,1161.464722,0.100000,0.150000,0.000000
1935,0,1935,64.500000,0,10,1568.834106,1152.294800,0.150000,0.150000,0.000000
1935,0,1935,64.500000,0,11,1646.617493,1143.453857,0.200000,0.150000,0.000000
1935,0,1935,64.500000,0,12,1396.104858,1097.720215,0.050000,0.200000,0.000000
1935,0,1935,64.500000,0,13,1473.586792,1087.863159,0.100000,0.200000,0.000000
1935,0,1935,64.500000,0,14,1551.328735,1078.730591,0.150000,0.200000,0.000000
1935,0,1935,64.500000,0,15,1628.302368,1069.855225,0.200000,0.200000,0.000000
1935,0,1935,64.500000,0,16,1383.820923,1027.007202,0.050000,0.250000,0.000000
1935,0,1935,64.500000,0,17,1459.438232,1017.722839,0.100000,0.250000,0.000000
1935,0,1935,64.500000,0,18,1534.813843,1009.105347,0.150000,0.250000,0.000000
1935,0,1935,64.500000,0,19,1610.102417,1001.302307,0.200000,0.250000,0.000000
1935,0,1935,64.500000,0,20,1370.152710,960.211548,0.050000,0.300000,0.000000
1935,0,1935,64.500000,0,21,1444.321777,950.227539,0.100000,0.300000,0.000000
1935,0,1935,64.500000,0,22,1518.725342,943.197144,0.150000,0.300000,0.000000
1935,0,1935,64.500000,0,23,1594.556824,933.985840,0.200000,0.300000,0.000000
1940,0,1940,64.666667,0,0,1431.202759,1329.619019,0.050000,0.050000,0.000000
1940,0,1940,64.666667,0,1,1515.275757,1318.261841,0.100000,0.050000,0.000000
1940,0,1940,64.666667,0,2,1598.098633,1307.320801,0.150000,0.050000,0.000000
1940,0,1940,64.666667,0,3,1680.103210,1298.087524,0.200000,0.050000,0.000000
1940,0,1940,64.666667,0,4,1416.042236,1248.834106,0.050000,0.100000,0.000000
1940,0,1940,64.666667,0,5,1498.236816,1236.936768,0.100000,0.100000,0.000000
1940,0,1940,64.666667,0,6,1578.612549,1227.832275,0.150000,0.100000,0.000000
1940,0,1940,64.666667,0,7,1659.406250,1217.680664,0.200000,0.100000,0.000000
1940,0,1940,64.666667,0,8,1401.503174,1170.390503,0.050000,0.150000,0.000000
1940,0,1940,64.666667,0,9,1481.620728,1161.336426,0.100000,0.150000,0.000000
1940,0,1940,64.666667,0,10,1561.387817,1151.249146,0.150000,0.150000,0.000000
1940,0,1940,64.666667,0,11,1639.247803,1142.126343,0.200000,0.150000,0.000000
1940,0,1940,64.666667,0,12,1388.225952,1097.395264,0.050000,0.200000,0.000000
1940,0,1940,64.666667,0,13,1466.740601,1087.570190,0.100000,0.200000,0.000000
1940,0,1940,64.666667,0,14,1543.546021,1078.526001,0.150000,0.200000,0.000000
1940,0,1940,64.666667,0,15,1620.766418,1069.116943,0.200000,0.200000,0.000000
1940,0,1940,64.666667,0,16,1375.254761,1026.644531,0.050000,0.250000,0.000000
1940,0,1940,64.666667,0,17,1451.386719,1017.983093,0.100000,0.250000,0.000000
1940,0,1940,64.666667,0,18,1527.952271,1008.402954,0.150000,0.250000,0.000000
1940,0,1940,64.666667,0,19,1602.931519,999.135925,0.200000,0.250000,0.000000
1940,0,1940,64.666667,0,20,1363.067871,959.564453,0.050000,0.300000,0.000000
1940,0,1940,64.666667,0,21,1438.625488,950.862793,0.100000,0.300000,0.000000
1940,0,1940,64.666667,0,22,1511.566650,942.301880,0.150000,0.300000,0.000000
1940,0,1940,64.666667,0,23,1586.853333,933.007385,0.200000,0.300000,0.000000
1945,0,1945,64.833333,0,2,1590.929565,1301.630493,0.150000,0.050000,0.000000
1945,0,1945,64.833333,0,3,1673.348999,1294.279297,0.200000,0.050000,0.000000
1945,0,1945,64.833333,0,6,1575.112854,1222.218994,0.150000,0.100000,0.000000
1945,0,1945,64.833333,0,7,1655.653137,1212.511230,0.200000,0.100000,0.000000
1945,0,1945,64.833333,0,11,1639.754028,1135.202515,0.200000,0.150000,0.000000
1945,0,1945,64.833333,0,12,1389.650391,1086.697266,0.050000,0.200000,0.000000
1945,0,1945,64.833333,0,15,1624.320923,1060.082886,0.200000,0.200000,0.000000
1945,0,1945,64.833333,0,16,1383.252808,1015.831116,0.050000,0.250000,0.000000
1945,0,1945,64.833333,0,17,1455.285645,1006.678833,0.100000,0.250000,0.000000
1945,0,1945,64.833333,0,18,1533.432251,997.911804,0.150000,0.250000,0.000000
1945,0,1945,64.833333,0,19,1608.295044,990.234131,0.200000,0.250000,0.000000
1945,0,1945,64.833333,0,20,1368.363892,946.157837,0.050000,0.300000,0.000000
1945,0,1945,64.833333,0,21,1446.319214,937.381653,0.100000,0.300000,0.000000
1960,0,1960,65.333333,0,12,1512.168823,987.706909,0.050000,0.200000,0.000000
1960,0,1960,65.333333,0,15,1744.992432,956.170288,0.200000,0.200000,0.000000
1960,0,1960,65.333333,0,16,1501.572266,914.867249,0.050000,0.250000,0.000000
1960,0,1960,65.333333,0,17,1575.825928,902.910461,0.100000,0.250000,0.000000
1960,0,1960,65.333333,0,18,1654.005981,891.964600,0.150000,0.250000,0.000000
1960,0,1960,65.333333,0,19,1733.446106,880.196167,0.200000,0.250000,0.000000
1960,0,1960,65.333333,0,20,1488.862183,840.923462,0.050000,0.300000,0.000000
1960,0,1960,65.333333,0,21,1564.898804,828.665039,0.100000,0.300000,0.000000
1960,0,1960,65.333333,0,22,1641.800659,816.123535,0.150000,0.300000,0.000000
1960,0,1960,65.333333,0,23,1721.368652,803.217346,0.200000,0.300000,0.000000
1965,0,1965,65.500000,0,12,1546.143677,989.263306,0.050000,0.200000,0.000000
1965,0,1965,65.500000,0,15,1777.600098,959.252991,0.200000,0.200000,0.000000
1965,0,1965,65.500000,0,16,1534.255127,916.066956,0.050000,0.250000,0.000000
1965,0,1965,65.500000,0,17,1611.044556,905.563293,0.100000,0.250000,0.000000
1965,0,1965,65.500000,0,18,1688.729492,896.226074,0.150000,0.250000,0.000000
1965,0,1965,65.500000,0,19,1767.106934,884.245667,0.200000,0.250000,0.000000
1965,0,1965,65.500000,0,20,1524.069214,844.024719,0.050000,0.300000,0.000000
1965,0,1965,65.500000,0,21,1600.136963,832.877136,0.100000,0.300000,0.000000
1965,0,1965,65.500000,0,22,1677.811279,821.418701,0.150000,0.300000,0.000000
1965,0,1965,65.500000,0,23,1757.260803,808.963745,0.200000,0.300000,0.000000
1970,0,1970,65.666667,0,2,1746.941345,1186.769531,0.150000,0.050000,0.000000
1970,0,1970,65.666667,0,3,1821.546692,1178.307251,0.200000,0.050000,0.000000
1970,0,1970,65.666667,0,4,1586.957581,1133.091553,0.050000,0.100000,0.000000
1970,0,1970,65.666667,0,5,1661.143860,1126.634766,0.100000,0.100000,0.000000
1970,0,1970,65.666667,0,6,1736.231873,1117.796509,0.150000,0.100000,0.000000
1970,0,1970,65.666667,0,7,1812.836731,1109.737671,0.200000,0.100000,0.000000
1970,0,1970,65.666667,0,8,1575.940857,1065.617920,0.050000,0.150000,0.000000
1970,0,1970,65.666667,0,9,1650.535461,1057.870850,0.100000,0.150000,0.000000
1970,0,1970,65.666667,0,10,1727.023926,1049.383545,0.150000,0.150000,0.000000
1970,0,1970,65.666667,0,11,1804.299011,1039.219116,0.200000,0.150000,0.000000
1970,0,1970,65.666667,0,12,1565.420776,996.305664,0.050000,0.200000,0.000000
1970,0,1970,65.666667,0,13,1640.882751,988.954590,0.100000,0.200000,0.000000
1970,0,1970,65.666667,0,14,1717.638550,978.465027,0.150000,0.200000,0.000000
1970,0,1970,65.666667,0,15,1795.965393,970.076050,0.200000,0.200000,0.000000
1970,0,1970,65.666667,0,16,1554.628906,927.119873,0.050000,0.250000,0.000000
1970,0,1970,65.666667,0,17,1628.973938,916.997131,0.100000,0.250000,0.000000
1970,0,1970,65.666667,0,18,1707.207092,906.911072,0.150000,0.250000,0.000000
1970,0,1970,65.666667,0,19,1786.571594,896.297913,0.200000,0.250000,0.000000
1970,0,1970,65.666667,0,20,1542.944580,856.223816,0.050000,0.300000,0.000000
1970,0,1970,65.666667,0,21,1619.294373,845.094666,0.100000,0.300000,0.000000
1970,0,1970,65.666667,0,22,1696.904175,834.059143,0.150000,0.300000,0.000000
1970,0,1970,65.666667,0,23,1776.721558,822.614624,0.200000,0.300000,0.000000
1975,0,1975,65.833333,0,10,1732.635986,1061.947266,0.150000,0.150000,0.000000
1975,0,1975,65.833333,0,11,1812.058960,1054.659058,0.200000,0.150000,0.000000
1975,0,1975,65.833333,0,12,1572.684387,1011.211853,0.050000,0.200000,0.000000
1975,0,1975,65.833333,0,13,1649.213074,1003.329041,0.100000,0.200000,0.000000
1975,0,1975,65.833333,0,14,1724.020264,995.322021,0.150000,0.200000,0.000000
1975,0,1975,65.833333,0,15,1804.898254,986.024597,0.200000,0.200000,0.000000
1975,0,1975,65.833333,0,16,1563.162964,942.186951,0.050000,0.250000,0.000000
1975,0,1975,65.833333,0,19,1795.605225,914.653076,0.200000,0.250000,0.000000
1975,0,1975,65.833333,0,20,1551.426025,871.406860,0.050000,0.300000,0.000000
1980,0,1980,66.000000,0,20,1559.791016,863.409973,0.050000,0.300000,0.000000
1985,0,1985,66.166667,0,10,1743.809998,1035.250000,0.150000,0.150000,0.000000
1985,0,1985,66.166667,0,11,1822.350708,1025.451416,0.200000,0.150000,0.000000
1985,0,1985,66.166667,0,13,1657.198853,978.878662,0.100000,0.200000,0.000000
1985,0,1985,66.166667,0,14,1733.692139,969.009338,0.150000,0.200000,0.000000
1985,0,1985,66.166667,0,15,1814.147095,957.854919,0.200000,0.200000,0.000000
1985,0,1985,66.166667,0,16,1569.278992,921.054016,0.050000,0.250000,0.000000
1985,0,1985,66.166667,0,17,1644.785706,911.229980,0.100000,0.250000,0.000000
1985,0,1985,66.166667,0,18,1723.419983,899.387329,0.150000,0.250000,0.000000
1985,0,1985,66.166667,0,19,1803.828308,888.551941,0.200000,0.250000,0.000000
1985,0,1985,66.166667,0,20,1556.518677,851.986389,0.050000,0.300000,0.000000
1985,0,1985,66.166667,0,21,1633.771118,840.562317,0.100000,0.300000,0.000000
1985,0,1985,66.166667,0,22,1712.276917,828.632996,0.150000,0.300000,0.000000
1985,0,1985,66.166667,0,23,1794.101929,815.505676,0.200000,0.300000,0.000000
1990,0,1990,66.333333,0,11,1821.516418,1027.700317,0.200000,0.150000,0.000000
1990,0,1990,66.333333,0,15,1813.459412,960.458740,0.200000,0.200000,0.000000
1990,0,1990,66.333333,0,16,1568.294006,923.908325,0.050000,0.250000,0.000000
1990,0,1990,66.333333,0,19,1804.301331,891.330261,0.200000,0.250000,0.000000
1990,0,1990,66.333333,0,20,1555.250732,855.109863,0.050000,0.300000,0.000000
1990,0,1990,66.333333,0,23,1795.053894,819.282104,0.200000,0.300000,0.000000
1995,0,1995,66.500000,0,10,1741.821228,1039.925781,0.150000,0.150000,0.000000
1995,0,1995,66.500000,0,11,1821.318115,1030.776611,0.200000,0.150000,0.000000
1995,0,1995,66.500000,0,12,1578.706421,994.625366,0.050000,0.200000,0.000000
1995,0,1995,66.500000,0,13,1654.666504,984.948059,0.100000,0.200000,0.000000
1995,0,1995,66.500000,0,16,1565.461060,927.792603,0.050000,0.250000,0.000000
1995,0,1995,66.500000,0,20,1552.845459,859.814697,0.050000,0.300000,0.000000
1995,0,1995,66.500000,0,23,1793.528625,823.760803,0.200000,0.300000,0.000000
2000,0,2000,66.666667,0,13,1652.869324,983.850647,0.100000,0.200000,0.000000
2000,0,2000,66.666667,0,14,1730.965942,974.476440,0.150000,0.200000,0.000000
2000,0,2000,66.666667,0,15,1811.400146,963.208618,0.200000,0.200000,0.000000
2000,0,2000,66.666667,0,16,1564.554565,926.350159,0.050000,0.250000,0.000000
2000,0,2000,66.666667,0,17,1641.811584,916.553345,0.100000,0.250000,0.000000
2000,0,2000,66.666667,0,18,1721.443054,905.248413,0.150000,0.250000,0.000000
2000,0,2000,66.666667,0,19,1802.783264,893.723999,0.200000,0.250000,0.000000
2000,0,2000,66.666667,0,20,1551.792358,858.230042,0.050000,0.300000,0.000000
2000,0,2000,66.666667,0,21,1630.388977,846.500061,0.100000,0.300000,0.000000
2005,0,2005,66.833333,0,11,1820.456970,1031.282837,0.200000,0.150000,0.000000
2005,0,2005,66.833333,0,15,1810.943665,962.744629,0.200000,0.200000,0.000000
2005,0,2005,66.833333,0,16,1564.818115,925.627136,0.050000,0.250000,0.000000
2005,0,2005,66.833333,0,17,1641.430054,915.763245,0.100000,0.250000,0.000000
2005,0,2005,66.833333,0,18,1721.086670,904.782104,0.150000,0.250000,0.000000
2005,0,2005,66.833333,0,19,1802.238220,893.520752,0.200000,0.250000,0.000000
2005,0,2005,66.833333,0,20,1551.578003,856.683167,0.050000,0.300000,0.000000
2005,0,2005,66.833333,0,21,1629.483337,845.146606,0.100000,0.300000,0.000000
2005,0,2005,66.833333,0,22,1709.806641,833.788696,0.150000,0.300000,0.000000
2005,0,2005,66.833333,0,23,1793.323792,820.949036,0.200000,0.300000,0.000000
2010,0,2010,67.000000,0,12,1613.295593,993.710999,0.050000,0.200000,0.000000
2010,0,2010,67.000000,0,15,1850.301147,969.429260,0.200000,0.200000,0.000000
2010,0,2010,67.000000,0,16,1599.409668,925.207947,0.050000,0.250000,0.000000
2015,0,2015,67.166667,0,15,1888.658936,980.986938,0.200000,0.200000,0.000000
2015,0,2015,67.166667,0,16,1635.725464,931.705444,0.050000,0.250000,0.000000
2015,0,2015,67.166667,0,19,1879.590881,906.270081,0.200000,0.250000,0.000000
2015,0,2015,67.166667,0,20,1625.349121,860.292908,0.050000,0.300000,0.000000
2020,0,2020,67.333333,0,10,1839.674988,1068.933838,0.150000,0.150000,0.000000
2020,0,2020,67.333333,0,11,1924.397156,1062.386108,0.200000,0.150000,0.000000
2020,0,2020,67.333333,0,12,1672.754028,1009.617188,0.050000,0.200000,0.000000
2020,0,2020,67.333333,0,13,1750.884888,1002.549316,0.100000,0.200000,0.000000
2020,0,2020,67.333333,0,14,1831.966919,996.184326,0.150000,0.200000,0.000000
2020,0,2020,67.333333,0,15,1915.825928,988.014832,0.200000,0.200000,0.000000
2020,0,2020,67.333333,0,16,1664.387268,936.571106,0.050000,0.250000,0.000000
2020,0,2020,67.333333,0,17,1742.385437,929.579163,0.100000,0.250000,0.000000
2020,0,2020,67.333333,0,18,1825.626892,920.877136,0.150000,0.250000,0.000000
2020,0,2020,67.333333,0,19,1909.394531,912.412781,0.200000,0.250000,0.000000
2020,0,2020,67.333333,0,20,1654.355042,863.540649,0.050000,0.300000,0.000000
2020,0,2020,67.333333,0,21,1735.524231,854.175049,0.100000,0.300000,0.000000
2020,0,2020,67.333333,0,22,1817.092834,844.317810,0.150000,0.300000,0.000000
2020,0,2020,67.333333,0,23,1902.404480,834.507080,0.200000,0.300000,0.000000
2025,0,2025,67.500000,0,4,1714.425537,1161.773438,0.050000,0.100000,0.000000
2025,0,2025,67.500000,0,5,1794.614624,1158.375000,0.100000,0.100000,0.000000
2025,0,2025,67.500000,0,6,1877.217407,1153.319824,0.150000,0.100000,0.000000
2025,0,2025,67.500000,0,7,1960.195190,1148.038208,0.200000,0.100000,0.000000
2025,0,2025,67.500000,0,8,1705.828491,1085.480835,0.050000,0.150000,0.000000
2025,0,2025,67.500000,0,9,1786.269470,1081.426392,0.100000,0.150000,0.000000
2025,0,2025,67.500000,0,10,1868.058594,1075.578247,0.150000,0.150000,0.000000
2025,0,2025,67.500000,0,11,1953.258423,1069.569824,0.200000,0.150000,0.000000
2025,0,2025,67.500000,0,12,1699.736755,1009.901428,0.050000,0.200000,0.000000
2025,0,2025,67.500000,0,13,1778.560913,1004.312195,0.100000,0.200000,0.000000
2025,0,2025,67.500000,0,14,1861.214478,998.019409,0.150000,0.200000,0.000000
2025,0,2025,67.500000,0,15,1945.303650,991.468445,0.200000,0.200000,0.000000
2025,0,2025,67.500000,0,16,1692.170105,935.417053,0.050000,0.250000,0.000000
2025,0,2025,67.500000,0,17,1771.611816,927.972351,0.100000,0.250000,0.000000
2025,0,2025,67.500000,0,18,1853.450684,920.539246,0.150000,0.250000,0.000000
2025,0,2025,67.500000,0,19,1937.515015,913.400879,0.200000,0.250000,0.000000
2025,0,2025,67.500000,0,20,1685.262085,858.920349,0.050000,0.300000,0.000000
2025,0,2025,67.500000,0,21,1765.218689,851.880981,0.100000,0.300000,0.000000
2025,0,2025,67.500000,0,22,1846.528442,842.527344,0.150000,0.300000,0.000000
2025,0,2025,67.500000,0,23,1930.345093,834.567688,0.200000,0.300000,0.000000
2030,0,2030,67.666667,0,12,1716.681885,1016.735413,0.050000,0.200000,0.000000
2030,0,2030,67.666667,0,15,1965.634705,999.616943,0.200000,0.200000,0.000000
2030,0,2030,67.666667,0,16,1708.377808,940.587830,0.050000,0.250000,0.000000
2030,0,2030,67.666667,0,17,1789.964966,934.336792,0.100000,0.250000,0.000000
2030,0,2030,67.666667,0,18,1872.340210,927.416016,0.150000,0.250000,0.000000
2030,0,2030,67.666667,0,19,1956.564148,919.395813,0.200000,0.250000,0.000000
2030,0,2030,67.666667,0,20,1702.680359,865.246765,0.050000,0.300000,0.000000
2030,0,2030,67.666667,0,21,1783.146118,857.753479,0.100000,0.300000,0.000000
2030,0,2030,67.666667,0,22,1863.685303,850.714966,0.150000,0.300000,0.000000
2030,0,2030,67.666667,0,23,1948.333008,842.321228,0.200000,0.300000,0.000000
2035,0,2035,67.833333,0,12,1730.125793,1036.310059,0.050000,0.200000,0.000000
2035,0,2035,67.833333,0,15,1985.108215,1021.251831,0.200000,0.200000,0.000000
2035,0,2035,67.833333,0,16,1724.359070,959.279968,0.050000,0.250000,0.000000
2035,0,2035,67.833333,0,17,1806.004822,952.011108,0.100000,0.250000,0.000000
2035,0,2035,67.833333,0,18,1887.913940,945.524353,0.150000,0.250000,0.000000
2035,0,2035,67.833333,0,19,1974.985535,939.943115,0.200000,0.250000,0.000000
2035,0,2035,67.833333,0,20,1716.441162,882.346924,0.050000,0.300000,0.000000
2035,0,2035,67.833333,0,21,1798.564026,876.158936,0.100000,0.300000,0.000000
2040,0,2040,68.000000,0,2,1940.654297,1316.253906,0.150000,0.050000,0.000000
2040,0,2040,68.000000,0,3,2029.760193,1316.372070,0.200000,0.050000,0.000000
2040,0,2040,68.000000,0,4,1754.673035,1233.281860,0.050000,0.100000,0.000000
2040,0,2040,68.000000,0,5,1842.233093,1230.640869,0.100000,0.100000,0.000000
2040,0,2040,68.000000,0,6,1929.627747,1230.637695,0.150000,0.100000,0.000000
2040,0,2040,68.000000,0,7,2019.803284,1229.343384,0.200000,0.100000,0.000000
2040,0,2040,68.000000,0,8,1748.368103,1149.737305,0.050000,0.150000,0.000000
2040,0,2040,68.000000,0,11,2007.812195,1145.567871,0.200000,0.150000,0.000000
2040,0,2040,68.000000,0,12,1742.318665,1069.971313,0.050000,0.200000,0.000000
2040,0,2040,68.000000,0,15,1999.638184,1062.582031,0.200000,0.200000,0.000000
2040,0,2040,68.000000,0,16,1734.669983,992.165833,0.050000,0.250000,0.000000
2040,0,2040,68.000000,0,17,1819.477173,988.331421,0.100000,0.250000,0.000000
2040,0,2040,68.000000,0,18,1903.111633,985.460571,0.150000,0.250000,0.000000
2040,0,2040,68.000000,0,19,1988.808777,982.508606,0.200000,0.250000,0.000000
2040,0,2040,68.000000,0,20,1728.721680,916.573547,0.050000,0.300000,0.000000
2040,0,2040,68.000000,0,21,1811.494141,911.812805,0.100000,0.300000,0.000000
2040,0,2040,68.000000,0,22,1894.780334,909.370667,0.150000,0.300000,0.000000
2040,0,2040,68.000000,0,23,1978.627136,903.284973,0.200000,0.300000,0.000000
2045,0,2045,68.166667,0,0,1755.279480,1327.077271,0.050000,0.050000,0.000000
2045,0,2045,68.166667,0,1,1845.606140,1326.456909,0.100000,0.050000,0.000000
2045,0,2045,68.166667,0,2,1935.772400,1326.446655,0.150000,0.050000,0.000000
2045,0,2045,68.166667,0,3,2026.286377,1327.191528,0.200000,0.050000,0.000000
2045,0,2045,68.166667,0,4,1747.363708,1241.097656,0.050000,0.100000,0.000000
2045,0,2045,68.166667,0,5,1835.566956,1239.752686,0.100000,0.100000,0.000000
2045,0,2045,68.166667,0,6,1923.765015,1240.495728,0.150000,0.100000,0.000000
2045,0,2045,68.166667,0,7,2013.726196,1239.547729,0.200000,0.100000,0.000000
2045,0,2045,68.166667,0,8,1740.572083,1158.688721,0.050000,0.150000,0.000000
2045,0,2045,68.166667,0,9,1826.407288,1156.660034,0.100000,0.150000,0.000000
2045,0,2045,68.166667,0,10,1914.280334,1156.547974,0.150000,0.150000,0.000000
2045,0,2045,68.166667,0,11,2002.693848,1154.987549,0.200000,0.150000,0.000000
2045,0,2045,68.166667,0,12,1732.490967,1078.770386,0.050000,0.200000,0.000000
2045,0,2045,68.166667,0,13,1818.369141,1077.132080,0.100000,0.200000,0.000000
2045,0,2045,68.166667,0,14,1903.303223,1075.206055,0.150000,0.200000,0.000000
2045,0,2045,68.166667,0,15,1991.083618,1073.688721,0.200000,0.200000,0.000000
2045,0,2045,68.166667,0,16,1726.542297,1001.977722,0.050000,0.250000,0.000000
2045,0,2045,68.166667,0,17,1809.308350,999.809204,0.100000,0.250000,0.000000
2045,0,2045,68.166667,0,18,1894.318909,997.345337,0.150000,0.250000,0.000000
2045,0,2045,68.166667,0,19,1979.993958,994.488647,0.200000,0.250000,0.000000
2045,0,2045,68.166667,0,20,1718.518066,928.167297,0.050000,0.300000,0.000000
2045,0,2045,68.166667,0,21,1802.161682,924.687256,0.100000,0.300000,0.000000
2045,0,2045,68.166667,0,22,1884.159851,922.235291,0.150000,0.300000,0.000000
2045,0,2045,68.166667,0,23,1969.235107,918.439758,0.200000,0.300000,0.000000
2050,0,2050,68.333333,0,0,1747.681213,1328.093140,0.050000,0.050000,0.000000
2050,0,2050,68.333333,0,1,1839.343323,1326.654541,0.100000,0.050000,0.000000
2050,0,2050,68.333333,0,2,1929.595581,1327.667725,0.150000,0.050000,0.000000
2050,0,2050,68.333333,0,3,2020.989807,1328.040894,0.200000,0.050000,0.000000
2050,0,2050,68.333333,0,4,1739.944214,1241.937256,0.050000,0.100000,0.000000
2050,0,2050,68.333333,0,5,1829.267212,1241.053711,0.100000,0.100000,0.000000
2050,0,2050,68.333333,0,6,1918.154541,1240.492310,0.150000,0.100000,0.000000
2050,0,2050,68.333333,0,7,2008.612488,1240.525513,0.200000,0.100000,0.000000
2050,0,2050,68.333333,0,8,1732.674377,1159.338013,0.050000,0.150000,0.000000
2050,0,2050,68.333333,0,9,1819.527100,1157.209106,0.100000,0.150000,0.000000
2050,0,2050,68.333333,0,10,1906.967041,1156.646851,0.150000,0.150000,0.000000
2050,0,2050,68.333333,0,11,1996.367737,1155.380127,0.200000,0.150000,0.000000
2050,0,2050,68.333333,0,12,1724.508362,1079.459351,0.050000,0.200000,0.000000
2050,0,2050,68.333333,0,13,1810.099548,1077.412354,0.100000,0.200000,0.000000
2050,0,2050,68.333333,0,14,1896.739014,1075.755859,0.150000,0.200000,0.000000
2050,0,2050,68.333333,0,15,1984.179993,1074.688599,0.200000,0.200000,0.000000
2050,0,2050,68.333333,0,16,1718.165771,1003.231934,0.050000,0.250000,0.000000
2050,0,2050,68.333333,0,17,1801.083069,1000.704163,0.100000,0.250000,0.000000
2050,0,2050,68.333333,0,18,1886.409119,998.324341,0.150000,0.250000,0.000000
2050,0,2050,68.333333,0,19,1972.084595,995.537964,0.200000,0.250000,0.000000
2050,0,2050,68.333333,0,20,1711.346680,928.753235,0.050000,0.300000,0.000000
2050,0,2050,68.333333,0,21,1793.779663,926.211975,0.100000,0.300000,0.000000
2050,0,2050,68.333333,0,22,1876.412231,923.187561,0.150000,0.300000,0.000000
2050,0,2050,68.333333,0,23,1961.272400,919.931030,0.200000,0.300000,0.000000
2055,0,2055,68.500000,0,0,1736.881104,1324.839600,0.050000,0.050000,0.000000
2055,0,2055,68.500000,0,1,1827.668030,1324.279175,0.100000,0.050000,0.000000
2055,0,2055,68.500000,0,2,1919.748535,1324.053345,0.150000,0.050000,0.000000
2055,0,2055,68.500000,0,3,2010.998962,1324.296753,0.200000,0.050000,0.000000
2055,0,2055,68.500000,0,4,1729.274963,1238.663330,0.050000,0.100000,0.000000
2055,0,2055,68.500000,0,5,1818.203003,1237.323242,0.100000,0.100000,0.000000
2055,0,2055,68.500000,0,6,1907.505737,1236.612427,0.150000,0.100000,0.000000
2055,0,2055,68.500000,0,7,1997.936157,1235.555908,0.200000,0.100000,0.000000
2055,0,2055,68.500000,0,8,1720.731995,1156.055054,0.050000,0.150000,0.000000
2055,0,2055,68.500000,0,9,1808.143616,1153.738281,0.100000,0.150000,0.000000
2055,0,2055,68.500000,0,10,1895.893921,1152.658813,0.150000,0.150000,0.000000
2055,0,2055,68.500000,0,11,1985.328735,1151.354126,0.200000,0.150000,0.000000
2055,0,2055,68.500000,0,12,1712.323303,1076.826782,0.050000,0.200000,0.000000
2055,0,2055,68.500000,0,13,1799.444641,1074.320312,0.100000,0.200000,0.000000
2055,0,2055,68.500000,0,14,1884.408386,1072.260010,0.150000,0.200000,0.000000
2055,0,2055,68.500000,0,15,1972.653564,1069.562622,0.200000,0.200000,0.000000
2055,0,2055,68.500000,0,16,1705.159241,999.292908,0.050000,0.250000,0.000000
2055,0,2055,68.500000,0,17,1789.376831,997.330933,0.100000,0.250000,0.000000
2055,0,2055,68.500000,0,18,1874.662048,994.174438,0.150000,0.250000,0.000000
2055,0,2055,68.500000,0,19,1960.948181,990.555969,0.200000,0.250000,0.000000
2055,0,2055,68.500000,0,20,1698.293701,926.478027,0.050000,0.300000,0.000000
2055,0,2055,68.500000,0,21,1782.002136,922.600586,0.100000,0.300000,0.000000
2055,0,2055,68.500000,0,22,1864.528259,919.246277,0.150000,0.300000,0.000000
2055,0,2055,68.500000,0,23,1949.582458,915.382446,0.200000,0.300000,0.000000
2060,0,2060,68.666667,0,0,1733.535767,1325.389404,0.050000,0.050000,0.000000
2060,0,2060,68.666667,0,1,1824.755310,1323.450073,0.100000,0.050000,0.000000
2060,0,2060,68.666667,0,2,1916.528320,1323.420776,0.150000,0.050000,0.000000
2060,0,2060,68.666667,0,3,2007.928833,1323.136108,0.200000,0.050000,0.000000
2060,0,2060,68.666667,0,4,1725.297668,1238.826782,0.050000,0.100000,0.000000
2060,0,2060,68.666667,0,5,1814.225830,1237.249512,0.100000,0.100000,0.000000
2060,0,2060,68.666667,0,6,1903.322876,1236.565674,0.150000,0.100000,0.000000
2060,0,2060,68.666667,0,7,1994.231873,1234.822998,0.200000,0.100000,0.000000
2060,0,2060,68.666667,0,8,1716.805115,1156.159058,0.050000,0.150000,0.000000
2060,0,2060,68.666667,0,9,1803.913147,1153.488403,0.100000,0.150000,0.000000
2060,0,2060,68.666667,0,10,1891.528381,1151.910522,0.150000,0.150000,0.000000
2060,0,2060,68.666667,0,11,1980.765503,1149.988892,0.200000,0.150000,0.000000
2060,0,2060,68.666667,0,12,1708.540955,1076.448242,0.050000,0.200000,0.000000
2060,0,2060,68.666667,0,13,1794.231018,1073.635620,0.100000,0.200000,0.000000
2060,0,2060,68.666667,0,14,1880.390503,1071.416260,0.150000,0.200000,0.000000
2060,0,2060,68.666667,0,15,1968.224487,1068.775635,0.200000,0.200000,0.000000
2060,0,2060,68.666667,0,16,1700.641418,999.454102,0.050000,0.250000,0.000000
2060,0,2060,68.666667,0,17,1784.989258,996.455566,0.100000,0.250000,0.000000
2060,0,2060,68.666667,0,18,1869.809814,993.059570,0.150000,0.250000,0.000000
2060,0,2060,68.666667,0,19,1956.549988,989.713806,0.200000,0.250000,0.000000
2060,0,2060,68.666667,0,20,1694.306824,925.669495,0.050000,0.300000,0.000000
2060,0,2060,68.666667,0,21,1776.107239,922.027466,0.100000,0.300000,0.000000
2060,0,2060,68.666667,0,22,1859.468079,918.518066,0.150000,0.300000,0.000000
2060,0,2060,68.666667,0,23,1944.112671,914.337830,0.200000,0.300000,0.000000
2065,0,2065,68.833333,0,0,1734.879089,1328.593140,0.050000,0.050000,0.000000
2065,0,2065,68.833333,0,1,1825.659058,1326.986450,0.100000,0.050000,0.000000
2065,0,2065,68.833333,0,2,1917.368042,1326.372681,0.150000,0.050000,0.000000
2065,0,2065,68.833333,0,3,2008.993042,1325.467529,0.200000,0.050000,0.000000
2065,0,2065,68.833333,0,4,1726.373535,1241.419800,0.050000,0.100000,0.000000
2065,0,2065,68.833333,0,5,1814.931030,1239.396240,0.100000,0.100000,0.000000
2065,0,2065,68.833333,0,6,1904.621216,1238.435669,0.150000,0.100000,0.000000
2065,0,2065,68.833333,0,7,1995.255310,1237.738281,0.200000,0.100000,0.000000
2065,0,2065,68.833333,0,8,1717.573303,1158.591431,0.050000,0.150000,0.000000
2065,0,2065,68.833333,0,9,1804.382263,1156.532837,0.100000,0.150000,0.000000
2065,0,2065,68.833333,0,10,1892.870239,1154.631714,0.150000,0.150000,0.000000
2065,0,2065,68.833333,0,11,1981.883850,1152.851929,0.200000,0.150000,0.000000
2065,0,2065,68.833333,0,12,1709.658569,1078.469849,0.050000,0.200000,0.000000
2065,0,2065,68.833333,0,13,1794.761353,1076.422119,0.100000,0.200000,0.000000
2065,0,2065,68.833333,0,14,1881.467529,1073.615234,0.150000,0.200000,0.000000
2065,0,2065,68.833333,0,15,1969.001465,1071.166260,0.200000,0.200000,0.000000
2065,0,2065,68.833333,0,16,1702.334290,1002.739807,0.050000,0.250000,0.000000
2065,0,2065,68.833333,0,17,1784.353699,999.970886,0.100000,0.250000,0.000000
2065,0,2065,68.833333,0,18,1870.619568,996.315308,0.150000,0.250000,0.000000
2065,0,2065,68.833333,0,19,1956.594421,992.638123,0.200000,0.250000,0.000000
2065,0,2065,68.833333,0,20,1694.605652,927.969849,0.050000,0.300000,0.000000
2065,0,2065,68.833333,0,21,1777.311035,924.749207,0.100000,0.300000,0.000000
2065,0,2065,68.833333,0,22,1860.075562,921.024353,0.150000,0.300000,0.000000
2065,0,2065,68.833333,0,23,1945.212036,917.056091,0.200000,0.300000,0.000000
2070,0,2070,69.000000,0,0,1735.133667,1331.343506,0.050000,0.050000,0.000000
2070,0,2070,69.000000,0,1,1825.835144,1330.050415,0.100000,0.050000,0.000000
2070,0,2070,69.000000,0,2,1917.580688,1329.630981,0.150000,0.050000,0.000000
2070,0,2070,69.000000,0,3,2008.857361,1328.753296,0.200000,0.050000,0.000000
2070,0,2070,69.000000,0,4,1725.900085,1244.673462,0.050000,0.100000,0.000000
2070,0,2070,69.000000,0,5,1815.328186,1242.582153,0.100000,0.100000,0.000000
2070,0,2070,69.000000,0,6,1904.749390,1242.368286,0.150000,0.100000,0.000000
2070,0,2070,69.000000,0,7,1995.225952,1240.877930,0.200000,0.100000,0.000000
2070,0,2070,69.000000,0,8,1719.080750,1161.886841,0.050000,0.150000,0.000000
2070,0,2070,69.000000,0,9,1805.055847,1159.187012,0.100000,0.150000,0.000000
2070,0,2070,69.000000,0,10,1893.395081,1157.755615,0.150000,0.150000,0.000000
2070,0,2070,69.000000,0,11,1981.839417,1156.452515,0.200000,0.150000,0.000000
2070,0,2070,69.000000,0,12,1710.438782,1081.123779,0.050000,0.200000,0.000000
2070,0,2070,69.000000,0,13,1795.745361,1078.956543,0.100000,0.200000,0.000000
2070,0,2070,69.000000,0,14,1882.287109,1077.126343,0.150000,0.200000,0.000000
2070,0,2070,69.000000,0,15,1969.466003,1074.492310,0.200000,0.200000,0.000000
2070,0,2070,69.000000,0,16,1702.868225,1004.673401,0.050000,0.250000,0.000000
2070,0,2070,69.000000,0,17,1786.319580,1001.483215,0.100000,0.250000,0.000000
2070,0,2070,69.000000,0,18,1871.554138,999.205688,0.150000,0.250000,0.000000
2070,0,2070,69.000000,0,19,1957.518066,995.801636,0.200000,0.250000,0.000000
2070,0,2070,69.000000,0,20,1695.157715,931.115967,0.050000,0.300000,0.000000
2070,0,2070,69.000000,0,21,1777.941589,926.927917,0.100000,0.300000,0.000000
2070,0,2070,69.000000,0,22,1860.948364,923.770142,0.150000,0.300000,0.000000
2070,0,2070,69.000000,0,23,1945.883545,919.716003,0.200000,0.300000,0.000000
2075,0,2075,69.166667,0,0,1741.459961,1332.295288,0.050000,0.050000,0.000000
2075,0,2075,69.166667,0,1,1831.623657,1330.501099,0.100000,0.050000,0.000000
2075,0,2075,69.166667,0,2,1923.192444,1329.473633,0.150000,0.050000,0.000000
2075,0,2075,69.166667,0,3,2013.990845,1328.621948,0.200000,0.050000,0.000000
2075,0,2075,69.166667,0,4,1731.506287,1245.420898,0.050000,0.100000,0.000000
2075,0,2075,69.166667,0,5,1820.453796,1243.205444,0.100000,0.100000,0.000000
2075,0,2075,69.166667,0,6,1910.049622,1241.834106,0.150000,0.100000,0.000000
2075,0,2075,69.166667,0,7,1999.878662,1240.818848,0.200000,0.100000,0.000000
2075,0,2075,69.166667,0,8,1722.510254,1162.325928,0.050000,0.150000,0.000000
2075,0,2075,69.166667,0,9,1809.516968,1159.571167,0.100000,0.150000,0.000000
2075,0,2075,69.166667,0,10,1897.316589,1157.855957,0.150000,0.150000,0.000000
2075,0,2075,69.166667,0,11,1985.382385,1156.367676,0.200000,0.150000,0.000000
2075,0,2075,69.166667,0,12,1713.697693,1082.334229,0.050000,0.200000,0.000000
2075,0,2075,69.166667,0,13,1799.181519,1079.527588,0.100000,0.200000,0.000000
2075,0,2075,69.166667,0,14,1885.521423,1077.271484,0.150000,0.200000,0.000000
2075,0,2075,69.166667,0,15,1972.070740,1074.585571,0.200000,0.200000,0.000000
2075,0,2075,69.166667,0,16,1705.387268,1005.444885,0.050000,0.250000,0.000000
2075,0,2075,69.166667,0,17,1789.385376,1002.338562,0.100000,0.250000,0.000000
2075,0,2075,69.166667,0,18,1873.719666,999.462402,0.150000,0.250000,0.000000
2075,0,2075,69.166667,0,19,1959.412170,996.424133,0.200000,0.250000,0.000000
2075,0,2075,69.166667,0,20,1698.119080,931.368835,0.050000,0.300000,0.000000
2075,0,2075,69.166667,0,21,1779.426819,927.797058,0.100000,0.300000,0.000000
2075,0,2075,69.166667,0,22,1862.553467,924.698486,0.150000,0.300000,0.000000
2075,0,2075,69.166667,0,23,1947.381836,920.564392,0.200000,0.300000,0.000000
2080,0,2080,69.333333,0,0,1739.442078,1331.585571,0.050000,0.050000,0.000000
2080,0,2080,69.333333,0,1,1831.232056,1329.344849,0.100000,0.050000,0.000000
2080,0,2080,69.333333,0,2,1921.743958,1328.352173,0.150000,0.050000,0.000000
2080,0,2080,69.333333,0,3,2012.473999,1326.980469,0.200000,0.050000,0.000000
2080,0,2080,69.333333,0,4,1729.705444,1244.649902,0.050000,0.100000,0.000000
2080,0,2080,69.333333,0,5,1818.869690,1242.539673,0.100000,0.100000,0.000000
2080,0,2080,69.333333,0,6,1907.746033,1240.926514,0.150000,0.100000,0.000000
2080,0,2080,69.333333,0,7,1997.497498,1239.606445,0.200000,0.100000,0.000000
2080,0,2080,69.333333,0,8,1719.872009,1161.770630,0.050000,0.150000,0.000000
2080,0,2080,69.333333,0,9,1808.090149,1158.385376,0.100000,0.150000,0.000000
2080,0,2080,69.333333,0,10,1895.093750,1157.616333,0.150000,0.150000,0.000000
2080,0,2080,69.333333,0,11,1983.041870,1154.687500,0.200000,0.150000,0.000000
2080,0,2080,69.333333,0,12,1711.290161,1082.048950,0.050000,0.200000,0.000000
2080,0,2080,69.333333,0,13,1796.302673,1079.191406,0.100000,0.200000,0.000000
2080,0,2080,69.333333,0,14,1882.453369,1076.710938,0.150000,0.200000,0.000000
2080,0,2080,69.333333,0,15,1968.502136,1073.680786,0.200000,0.200000,0.000000
2080,0,2080,69.333333,0,16,1702.959717,1005.604492,0.050000,0.250000,0.000000
2080,0,2080,69.333333,0,17,1785.487366,1002.334167,0.100000,0.250000,0.000000
2080,0,2080,69.333333,0,18,1870.409668,999.479309,0.150000,0.250000,0.000000
2080,0,2080,69.333333,0,19,1956.153259,995.504395,0.200000,0.250000,0.000000
2080,0,2080,69.333333,0,20,1695.108765,931.300415,0.050000,0.300000,0.000000
2080,0,2080,69.333333,0,21,1778.527832,929.046265,0.100000,0.300000,0.000000
2080,0,2080,69.333333,0,22,1859.799194,923.820435,0.150000,0.300000,0.000000
2080,0,2080,69.333333,0,23,1942.764343,920.513062,0.200000,0.300000,0.000000
2085,0,2085,69.500000,0,0,1724.871399,1338.970459,0.050000,0.050000,0.000000
2085,0,2085,69.500000,0,1,1814.382568,1332.975830,0.100000,0.050000,0.000000
2085,0,2085,69.500000,0,2,1903.010193,1328.962280,0.150000,0.050000,0.000000
2085,0,2085,69.500000,0,3,1991.851501,1324.787354,0.200000,0.050000,0.000000
2085,0,2085,69.500000,0,6,1885.778137,1241.124146,0.150000,0.100000,0.000000
2085,0,2085,69.500000,0,7,1973.410583,1236.764771,0.200000,0.100000,0.000000
2085,0,2085,69.500000,0,11,1957.340637,1152.228394,0.200000,0.150000,0.000000
2090,0,2090,69.666667,0,0,1702.360657,1340.587769,0.050000,0.050000,0.000000
2090,0,2090,69.666667,0,1,1792.517639,1333.971802,0.100000,0.050000,0.000000
2090,0,2090,69.666667,0,2,1881.750061,1327.687988,0.150000,0.050000,0.000000
2090,0,2090,69.666667,0,3,1970.712830,1321.557495,0.200000,0.050000,0.000000
2090,0,2090,69.666667,0,6,1864.567993,1239.141357,0.150000,0.100000,0.000000
2090,0,2090,69.666667,0,7,1951.320251,1233.647461,0.200000,0.100000,0.000000
2090,0,2090,69.666667,0,11,1932.401611,1149.318359,0.200000,0.150000,0.000000
2090,0,2090,69.666667,0,12,1660.674927,1085.401489,0.050000,0.200000,0.000000
2090,0,2090,69.666667,0,15,1915.129578,1066.848633,0.200000,0.200000,0.000000
2090,0,2090,69.666667,0,16,1647.839722,1006.746460,0.050000,0.250000,0.000000
2090,0,2090,69.666667,0,19,1898.651062,986.913208,0.200000,0.250000,0.000000
2090,0,2090,69.666667,0,20,1635.743835,930.860596,0.050000,0.300000,0.000000
2090,0,2090,69.666667,0,23,1881.735352,911.413940,0.200000,0.300000,0.000000
2095,0,2095,69.833333,0,0,1732.612427,1332.109131,0.050000,0.050000,0.000000
2095,0,2095,69.833333,0,1,1822.787903,1329.182495,0.100000,0.050000,0.000000
2095,0,2095,69.833333,0,2,1915.751831,1326.085571,0.150000,0.050000,0.000000
2095,0,2095,69.833333,0,12,1695.862610,1082.007568,0.050000,0.200000,0.000000
2105,0,2105,70.166667,0,0,1856.860229,1348.214233,0.050000,0.050000,0.000000
2105,0,2105,70.166667,0,1,1949.784363,1348.295410,0.100000,0.050000,0.000000
2105,0,2105,70.166667,0,2,2048.167358,1350.568237,0.150000,0.050000,0.000000
2105,0,2105,70.166667,0,6,2035.613342,1260.500732,0.150000,0.100000,0.000000
2110,0,2110,70.333333,0,2,2113.467316,1371.272217,0.150000,0.050000,0.000000
2110,0,2110,70.333333,0,15,2177.533173,1106.583618,0.200000,0.200000,0.000000
2110,0,2110,70.333333,0,19,2166.997620,1024.713501,0.200000,0.250000,0.000000
2110,0,2110,70.333333,0,23,2158.570129,944.864685,0.200000,0.300000,0.000000
2115,0,2115,70.500000,0,2,2163.861603,1378.720337,0.150000,0.050000,0.000000
2115,0,2115,70.500000,0,3,2262.599396,1383.108521,0.200000,0.050000,0.000000
2115,0,2115,70.500000,0,6,2152.249939,1287.656494,0.150000,0.100000,0.000000
2115,0,2115,70.500000,0,7,2250.555695,1288.797119,0.200000,0.100000,0.000000
2115,0,2115,70.500000,0,11,2236.283844,1201.181396,0.200000,0.150000,0.000000
2115,0,2115,70.500000,0,12,1943.660767,1114.727905,0.050000,0.200000,0.000000
2115,0,2115,70.500000,0,15,2226.370575,1114.276611,0.200000,0.200000,0.000000
2115,0,2115,70.500000,0,17,2024.176758,1036.258301,0.100000,0.250000,0.000000
2115,0,2115,70.500000,0,18,2116.419220,1033.765625,0.150000,0.250000,0.000000
2115,0,2115,70.500000,0,19,2210.545502,1031.735718,0.200000,0.250000,0.000000
2115,0,2115,70.500000,0,21,2013.913269,957.692261,0.100000,0.300000,0.000000
2115,0,2115,70.500000,0,22,2105.965363,954.349548,0.150000,0.300000,0.000000
2115,0,2115,70.500000,0,23,2199.214355,951.757202,0.200000,0.300000,0.000000
2120,0,2120,70.666667,0,0,2022.337524,1380.432861,0.050000,0.050000,0.000000
2120,0,2120,70.666667,0,1,2122.297028,1383.377808,0.100000,0.050000,0.000000
2120,0,2120,70.666667,0,2,2226.290527,1387.270752,0.150000,0.050000,0.000000
2120,0,2120,70.666667,0,3,2328.451080,1389.849243,0.200000,0.050000,0.000000
2120,0,2120,70.666667,0,6,2209.829437,1296.773071,0.150000,0.100000,0.000000
2120,0,2120,70.666667,0,7,2310.456085,1297.911987,0.200000,0.100000,0.000000
2120,0,2120,70.666667,0,11,2290.217865,1213.216187,0.200000,0.150000,0.000000
2120,0,2120,70.666667,0,12,1991.212769,1130.525635,0.050000,0.200000,0.000000
2120,0,2120,70.666667,0,15,2279.016846,1127.270508,0.200000,0.200000,0.000000
2120,0,2120,70.666667,0,19,2261.992065,1047.831665,0.200000,0.250000,0.000000
2120,0,2120,70.666667,0,23,2250.647278,972.344482,0.200000,0.300000,0.000000
2125,0,2125,70.833333,0,0,2065.730103,1399.767212,0.050000,0.050000,0.000000
2125,0,2125,70.833333,0,1,2167.475616,1402.351440,0.100000,0.050000,0.000000
2125,0,2125,70.833333,0,2,2267.821533,1406.956665,0.150000,0.050000,0.000000
2125,0,2125,70.833333,0,3,2372.989075,1413.426758,0.200000,0.050000,0.000000
2125,0,2125,70.833333,0,6,2252.828094,1316.312256,0.150000,0.100000,0.000000
2125,0,2125,70.833333,0,7,2355.672485,1321.672607,0.200000,0.100000,0.000000
2125,0,2125,70.833333,0,10,2238.665741,1231.854980,0.150000,0.150000,0.000000
2125,0,2125,70.833333,0,12,2034.631104,1146.112671,0.050000,0.200000,0.000000
2125,0,2125,70.833333,0,13,2128.736969,1147.948853,0.100000,0.200000,0.000000
2125,0,2125,70.833333,0,14,2222.407135,1148.820923,0.150000,0.200000,0.000000
2125,0,2125,70.833333,0,16,2026.096069,1070.868042,0.050000,0.250000,0.000000
2125,0,2125,70.833333,0,17,2117.197174,1069.207520,0.100000,0.250000,0.000000
2125,0,2125,70.833333,0,18,2209.527161,1071.276367,0.150000,0.250000,0.000000
2125,0,2125,70.833333,0,19,2304.944244,1070.119995,0.200000,0.250000,0.000000
2125,0,2125,70.833333,0,20,2015.552612,997.642029,0.050000,0.300000,0.000000
2125,0,2125,70.833333,0,21,2107.222321,998.891357,0.100000,0.300000,0.000000
2125,0,2125,70.833333,0,22,2195.991638,995.189636,0.150000,0.300000,0.000000
2125,0,2125,70.833333,0,23,2290.651184,996.127869,0.200000,0.300000,0.000000
2130,0,2130,71.000000,0,0,2087.875458,1412.125244,0.050000,0.050000,0.000000
2130,0,2130,71.000000,0,1,2191.084839,1415.609253,0.100000,0.050000,0.000000
2130,0,2130,71.000000,0,2,2295.037933,1422.251099,0.150000,0.050000,0.000000
2130,0,2130,71.000000,0,3,2400.026871,1429.713257,0.200000,0.050000,0.000000
2130,0,2130,71.000000,0,4,2076.626099,1323.204224,0.050000,0.100000,0.000000
2130,0,2130,71.000000,0,5,2177.247772,1326.695435,0.100000,0.100000,0.000000
2130,0,2130,71.000000,0,6,2277.854919,1330.911865,0.150000,0.100000,0.000000
2130,0,2130,71.000000,0,7,2380.061569,1335.826172,0.200000,0.100000,0.000000
2130,0,2130,71.000000,0,8,2066.386047,1238.838623,0.050000,0.150000,0.000000
2130,0,2130,71.000000,0,9,2161.728851,1241.679932,0.100000,0.150000,0.000000
2130,0,2130,71.000000,0,10,2260.297668,1244.247681,0.150000,0.150000,0.000000
2130,0,2130,71.000000,0,11,2361.790909,1247.407715,0.200000,0.150000,0.000000
2130,0,2130,71.000000,0,12,2054.797852,1160.221558,0.050000,0.200000,0.000000
2130,0,2130,71.000000,0,13,2150.549133,1161.356689,0.100000,0.200000,0.000000
2130,0,2130,71.000000,0,14,2244.546234,1163.765747,0.150000,0.200000,0.000000
2130,0,2130,71.000000,0,15,2343.375854,1164.385132,0.200000,0.200000,0.000000
2130,0,2130,71.000000,0,16,2047.090088,1084.144409,0.050000,0.250000,0.000000
2130,0,2130,71.000000,0,17,2135.417816,1086.558716,0.100000,0.250000,0.000000
2130,0,2130,71.000000,0,18,2231.438049,1086.053711,0.150000,0.250000,0.000000
2130,0,2130,71.000000,0,19,2326.423126,1086.109985,0.200000,0.250000,0.000000
2130,0,2130,71.000000,0,20,2037.340210,1011.722717,0.050000,0.300000,0.000000
2130,0,2130,71.000000,0,21,2126.896973,1012.133545,0.100000,0.300000,0.000000
2130,0,2130,71.000000,0,22,2216.758911,1012.536255,0.150000,0.300000,0.000000
2130,0,2130,71.000000,0,23,2310.262177,1011.374939,0.200000,0.300000,0.000000
2135,0,2135,71.166667,0,0,2107.536194,1427.642700,0.050000,0.050000,0.000000
2135,0,2135,71.166667,0,1,2211.353210,1433.952759,0.100000,0.050000,0.000000
2135,0,2135,71.166667,0,2,2316.512177,1442.429932,0.150000,0.050000,0.000000
2135,0,2135,71.166667,0,3,2422.882812,1452.229858,0.200000,0.050000,0.000000
2135,0,2135,71.166667,0,4,2095.844208,1339.528442,0.050000,0.100000,0.000000
2135,0,2135,71.166667,0,5,2196.919647,1345.449219,0.100000,0.100000,0.000000
2135,0,2135,71.166667,0,6,2298.415894,1352.353149,0.150000,0.100000,0.000000
2135,0,2135,71.166667,0,7,2401.563522,1360.181885,0.200000,0.100000,0.000000
2135,0,2135,71.166667,0,8,2086.018066,1257.337280,0.050000,0.150000,0.000000
2135,0,2135,71.166667,0,9,2183.232971,1261.608276,0.100000,0.150000,0.000000
2135,0,2135,71.166667,0,10,2282.025513,1268.500488,0.150000,0.150000,0.000000
2135,0,2135,71.166667,0,11,2381.847916,1274.442505,0.200000,0.150000,0.000000
2135,0,2135,71.166667,0,12,2075.481995,1179.634521,0.050000,0.200000,0.000000
2135,0,2135,71.166667,0,13,2169.702606,1183.721680,0.100000,0.200000,0.000000
2135,0,2135,71.166667,0,14,2265.842499,1188.659668,0.150000,0.200000,0.000000
2135,0,2135,71.166667,0,15,2363.624359,1193.292847,0.200000,0.200000,0.000000
2135,0,2135,71.166667,0,16,2066.145081,1106.361328,0.050000,0.250000,0.000000
2135,0,2135,71.166667,0,17,2157.436096,1110.085327,0.100000,0.250000,0.000000
2135,0,2135,71.166667,0,18,2251.167603,1113.303711,0.150000,0.250000,0.000000
2135,0,2135,71.166667,0,19,2346.542450,1115.800049,0.200000,0.250000,0.000000
2135,0,2135,71.166667,0,20,2057.405579,1037.404053,0.050000,0.300000,0.000000
2135,0,2135,71.166667,0,21,2146.257874,1039.834839,0.100000,0.300000,0.000000
2135,0,2135,71.166667,0,22,2237.607269,1041.652100,0.150000,0.300000,0.000000
2135,0,2135,71.166667,0,23,2329.483826,1043.861206,0.200000,0.300000,0.000000
2140,0,2140,71.333333,0,0,2106.523773,1430.416748,0.050000,0.050000,0.000000
2140,0,2140,71.333333,0,1,2209.917511,1436.900024,0.100000,0.050000,0.000000
2140,0,2140,71.333333,0,2,2316.180786,1446.111816,0.150000,0.050000,0.000000
2140,0,2140,71.333333,0,3,2422.354691,1456.345093,0.200000,0.050000,0.000000
2140,0,2140,71.333333,0,4,2095.153412,1342.523071,0.050000,0.100000,0.000000
2140,0,2140,71.333333,0,5,2196.217926,1348.437500,0.100000,0.100000,0.000000
2140,0,2140,71.333333,0,6,2297.433746,1356.413330,0.150000,0.100000,0.000000
2140,0,2140,71.333333,0,7,2402.371536,1364.642700,0.200000,0.100000,0.000000
2140,0,2140,71.333333,0,8,2085.602509,1259.806763,0.050000,0.150000,0.000000
2140,0,2140,71.333333,0,9,2182.481110,1265.236816,0.100000,0.150000,0.000000
2140,0,2140,71.333333,0,10,2281.310089,1271.314819,0.150000,0.150000,0.000000
2140,0,2140,71.333333,0,11,2382.025604,1277.869873,0.200000,0.150000,0.000000
2140,0,2140,71.333333,0,12,2075.317810,1182.699829,0.050000,0.200000,0.000000
2140,0,2140,71.333333,0,13,2170.220581,1186.757202,0.100000,0.200000,0.000000
2140,0,2140,71.333333,0,14,2265.299774,1191.858276,0.150000,0.200000,0.000000
2140,0,2140,71.333333,0,15,2364.027206,1197.148926,0.200000,0.200000,0.000000
2140,0,2140,71.333333,0,16,2066.546875,1109.049927,0.050000,0.250000,0.000000
2140,0,2140,71.333333,0,17,2158.458527,1112.397583,0.100000,0.250000,0.000000
2140,0,2140,71.333333,0,18,2251.853638,1116.300415,0.150000,0.250000,0.000000
2140,0,2140,71.333333,0,19,2346.231964,1120.212280,0.200000,0.250000,0.000000
2140,0,2140,71.333333,0,20,2057.239197,1039.795532,0.050000,0.300000,0.000000
2140,0,2140,71.333333,0,21,2146.789032,1042.592285,0.100000,0.300000,0.000000
2140,0,2140,71.333333,0,22,2236.642487,1045.412598,0.150000,0.300000,0.000000
2140,0,2140,71.333333,0,23,2330.348450,1047.589233,0.200000,0.300000,0.000000
2145,0,2145,71.500000,0,0,2100.341003,1433.349243,0.050000,0.050000,0.000000
2145,0,2145,71.500000,0,1,2204.898132,1440.658569,0.100000,0.050000,0.000000
2145,0,2145,71.500000,0,2,2310.907898,1450.087402,0.150000,0.050000,0.000000
2145,0,2145,71.500000,0,3,2418.325668,1460.079590,0.200000,0.050000,0.000000
2145,0,2145,71.500000,0,4,2090.474579,1344.819580,0.050000,0.100000,0.000000
2145,0,2145,71.500000,0,5,2191.518188,1350.726685,0.100000,0.100000,0.000000
2145,0,2145,71.500000,0,6,2294.489899,1358.485229,0.150000,0.100000,0.000000
2145,0,2145,71.500000,0,7,2398.172867,1367.847900,0.200000,0.100000,0.000000
2145,0,2145,71.500000,0,8,2081.470490,1262.214478,0.050000,0.150000,0.000000
2145,0,2145,71.500000,0,9,2178.820831,1267.602783,0.100000,0.150000,0.000000
2145,0,2145,71.500000,0,10,2277.694763,1274.070435,0.150000,0.150000,0.000000
2145,0,2145,71.500000,0,11,2378.363953,1281.166748,0.200000,0.150000,0.000000
2145,0,2145,71.500000,0,12,2070.775024,1184.364380,0.050000,0.200000,0.000000
2145,0,2145,71.500000,0,13,2167.162811,1188.506836,0.100000,0.200000,0.000000
2145,0,2145,71.500000,0,14,2262.551300,1193.686646,0.150000,0.200000,0.000000
2145,0,2145,71.500000,0,15,2361.668137,1199.156494,0.200000,0.200000,0.000000
2145,0,2145,71.500000,0,16,2063.424927,1109.906982,0.050000,0.250000,0.000000
2145,0,2145,71.500000,0,17,2155.245697,1113.667480,0.100000,0.250000,0.000000
2145,0,2145,71.500000,0,18,2249.003265,1117.770386,0.150000,0.250000,0.000000
2145,0,2145,71.500000,0,19,2345.241806,1121.558960,0.200000,0.250000,0.000000
2145,0,2145,71.500000,0,20,2054.567261,1040.493164,0.050000,0.300000,0.000000
2145,0,2145,71.500000,0,21,2144.781250,1043.265015,0.100000,0.300000,0.000000
2145,0,2145,71.500000,0,22,2235.365784,1045.921265,0.150000,0.300000,0.000000
2145,0,2145,71.500000,0,23,2329.040649,1048.580933,0.200000,0.300000,0.000000
2150,0,2150,71.666667,0,0,2091.217865,1437.111938,0.050000,0.050000,0.000000
2150,0,2150,71.666667,0,1,2194.975616,1444.677856,0.100000,0.050000,0.000000
2150,0,2150,71.666667,0,2,2301.203369,1454.106445,0.150000,0.050000,0.000000
2150,0,2150,71.666667,0,3,2407.847305,1464.803467,0.200000,0.050000,0.000000
2150,0,2150,71.666667,0,4,2081.880157,1347.695068,0.050000,0.100000,0.000000
2150,0,2150,71.666667,0,5,2183.028107,1353.959839,0.100000,0.100000,0.000000
2150,0,2150,71.666667,0,6,2285.270721,1362.541748,0.150000,0.100000,0.000000
2150,0,2150,71.666667,0,7,2389.925003,1371.626953,0.200000,0.100000,0.000000
2150,0,2150,71.666667,0,8,2073.316772,1263.461182,0.050000,0.150000,0.000000
2150,0,2150,71.666667,0,9,2170.619507,1269.549927,0.100000,0.150000,0.000000
2150,0,2150,71.666667,0,10,2270.460541,1276.685059,0.150000,0.150000,0.000000
2150,0,2150,71.666667,0,11,2370.984161,1284.351196,0.200000,0.150000,0.000000
2150,0,2150,71.666667,0,12,2065.291138,1184.307617,0.050000,0.200000,0.000000
2150,0,2150,71.666667,0,13,2160.085724,1189.656250,0.100000,0.200000,0.000000
2150,0,2150,71.666667,0,14,2256.167603,1195.801025,0.150000,0.200000,0.000000
2150,0,2150,71.666667,0,15,2354.461349,1200.507446,0.200000,0.200000,0.000000
2150,0,2150,71.666667,0,16,2056.766235,1110.365601,0.050000,0.250000,0.000000
2150,0,2150,71.666667,0,17,2148.837982,1114.119629,0.100000,0.250000,0.000000
2150,0,2150,71.666667,0,18,2242.802124,1118.598511,0.150000,0.250000,0.000000
2150,0,2150,71.666667,0,19,2338.617859,1122.778687,0.200000,0.250000,0.000000
2150,0,2150,71.666667,0,20,2047.347473,1040.211426,0.050000,0.300000,0.000000
2150,0,2150,71.666667,0,21,2139.344086,1042.423828,0.100000,0.300000,0.000000
2150,0,2150,71.666667,0,22,2230.320343,1045.615967,0.150000,0.300000,0.000000
2150,0,2150,71.666667,0,23,2323.943481,1048.637695,0.200000,0.300000,0.000000
2155,0,2155,71.833333,0,0,2078.905518,1437.779419,0.050000,0.050000,0.000000
2155,0,2155,71.833333,0,1,2182.427521,1444.159790,0.100000,0.050000,0.000000
2155,0,2155,71.833333,0,2,2288.038727,1453.370361,0.150000,0.050000,0.000000
2155,0,2155,71.833333,0,3,2393.890427,1463.125122,0.200000,0.050000,0.000000
2155,0,2155,71.833333,0,4,2069.922424,1347.302856,0.050000,0.100000,0.000000
2155,0,2155,71.833333,0,5,2170.358795,1353.160034,0.100000,0.100000,0.000000
2155,0,2155,71.833333,0,6,2272.230347,1360.249023,0.150000,0.100000,0.000000
2155,0,2155,71.833333,0,7,2376.123810,1368.462646,0.200000,0.100000,0.000000
2155,0,2155,71.833333,0,8,2061.060242,1261.324829,0.050000,0.150000,0.000000
2155,0,2155,71.833333,0,9,2157.475555,1267.344482,0.100000,0.150000,0.000000
2155,0,2155,71.833333,0,10,2257.631561,1273.195923,0.150000,0.150000,0.000000
2155,0,2155,71.833333,0,11,2358.552200,1278.705566,0.200000,0.150000,0.000000
2155,0,2155,71.833333,0,12,2050.165527,1182.127686,0.050000,0.200000,0.000000
2155,0,2155,71.833333,0,13,2147.326050,1185.382446,0.100000,0.200000,0.000000
2155,0,2155,71.833333,0,14,2241.915375,1191.293945,0.150000,0.200000,0.000000
2155,0,2155,71.833333,0,15,2341.804306,1194.685547,0.200000,0.200000,0.000000
2155,0,2155,71.833333,0,16,2043.679321,1104.561646,0.050000,0.250000,0.000000
2155,0,2155,71.833333,0,17,2136.490662,1107.537109,0.100000,0.250000,0.000000
2155,0,2155,71.833333,0,18,2230.599884,1111.483032,0.150000,0.250000,0.000000
2155,0,2155,71.833333,0,19,2326.446899,1114.190186,0.200000,0.250000,0.000000
2155,0,2155,71.833333,0,20,2034.548767,1033.842407,0.050000,0.300000,0.000000
2155,0,2155,71.833333,0,21,2125.909271,1034.386108,0.100000,0.300000,0.000000
2155,0,2155,71.833333,0,22,2217.644257,1037.137573,0.150000,0.300000,0.000000
2155,0,2155,71.833333,0,23,2311.362396,1038.756226,0.200000,0.300000,0.000000
2160,0,2160,72.000000,0,0,2057.351196,1437.765259,0.050000,0.050000,0.000000
2160,0,2160,72.000000,0,1,2159.718384,1445.243530,0.100000,0.050000,0.000000
2160,0,2160,72.000000,0,2,2264.598755,1454.027466,0.150000,0.050000,0.000000
2160,0,2160,72.000000,0,3,2367.434860,1463.378418,0.200000,0.050000,0.000000
2160,0,2160,72.000000,0,4,2049.030762,1345.851440,0.050000,0.100000,0.000000
2160,0,2160,72.000000,0,5,2149.765656,1351.560547,0.100000,0.100000,0.000000
2160,0,2160,72.000000,0,6,2250.327515,1359.059814,0.150000,0.100000,0.000000
2160,0,2160,72.000000,0,7,2353.747589,1366.463867,0.200000,0.100000,0.000000
2160,0,2160,72.000000,0,8,2042.530151,1257.484131,0.050000,0.150000,0.000000
2160,0,2160,72.000000,0,9,2138.444489,1264.215210,0.100000,0.150000,0.000000
2160,0,2160,72.000000,0,10,2238.290741,1269.446655,0.150000,0.150000,0.000000
2160,0,2160,72.000000,0,11,2338.495804,1276.181274,0.200000,0.150000,0.000000
2160,0,2160,72.000000,0,12,2033.708130,1174.696289,0.050000,0.200000,0.000000
2160,0,2160,72.000000,0,13,2130.087952,1179.218994,0.100000,0.200000,0.000000
2160,0,2160,72.000000,0,14,2226.074860,1184.339111,0.150000,0.200000,0.000000
2160,0,2160,72.000000,0,15,2324.389099,1188.729858,0.200000,0.200000,0.000000
2160,0,2160,72.000000,0,17,2119.577850,1098.671143,0.100000,0.250000,0.000000
2160,0,2160,72.000000,0,18,2214.878540,1101.949829,0.150000,0.250000,0.000000
2160,0,2160,72.000000,0,19,2310.382080,1105.801270,0.200000,0.250000,0.000000
2160,0,2160,72.000000,0,21,2111.435516,1020.724365,0.100000,0.300000,0.000000
2160,0,2160,72.000000,0,22,2204.629608,1023.901367,0.150000,0.300000,0.000000
2160,0,2160,72.000000,0,23,2299.280792,1027.429565,0.200000,0.300000,0.000000
2165,0,2165,72.166667,0,0,2021.133118,1391.759399,0.050000,0.050000,0.000000
2165,0,2165,72.166667,0,1,2120.652954,1392.282715,0.100000,0.050000,0.000000
2165,0,2165,72.166667,0,12,1982.329956,1132.381836,0.050000,0.200000,0.000000
2165,0,2165,72.166667,0,16,1969.570190,1051.134399,0.050000,0.250000,0.000000
2165,0,2165,72.166667,0,17,2060.853638,1053.770264,0.100000,0.250000,0.000000
2165,0,2165,72.166667,0,18,2151.396942,1053.146973,0.150000,0.250000,0.000000
2170,0,2170,72.333333,0,0,2005.263367,1375.596191,0.050000,0.050000,0.000000
2170,0,2170,72.333333,0,1,2103.465363,1374.948608,0.100000,0.050000,0.000000
2170,0,2170,72.333333,0,2,2201.526611,1376.573975,0.150000,0.050000,0.000000
2170,0,2170,72.333333,0,3,2298.578918,1376.974243,0.200000,0.050000,0.000000
2170,0,2170,72.333333,0,4,1990.984070,1286.491943,0.050000,0.100000,0.000000
2170,0,2170,72.333333,0,5,2087.309357,1284.444336,0.100000,0.100000,0.000000
2170,0,2170,72.333333,0,6,2183.155212,1285.204834,0.150000,0.100000,0.000000
2170,0,2170,72.333333,0,7,2279.253723,1285.560791,0.200000,0.100000,0.000000
2170,0,2170,72.333333,0,8,1980.435608,1199.330933,0.050000,0.150000,0.000000
2170,0,2170,72.333333,0,11,2260.850586,1196.730835,0.200000,0.150000,0.000000
2170,0,2170,72.333333,0,12,1968.545654,1116.110962,0.050000,0.200000,0.000000
2170,0,2170,72.333333,0,15,2243.167877,1112.655151,0.200000,0.200000,0.000000
2170,0,2170,72.333333,0,19,2225.170166,1033.311890,0.200000,0.250000,0.000000
2175,0,2175,72.500000,0,0,1978.294800,1369.187988,0.050000,0.050000,0.000000
2175,0,2175,72.500000,0,1,2075.771790,1364.455200,0.100000,0.050000,0.000000
2175,0,2175,72.500000,0,2,2172.880280,1361.394043,0.150000,0.050000,0.000000
2175,0,2175,72.500000,0,3,2270.104156,1359.002197,0.200000,0.050000,0.000000
2175,0,2175,72.500000,0,4,1961.563782,1276.745361,0.050000,0.100000,0.000000
2175,0,2175,72.500000,0,5,2057.371216,1273.536255,0.100000,0.100000,0.000000
2175,0,2175,72.500000,0,6,2152.063263,1268.671021,0.150000,0.100000,0.000000
2175,0,2175,72.500000,0,7,2248.460846,1266.193237,0.200000,0.100000,0.000000
2175,0,2175,72.500000,0,8,1945.650574,1190.590332,0.050000,0.150000,0.000000
2175,0,2175,72.500000,0,9,2039.661682,1185.099121,0.100000,0.150000,0.000000
2175,0,2175,72.500000,0,10,2132.549408,1182.232178,0.150000,0.150000,0.000000
2175,0,2175,72.500000,0,11,2226.479431,1177.159546,0.200000,0.150000,0.000000
2175,0,2175,72.500000,0,12,1929.747559,1107.242065,0.050000,0.200000,0.000000
2175,0,2175,72.500000,0,13,2022.304138,1103.230713,0.100000,0.200000,0.000000
2175,0,2175,72.500000,0,14,2112.076752,1100.124878,0.150000,0.200000,0.000000
2175,0,2175,72.500000,0,15,2205.119690,1092.629028,0.200000,0.200000,0.000000
2175,0,2175,72.500000,0,17,2003.544495,1024.202271,0.100000,0.250000,0.000000
2175,0,2175,72.500000,0,18,2093.808289,1016.966064,0.150000,0.250000,0.000000
2175,0,2175,72.500000,0,19,2185.744965,1012.934326,0.200000,0.250000,0.000000
2180,0,2180,72.666667,0,0,1965.039673,1379.518677,0.050000,0.050000,0.000000
2180,0,2180,72.666667,0,1,2063.356140,1371.721558,0.100000,0.050000,0.000000
2180,0,2180,72.666667,0,2,2161.080902,1365.536743,0.150000,0.050000,0.000000
2180,0,2180,72.666667,0,3,2258.597687,1358.524780,0.200000,0.050000,0.000000
2180,0,2180,72.666667,0,4,1945.320251,1284.998901,0.050000,0.100000,0.000000
2180,0,2180,72.666667,0,5,2041.909668,1277.652710,0.100000,0.100000,0.000000
2180,0,2180,72.666667,0,6,2137.691467,1271.434814,0.150000,0.100000,0.000000
2180,0,2180,72.666667,0,7,2234.042206,1264.500488,0.200000,0.100000,0.000000
2180,0,2180,72.666667,0,8,1926.943604,1195.429810,0.050000,0.150000,0.000000
2180,0,2180,72.666667,0,9,2020.468506,1188.363647,0.100000,0.150000,0.000000
2180,0,2180,72.666667,0,10,2114.840820,1180.679810,0.150000,0.150000,0.000000
2180,0,2180,72.666667,0,11,2210.360901,1174.249023,0.200000,0.150000,0.000000
2180,0,2180,72.666667,0,12,1908.484680,1109.609497,0.050000,0.200000,0.000000
2180,0,2180,72.666667,0,13,2001.344910,1102.154297,0.100000,0.200000,0.000000
2180,0,2180,72.666667,0,14,2094.146667,1094.356079,0.150000,0.200000,0.000000
2180,0,2180,72.666667,0,15,2186.985260,1086.550537,0.200000,0.200000,0.000000
2180,0,2180,72.666667,0,16,1891.715271,1026.927368,0.050000,0.250000,0.000000
2180,0,2180,72.666667,0,17,1982.155701,1019.378052,0.100000,0.250000,0.000000
2180,0,2180,72.666667,0,18,2073.220337,1011.360413,0.150000,0.250000,0.000000
2180,0,2180,72.666667,0,19,2164.699615,1002.923584,0.200000,0.250000,0.000000
2180,0,2180,72.666667,0,20,1875.241699,948.407471,0.050000,0.300000,0.000000
2180,0,2180,72.666667,0,21,1963.684814,939.556396,0.100000,0.300000,0.000000
2180,0,2180,72.666667,0,22,2052.570496,931.844177,0.150000,0.300000,0.000000
2180,0,2180,72.666667,0,23,2142.786743,921.828674,0.200000,0.300000,0.000000
2185,0,2185,72.833333,0,0,1953.325134,1364.005127,0.050000,0.050000,0.000000
2185,0,2185,72.833333,0,1,2051.450073,1358.757812,0.100000,0.050000,0.000000
2185,0,2185,72.833333,0,2,2150.627258,1354.593140,0.150000,0.050000,0.000000
2185,0,2185,72.833333,0,3,2249.990021,1350.365356,0.200000,0.050000,0.000000
2185,0,2185,72.833333,0,4,1936.016785,1271.275391,0.050000,0.100000,0.000000
2185,0,2185,72.833333,0,5,2032.768494,1266.190308,0.100000,0.100000,0.000000
2185,0,2185,72.833333,0,6,2129.515472,1261.814819,0.150000,0.100000,0.000000
2185,0,2185,72.833333,0,7,2227.409363,1256.599854,0.200000,0.100000,0.000000
2185,0,2185,72.833333,0,8,1919.930176,1183.512451,0.050000,0.150000,0.000000
2185,0,2185,72.833333,0,9,2014.551636,1177.427368,0.100000,0.150000,0.000000
2185,0,2185,72.833333,0,10,2109.419891,1172.559082,0.150000,0.150000,0.000000
2185,0,2185,72.833333,0,11,2205.325714,1166.850220,0.200000,0.150000,0.000000
2185,0,2185,72.833333,0,12,1905.276978,1098.941162,0.050000,0.200000,0.000000
2185,0,2185,72.833333,0,13,1996.943604,1093.512329,0.100000,0.200000,0.000000
2185,0,2185,72.833333,0,14,2089.646057,1087.496948,0.150000,0.200000,0.000000
2185,0,2185,72.833333,0,15,2183.923492,1080.723755,0.200000,0.200000,0.000000
2185,0,2185,72.833333,0,16,1889.743530,1019.560242,0.050000,0.250000,0.000000
2185,0,2185,72.833333,0,17,1978.832153,1013.675049,0.100000,0.250000,0.000000
2185,0,2185,72.833333,0,18,2071.476257,1005.487061,0.150000,0.250000,0.000000
2185,0,2185,72.833333,0,19,2164.454163,997.779846,0.200000,0.250000,0.000000
2185,0,2185,72.833333,0,20,1875.372559,942.507629,0.050000,0.300000,0.000000
2185,0,2185,72.833333,0,21,1964.100098,934.729736,0.100000,0.300000,0.000000
2185,0,2185,72.833333,0,22,2052.641907,927.782104,0.150000,0.300000,0.000000
2185,0,2185,72.833333,0,23,2144.239990,919.290344,0.200000,0.300000,0.000000
2190,0,2190,73.000000,0,0,1951.270813,1356.638306,0.050000,0.050000,0.000000
2190,0,2190,73.000000,0,1,2050.511658,1354.734009,0.100000,0.050000,0.000000
2190,0,2190,73.000000,0,2,2149.510010,1353.591187,0.150000,0.050000,0.000000
2190,0,2190,73.000000,0,3,2249.286346,1352.972778,0.200000,0.050000,0.000000
2190,0,2190,73.000000,0,4,1937.578186,1264.860229,0.050000,0.100000,0.000000
2190,0,2190,73.000000,0,5,2034.878174,1261.587280,0.100000,0.100000,0.000000
2190,0,2190,73.000000,0,6,2132.662750,1260.605469,0.150000,0.100000,0.000000
2190,0,2190,73.000000,0,7,2230.425781,1259.201782,0.200000,0.100000,0.000000
2190,0,2190,73.000000,0,8,1924.938049,1176.553101,0.050000,0.150000,0.000000
2190,0,2190,73.000000,0,9,2019.814087,1173.584229,0.100000,0.150000,0.000000
2190,0,2190,73.000000,0,10,2115.444702,1171.988525,0.150000,0.150000,0.000000
2190,0,2190,73.000000,0,11,2211.557220,1169.707153,0.200000,0.150000,0.000000
2190,0,2190,73.000000,0,12,1912.440674,1093.364990,0.050000,0.200000,0.000000
2190,0,2190,73.000000,0,13,2005.457581,1090.140625,0.100000,0.200000,0.000000
2190,0,2190,73.000000,0,14,2098.774811,1087.081055,0.150000,0.200000,0.000000
2190,0,2190,73.000000,0,15,2193.994232,1083.422607,0.200000,0.200000,0.000000
2190,0,2190,73.000000,0,16,1900.981445,1012.053833,0.050000,0.250000,0.000000
2190,0,2190,73.000000,0,17,1990.633667,1009.590942,0.100000,0.250000,0.000000
2190,0,2190,73.000000,0,18,2083.775513,1004.571655,0.150000,0.250000,0.000000
2190,0,2190,73.000000,0,19,2176.196411,1001.184937,0.200000,0.250000,0.000000
2190,0,2190,73.000000,0,20,1890.139771,935.236206,0.050000,0.300000,0.000000
2190,0,2190,73.000000,0,21,1978.891968,930.571655,0.100000,0.300000,0.000000
2190,0,2190,73.000000,0,22,2068.576050,925.926270,0.150000,0.300000,0.000000
2190,0,2190,73.000000,0,23,2160.068146,920.819336,0.200000,0.300000,0.000000
2195,0,2195,73.166667,0,0,1941.551331,1363.762573,0.050000,0.050000,0.000000
2195,0,2195,73.166667,0,1,2041.079651,1360.860229,0.100000,0.050000,0.000000
2195,0,2195,73.166667,0,2,2140.272186,1359.433838,0.150000,0.050000,0.000000
2195,0,2195,73.166667,0,3,2240.706085,1356.501465,0.200000,0.050000,0.000000
2195,0,2195,73.166667,0,4,1927.086426,1272.363647,0.050000,0.100000,0.000000
2195,0,2195,73.166667,0,5,2024.608643,1268.255737,0.100000,0.100000,0.000000
2195,0,2195,73.166667,0,6,2122.563293,1264.952881,0.150000,0.100000,0.000000
2195,0,2195,73.166667,0,7,2221.373138,1262.771362,0.200000,0.100000,0.000000
2195,0,2195,73.166667,0,8,1914.305176,1183.419189,0.050000,0.150000,0.000000
2195,0,2195,73.166667,0,9,2009.340027,1179.437378,0.100000,0.150000,0.000000
2195,0,2195,73.166667,0,10,2104.748871,1175.526001,0.150000,0.150000,0.000000
2195,0,2195,73.166667,0,11,2202.428375,1171.692993,0.200000,0.150000,0.000000
2195,0,2195,73.166667,0,12,1900.743286,1099.363037,0.050000,0.200000,0.000000
2195,0,2195,73.166667,0,13,1993.757812,1094.319946,0.100000,0.200000,0.000000
2195,0,2195,73.166667,0,14,2088.563873,1089.699463,0.150000,0.200000,0.000000
2195,0,2195,73.166667,0,15,2183.797363,1085.343872,0.200000,0.200000,0.000000
2195,0,2195,73.166667,0,16,1888.693665,1017.722656,0.050000,0.250000,0.000000
2195,0,2195,73.166667,0,17,1978.892273,1013.800110,0.100000,0.250000,0.000000
2195,0,2195,73.166667,0,18,2073.531067,1007.559875,0.150000,0.250000,0.000000
2195,0,2195,73.166667,0,19,2166.672668,1001.791016,0.200000,0.250000,0.000000
2195,0,2195,73.166667,0,20,1876.782166,940.325256,0.050000,0.300000,0.000000
2195,0,2195,73.166667,0,21,1967.180969,933.882568,0.100000,0.300000,0.000000
2195,0,2195,73.166667,0,22,2056.618408,928.619995,0.150000,0.300000,0.000000
2195,0,2195,73.166667,0,23,2149.369873,921.427979,0.200000,0.300000,0.000000
2200,0,2200,73.333333,0,0,1930.074707,1368.578979,0.050000,0.050000,0.000000
2200,0,2200,73.333333,0,1,2030.451294,1362.738647,0.100000,0.050000,0.000000
2200,0,2200,73.333333,0,2,2131.164459,1357.080933,0.150000,0.050000,0.000000
2200,0,2200,73.333333,0,3,2232.980072,1351.587158,0.200000,0.050000,0.000000
2200,0,2200,73.333333,0,4,1912.906799,1275.129028,0.050000,0.100000,0.000000
2200,0,2200,73.333333,0,5,2010.906677,1268.374512,0.100000,0.100000,0.000000
2200,0,2200,73.333333,0,6,2110.320587,1262.407715,0.150000,0.100000,0.000000
2200,0,2200,73.333333,0,7,2210.367615,1255.987549,0.200000,0.100000,0.000000
2200,0,2200,73.333333,0,8,1897.060852,1185.619751,0.050000,0.150000,0.000000
2200,0,2200,73.333333,0,9,1993.460693,1178.304443,0.100000,0.150000,0.000000
2200,0,2200,73.333333,0,10,2089.444794,1171.624634,0.150000,0.150000,0.000000
2200,0,2200,73.333333,0,11,2188.633057,1164.368774,0.200000,0.150000,0.000000
2200,0,2200,73.333333,0,12,1881.725952,1100.048340,0.050000,0.200000,0.000000
2200,0,2200,73.333333,0,13,1975.552063,1092.554199,0.100000,0.200000,0.000000
2200,0,2200,73.333333,0,14,2070.998291,1084.284546,0.150000,0.200000,0.000000
2200,0,2200,73.333333,0,15,2167.202606,1076.472656,0.200000,0.200000,0.000000
2200,0,2200,73.333333,0,16,1867.629089,1018.215027,0.050000,0.250000,0.000000
2200,0,2200,73.333333,0,17,1958.943481,1009.204346,0.100000,0.250000,0.000000
2200,0,2200,73.333333,0,18,2051.973328,1001.008545,0.150000,0.250000,0.000000
2200,0,2200,73.333333,0,19,2146.701172,992.301147,0.200000,0.250000,0.000000
2200,0,2200,73.333333,0,20,1852.824158,940.072571,0.050000,0.300000,0.000000
2200,0,2200,73.333333,0,21,1942.689270,930.005127,0.100000,0.300000,0.000000
2200,0,2200,73.333333,0,22,2034.228516,920.965271,0.150000,0.300000,0.000000
2200,0,2200,73.333333,0,23,2127.570343,910.676086,0.200000,0.300000,0.000000
