sync_index,object_id,keypoint_id,x_coord,y_coord,z_coord,frame_time
0,0,2,0.089171,0.247470,0.992362,0.000000
0,0,6,0.089467,0.197779,1.002364,0.000000
0,0,11,0.139660,0.148643,1.008100,0.000000
0,0,12,-0.007862,0.101324,1.036687,0.000000
0,0,15,0.140304,0.098942,1.015673,0.000000
0,0,16,-0.007884,0.052231,1.046335,0.000000
0,0,17,0.041515,0.051656,1.040284,0.000000
0,0,18,0.091326,0.050827,1.033920,0.000000
0,0,19,0.140912,0.049917,1.027756,0.000000
0,0,20,-0.007125,0.003271,1.057182,0.000000
0,0,21,0.042358,0.002236,1.049987,0.000000
0,0,22,0.091461,0.001486,1.042790,0.000000
0,0,23,0.141262,0.000747,1.038956,0.000000
5,0,0,-0.014909,0.254147,1.011450,0.166667
5,0,1,0.034721,0.253045,1.002419,0.166667
5,0,2,0.084039,0.252763,0.997937,0.166667
5,0,3,0.133897,0.251475,0.990452,0.166667
5,0,4,-0.013955,0.204400,1.020081,0.166667
5,0,5,0.034952,0.203948,1.013626,0.166667
5,0,6,0.084369,0.202906,1.005430,0.166667
5,0,7,0.134432,0.202350,0.999741,0.166667
5,0,8,-0.013793,0.155789,1.031545,0.166667
5,0,9,0.035772,0.154626,1.022782,0.166667
5,0,10,0.085352,0.154368,1.018655,0.166667
5,0,11,0.135300,0.153055,1.010882,0.166667
5,0,12,-0.013364,0.106391,1.040296,0.166667
5,0,13,0.036206,0.105833,1.034811,0.166667
5,0,14,0.085972,0.104357,1.027023,0.166667
5,0,15,0.135335,0.103987,1.021487,0.166667
5,0,16,-0.012896,0.057065,1.051201,0.166667
5,0,17,0.036404,0.056016,1.042627,0.166667
5,0,18,0.086310,0.055642,1.038698,0.166667
5,0,19,0.135719,0.054323,1.029645,0.166667
5,0,20,-0.012555,0.007967,1.059961,0.166667
5,0,21,0.037276,0.006677,1.052710,0.166667
5,0,22,0.086492,0.005965,1.046120,0.166667
5,0,23,0.136152,0.005114,1.040622,0.166667
10,0,0,-0.021627,0.254201,1.011306,0.333333
10,0,1,0.028153,0.252790,1.002087,0.333333
10,0,2,0.077497,0.251949,0.994435,0.333333
10,0,3,0.127454,0.251791,0.991132,0.333333
10,0,4,-0.020545,0.204666,1.019794,0.333333
10,0,5,0.028622,0.203878,1.011892,0.333333
10,0,6,0.078060,0.203153,1.006337,0.333333
10,0,7,0.127446,0.202365,0.999690,0.333333
10,0,8,-0.020278,0.155862,1.029946,0.333333
10,0,9,0.028594,0.154590,1.021085,0.333333
10,0,10,0.078497,0.154107,1.015332,0.333333
10,0,11,0.128392,0.153504,1.010675,0.333333
10,0,12,-0.020212,0.106655,1.038855,0.333333
10,0,13,0.029561,0.106149,1.032662,0.333333
10,0,14,0.078589,0.105488,1.025959,0.333333
10,0,15,0.128506,0.104519,1.020529,0.333333
10,0,16,-0.019238,0.057666,1.049207,0.333333
10,0,17,0.029883,0.056661,1.042712,0.333333
10,0,18,0.079389,0.055846,1.035081,0.333333
10,0,19,0.128911,0.055271,1.029788,0.333333
10,0,20,-0.019448,0.008666,1.059010,0.333333
10,0,21,0.030315,0.007548,1.052186,0.333333
10,0,22,0.079832,0.006649,1.045696,0.333333
10,0,23,0.129357,0.006070,1.039700,0.333333
15,0,0,-0.022425,0.254374,1.012920,0.500000
15,0,1,0.027168,0.253374,1.004078,0.500000
15,0,2,0.076798,0.251707,0.995062,0.500000
15,0,3,0.126390,0.251640,0.992102,0.500000
15,0,4,-0.021494,0.205213,1.023061,0.500000
15,0,5,0.027332,0.204417,1.015610,0.500000
15,0,6,0.076946,0.203437,1.007904,0.500000
15,0,7,0.126743,0.202259,1.001443,0.500000
15,0,8,-0.021528,0.156613,1.034669,0.500000
15,0,9,0.027826,0.155146,1.025152,0.500000
15,0,10,0.077678,0.154595,1.019352,0.500000
15,0,11,0.127643,0.153481,1.013194,0.500000
15,0,12,-0.021260,0.107009,1.042561,0.500000
15,0,13,0.028720,0.106215,1.035889,0.500000
15,0,14,0.077819,0.105535,1.029455,0.500000
15,0,15,0.127406,0.103986,1.021152,0.500000
15,0,16,-0.020823,0.057850,1.053909,0.500000
15,0,17,0.028645,0.057045,1.046196,0.500000
15,0,18,0.078351,0.056100,1.039205,0.500000
15,0,19,0.127896,0.055058,1.032445,0.500000
15,0,20,-0.020468,0.008714,1.063225,0.500000
15,0,21,0.029010,0.007741,1.058229,0.500000
15,0,22,0.078991,0.006660,1.049629,0.500000
15,0,23,0.128303,0.005858,1.041992,0.500000
20,0,0,-0.019502,0.254318,1.010486,0.666667
20,0,1,0.029588,0.252950,1.002144,0.666667
20,0,2,0.079123,0.252401,0.996304,0.666667
20,0,3,0.128583,0.250930,0.990043,0.666667
20,0,4,-0.019327,0.205447,1.021393,0.666667
20,0,5,0.029810,0.203862,1.012618,0.666667
20,0,6,0.079471,0.203234,1.007028,0.666667
20,0,7,0.129009,0.202847,1.003694,0.666667
20,0,8,-0.018814,0.156047,1.030160,0.666667
20,0,9,0.029943,0.154847,1.023538,0.666667
20,0,10,0.079587,0.154049,1.017914,0.666667
20,0,11,0.129001,0.152986,1.011085,0.666667
20,0,12,-0.018982,0.107074,1.042174,0.666667
20,0,13,0.030271,0.105975,1.035023,0.666667
20,0,14,0.079733,0.104876,1.027880,0.666667
20,0,15,0.129547,0.103675,1.020079,0.666667
20,0,16,-0.018661,0.058401,1.052788,0.666667
20,0,17,0.030393,0.056851,1.045013,0.666667
20,0,18,0.079855,0.055931,1.040198,0.666667
20,0,19,0.129371,0.054866,1.031675,0.666667
20,0,20,-0.018888,0.009235,1.063146,0.666667
20,0,21,0.030463,0.007787,1.056763,0.666667
20,0,22,0.080170,0.006350,1.048303,0.666667
20,0,23,0.129855,0.005646,1.043096,0.666667
25,0,0,-0.019218,0.255798,1.012507,0.833333
25,0,1,0.029861,0.253963,1.001358,0.833333
25,0,2,0.079567,0.253506,0.996488,0.833333
25,0,3,0.129227,0.252345,0.989883,0.833333
25,0,4,-0.018707,0.206051,1.020120,0.833333
25,0,5,0.030229,0.205164,1.013720,0.833333
25,0,6,0.080236,0.204207,1.006438,0.833333
25,0,7,0.129532,0.203321,1.000670,0.833333
25,0,8,-0.018727,0.156937,1.030878,0.833333
25,0,9,0.030748,0.156028,1.023271,0.833333
25,0,10,0.080318,0.155441,1.018622,0.833333
25,0,11,0.129752,0.154188,1.009981,0.833333
25,0,12,-0.018229,0.107922,1.040971,0.833333
25,0,13,0.031072,0.107052,1.035209,0.833333
25,0,14,0.081004,0.105855,1.027844,0.833333
25,0,15,0.130219,0.104756,1.019358,0.833333
25,0,16,-0.018115,0.058927,1.052402,0.833333
25,0,17,0.031386,0.057715,1.044132,0.833333
25,0,18,0.081041,0.056774,1.038077,0.833333
25,0,19,0.130523,0.055568,1.030173,0.833333
25,0,20,-0.017870,0.009825,1.061090,0.833333
25,0,21,0.031590,0.008790,1.055435,0.833333
25,0,22,0.081301,0.007549,1.047563,0.833333
25,0,23,0.130792,0.006492,1.040368,0.833333
30,0,0,-0.017494,0.253984,1.008397,1.000000
30,0,1,0.031638,0.252959,1.001194,1.000000
30,0,2,0.080732,0.252724,0.995931,1.000000
30,0,3,0.130478,0.251447,0.988161,1.000000
30,0,4,-0.017488,0.205152,1.020184,1.000000
30,0,5,0.031913,0.203997,1.012050,1.000000
30,0,6,0.081264,0.203314,1.005194,1.000000
30,0,7,0.130886,0.202418,0.999054,1.000000
30,0,8,-0.017501,0.156041,1.031942,1.000000
30,0,9,0.032282,0.155248,1.023320,1.000000
30,0,10,0.082003,0.154577,1.017288,1.000000
30,0,11,0.131384,0.153334,1.009707,1.000000
30,0,12,-0.016246,0.107291,1.042597,1.000000
30,0,13,0.033110,0.106346,1.033807,1.000000
30,0,14,0.082347,0.105722,1.027444,1.000000
30,0,15,0.132255,0.104588,1.019120,1.000000
30,0,16,-0.015880,0.058330,1.052357,1.000000
30,0,17,0.033130,0.057334,1.044860,1.000000
30,0,18,0.083035,0.057039,1.039738,1.000000
30,0,19,0.132494,0.055488,1.031378,1.000000
30,0,20,-0.015856,0.009714,1.063590,1.000000
30,0,21,0.034265,0.008585,1.055358,1.000000
30,0,22,0.082628,0.007620,1.047580,1.000000
30,0,23,0.132566,0.006318,1.041315,1.000000
35,0,0,-0.015797,0.248300,1.005496,1.166667
35,0,1,0.033801,0.246358,0.995604,1.166667
35,0,2,0.083192,0.245100,0.987383,1.166667
35,0,3,0.132820,0.244495,0.983246,1.166667
35,0,4,-0.015217,0.199532,1.016604,1.166667
35,0,5,0.034045,0.198061,1.008655,1.166667
35,0,6,0.083660,0.196778,1.001291,1.166667
35,0,7,0.133003,0.196337,0.997219,1.166667
35,0,8,-0.014606,0.150753,1.027960,1.166667
35,0,9,0.034480,0.149536,1.020890,1.166667
35,0,10,0.084070,0.149241,1.017370,1.166667
35,0,11,0.133246,0.146495,1.006599,1.166667
35,0,12,-0.014248,0.102740,1.042375,1.166667
35,0,13,0.034926,0.101803,1.035945,1.166667
35,0,14,0.084229,0.099972,1.027116,1.166667
35,0,15,0.133861,0.098858,1.019889,1.166667
35,0,16,-0.014066,0.054784,1.056081,1.166667
35,0,17,0.035400,0.052719,1.047065,1.166667
35,0,18,0.084754,0.051752,1.040510,1.166667
35,0,19,0.133783,0.049796,1.031440,1.166667
35,0,20,-0.013825,0.006107,1.067138,1.166667
35,0,21,0.035839,0.004399,1.058630,1.166667
35,0,22,0.084841,0.002910,1.051261,1.166667
35,0,23,0.134307,0.001701,1.042566,1.166667
40,0,0,-0.012806,0.239300,1.004181,1.333333
40,0,1,0.036772,0.237601,0.995456,1.333333
40,0,2,0.086224,0.236299,0.987744,1.333333
40,0,3,0.135652,0.235580,0.983118,1.333333
40,0,4,-0.011861,0.191430,1.017719,1.333333
40,0,5,0.037058,0.189692,1.009889,1.333333
40,0,6,0.086671,0.188277,1.002366,1.333333
40,0,7,0.135956,0.187349,0.996378,1.333333
40,0,8,-0.011449,0.143113,1.031221,1.333333
40,0,9,0.037675,0.141388,1.022198,1.333333
40,0,10,0.087200,0.140795,1.017085,1.333333
40,0,11,0.136258,0.138885,1.008359,1.333333
40,0,12,-0.011177,0.095276,1.044683,1.333333
40,0,13,0.037979,0.093233,1.036011,1.333333
40,0,14,0.087307,0.092452,1.028826,1.333333
40,0,15,0.136952,0.091092,1.022466,1.333333
40,0,16,-0.010460,0.047226,1.057841,1.333333
40,0,17,0.038600,0.045285,1.049115,1.333333
40,0,18,0.087819,0.043612,1.041126,1.333333
40,0,19,0.137203,0.042548,1.034843,1.333333
40,0,20,-0.010249,-0.001705,1.069527,1.333333
40,0,21,0.039148,-0.002646,1.062797,1.333333
40,0,22,0.088408,-0.004436,1.054768,1.333333
40,0,23,0.137550,-0.005902,1.047479,1.333333
45,0,0,-0.007961,0.229281,1.007856,1.500000
45,0,1,0.040671,0.227590,0.997340,1.500000
45,0,2,0.090693,0.226589,0.992912,1.500000
45,0,3,0.140352,0.225637,0.986691,1.500000
45,0,6,0.091261,0.178075,1.005560,1.500000
45,0,7,0.141234,0.177772,1.001588,1.500000
45,0,10,0.092407,0.131136,1.022150,1.500000
45,0,11,0.141701,0.129788,1.015117,1.500000
45,0,12,-0.005935,0.085652,1.050919,1.500000
45,0,13,0.043594,0.084160,1.043735,1.500000
45,0,14,0.092849,0.083078,1.036905,1.500000
45,0,15,0.141879,0.081170,1.028805,1.500000
45,0,16,-0.005114,0.038086,1.066066,1.500000
45,0,17,0.044003,0.036170,1.057486,1.500000
45,0,18,0.094039,0.035741,1.052494,1.500000
45,0,19,0.142784,0.033613,1.043072,1.500000
45,0,20,-0.004755,-0.010327,1.078666,1.500000
45,0,21,0.044845,-0.011288,1.072661,1.500000
45,0,22,0.094458,-0.013189,1.065475,1.500000
45,0,23,0.144069,-0.013627,1.058185,1.500000
50,0,2,0.094174,0.221743,0.998298,1.666667
50,0,3,0.143549,0.220337,0.992590,1.666667
50,0,4,-0.003956,0.176897,1.028749,1.666667
50,0,5,0.044729,0.174740,1.019884,1.666667
50,0,6,0.094566,0.173597,1.013368,1.666667
50,0,7,0.144288,0.172559,1.007567,1.666667
50,0,8,-0.003639,0.129131,1.043903,1.666667
50,0,9,0.045615,0.127252,1.035673,1.666667
50,0,10,0.095056,0.125604,1.028147,1.666667
50,0,11,0.144826,0.125130,1.023405,1.666667
50,0,12,-0.003067,0.081122,1.058364,1.666667
50,0,13,0.046370,0.079672,1.051158,1.666667
50,0,14,0.095828,0.078246,1.044080,1.666667
50,0,15,0.145152,0.076805,1.038534,1.666667
50,0,16,-0.002444,0.033454,1.073447,1.666667
50,0,17,0.046820,0.031959,1.066644,1.666667
50,0,18,0.096149,0.030409,1.059744,1.666667
50,0,19,0.145743,0.028752,1.052277,1.666667
50,0,20,-0.002188,-0.014124,1.088342,1.666667
50,0,21,0.047385,-0.015967,1.082405,1.666667
50,0,22,0.097115,-0.017491,1.074474,1.666667
50,0,23,0.146348,-0.018957,1.066498,1.666667
55,0,0,-0.002853,0.224542,1.021861,1.833333
55,0,1,0.045697,0.221842,1.009943,1.833333
55,0,2,0.095634,0.221378,1.007275,1.833333
55,0,3,0.145350,0.219657,0.999818,1.833333
55,0,4,-0.002336,0.176336,1.035661,1.833333
55,0,5,0.046741,0.175064,1.029200,1.833333
55,0,6,0.095742,0.173067,1.019664,1.833333
55,0,7,0.145771,0.172428,1.016872,1.833333
55,0,8,-0.001873,0.128631,1.050299,1.833333
55,0,9,0.047312,0.126537,1.042238,1.833333
55,0,10,0.096587,0.125131,1.036154,1.833333
55,0,11,0.146390,0.123893,1.029466,1.833333
55,0,12,-0.001697,0.080610,1.064730,1.833333
55,0,13,0.047479,0.078935,1.058873,1.833333
55,0,14,0.096983,0.077317,1.050197,1.833333
55,0,15,0.146727,0.075803,1.043478,1.833333
55,0,16,-0.001342,0.032917,1.080825,1.833333
55,0,17,0.048163,0.030935,1.072316,1.833333
55,0,18,0.097823,0.029911,1.067161,1.833333
55,0,19,0.146587,0.027946,1.057570,1.833333
55,0,20,-0.000964,-0.015274,1.093477,1.833333
55,0,21,0.048827,-0.016882,1.086750,1.833333
55,0,22,0.097766,-0.018537,1.079715,1.833333
55,0,23,0.147388,-0.020222,1.072762,1.833333
60,0,0,-0.001085,0.222765,1.026419,2.000000
60,0,1,0.047935,0.220115,1.015251,2.000000
60,0,2,0.097586,0.218484,1.007812,2.000000
60,0,3,0.146902,0.218263,1.003674,2.000000
60,0,4,-0.000915,0.174219,1.038419,2.000000
60,0,5,0.048533,0.172615,1.031989,2.000000
60,0,6,0.097652,0.171036,1.023209,2.000000
60,0,7,0.147596,0.169844,1.018079,2.000000
60,0,8,-0.000378,0.126692,1.055342,2.000000
60,0,9,0.049036,0.124494,1.045557,2.000000
60,0,10,0.098700,0.123695,1.041371,2.000000
60,0,11,0.147724,0.122039,1.032023,2.000000
60,0,12,0.000106,0.078420,1.067827,2.000000
60,0,13,0.049642,0.077183,1.062260,2.000000
60,0,14,0.098806,0.075434,1.053567,2.000000
60,0,15,0.148601,0.073982,1.047717,2.000000
60,0,16,0.000571,0.030710,1.084577,2.000000
60,0,17,0.050056,0.029079,1.075935,2.000000
60,0,18,0.099944,0.027553,1.068626,2.000000
60,0,19,0.149012,0.026178,1.062233,2.000000
60,0,20,0.001125,-0.017271,1.097406,2.000000
60,0,21,0.050870,-0.018866,1.090756,2.000000
60,0,22,0.100256,-0.020348,1.084190,2.000000
60,0,23,0.149336,-0.022234,1.075901,2.000000
65,0,0,0.003288,0.222139,1.027369,2.166667
65,0,1,0.051869,0.219726,1.017022,2.166667
65,0,2,0.101774,0.218764,1.011410,2.166667
65,0,3,0.151116,0.217520,1.005657,2.166667
65,0,4,0.003680,0.173837,1.041432,2.166667
65,0,5,0.053070,0.172151,1.033087,2.166667
65,0,8,0.004003,0.126490,1.057261,2.166667
65,0,9,0.053458,0.124053,1.047976,2.166667
65,0,12,0.004013,0.078111,1.069744,2.166667
65,0,13,0.054140,0.076885,1.063963,2.166667
65,0,14,0.103387,0.075174,1.056877,2.166667
65,0,15,0.152668,0.073406,1.049024,2.166667
65,0,16,0.004712,0.030519,1.086600,2.166667
65,0,17,0.054434,0.028631,1.078783,2.166667
65,0,18,0.103885,0.027357,1.072216,2.166667
65,0,19,0.153151,0.025616,1.064657,2.166667
65,0,20,0.005237,-0.017384,1.100613,2.166667
65,0,21,0.054920,-0.018962,1.094166,2.166667
65,0,22,0.103951,-0.020633,1.086044,2.166667
65,0,23,0.153636,-0.022320,1.078995,2.166667
70,0,0,0.004365,0.218857,1.026453,2.333333
70,0,1,0.053110,0.217012,1.016682,2.333333
70,0,2,0.102603,0.215456,1.010348,2.333333
70,0,3,0.152266,0.213979,1.003945,2.333333
70,0,4,0.004959,0.170590,1.040592,2.333333
70,0,5,0.053727,0.168817,1.031346,2.333333
70,0,6,0.103246,0.167349,1.024382,2.333333
70,0,7,0.152452,0.165829,1.017288,2.333333
70,0,8,0.004952,0.122685,1.054347,2.333333
70,0,9,0.054378,0.120831,1.046019,2.333333
70,0,10,0.103920,0.119569,1.039087,2.333333
70,0,11,0.153280,0.118628,1.033250,2.333333
70,0,12,0.005298,0.074732,1.068650,2.333333
70,0,13,0.055028,0.073478,1.062211,2.333333
70,0,14,0.104093,0.071385,1.053793,2.333333
70,0,15,0.153698,0.070001,1.046074,2.333333
70,0,16,0.005826,0.026484,1.082871,2.333333
70,0,17,0.055153,0.024934,1.075474,2.333333
70,0,18,0.104424,0.023139,1.068128,2.333333
70,0,19,0.154003,0.021863,1.060804,2.333333
70,0,20,0.006219,-0.021262,1.097058,2.333333
70,0,21,0.055840,-0.022856,1.090239,2.333333
70,0,22,0.104927,-0.024712,1.082244,2.333333
70,0,23,0.154190,-0.026342,1.075112,2.333333
75,0,1,0.058276,0.207875,1.017386,2.500000
75,0,2,0.107503,0.205705,1.008419,2.500000
75,0,3,0.156896,0.204219,1.002668,2.500000
75,0,12,0.010051,0.064834,1.066878,2.500000
75,0,13,0.059540,0.063086,1.057496,2.500000
75,0,14,0.108680,0.061387,1.050841,2.500000
75,0,15,0.158139,0.059754,1.043713,2.500000
75,0,16,0.010074,0.016659,1.080449,2.500000
75,0,17,0.059084,0.014603,1.071113,2.500000
75,0,18,0.108621,0.012947,1.064649,2.500000
75,0,19,0.158048,0.011288,1.055664,2.500000
75,0,20,0.009891,-0.031722,1.092057,2.500000
75,0,21,0.059327,-0.033444,1.086365,2.500000
75,0,22,0.109278,-0.035791,1.077333,2.500000
75,0,23,0.158512,-0.037015,1.070648,2.500000
80,0,0,0.011683,0.192333,1.023269,2.666667
80,0,1,0.060466,0.191007,1.014889,2.666667
80,0,2,0.109714,0.189854,1.007814,2.666667
80,0,3,0.158790,0.188964,1.000742,2.666667
80,0,6,0.110181,0.141377,1.020113,2.666667
80,0,7,0.159657,0.140516,1.014605,2.666667
80,0,10,0.110948,0.093763,1.035339,2.666667
80,0,11,0.159781,0.091941,1.025367,2.666667
80,0,12,0.013092,0.048231,1.063629,2.666667
80,0,13,0.062003,0.047089,1.056726,2.666667
80,0,14,0.111545,0.044820,1.046974,2.666667
80,0,15,0.160711,0.044180,1.041283,2.666667
80,0,16,0.013300,-0.000013,1.077004,2.666667
80,0,17,0.062216,-0.001757,1.066765,2.666667
80,0,18,0.111577,-0.003717,1.058758,2.666667
80,0,19,0.160923,-0.004659,1.051604,2.666667
80,0,20,0.013563,-0.049097,1.087298,2.666667
80,0,21,0.062965,-0.050167,1.079230,2.666667
80,0,22,0.111712,-0.051855,1.070800,2.666667
80,0,23,0.160905,-0.053739,1.062558,2.666667
85,0,0,0.010639,0.188005,1.037900,2.833333
85,0,1,0.059144,0.186209,1.028437,2.833333
85,0,2,0.108288,0.184006,1.018527,2.833333
85,0,6,0.108438,0.135740,1.030806,2.833333
85,0,10,0.109498,0.087330,1.044287,2.833333
85,0,11,0.158549,0.085661,1.036157,2.833333
85,0,12,0.011507,0.041579,1.072631,2.833333
85,0,13,0.060489,0.040198,1.064244,2.833333
85,0,14,0.109407,0.038441,1.055008,2.833333
85,0,15,0.158534,0.037048,1.048126,2.833333
85,0,16,0.011665,-0.006881,1.084194,2.833333
85,0,17,0.060832,-0.008622,1.075385,2.833333
85,0,18,0.110324,-0.009750,1.069105,2.833333
85,0,19,0.159160,-0.011719,1.058878,2.833333
85,0,20,0.012049,-0.055768,1.095153,2.833333
85,0,21,0.061255,-0.057259,1.087034,2.833333
85,0,22,0.110431,-0.058786,1.078815,2.833333
85,0,23,0.159369,-0.060632,1.070468,2.833333
90,0,0,0.002263,0.196527,1.065256,3.000000
90,0,1,0.051056,0.193789,1.052809,3.000000
90,0,2,0.100811,0.192734,1.042914,3.000000
90,0,3,0.149426,0.191701,1.037273,3.000000
90,0,6,0.100232,0.144541,1.056398,3.000000
90,0,7,0.150986,0.143436,1.051073,3.000000
90,0,11,0.151540,0.094194,1.062528,3.000000
90,0,12,0.003595,0.049719,1.097999,3.000000
90,0,15,0.151762,0.045647,1.075450,3.000000
90,0,16,0.004351,0.000520,1.109368,3.000000
90,0,17,0.053605,-0.000706,1.100730,3.000000
90,0,18,0.102904,-0.001403,1.095864,3.000000
90,0,19,0.152309,-0.004119,1.084147,3.000000
90,0,20,0.004938,-0.047970,1.120972,3.000000
90,0,21,0.054938,-0.048626,1.114856,3.000000
90,0,22,0.103558,-0.051027,1.104748,3.000000
90,0,23,0.152492,-0.052554,1.096438,3.000000
95,0,2,0.091304,0.199824,1.066675,3.166667
95,0,3,0.140851,0.199682,1.061943,3.166667
95,0,6,0.092397,0.151468,1.080178,3.166667
95,0,7,0.141585,0.151054,1.074458,3.166667
95,0,11,0.142612,0.101817,1.084558,3.166667
95,0,12,-0.004776,0.056594,1.118847,3.166667
95,0,15,0.142579,0.053037,1.094642,3.166667
95,0,16,-0.004233,0.008063,1.130964,3.166667
95,0,17,0.045228,0.006877,1.122259,3.166667
95,0,18,0.094326,0.006023,1.115551,3.166667
95,0,19,0.143513,0.004774,1.106903,3.166667
95,0,20,-0.002940,-0.040644,1.142444,3.166667
95,0,21,0.045977,-0.041518,1.133709,3.166667
95,0,22,0.094709,-0.042616,1.125416,3.166667
95,0,23,0.144162,-0.044022,1.118854,3.166667
100,0,0,-0.009069,0.206357,1.101941,3.333333
100,0,1,0.039951,0.204986,1.091923,3.333333
100,0,2,0.089281,0.203386,1.083989,3.333333
100,0,3,0.139064,0.202407,1.078814,3.333333
100,0,4,-0.008731,0.157520,1.111825,3.333333
100,0,5,0.040567,0.155948,1.102698,3.333333
100,0,6,0.089906,0.154573,1.095928,3.333333
100,0,7,0.139526,0.154175,1.089704,3.333333
100,0,8,-0.008283,0.108842,1.123957,3.333333
100,0,9,0.040873,0.107504,1.115590,3.333333
100,0,10,0.090293,0.106109,1.106963,3.333333
100,0,11,0.139929,0.104967,1.101309,3.333333
100,0,12,-0.008140,0.060305,1.134884,3.333333
100,0,13,0.041289,0.058880,1.127602,3.333333
100,0,14,0.090630,0.057578,1.119330,3.333333
100,0,15,0.140174,0.056382,1.112011,3.333333
100,0,16,-0.007488,0.011402,1.146330,3.333333
100,0,17,0.041500,0.010210,1.138528,3.333333
100,0,18,0.091217,0.009128,1.132373,3.333333
100,0,19,0.140567,0.007196,1.123133,3.333333
100,0,20,-0.007150,-0.037381,1.157530,3.333333
100,0,21,0.042311,-0.038406,1.150636,3.333333
100,0,22,0.091041,-0.039828,1.141831,3.333333
100,0,23,0.140809,-0.041204,1.135209,3.333333
105,0,0,-0.005737,0.208471,1.097760,3.500000
105,0,1,0.042798,0.206838,1.089490,3.500000
105,0,2,0.092285,0.205991,1.084679,3.500000
105,0,3,0.142450,0.203767,1.077436,3.500000
105,0,4,-0.005670,0.159952,1.111507,3.500000
105,0,5,0.043549,0.158749,1.102529,3.500000
105,0,6,0.092774,0.156636,1.095658,3.500000
105,0,7,0.142144,0.155911,1.088820,3.500000
105,0,8,-0.005872,0.111817,1.124151,3.500000
105,0,9,0.043620,0.109670,1.115617,3.500000
105,0,10,0.092713,0.108451,1.108285,3.500000
105,0,11,0.141857,0.107278,1.100970,3.500000
105,0,12,-0.006080,0.063145,1.135063,3.500000
105,0,13,0.043512,0.061659,1.128254,3.500000
105,0,14,0.092709,0.060037,1.120586,3.500000
105,0,15,0.142121,0.058186,1.112823,3.500000
105,0,16,-0.006117,0.014352,1.148324,3.500000
105,0,17,0.043473,0.013036,1.140261,3.500000
105,0,18,0.092864,0.010641,1.130287,3.500000
105,0,19,0.142416,0.009684,1.125560,3.500000
105,0,20,-0.005582,-0.034236,1.159760,3.500000
105,0,21,0.044291,-0.035308,1.152447,3.500000
105,0,22,0.093204,-0.037785,1.144470,3.500000
105,0,23,0.142432,-0.039064,1.137074,3.500000
150,0,2,0.431665,0.191400,1.014006,5.000000
150,0,3,0.472924,0.195778,0.986050,5.000000
150,0,6,0.433926,0.141435,1.011091,5.000000
150,0,7,0.478995,0.146464,0.987136,5.000000
150,0,11,0.486565,0.096920,0.989236,5.000000
155,0,0,0.371536,0.182019,1.068182,5.166667
155,0,1,0.408151,0.187392,1.033154,5.166667
155,0,2,0.447632,0.194119,1.003932,5.166667
155,0,3,0.486267,0.199526,0.973173,5.166667
155,0,4,0.375906,0.132253,1.063975,5.166667
155,0,5,0.413376,0.137967,1.030903,5.166667
155,0,6,0.453111,0.143877,1.000868,5.166667
155,0,7,0.493041,0.150604,0.972596,5.166667
155,0,8,0.381967,0.082947,1.063434,5.166667
155,0,11,0.497644,0.100809,0.968753,5.166667
155,0,12,0.387596,0.033123,1.060133,5.166667
155,0,15,0.503451,0.050929,0.967000,5.166667
155,0,16,0.392558,-0.016396,1.056947,5.166667
155,0,17,0.431418,-0.010500,1.027022,5.166667
155,0,18,0.469704,-0.004962,0.994810,5.166667
155,0,19,0.508782,0.001488,0.964427,5.166667
155,0,20,0.398700,-0.066539,1.055870,5.166667
155,0,21,0.436776,-0.060366,1.023675,5.166667
155,0,22,0.475157,-0.054539,0.992927,5.166667
155,0,23,0.513900,-0.048368,0.961682,5.166667
160,0,0,0.388364,0.182986,1.064643,5.333333
160,0,1,0.424492,0.189300,1.030425,5.333333
160,0,2,0.461155,0.196247,0.997465,5.333333
160,0,3,0.501657,0.203048,0.968884,5.333333
160,0,4,0.394978,0.133729,1.062569,5.333333
160,0,5,0.431099,0.140250,1.029353,5.333333
160,0,6,0.468224,0.147108,0.996433,5.333333
160,0,7,0.506455,0.153833,0.965279,5.333333
160,0,8,0.401615,0.084233,1.061455,5.333333
160,0,9,0.437122,0.090956,1.026866,5.333333
160,0,10,0.475605,0.097733,0.995457,5.333333
160,0,11,0.512743,0.104264,0.962465,5.333333
160,0,12,0.406813,0.034672,1.057801,5.333333
160,0,13,0.444568,0.041261,1.025366,5.333333
160,0,14,0.481363,0.048091,0.992355,5.333333
160,0,15,0.518983,0.054837,0.960529,5.333333
160,0,16,0.412745,-0.015377,1.055023,5.333333
160,0,17,0.450450,-0.008366,1.022208,5.333333
160,0,18,0.487701,-0.001542,0.989537,5.333333
160,0,19,0.524564,0.004653,0.956422,5.333333
160,0,20,0.420076,-0.064609,1.053409,5.333333
160,0,21,0.455787,-0.058463,1.018867,5.333333
160,0,22,0.493622,-0.051261,0.987276,5.333333
160,0,23,0.530033,-0.044845,0.953310,5.333333
165,0,0,0.400858,0.184602,1.066948,5.500000
165,0,1,0.435164,0.191473,1.030357,5.500000
165,0,2,0.470107,0.198241,0.996094,5.500000
165,0,3,0.506142,0.204758,0.961511,5.500000
165,0,4,0.407524,0.135011,1.063083,5.500000
165,0,5,0.440936,0.141976,1.026763,5.500000
165,0,6,0.476758,0.149003,0.993096,5.500000
165,0,7,0.512082,0.154984,0.957886,5.500000
165,0,8,0.412126,0.084683,1.058638,5.500000
165,0,9,0.447567,0.092304,1.024436,5.500000
165,0,10,0.483687,0.099262,0.991342,5.500000
165,0,11,0.518179,0.106218,0.955791,5.500000
165,0,12,0.419049,0.035882,1.057187,5.500000
165,0,13,0.453237,0.042445,1.020765,5.500000
165,0,14,0.489905,0.049640,0.987359,5.500000
165,0,15,0.524479,0.056135,0.952421,5.500000
165,0,16,0.426858,-0.012807,1.055264,5.500000
165,0,17,0.460683,-0.006955,1.019258,5.500000
165,0,18,0.495726,-0.000018,0.984520,5.500000
165,0,19,0.530943,0.006464,0.949364,5.500000
165,0,20,0.431782,-0.063464,1.051640,5.500000
165,0,21,0.466913,-0.056367,1.016466,5.500000
165,0,22,0.501799,-0.050084,0.981149,5.500000
165,0,23,0.536980,-0.043226,0.946761,5.500000
170,0,0,0.397682,0.183891,1.053378,5.666667
170,0,1,0.430981,0.189510,1.015960,5.666667
170,0,2,0.465732,0.195291,0.981202,5.666667
170,0,3,0.500932,0.200685,0.945958,5.666667
170,0,4,0.405105,0.134551,1.052262,5.666667
170,0,5,0.438654,0.140249,1.015760,5.666667
170,0,6,0.473025,0.145595,0.980322,5.666667
170,0,7,0.509043,0.151300,0.946165,5.666667
170,0,8,0.412699,0.085289,1.052620,5.666667
170,0,9,0.446513,0.090583,1.015947,5.666667
170,0,10,0.482423,0.096520,0.982524,5.666667
170,0,11,0.515730,0.101957,0.945325,5.666667
170,0,12,0.419696,0.036006,1.052366,5.666667
170,0,13,0.455075,0.041644,1.017472,5.666667
170,0,14,0.490099,0.047227,0.981417,5.666667
170,0,15,0.524152,0.052817,0.945853,5.666667
170,0,16,0.429215,-0.013431,1.053965,5.666667
170,0,17,0.462573,-0.008254,1.016167,5.666667
170,0,18,0.496686,-0.002532,0.980211,5.666667
170,0,19,0.531100,0.003196,0.944664,5.666667
170,0,20,0.436134,-0.063254,1.052038,5.666667
170,0,21,0.469764,-0.057472,1.015096,5.666667
170,0,22,0.504207,-0.051705,0.980282,5.666667
170,0,23,0.538370,-0.046380,0.944262,5.666667
175,0,0,0.397255,0.186786,1.051517,5.833333
175,0,1,0.430047,0.191714,1.014441,5.833333
175,0,2,0.465027,0.197196,0.980041,5.833333
175,0,3,0.499981,0.202306,0.944583,5.833333
175,0,4,0.403837,0.137501,1.051793,5.833333
175,0,5,0.437028,0.141685,1.014498,5.833333
175,0,6,0.472498,0.147585,0.979643,5.833333
175,0,7,0.507373,0.152698,0.945016,5.833333
175,0,8,0.411896,0.088111,1.053082,5.833333
175,0,9,0.445073,0.093264,1.015678,5.833333
175,0,10,0.480099,0.098415,0.980537,5.833333
175,0,11,0.514872,0.103427,0.944536,5.833333
175,0,12,0.418198,0.038291,1.051780,5.833333
175,0,13,0.452682,0.043857,1.015816,5.833333
175,0,14,0.486306,0.048813,0.979743,5.833333
175,0,15,0.521469,0.053982,0.944411,5.833333
175,0,16,0.425307,-0.011573,1.051452,5.833333
175,0,17,0.459788,-0.006060,1.015793,5.833333
175,0,18,0.493648,-0.001132,0.979656,5.833333
175,0,19,0.528282,0.004383,0.943861,5.833333
175,0,20,0.433235,-0.060717,1.052512,5.833333
175,0,21,0.466756,-0.055954,1.015621,5.833333
175,0,22,0.500906,-0.050164,0.979957,5.833333
175,0,23,0.535152,-0.045166,0.943539,5.833333
180,0,0,0.396109,0.187735,1.051994,6.000000
180,0,1,0.427691,0.192061,1.013043,6.000000
180,0,2,0.462540,0.197145,0.977857,6.000000
180,0,3,0.497475,0.202110,0.942740,6.000000
180,0,4,0.401063,0.138112,1.049581,6.000000
180,0,5,0.434510,0.142502,1.012666,6.000000
180,0,6,0.469515,0.147720,0.977411,6.000000
180,0,7,0.503373,0.152715,0.941451,6.000000
180,0,8,0.407741,0.088276,1.049088,6.000000
180,0,9,0.441547,0.093441,1.012992,6.000000
180,0,10,0.476315,0.098513,0.977670,6.000000
180,0,11,0.510656,0.103263,0.941659,6.000000
180,0,12,0.414767,0.038933,1.049073,6.000000
180,0,13,0.448495,0.044120,1.012670,6.000000
180,0,14,0.482487,0.049160,0.977333,6.000000
180,0,15,0.516690,0.053829,0.941240,6.000000
180,0,16,0.420452,-0.010843,1.047852,6.000000
180,0,17,0.455526,-0.005439,1.012925,6.000000
180,0,18,0.489182,-0.000333,0.976404,6.000000
180,0,19,0.523068,0.004363,0.940319,6.000000
180,0,20,0.427557,-0.060071,1.048620,6.000000
180,0,21,0.461067,-0.055032,1.011121,6.000000
180,0,22,0.495459,-0.050073,0.975978,6.000000
180,0,23,0.529219,-0.045324,0.940012,6.000000
185,0,0,0.391435,0.185554,1.052968,6.166667
185,0,1,0.423106,0.189685,1.014117,6.166667
185,0,2,0.457507,0.194270,0.977981,6.166667
185,0,3,0.492963,0.199493,0.943575,6.166667
185,0,4,0.397179,0.135750,1.051640,6.166667
185,0,5,0.430463,0.140414,1.015218,6.166667
185,0,6,0.464926,0.145224,0.979082,6.166667
185,0,7,0.500156,0.150102,0.944821,6.166667
185,0,8,0.404498,0.086244,1.052092,6.166667
185,0,9,0.438415,0.090881,1.015375,6.166667
185,0,10,0.472516,0.095870,0.980385,6.166667
185,0,11,0.506311,0.100574,0.943745,6.166667
185,0,12,0.411079,0.036567,1.052045,6.166667
185,0,13,0.444408,0.041567,1.015116,6.166667
185,0,14,0.479047,0.046299,0.979705,6.166667
185,0,15,0.512904,0.050818,0.943381,6.166667
185,0,16,0.418183,-0.012280,1.052162,6.166667
185,0,17,0.451433,-0.007890,1.015756,6.166667
185,0,18,0.484952,-0.003175,0.978404,6.166667
185,0,19,0.519088,0.001359,0.942729,6.166667
185,0,20,0.424784,-0.062271,1.052445,6.166667
185,0,21,0.458083,-0.057872,1.015621,6.166667
185,0,22,0.492312,-0.052759,0.979563,6.166667
185,0,23,0.525840,-0.048125,0.943213,6.166667
190,0,0,0.386977,0.182314,1.050868,6.333333
190,0,1,0.419519,0.186491,1.013576,6.333333
190,0,2,0.454338,0.191150,0.978190,6.333333
190,0,3,0.488919,0.195406,0.942915,6.333333
190,0,4,0.393234,0.132773,1.051380,6.333333
190,0,5,0.427243,0.137223,1.015513,6.333333
190,0,6,0.461221,0.141801,0.978897,6.333333
190,0,7,0.495775,0.146000,0.943337,6.333333
190,0,8,0.400026,0.083443,1.052244,6.333333
190,0,9,0.433462,0.087788,1.015099,6.333333
190,0,10,0.468758,0.092415,0.980545,6.333333
190,0,11,0.502561,0.096487,0.943719,6.333333
190,0,12,0.407181,0.033843,1.052508,6.333333
190,0,13,0.440837,0.038382,1.016444,6.333333
190,0,14,0.475300,0.042706,0.980197,6.333333
190,0,15,0.508967,0.046973,0.943653,6.333333
190,0,16,0.413665,-0.015818,1.053186,6.333333
190,0,17,0.447476,-0.011305,1.016556,6.333333
190,0,18,0.481365,-0.006784,0.980426,6.333333
190,0,19,0.515064,-0.002567,0.943676,6.333333
190,0,20,0.420831,-0.065337,1.053734,6.333333
190,0,21,0.454027,-0.060584,1.016404,6.333333
190,0,22,0.488166,-0.056368,0.980501,6.333333
190,0,23,0.521429,-0.052234,0.944016,6.333333
195,0,0,0.383270,0.178514,1.049796,6.500000
195,0,1,0.415679,0.182286,1.012554,6.500000
195,0,2,0.450227,0.186504,0.976731,6.500000
195,0,3,0.485563,0.190590,0.942168,6.500000
195,0,4,0.390023,0.128905,1.050757,6.500000
195,0,5,0.421873,0.132576,1.012503,6.500000
195,0,6,0.457481,0.137095,0.978126,6.500000
195,0,7,0.492086,0.141174,0.943100,6.500000
195,0,8,0.396100,0.079678,1.052223,6.500000
195,0,9,0.428447,0.083440,1.014246,6.500000
195,0,10,0.463923,0.087579,0.978909,6.500000
195,0,11,0.498786,0.091951,0.943782,6.500000
195,0,12,0.402275,0.030234,1.052501,6.500000
195,0,13,0.436767,0.034487,1.016828,6.500000
195,0,14,0.471065,0.038333,0.980390,6.500000
195,0,15,0.503156,0.041769,0.941946,6.500000
195,0,16,0.407659,-0.020009,1.052060,6.500000
195,0,17,0.442781,-0.015447,1.016679,6.500000
195,0,18,0.476281,-0.011409,0.979814,6.500000
195,0,19,0.510582,-0.006869,0.944700,6.500000
195,0,20,0.414281,-0.068561,1.054261,6.500000
195,0,21,0.450317,-0.064321,1.019356,6.500000
195,0,22,0.483125,-0.060872,0.981236,6.500000
195,0,23,0.516904,-0.056280,0.944778,6.500000
200,0,0,0.373649,0.175138,1.051938,6.666667
200,0,1,0.407253,0.178924,1.015427,6.666667
200,0,2,0.442958,0.182816,0.980917,6.666667
200,0,3,0.478866,0.186983,0.947347,6.666667
200,0,4,0.379253,0.125871,1.052595,6.666667
200,0,5,0.412999,0.129196,1.015654,6.666667
200,0,6,0.449621,0.133613,0.982463,6.666667
200,0,7,0.485523,0.137488,0.947959,6.666667
200,0,8,0.385607,0.076371,1.054394,6.666667
200,0,9,0.420274,0.080072,1.018309,6.666667
200,0,10,0.456041,0.084073,0.983842,6.666667
200,0,11,0.491485,0.087644,0.948516,6.666667
200,0,12,0.391532,0.026762,1.054852,6.666667
200,0,13,0.426397,0.030610,1.019145,6.666667
200,0,14,0.461764,0.034518,0.984456,6.666667
200,0,15,0.496834,0.038293,0.948870,6.666667
200,0,16,0.397666,-0.022772,1.055967,6.666667
200,0,17,0.432941,-0.018967,1.020534,6.666667
200,0,18,0.467500,-0.015085,0.984995,6.666667
200,0,19,0.502897,-0.011273,0.949881,6.666667
200,0,20,0.403554,-0.072227,1.057001,6.666667
200,0,21,0.438962,-0.067974,1.020765,6.666667
200,0,22,0.473075,-0.064660,0.985551,6.666667
200,0,23,0.508820,-0.060690,0.950812,6.666667
205,0,2,0.431197,0.180465,0.987089,6.833333
205,0,3,0.468477,0.184624,0.954125,6.833333
205,0,4,0.365178,0.123674,1.056546,6.833333
205,0,5,0.400523,0.127037,1.020272,6.833333
205,0,6,0.437356,0.131145,0.987926,6.833333
205,0,7,0.474525,0.135360,0.955363,6.833333
205,0,8,0.371844,0.073881,1.058077,6.833333
205,0,9,0.406583,0.078478,1.023167,6.833333
205,0,10,0.443742,0.081808,0.988616,6.833333
205,0,11,0.480318,0.086085,0.956102,6.833333
205,0,12,0.378035,0.024532,1.059072,6.833333
205,0,13,0.413573,0.028194,1.024004,6.833333
205,0,14,0.449482,0.032778,0.990840,6.833333
205,0,15,0.486413,0.036552,0.956718,6.833333
205,0,16,0.383706,-0.025456,1.059480,6.833333
205,0,17,0.420220,-0.020960,1.025983,6.833333
205,0,18,0.455187,-0.017857,0.991410,6.833333
205,0,19,0.492040,-0.013218,0.957081,6.833333
205,0,20,0.389771,-0.074555,1.061012,6.833333
205,0,21,0.428025,-0.069542,1.028344,6.833333
205,0,22,0.461718,-0.066548,0.992236,6.833333
205,0,23,0.493552,-0.062319,0.953745,6.833333
210,0,23,0.483267,-0.062507,0.967126,7.000000
230,0,2,0.289360,0.175952,1.070749,7.666667
230,0,6,0.291657,0.125957,1.069898,7.666667
230,0,11,0.337624,0.077996,1.050317,7.666667
230,0,12,0.202584,0.023855,1.110658,7.666667
230,0,15,0.338774,0.027819,1.048384,7.666667
230,0,16,0.205668,-0.025093,1.111353,7.666667
230,0,17,0.249167,-0.024316,1.089540,7.666667
230,0,18,0.295962,-0.022528,1.069941,7.666667
230,0,19,0.340827,-0.021733,1.048685,7.666667
230,0,20,0.205905,-0.075162,1.111089,7.666667
230,0,21,0.252397,-0.073697,1.091675,7.666667
235,0,2,0.276970,0.176764,1.082907,7.833333
235,0,3,0.323371,0.176932,1.064773,7.833333
235,0,6,0.276610,0.126427,1.080054,7.833333
235,0,7,0.324137,0.127103,1.063793,7.833333
235,0,11,0.324409,0.077049,1.062552,7.833333
235,0,12,0.184043,0.025118,1.113527,7.833333
235,0,15,0.324599,0.027197,1.060429,7.833333
235,0,16,0.184095,-0.025136,1.111608,7.833333
235,0,17,0.231675,-0.023882,1.095343,7.833333
235,0,18,0.278515,-0.023282,1.078577,7.833333
235,0,19,0.325495,-0.023190,1.059290,7.833333
235,0,22,0.278459,-0.073334,1.076587,7.833333
235,0,23,0.325569,-0.072709,1.058995,7.833333
240,0,0,0.170478,0.173528,1.117491,8.000000
240,0,1,0.216818,0.173479,1.097918,8.000000
240,0,2,0.264596,0.174098,1.082309,8.000000
240,0,3,0.311647,0.173205,1.067762,8.000000
240,0,4,0.170050,0.123513,1.113411,8.000000
240,0,5,0.216354,0.123963,1.097002,8.000000
240,0,6,0.263691,0.123573,1.080650,8.000000
240,0,7,0.310826,0.123634,1.066025,8.000000
240,0,8,0.169451,0.074419,1.113425,8.000000
240,0,11,0.309536,0.074449,1.064013,8.000000
240,0,12,0.170037,0.023904,1.110667,8.000000
240,0,15,0.309866,0.024507,1.062319,8.000000
240,0,16,0.168054,-0.025545,1.109805,8.000000
240,0,17,0.215000,-0.024873,1.092923,8.000000
240,0,18,0.262655,-0.025028,1.076216,8.000000
240,0,19,0.303463,-0.023355,1.047664,8.000000
240,0,20,0.167609,-0.074959,1.107769,8.000000
240,0,21,0.215874,-0.074479,1.093006,8.000000
240,0,22,0.258537,-0.073789,1.066728,8.000000
240,0,23,0.302268,-0.073276,1.041956,8.000000
245,0,1,0.211330,0.170493,1.106471,8.166667
245,0,2,0.258852,0.169969,1.090736,8.166667
245,0,3,0.306834,0.169863,1.077938,8.166667
245,0,5,0.210071,0.120423,1.105515,8.166667
245,0,6,0.258138,0.120211,1.090497,8.166667
245,0,7,0.306287,0.119823,1.076606,8.166667
245,0,8,0.162201,0.071133,1.122239,8.166667
245,0,9,0.209655,0.070569,1.104858,8.166667
245,0,10,0.257550,0.070422,1.090010,8.166667
245,0,11,0.304859,0.069576,1.074244,8.166667
245,0,12,0.161164,0.021139,1.120047,8.166667
245,0,13,0.208571,0.020752,1.103081,8.166667
245,0,14,0.256566,0.020461,1.089081,8.166667
245,0,15,0.304361,0.020012,1.073367,8.166667
245,0,16,0.160401,-0.028705,1.120031,8.166667
245,0,17,0.207856,-0.029323,1.102824,8.166667
245,0,18,0.256036,-0.029427,1.088891,8.166667
245,0,19,0.302927,-0.029881,1.071896,8.166667
245,0,20,0.159292,-0.078934,1.117456,8.166667
245,0,21,0.206369,-0.079665,1.101396,8.166667
245,0,22,0.254366,-0.079657,1.085955,8.166667
245,0,23,0.302189,-0.080073,1.069713,8.166667
250,0,2,0.245131,0.166103,1.096597,8.333333
250,0,6,0.240175,0.116391,1.094553,8.333333
250,0,11,0.288091,0.063659,1.082488,8.333333
260,0,7,0.221098,0.113130,1.102284,8.666667
265,0,12,0.037618,0.015347,1.114310,8.833333
270,0,0,0.027263,0.159703,1.121012,9.000000
270,0,1,0.076275,0.155076,1.113526,9.000000
270,0,2,0.125768,0.150669,1.112028,9.000000
270,0,3,0.175417,0.146723,1.111037,9.000000
270,0,6,0.122093,0.101170,1.110164,9.000000
270,0,7,0.171390,0.096975,1.108557,9.000000
270,0,11,0.167230,0.047623,1.106579,9.000000
270,0,12,0.016016,0.009641,1.114034,9.000000
270,0,15,0.164106,-0.001609,1.107564,9.000000
270,0,16,0.012497,-0.039537,1.112417,9.000000
270,0,17,0.062349,-0.044397,1.109597,9.000000
270,0,18,0.110624,-0.047801,1.106109,9.000000
270,0,19,0.160546,-0.051470,1.104543,9.000000
270,0,20,0.007815,-0.089373,1.110460,9.000000
270,0,21,0.058484,-0.092924,1.108473,9.000000
275,0,0,0.025818,0.157872,1.123534,9.166667
275,0,1,0.075555,0.154283,1.117599,9.166667
275,0,2,0.125459,0.150527,1.116024,9.166667
275,0,3,0.175416,0.146343,1.115236,9.166667
275,0,6,0.121182,0.100730,1.113997,9.166667
275,0,7,0.171189,0.096762,1.113335,9.166667
275,0,10,0.118175,0.051106,1.115913,9.166667
275,0,11,0.168298,0.046511,1.112654,9.166667
275,0,12,0.014666,0.008730,1.118310,9.166667
275,0,13,0.064408,0.004814,1.116586,9.166667
275,0,14,0.114507,0.000539,1.113120,9.166667
275,0,15,0.163664,-0.003039,1.111115,9.166667
275,0,16,0.010594,-0.041425,1.118181,9.166667
275,0,17,0.060766,-0.044907,1.114823,9.166667
275,0,18,0.110403,-0.049143,1.110063,9.166667
275,0,19,0.160115,-0.052719,1.109164,9.166667
275,0,20,0.007180,-0.091212,1.116258,9.166667
275,0,21,0.057303,-0.095004,1.111480,9.166667
275,0,22,0.106543,-0.098669,1.110254,9.166667
275,0,23,0.156358,-0.102784,1.107588,9.166667
280,0,6,0.121488,0.100278,1.105249,9.333333
280,0,10,0.117843,0.050903,1.106371,9.333333
280,0,11,0.167816,0.047449,1.103476,9.333333
280,0,12,0.015836,0.008273,1.113846,9.333333
280,0,13,0.064880,0.004794,1.110933,9.333333
280,0,14,0.114561,0.001164,1.105254,9.333333
280,0,15,0.164228,-0.001902,1.104271,9.333333
280,0,16,0.011812,-0.041742,1.113750,9.333333
280,0,17,0.061925,-0.045093,1.109211,9.333333
280,0,18,0.111106,-0.048599,1.107753,9.333333
280,0,19,0.161171,-0.051743,1.102544,9.333333
280,0,20,0.008658,-0.091558,1.112134,9.333333
280,0,21,0.058472,-0.094882,1.108789,9.333333
280,0,22,0.107933,-0.098216,1.103917,9.333333
280,0,23,0.157625,-0.101514,1.101765,9.333333
285,0,12,0.015395,0.014726,1.103921,9.500000
285,0,15,0.165754,0.008487,1.094144,9.500000
285,0,16,0.013599,-0.035470,1.107686,9.500000
285,0,17,0.063282,-0.037270,1.104046,9.500000
285,0,18,0.113037,-0.040112,1.100932,9.500000
285,0,19,0.163457,-0.041781,1.097198,9.500000
285,0,20,0.011539,-0.085115,1.112367,9.500000
285,0,21,0.061521,-0.087703,1.109182,9.500000
285,0,22,0.111310,-0.089497,1.104559,9.500000
285,0,23,0.161419,-0.092137,1.100884,9.500000
290,0,0,0.013733,0.162525,1.059951,9.666667
290,0,1,0.062929,0.160021,1.053708,9.666667
290,0,2,0.112443,0.157501,1.049163,9.666667
290,0,3,0.162172,0.155655,1.046724,9.666667
290,0,6,0.111596,0.108825,1.061638,9.666667
290,0,7,0.161014,0.106913,1.058310,9.666667
290,0,10,0.110280,0.060376,1.073634,9.666667
290,0,11,0.159919,0.058471,1.070957,9.666667
290,0,12,0.008719,0.015663,1.092721,9.666667
290,0,13,0.058671,0.013351,1.088786,9.666667
290,0,14,0.108471,0.011017,1.084026,9.666667
290,0,15,0.158161,0.008769,1.081142,9.666667
290,0,16,0.007486,-0.033244,1.103766,9.666667
290,0,17,0.056929,-0.035953,1.098840,9.666667
290,0,18,0.106865,-0.038306,1.095369,9.666667
290,0,19,0.156858,-0.040591,1.090590,9.666667
290,0,20,0.005415,-0.083041,1.113076,9.666667
290,0,21,0.055216,-0.085317,1.110012,9.666667
290,0,22,0.105055,-0.087377,1.105181,9.666667
290,0,23,0.155030,-0.090153,1.099673,9.666667
295,0,0,0.011287,0.149451,1.047937,9.833333
295,0,1,0.060879,0.145754,1.041444,9.833333
295,0,2,0.110583,0.142714,1.037997,9.833333
295,0,3,0.160702,0.139374,1.035162,9.833333
295,0,6,0.109126,0.095466,1.055835,9.833333
295,0,7,0.159261,0.092884,1.053810,9.833333
295,0,11,0.157570,0.044079,1.068827,9.833333
295,0,12,0.005435,0.007045,1.097865,9.833333
295,0,15,0.155392,-0.003401,1.085032,9.833333
295,0,16,0.003939,-0.040892,1.114493,9.833333
295,0,17,0.053423,-0.044927,1.109372,9.833333
295,0,18,0.103414,-0.048180,1.105970,9.833333
295,0,19,0.153650,-0.051460,1.101401,9.833333
295,0,20,0.001422,-0.088866,1.129110,9.833333
295,0,21,0.051427,-0.092976,1.124901,9.833333
295,0,22,0.101811,-0.096576,1.120319,9.833333
295,0,23,0.151393,-0.099516,1.115267,9.833333
300,0,0,0.005750,0.140250,1.041084,10.000000
300,0,1,0.055500,0.135736,1.034944,10.000000
300,0,2,0.105605,0.132955,1.030772,10.000000
300,0,3,0.155177,0.130131,1.029171,10.000000
300,0,4,0.003641,0.093745,1.060212,10.000000
300,0,5,0.053891,0.090233,1.055742,10.000000
300,0,6,0.103411,0.086249,1.050881,10.000000
300,0,7,0.153578,0.083519,1.048135,10.000000
300,0,8,0.001730,0.047211,1.080013,10.000000
300,0,9,0.051463,0.043060,1.074328,10.000000
300,0,10,0.101664,0.039993,1.071423,10.000000
300,0,11,0.151423,0.036304,1.067175,10.000000
300,0,12,-0.000142,0.000200,1.098510,10.000000
300,0,13,0.049985,-0.003102,1.094542,10.000000
300,0,14,0.099345,-0.006658,1.090585,10.000000
300,0,15,0.149642,-0.010142,1.086187,10.000000
300,0,16,-0.002356,-0.046334,1.117343,10.000000
300,0,17,0.047659,-0.050173,1.112867,10.000000
300,0,18,0.097549,-0.053647,1.109103,10.000000
300,0,19,0.147546,-0.057691,1.103647,10.000000
300,0,20,-0.004175,-0.093137,1.134437,10.000000
300,0,21,0.045294,-0.097104,1.130390,10.000000
300,0,22,0.095575,-0.100809,1.126476,10.000000
300,0,23,0.145202,-0.104171,1.122030,10.000000
305,0,1,0.049884,0.123350,1.032777,10.166667
305,0,2,0.100040,0.119670,1.027472,10.166667
305,0,3,0.149406,0.115669,1.022418,10.166667
305,0,5,0.048479,0.076728,1.052566,10.166667
305,0,6,0.098323,0.073995,1.047808,10.166667
305,0,7,0.148698,0.071159,1.044897,10.166667
305,0,8,-0.001683,0.036290,1.081254,10.166667
305,0,11,0.146947,0.026467,1.067003,10.166667
305,0,12,-0.003680,-0.009040,1.101670,10.166667
305,0,15,0.146123,-0.019637,1.087277,10.166667
305,0,16,-0.004788,-0.055062,1.122484,10.166667
305,0,17,0.044812,-0.058582,1.116831,10.166667
305,0,18,0.095861,-0.060780,1.115245,10.166667
305,0,19,0.144177,-0.064971,1.107722,10.166667
305,0,22,0.092803,-0.106892,1.133247,10.166667
305,0,23,0.144113,-0.110237,1.130082,10.166667
310,0,0,0.000654,0.113167,1.049615,10.333333
310,0,1,0.050093,0.108940,1.042195,10.333333
310,0,2,0.100347,0.105355,1.036807,10.333333
310,0,3,0.149992,0.102814,1.032897,10.333333
310,0,6,0.099504,0.060977,1.060733,10.333333
310,0,7,0.150125,0.059176,1.058087,10.333333
310,0,11,0.148780,0.013835,1.080728,10.333333
310,0,12,-0.002212,-0.022935,1.116270,10.333333
310,0,15,0.147655,-0.031500,1.102722,10.333333
310,0,16,-0.002962,-0.067167,1.139505,10.333333
310,0,17,0.046819,-0.070409,1.134279,10.333333
310,0,18,0.097070,-0.073230,1.130426,10.333333
310,0,19,0.146731,-0.076590,1.124855,10.333333
310,0,20,-0.004125,-0.111676,1.160057,10.333333
310,0,21,0.046235,-0.114900,1.157030,10.333333
310,0,22,0.095493,-0.118069,1.151713,10.333333
310,0,23,0.145801,-0.121477,1.146795,10.333333
315,0,0,-0.001071,0.100531,1.050687,10.500000
315,0,1,0.048621,0.097036,1.044027,10.500000
315,0,2,0.099180,0.095085,1.039593,10.500000
315,0,3,0.148277,0.093062,1.035489,10.500000
315,0,6,0.098439,0.050535,1.063442,10.500000
315,0,7,0.148873,0.049321,1.060400,10.500000
315,0,10,0.098990,0.007910,1.090101,10.500000
315,0,11,0.148239,0.005377,1.084930,10.500000
315,0,12,-0.001746,-0.030836,1.123446,10.500000
315,0,13,0.048569,-0.033977,1.118031,10.500000
315,0,14,0.098325,-0.036575,1.113145,10.500000
315,0,15,0.148291,-0.038883,1.108503,10.500000
315,0,16,-0.001597,-0.075266,1.146626,10.500000
315,0,17,0.048202,-0.077996,1.141403,10.500000
315,0,18,0.098187,-0.080380,1.137157,10.500000
315,0,19,0.147804,-0.082565,1.132389,10.500000
315,0,20,-0.001860,-0.118607,1.170562,10.500000
315,0,21,0.047970,-0.121506,1.165608,10.500000
315,0,22,0.097770,-0.124042,1.160785,10.500000
315,0,23,0.147842,-0.126593,1.156030,10.500000
320,0,0,-0.003446,0.095194,1.049738,10.666667
320,0,1,0.046074,0.092388,1.043474,10.666667
320,0,2,0.095875,0.091535,1.039362,10.666667
320,0,3,0.145721,0.091238,1.036559,10.666667
320,0,4,-0.002431,0.052426,1.075757,10.666667
320,0,5,0.047286,0.050245,1.069961,10.666667
320,0,6,0.096712,0.049004,1.065773,10.666667
320,0,7,0.146790,0.048413,1.062252,10.666667
320,0,8,-0.001069,0.010423,1.102798,10.666667
320,0,9,0.048086,0.007697,1.096425,10.666667
320,0,10,0.098047,0.007015,1.092907,10.666667
320,0,11,0.147733,0.005908,1.088845,10.666667
320,0,12,-0.000724,-0.032624,1.127388,10.666667
320,0,13,0.049189,-0.034470,1.123048,10.666667
320,0,14,0.098948,-0.035520,1.119377,10.666667
320,0,15,0.148822,-0.036545,1.115330,10.666667
320,0,16,0.000238,-0.075283,1.153323,10.666667
320,0,17,0.049995,-0.076739,1.149236,10.666667
320,0,18,0.099667,-0.078348,1.144651,10.666667
320,0,19,0.149566,-0.079707,1.140540,10.666667
320,0,20,0.001110,-0.117794,1.178658,10.666667
320,0,21,0.051283,-0.118867,1.175721,10.666667
320,0,22,0.100662,-0.120690,1.170648,10.666667
320,0,23,0.150560,-0.122458,1.166149,10.666667
325,0,0,-0.000835,0.097760,1.055843,10.833333
325,0,1,0.048539,0.095267,1.049757,10.833333
325,0,2,0.098723,0.094520,1.046203,10.833333
325,0,3,0.148144,0.094076,1.043149,10.833333
325,0,4,-0.000314,0.054856,1.081627,10.833333
325,0,5,0.049661,0.052686,1.076193,10.833333
325,0,6,0.099022,0.051896,1.072253,10.833333
325,0,7,0.149337,0.051165,1.069005,10.833333
325,0,8,0.000770,0.011972,1.107738,10.833333
325,0,9,0.050441,0.010347,1.102730,10.833333
325,0,10,0.100569,0.009672,1.099430,10.833333
325,0,11,0.150208,0.008376,1.094983,10.833333
325,0,12,0.001632,-0.029988,1.134358,10.833333
325,0,13,0.051772,-0.031554,1.130066,10.833333
325,0,14,0.101384,-0.032944,1.125495,10.833333
325,0,15,0.151452,-0.033795,1.121584,10.833333
325,0,16,0.002757,-0.072965,1.159664,10.833333
325,0,17,0.052291,-0.074372,1.154834,10.833333
325,0,18,0.102240,-0.075675,1.150949,10.833333
325,0,19,0.151943,-0.076926,1.146859,10.833333
325,0,20,0.003575,-0.115297,1.185298,10.833333
325,0,21,0.053614,-0.116488,1.181628,10.833333
325,0,22,0.102993,-0.117554,1.177771,10.833333
325,0,23,0.152699,-0.120227,1.171410,10.833333
330,0,0,0.000125,0.100659,1.053629,11.000000
330,0,1,0.049750,0.097905,1.048071,11.000000
330,0,2,0.099758,0.096988,1.043985,11.000000
330,0,3,0.149682,0.096622,1.041262,11.000000
330,0,4,0.000919,0.058809,1.080985,11.000000
330,0,5,0.050720,0.056372,1.075685,11.000000
330,0,6,0.100408,0.055581,1.071817,11.000000
330,0,7,0.150913,0.055006,1.068812,11.000000
330,0,8,0.002156,0.017213,1.108936,11.000000
330,0,9,0.051500,0.015392,1.103959,11.000000
330,0,10,0.101924,0.014462,1.100447,11.000000
330,0,11,0.151595,0.013123,1.096446,11.000000
330,0,12,0.003158,-0.024528,1.136007,11.000000
330,0,13,0.053115,-0.026000,1.131981,11.000000
330,0,14,0.102629,-0.027186,1.127826,11.000000
330,0,15,0.152693,-0.028490,1.123895,11.000000
330,0,16,0.004334,-0.065601,1.164243,11.000000
330,0,17,0.053923,-0.067373,1.159973,11.000000
330,0,18,0.104030,-0.068773,1.155663,11.000000
330,0,19,0.153484,-0.070150,1.151431,11.000000
330,0,20,0.005141,-0.107143,1.191642,11.000000
330,0,21,0.054825,-0.109090,1.186893,11.000000
330,0,22,0.104584,-0.110307,1.182789,11.000000
330,0,23,0.154569,-0.112355,1.178070,11.000000
335,0,0,-0.000612,0.100195,1.047260,11.166667
335,0,1,0.048759,0.097668,1.041119,11.166667
335,0,2,0.098613,0.096349,1.036856,11.166667
335,0,3,0.148698,0.096777,1.035034,11.166667
335,0,4,0.000268,0.059111,1.075395,11.166667
335,0,5,0.050055,0.056754,1.070050,11.166667
335,0,6,0.099794,0.056221,1.066382,11.166667
335,0,7,0.149874,0.055905,1.063624,11.166667
335,0,8,0.001746,0.018166,1.104228,11.166667
335,0,9,0.051231,0.016396,1.099221,11.166667
335,0,10,0.101465,0.015925,1.096052,11.166667
335,0,11,0.150990,0.014981,1.091900,11.166667
335,0,12,0.002881,-0.022423,1.132928,11.166667
335,0,13,0.052783,-0.023783,1.128753,11.166667
335,0,14,0.102326,-0.024783,1.124645,11.166667
335,0,15,0.152227,-0.025923,1.120826,11.166667
335,0,16,0.004268,-0.062881,1.161661,11.166667
335,0,17,0.053884,-0.064530,1.157303,11.166667
335,0,18,0.103601,-0.065600,1.153316,11.166667
335,0,19,0.153281,-0.066776,1.149005,11.166667
335,0,20,0.005405,-0.103940,1.189754,11.166667
335,0,21,0.055455,-0.104649,1.186976,11.166667
335,0,22,0.104855,-0.106475,1.181555,11.166667
335,0,23,0.155031,-0.107578,1.177919,11.166667
340,0,0,-0.001314,0.097700,1.041345,11.333333
340,0,1,0.048312,0.094887,1.035881,11.333333
340,0,2,0.098272,0.094007,1.032102,11.333333
340,0,3,0.147925,0.093636,1.029962,11.333333
340,0,4,-0.000596,0.057199,1.070359,11.333333
340,0,5,0.049151,0.054821,1.065904,11.333333
340,0,6,0.098867,0.053959,1.062409,11.333333
340,0,7,0.149007,0.053467,1.059668,11.333333
340,0,8,0.000620,0.017054,1.099825,11.333333
340,0,9,0.050118,0.015033,1.095612,11.333333
340,0,10,0.099885,0.014228,1.092628,11.333333
340,0,11,0.149465,0.013167,1.088767,11.333333
340,0,12,0.001260,-0.023048,1.129022,11.333333
340,0,13,0.051032,-0.024796,1.125509,11.333333
340,0,14,0.100814,-0.025743,1.121927,11.333333
340,0,15,0.150712,-0.026867,1.118579,11.333333
340,0,16,0.002490,-0.062904,1.158956,11.333333
340,0,17,0.051976,-0.064709,1.154707,11.333333
340,0,18,0.101925,-0.065787,1.151428,11.333333
340,0,19,0.151518,-0.067443,1.147432,11.333333
340,0,20,0.003266,-0.103213,1.187974,11.333333
340,0,21,0.052989,-0.104565,1.184236,11.333333
340,0,22,0.102651,-0.106250,1.180170,11.333333
340,0,23,0.152627,-0.107658,1.176892,11.333333
345,0,0,-0.001302,0.100377,1.036582,11.500000
345,0,1,0.048048,0.097965,1.032041,11.500000
345,0,2,0.097950,0.096443,1.028431,11.500000
345,0,3,0.147946,0.096223,1.026398,11.500000
345,0,4,-0.000490,0.059974,1.066269,11.500000
345,0,5,0.048997,0.057329,1.061066,11.500000
345,0,6,0.098669,0.056711,1.058402,11.500000
345,0,7,0.148975,0.056308,1.056305,11.500000
345,0,8,0.000291,0.020087,1.095808,11.500000
345,0,9,0.049857,0.018010,1.091816,11.500000
345,0,10,0.099770,0.017056,1.088819,11.500000
345,0,11,0.149417,0.015829,1.085901,11.500000
345,0,12,0.000812,-0.020122,1.125158,11.500000
345,0,13,0.050574,-0.021776,1.121766,11.500000
345,0,14,0.100319,-0.023086,1.118631,11.500000
345,0,15,0.150131,-0.024111,1.115464,11.500000
345,0,16,0.001564,-0.060056,1.155070,11.500000
345,0,17,0.051186,-0.061828,1.151222,11.500000
345,0,18,0.101181,-0.062842,1.148184,11.500000
345,0,19,0.150764,-0.064412,1.144770,11.500000
345,0,20,0.002270,-0.100166,1.184492,11.500000
345,0,21,0.052175,-0.101533,1.181082,11.500000
345,0,22,0.101616,-0.103269,1.176947,11.500000
345,0,23,0.151555,-0.105140,1.173353,11.500000
350,0,0,0.000428,0.102751,1.033228,11.666667
350,0,1,0.050129,0.100202,1.029005,11.666667
350,0,2,0.100143,0.098905,1.026001,11.666667
350,0,3,0.149810,0.098410,1.024468,11.666667
350,0,4,0.000908,0.062778,1.063276,11.666667
350,0,5,0.050800,0.060269,1.059224,11.666667
350,0,6,0.100487,0.059003,1.056405,11.666667
350,0,7,0.150355,0.058668,1.055298,11.666667
350,0,8,0.001774,0.023071,1.093673,11.666667
350,0,9,0.051066,0.020602,1.089465,11.666667
350,0,10,0.100771,0.019460,1.086828,11.666667
350,0,11,0.150804,0.018292,1.084375,11.666667
350,0,12,0.001892,-0.017353,1.122526,11.666667
350,0,13,0.051752,-0.018486,1.120383,11.666667
350,0,14,0.101326,-0.020418,1.116562,11.666667
350,0,15,0.151105,-0.021467,1.114421,11.666667
350,0,16,0.002075,-0.057036,1.152085,11.666667
350,0,17,0.051904,-0.058689,1.149474,11.666667
350,0,18,0.101677,-0.060142,1.146346,11.666667
350,0,19,0.151372,-0.061966,1.142801,11.666667
350,0,20,0.002536,-0.096653,1.182215,11.666667
350,0,21,0.052574,-0.098131,1.179195,11.666667
350,0,22,0.102062,-0.099912,1.175733,11.666667
350,0,23,0.151994,-0.101921,1.172083,11.666667
355,0,0,0.002001,0.114179,1.034687,11.833333
355,0,1,0.051467,0.110958,1.029188,11.833333
355,0,2,0.101511,0.109378,1.025829,11.833333
355,0,3,0.151285,0.109754,1.024293,11.833333
355,0,4,0.002259,0.073495,1.063844,11.833333
355,0,5,0.052460,0.071412,1.060502,11.833333
355,0,6,0.102458,0.069857,1.057126,11.833333
355,0,7,0.152218,0.069347,1.054604,11.833333
355,0,8,0.003106,0.033701,1.094417,11.833333
355,0,9,0.052795,0.031574,1.090382,11.833333
355,0,10,0.102939,0.030567,1.087901,11.833333
355,0,11,0.153020,0.029733,1.085727,11.833333
355,0,12,0.003561,-0.006179,1.124345,11.833333
355,0,13,0.053604,-0.007994,1.121201,11.833333
355,0,14,0.103448,-0.009107,1.118047,11.833333
355,0,15,0.153808,-0.010355,1.115210,11.833333
355,0,16,0.004281,-0.045865,1.154845,11.833333
355,0,17,0.054066,-0.047727,1.151325,11.833333
355,0,18,0.104278,-0.049042,1.148233,11.833333
355,0,19,0.154388,-0.051005,1.144958,11.833333
355,0,20,0.004774,-0.085784,1.184373,11.833333
355,0,21,0.054523,-0.087555,1.181087,11.833333
355,0,22,0.104326,-0.089039,1.177521,11.833333
355,0,23,0.154737,-0.090615,1.174768,11.833333
360,0,0,0.000959,0.113189,1.027748,12.000000
360,0,1,0.050408,0.110333,1.022614,12.000000
360,0,2,0.100395,0.109169,1.018737,12.000000
360,0,3,0.150125,0.109594,1.016950,12.000000
360,0,4,0.001656,0.073801,1.058625,12.000000
360,0,5,0.051558,0.071247,1.053461,12.000000
360,0,6,0.101283,0.070790,1.050809,12.000000
360,0,7,0.151508,0.070310,1.048189,12.000000
360,0,8,0.002795,0.034850,1.089626,12.000000
360,0,9,0.052488,0.032979,1.085603,12.000000
360,0,10,0.102441,0.032394,1.082927,12.000000
360,0,11,0.152203,0.031410,1.079587,12.000000
360,0,12,0.003626,-0.003844,1.120596,12.000000
360,0,13,0.053813,-0.005267,1.117340,12.000000
360,0,14,0.103334,-0.006807,1.113442,12.000000
360,0,15,0.153566,-0.007417,1.110814,12.000000
360,0,16,0.004711,-0.042763,1.151470,12.000000
360,0,17,0.054361,-0.044341,1.147795,12.000000
360,0,18,0.104359,-0.045240,1.145348,12.000000
360,0,19,0.154243,-0.046745,1.141440,12.000000
360,0,20,0.005489,-0.081378,1.182757,12.000000
360,0,21,0.055466,-0.082944,1.179126,12.000000
360,0,22,0.105483,-0.084730,1.175472,12.000000
360,0,23,0.155412,-0.085781,1.172435,12.000000
365,0,0,0.002556,0.111734,1.029327,12.166667
365,0,1,0.052359,0.109441,1.024733,12.166667
365,0,2,0.102603,0.108522,1.021501,12.166667
365,0,3,0.152266,0.108285,1.018554,12.166667
365,0,4,0.003572,0.073227,1.060947,12.166667
365,0,5,0.053744,0.071030,1.056659,12.166667
365,0,6,0.103530,0.070055,1.053098,12.166667
365,0,7,0.153539,0.069760,1.050748,12.166667
365,0,8,0.004882,0.034113,1.092067,12.166667
365,0,9,0.054518,0.032467,1.088127,12.166667
365,0,10,0.104593,0.031797,1.085319,12.166667
365,0,11,0.154497,0.030750,1.082037,12.166667
365,0,12,0.005839,-0.004188,1.123643,12.166667
365,0,13,0.055652,-0.005755,1.120075,12.166667
365,0,14,0.105500,-0.007031,1.116173,12.166667
365,0,15,0.155656,-0.007880,1.113204,12.166667
365,0,16,0.007140,-0.042715,1.154826,12.166667
365,0,17,0.056633,-0.044485,1.150744,12.166667
365,0,18,0.106299,-0.045606,1.147656,12.166667
365,0,19,0.156129,-0.046620,1.143762,12.166667
365,0,20,0.007904,-0.081174,1.186122,12.166667
365,0,21,0.057773,-0.082609,1.182665,12.166667
365,0,22,0.107304,-0.084000,1.178096,12.166667
365,0,23,0.157577,-0.085477,1.175369,12.166667
370,0,0,0.005232,0.115195,1.033210,12.333333
370,0,1,0.054667,0.112217,1.027636,12.333333
370,0,2,0.104648,0.111006,1.023849,12.333333
370,0,3,0.154592,0.111098,1.021545,12.333333
370,0,4,0.005955,0.075343,1.063303,12.333333
370,0,5,0.055852,0.073181,1.059184,12.333333
370,0,6,0.105724,0.072419,1.055554,12.333333
370,0,7,0.155786,0.072169,1.053097,12.333333
370,0,8,0.007247,0.036750,1.094930,12.333333
370,0,9,0.056882,0.034496,1.090430,12.333333
370,0,10,0.107236,0.034287,1.087850,12.333333
370,0,11,0.156712,0.032675,1.084174,12.333333
370,0,12,0.008039,-0.002485,1.125301,12.333333
370,0,13,0.057971,-0.003907,1.122211,12.333333
370,0,14,0.107564,-0.004992,1.118406,12.333333
370,0,15,0.157646,-0.005949,1.115347,12.333333
370,0,16,0.009080,-0.041155,1.156654,12.333333
370,0,17,0.058709,-0.042923,1.152542,12.333333
370,0,18,0.108564,-0.044083,1.149346,12.333333
370,0,19,0.158083,-0.045224,1.145434,12.333333
370,0,20,0.009749,-0.080367,1.186675,12.333333
370,0,21,0.059793,-0.081524,1.183858,12.333333
370,0,22,0.109613,-0.083361,1.179496,12.333333
370,0,23,0.159556,-0.084668,1.176109,12.333333
375,0,0,0.004979,0.114206,1.036029,12.500000
375,0,1,0.054272,0.111418,1.030977,12.500000
375,0,2,0.104351,0.110489,1.027763,12.500000
375,0,3,0.153979,0.110575,1.025243,12.500000
375,0,4,0.005671,0.074365,1.066554,12.500000
375,0,5,0.055383,0.071899,1.061433,12.500000
375,0,6,0.105237,0.071329,1.058555,12.500000
375,0,7,0.155529,0.071573,1.056581,12.500000
375,0,8,0.006829,0.035191,1.097296,12.500000
375,0,9,0.056314,0.033006,1.092317,12.500000
375,0,10,0.106301,0.032554,1.090039,12.500000
375,0,11,0.156133,0.031530,1.086055,12.500000
375,0,12,0.007738,-0.003898,1.127949,12.500000
375,0,13,0.057724,-0.005202,1.124502,12.500000
375,0,14,0.107123,-0.006584,1.119638,12.500000
375,0,15,0.157504,-0.007343,1.117246,12.500000
375,0,16,0.008738,-0.042945,1.158464,12.500000
375,0,17,0.058407,-0.044469,1.154358,12.500000
375,0,18,0.108246,-0.045641,1.151081,12.500000
375,0,19,0.157867,-0.046934,1.146676,12.500000
375,0,20,0.009511,-0.081911,1.188477,12.500000
375,0,21,0.059834,-0.083187,1.185455,12.500000
375,0,22,0.109229,-0.084745,1.181559,12.500000
375,0,23,0.159306,-0.086339,1.177746,12.500000
380,0,0,0.001829,0.115037,1.034513,12.666667
380,0,1,0.051059,0.112004,1.028751,12.666667
380,0,2,0.101137,0.110767,1.025974,12.666667
380,0,3,0.150725,0.110088,1.023312,12.666667
380,0,4,0.002336,0.075569,1.064749,12.666667
380,0,5,0.052153,0.072617,1.059754,12.666667
380,0,6,0.101848,0.071442,1.057001,12.666667
380,0,7,0.151889,0.070687,1.053706,12.666667
380,0,8,0.003488,0.036222,1.095517,12.666667
380,0,9,0.052687,0.034076,1.091522,12.666667
380,0,10,0.102931,0.032830,1.088486,12.666667
380,0,11,0.152551,0.031198,1.084906,12.666667
380,0,12,0.004032,-0.003249,1.125895,12.666667
380,0,13,0.053813,-0.005040,1.122497,12.666667
380,0,14,0.103435,-0.006349,1.119273,12.666667
380,0,15,0.153800,-0.007337,1.116883,12.666667
380,0,16,0.004865,-0.042240,1.156675,12.666667
380,0,17,0.054540,-0.044044,1.153545,12.666667
380,0,18,0.104593,-0.045688,1.149890,12.666667
380,0,19,0.154214,-0.047678,1.146073,12.666667
380,0,20,0.005584,-0.081565,1.186984,12.666667
380,0,21,0.055692,-0.083086,1.184462,12.666667
380,0,22,0.105249,-0.085108,1.180816,12.666667
380,0,23,0.155409,-0.086567,1.177179,12.666667
385,0,0,0.000265,0.129474,1.042531,12.833333
385,0,1,0.049728,0.126677,1.036840,12.833333
385,0,2,0.099735,0.125243,1.033576,12.833333
385,0,3,0.149595,0.124334,1.031057,12.833333
385,0,4,0.000360,0.086596,1.068439,12.833333
385,0,5,0.049982,0.083722,1.063476,12.833333
385,0,6,0.099946,0.082913,1.061025,12.833333
385,0,7,0.149761,0.081845,1.058039,12.833333
385,0,8,0.000792,0.044056,1.095348,12.833333
385,0,9,0.050526,0.041878,1.090971,12.833333
385,0,10,0.100421,0.040833,1.088181,12.833333
385,0,11,0.150366,0.039049,1.084079,12.833333
385,0,12,0.000802,0.001958,1.122251,12.833333
385,0,13,0.051175,0.000206,1.118609,12.833333
385,0,14,0.100628,-0.001360,1.114964,12.833333
385,0,15,0.150363,-0.003191,1.111576,12.833333
385,0,16,0.001494,-0.040348,1.148674,12.833333
385,0,17,0.051089,-0.042440,1.144618,12.833333
385,0,18,0.101043,-0.044030,1.141455,12.833333
385,0,19,0.150636,-0.045620,1.136724,12.833333
385,0,20,0.001495,-0.082893,1.174202,12.833333
385,0,21,0.051599,-0.084498,1.171070,12.833333
385,0,22,0.101311,-0.086660,1.167153,12.833333
385,0,23,0.150980,-0.088241,1.163319,12.833333
390,0,0,-0.000399,0.132383,1.044575,13.000000
390,0,1,0.049296,0.129517,1.039113,13.000000
390,0,2,0.099111,0.127824,1.035497,13.000000
390,0,3,0.149114,0.127338,1.033849,13.000000
390,0,4,-0.000215,0.088806,1.069523,13.000000
390,0,5,0.049780,0.086829,1.065433,13.000000
390,0,6,0.099196,0.085115,1.061411,13.000000
390,0,7,0.149346,0.083946,1.059092,13.000000
390,0,8,0.000002,0.045594,1.094497,13.000000
390,0,9,0.049576,0.043449,1.090448,13.000000
390,0,10,0.099395,0.042102,1.087288,13.000000
390,0,11,0.149375,0.040767,1.084043,13.000000
390,0,12,-0.000062,0.002825,1.120223,13.000000
390,0,13,0.050096,0.000941,1.116766,13.000000
390,0,14,0.099612,-0.000827,1.112756,13.000000
390,0,15,0.149638,-0.002415,1.109900,13.000000
390,0,16,0.000271,-0.040571,1.144967,13.000000
390,0,17,0.049854,-0.042240,1.141282,13.000000
390,0,18,0.099820,-0.044378,1.137671,13.000000
390,0,19,0.149250,-0.045658,1.134477,13.000000
390,0,20,0.000011,-0.083455,1.169596,13.000000
390,0,21,0.050266,-0.085333,1.166701,13.000000
390,0,22,0.099837,-0.087477,1.162811,13.000000
390,0,23,0.150325,-0.088841,1.159348,13.000000
395,0,0,-0.000473,0.138003,1.054358,13.166667
395,0,1,0.049169,0.135462,1.047404,13.166667
395,0,2,0.098759,0.134546,1.043318,13.166667
395,0,3,0.148624,0.134068,1.040140,13.166667
395,0,4,0.000004,0.092331,1.074902,13.166667
395,0,5,0.049610,0.090036,1.069450,13.166667
395,0,6,0.099786,0.089504,1.065728,13.166667
395,0,7,0.149189,0.088405,1.060807,13.166667
395,0,8,0.000901,0.047414,1.097762,13.166667
395,0,9,0.050396,0.045569,1.092029,13.166667
395,0,10,0.100092,0.044597,1.088551,13.166667
395,0,11,0.150190,0.043657,1.084248,13.166667
395,0,12,0.001426,0.002158,1.119248,13.166667
395,0,13,0.051439,0.001169,1.115583,13.166667
395,0,14,0.101121,-0.000122,1.111049,13.166667
395,0,15,0.151034,-0.001224,1.106577,13.166667
395,0,16,0.002351,-0.042446,1.141978,13.166667
395,0,17,0.051810,-0.044034,1.137023,13.166667
395,0,18,0.101471,-0.045524,1.132024,13.166667
395,0,19,0.151348,-0.046707,1.127548,13.166667
395,0,20,0.002703,-0.087571,1.162797,13.166667
395,0,21,0.052416,-0.088992,1.158903,13.166667
395,0,22,0.102275,-0.090261,1.154151,13.166667
395,0,23,0.152245,-0.091691,1.149096,13.166667
400,0,0,0.001229,0.147541,1.057107,13.333333
400,0,1,0.050791,0.145788,1.050137,13.333333
400,0,2,0.100312,0.144081,1.044516,13.333333
400,0,3,0.150317,0.143995,1.042100,13.333333
400,0,4,0.001836,0.101360,1.076345,13.333333
400,0,5,0.051684,0.099877,1.070732,13.333333
400,0,6,0.101304,0.098581,1.066028,13.333333
400,0,7,0.150781,0.097496,1.062211,13.333333
400,0,8,0.002476,0.055117,1.096317,13.333333
400,0,9,0.052140,0.053338,1.090379,13.333333
400,0,10,0.102244,0.053042,1.087909,13.333333
400,0,11,0.151844,0.051548,1.082170,13.333333
400,0,12,0.003015,0.009296,1.116504,13.333333
400,0,13,0.052952,0.007688,1.111378,13.333333
400,0,14,0.102556,0.006296,1.106085,13.333333
400,0,15,0.152661,0.005425,1.101766,13.333333
400,0,16,0.003738,-0.036928,1.136848,13.333333
400,0,17,0.053251,-0.038333,1.131009,13.333333
400,0,18,0.103364,-0.039509,1.127182,13.333333
400,0,19,0.152975,-0.041130,1.121384,13.333333
400,0,20,0.004321,-0.083184,1.155611,13.333333
400,0,21,0.054202,-0.084399,1.151474,13.333333
400,0,22,0.103902,-0.085772,1.146471,13.333333
400,0,23,0.153496,-0.087425,1.140633,13.333333
405,0,0,-0.000591,0.153686,1.058810,13.500000
405,0,1,0.048773,0.151648,1.049879,13.500000
405,0,2,0.098817,0.151085,1.045674,13.500000
405,0,3,0.148353,0.151070,1.042348,13.500000
405,0,4,0.000498,0.106716,1.075476,13.500000
405,0,5,0.050182,0.105537,1.069888,13.500000
405,0,6,0.099518,0.104491,1.063991,13.500000
405,0,7,0.149159,0.103933,1.061294,13.500000
405,0,8,0.001201,0.059695,1.093489,13.500000
405,0,9,0.050583,0.058487,1.087217,13.500000
405,0,10,0.100496,0.057608,1.082458,13.500000
405,0,11,0.150283,0.056935,1.078032,13.500000
405,0,12,0.001969,0.013303,1.111817,13.500000
405,0,13,0.051651,0.011977,1.106279,13.500000
405,0,14,0.101463,0.010946,1.101299,13.500000
405,0,15,0.151119,0.010053,1.096649,13.500000
405,0,16,0.002805,-0.033776,1.129711,13.500000
405,0,17,0.052558,-0.034782,1.124568,13.500000
405,0,18,0.102151,-0.035997,1.118863,13.500000
405,0,19,0.151955,-0.037230,1.113727,13.500000
405,0,20,0.003512,-0.080301,1.147556,13.500000
405,0,21,0.053148,-0.081754,1.142258,13.500000
405,0,22,0.102888,-0.082878,1.136192,13.500000
405,0,23,0.152337,-0.084204,1.130220,13.500000
410,0,0,-0.000338,0.153915,1.050104,13.666667
410,0,1,0.049294,0.152131,1.042287,13.666667
410,0,2,0.099160,0.151809,1.037652,13.666667
410,0,3,0.148778,0.150923,1.033364,13.666667
410,0,4,0.000635,0.107607,1.068144,13.666667
410,0,5,0.050206,0.106085,1.061548,13.666667
410,0,6,0.099544,0.104826,1.055546,13.666667
410,0,7,0.149192,0.103968,1.050080,13.666667
410,0,8,0.001517,0.060668,1.086120,13.666667
410,0,9,0.050573,0.059141,1.079255,13.666667
410,0,10,0.100331,0.058179,1.074314,13.666667
410,0,11,0.150173,0.057121,1.068671,13.666667
410,0,12,0.002031,0.013978,1.103943,13.666667
410,0,13,0.051606,0.012554,1.097633,13.666667
410,0,14,0.101348,0.011304,1.092205,13.666667
410,0,15,0.150929,0.010446,1.086446,13.666667
410,0,16,0.003016,-0.032519,1.122370,13.666667
410,0,17,0.052441,-0.034001,1.115989,13.666667
410,0,18,0.102223,-0.034857,1.110922,13.666667
410,0,19,0.151682,-0.036267,1.104636,13.666667
410,0,20,0.003582,-0.079462,1.139591,13.666667
410,0,21,0.053194,-0.080693,1.134272,13.666667
410,0,22,0.102778,-0.081961,1.127908,13.666667
410,0,23,0.152334,-0.083283,1.121842,13.666667
415,0,0,0.003733,0.148092,1.053467,13.833333
415,0,1,0.053286,0.146819,1.045816,13.833333
415,0,2,0.102639,0.146156,1.040374,13.833333
415,0,3,0.152258,0.146638,1.037828,13.833333
415,0,6,0.103990,0.099160,1.058457,13.833333
415,0,7,0.153324,0.099411,1.054206,13.833333
415,0,10,0.104774,0.052403,1.075456,13.833333
415,0,11,0.154387,0.052180,1.071177,13.833333
415,0,12,0.006792,0.006626,1.102964,13.833333
415,0,13,0.056269,0.006202,1.097370,13.833333
415,0,14,0.105523,0.005532,1.092508,13.833333
415,0,15,0.155194,0.004679,1.087253,13.833333
415,0,16,0.007285,-0.040356,1.119957,13.833333
415,0,17,0.056923,-0.041316,1.113858,13.833333
415,0,18,0.106587,-0.041379,1.109644,13.833333
415,0,19,0.156062,-0.042335,1.104245,13.833333
415,0,20,0.008243,-0.087487,1.136154,13.833333
415,0,21,0.057795,-0.087960,1.131368,13.833333
415,0,22,0.106959,-0.088440,1.125819,13.833333
415,0,23,0.157005,-0.089702,1.119939,13.833333
420,0,12,0.009810,-0.005216,1.120357,14.000000
420,0,16,0.010015,-0.054126,1.131511,14.000000
420,0,17,0.059333,-0.055511,1.124595,14.000000
420,0,18,0.108411,-0.056919,1.118997,14.000000
420,0,19,0.158670,-0.058247,1.112104,14.000000
420,0,20,0.010090,-0.103364,1.141370,14.000000
420,0,21,0.059685,-0.103772,1.136197,14.000000
420,0,22,0.108645,-0.105001,1.128879,14.000000
420,0,23,0.158044,-0.107190,1.122620,14.000000
425,0,15,0.155271,-0.041790,1.123039,14.166667
425,0,16,0.004514,-0.081647,1.143506,14.166667
425,0,17,0.053511,-0.084816,1.135724,14.166667
425,0,18,0.102586,-0.088505,1.128202,14.166667
425,0,19,0.152333,-0.091240,1.122552,14.166667
425,0,20,0.000975,-0.131808,1.140538,14.166667
425,0,21,0.049973,-0.135001,1.133425,14.166667
425,0,22,0.099525,-0.137929,1.127043,14.166667
425,0,23,0.148734,-0.141050,1.118118,14.166667
430,0,15,0.155118,-0.056059,1.134166,14.333333
430,0,16,0.003312,-0.094185,1.145578,14.333333
430,0,17,0.052220,-0.097375,1.136271,14.333333
430,0,18,0.100751,-0.101074,1.131108,14.333333
430,0,19,0.150128,-0.103670,1.121417,14.333333
430,0,20,-0.002272,-0.141574,1.134056,14.333333
430,0,21,0.046731,-0.145388,1.126222,14.333333
430,0,22,0.095967,-0.148334,1.117189,14.333333
430,0,23,0.145005,-0.151543,1.111219,14.333333
445,0,12,-0.025654,-0.099960,1.198398,14.833333
445,0,16,-0.032200,-0.144927,1.177871,14.833333
445,0,17,0.018013,-0.150182,1.175465,14.833333
445,0,20,-0.037646,-0.189671,1.157526,14.833333
445,0,21,0.011148,-0.195096,1.157543,14.833333
450,0,16,-0.028363,-0.141981,1.189256,15.000000
450,0,17,0.021604,-0.149662,1.187089,15.000000
450,0,18,0.069675,-0.156353,1.188794,15.000000
450,0,20,-0.034746,-0.185133,1.165262,15.000000
450,0,21,0.015958,-0.192379,1.163787,15.000000
450,0,22,0.064919,-0.199783,1.163868,15.000000
455,0,15,0.135734,-0.122026,1.199464,15.166667
455,0,16,-0.018738,-0.144219,1.180514,15.166667
455,0,17,0.031212,-0.150953,1.177881,15.166667
455,0,18,0.080900,-0.157485,1.175078,15.166667
455,0,20,-0.024957,-0.186482,1.154287,15.166667
455,0,21,0.025059,-0.193310,1.151531,15.166667
455,0,22,0.074154,-0.200286,1.151544,15.166667
460,0,13,0.038090,-0.112348,1.193764,15.333333
460,0,14,0.086889,-0.118936,1.194693,15.333333
460,0,15,0.136192,-0.126490,1.190891,15.333333
460,0,16,-0.018351,-0.147577,1.171569,15.333333
460,0,19,0.129770,-0.168408,1.167428,15.333333
460,0,20,-0.024240,-0.189777,1.146622,15.333333
465,0,15,0.131591,-0.131575,1.195876,15.500000
465,0,16,-0.024302,-0.153199,1.173617,15.500000
465,0,19,0.124644,-0.174447,1.169856,15.500000
465,0,20,-0.030186,-0.195702,1.149952,15.500000
470,0,11,0.132102,-0.092969,1.221909,15.666667
470,0,15,0.124951,-0.135621,1.197818,15.666667
470,0,16,-0.029495,-0.156321,1.176803,15.666667
470,0,17,0.019520,-0.162930,1.176288,15.666667
470,0,18,0.070123,-0.170500,1.174610,15.666667
470,0,19,0.118145,-0.177792,1.173805,15.666667
470,0,20,-0.036288,-0.199750,1.152150,15.666667
470,0,21,0.013937,-0.206040,1.152206,15.666667
470,0,22,0.062267,-0.213314,1.151423,15.666667
470,0,23,0.111879,-0.220734,1.148661,15.666667
500,0,17,-0.023529,-0.021513,1.144323,16.666667
500,0,18,0.026096,-0.033037,1.141792,16.666667
500,0,19,0.074424,-0.044248,1.140596,16.666667
505,0,19,0.065435,-0.043596,1.150396,16.833333
510,0,3,0.097591,0.143162,1.227345,17.000000
510,0,7,0.084328,0.098125,1.211991,17.000000
510,0,11,0.072041,0.053153,1.194893,17.000000
510,0,15,0.058851,0.008409,1.180286,17.000000
510,0,16,-0.096788,0.006743,1.153875,17.000000
510,0,17,-0.048893,-0.006968,1.156701,17.000000
510,0,18,-0.001177,-0.021940,1.160001,17.000000
510,0,19,0.046467,-0.036384,1.162813,17.000000
510,0,20,-0.109635,-0.038425,1.137724,17.000000
510,0,21,-0.061827,-0.052644,1.141121,17.000000
510,0,22,-0.014205,-0.067142,1.143836,17.000000
510,0,23,0.033571,-0.081753,1.146650,17.000000
515,0,2,0.051990,0.157418,1.221926,17.166667
515,0,6,0.039010,0.112042,1.206114,17.166667
515,0,11,0.071933,0.051249,1.192190,17.166667
515,0,12,-0.082336,0.052125,1.169432,17.166667
515,0,15,0.058309,0.006484,1.177317,17.166667
515,0,16,-0.096715,0.007093,1.152065,17.166667
515,0,17,-0.049440,-0.007622,1.154026,17.166667
515,0,18,-0.002081,-0.023147,1.157395,17.166667
515,0,19,0.045227,-0.038569,1.160376,17.166667
515,0,20,-0.110288,-0.037984,1.135874,17.166667
515,0,21,-0.063009,-0.053186,1.138595,17.166667
515,0,22,-0.015479,-0.068202,1.141516,17.166667
515,0,23,0.032246,-0.083701,1.143467,17.166667
520,0,12,-0.083363,0.064351,1.170838,17.333333
520,0,15,0.058082,0.020083,1.182524,17.333333
520,0,16,-0.096394,0.019043,1.154792,17.333333
520,0,17,-0.048669,0.004448,1.158055,17.333333
520,0,18,-0.001133,-0.010400,1.161448,17.333333
520,0,19,0.046624,-0.025439,1.166015,17.333333
520,0,20,-0.109146,-0.026137,1.138523,17.333333
520,0,21,-0.061439,-0.040940,1.141746,17.333333
520,0,22,-0.013795,-0.055277,1.145352,17.333333
520,0,23,0.033939,-0.070765,1.147673,17.333333
525,0,10,0.025323,0.083024,1.189816,17.500000
525,0,11,0.072782,0.067778,1.194506,17.500000
525,0,12,-0.082537,0.067393,1.168040,17.500000
525,0,13,-0.035178,0.052525,1.170969,17.500000
525,0,14,0.012414,0.037524,1.175003,17.500000
525,0,15,0.059633,0.022495,1.178761,17.500000
525,0,16,-0.095804,0.021864,1.153244,17.500000
525,0,17,-0.048157,0.007163,1.156559,17.500000
525,0,18,-0.000870,-0.007952,1.160033,17.500000
525,0,19,0.046699,-0.022907,1.163734,17.500000
525,0,20,-0.108914,-0.023396,1.138108,17.500000
525,0,21,-0.061456,-0.038596,1.141698,17.500000
525,0,22,-0.013923,-0.053165,1.144316,17.500000
525,0,23,0.033950,-0.068145,1.148025,17.500000
530,0,6,0.039472,0.126937,1.201337,17.666667
530,0,7,0.087327,0.111764,1.207012,17.666667
530,0,10,0.027312,0.082075,1.189105,17.666667
530,0,11,0.074189,0.066356,1.193349,17.666667
530,0,12,-0.080706,0.065999,1.166809,17.666667
530,0,13,-0.033286,0.051783,1.170981,17.666667
530,0,14,0.013793,0.036878,1.174878,17.666667
530,0,15,0.060529,0.021410,1.178981,17.666667
530,0,16,-0.094135,0.020432,1.152222,17.666667
530,0,17,-0.046575,0.005674,1.155116,17.666667
530,0,18,0.000653,-0.008964,1.159904,17.666667
530,0,19,0.048342,-0.023590,1.163845,17.666667
530,0,20,-0.107064,-0.025397,1.136388,17.666667
530,0,21,-0.059628,-0.039710,1.140888,17.666667
530,0,22,-0.012013,-0.054636,1.144311,17.666667
530,0,23,0.035254,-0.069382,1.147712,17.666667
535,0,2,0.053104,0.172674,1.214150,17.833333
535,0,3,0.100603,0.158170,1.221046,17.833333
535,0,6,0.040294,0.126339,1.200637,17.833333
535,0,7,0.087596,0.111934,1.206325,17.833333
535,0,11,0.074553,0.066397,1.191559,17.833333
535,0,12,-0.080144,0.064038,1.168430,17.833333
535,0,15,0.061967,0.020699,1.179727,17.833333
535,0,16,-0.093209,0.017918,1.154716,17.833333
535,0,17,-0.045644,0.003952,1.158495,17.833333
535,0,18,0.001672,-0.010750,1.161742,17.833333
535,0,19,0.049569,-0.025281,1.166051,17.833333
535,0,20,-0.106322,-0.028101,1.140433,17.833333
535,0,21,-0.058845,-0.042429,1.144448,17.833333
535,0,22,-0.011197,-0.056623,1.147437,17.833333
535,0,23,0.036403,-0.071288,1.151961,17.833333
540,0,2,0.051770,0.172160,1.212266,18.000000
540,0,6,0.040085,0.125584,1.200442,18.000000
540,0,10,0.028264,0.079148,1.188125,18.000000
540,0,11,0.076382,0.066271,1.192939,18.000000
540,0,12,-0.078933,0.057903,1.169508,18.000000
540,0,13,-0.031332,0.045240,1.172143,18.000000
540,0,14,0.016758,0.032657,1.176305,18.000000
540,0,15,0.064915,0.019585,1.180391,18.000000
540,0,16,-0.091159,0.011257,1.156872,18.000000
540,0,17,-0.042988,-0.001128,1.160458,18.000000
540,0,18,0.005022,-0.014038,1.163321,18.000000
540,0,19,0.053196,-0.026609,1.167800,18.000000
540,0,20,-0.102890,-0.035194,1.143645,18.000000
540,0,21,-0.054920,-0.047841,1.147739,18.000000
540,0,22,-0.006954,-0.060688,1.150928,18.000000
540,0,23,0.041199,-0.073179,1.155325,18.000000
545,0,0,-0.044920,0.195888,1.208909,18.166667
545,0,1,0.003194,0.184042,1.208039,18.166667
545,0,2,0.051210,0.172314,1.213897,18.166667
545,0,3,0.099716,0.159941,1.216983,18.166667
545,0,4,-0.055709,0.148302,1.195097,18.166667
545,0,5,-0.007706,0.137355,1.198293,18.166667
545,0,6,0.040615,0.125340,1.201178,18.166667
545,0,7,0.089757,0.112736,1.204299,18.166667
545,0,8,-0.066813,0.101837,1.184687,18.166667
545,0,9,-0.018135,0.090345,1.186595,18.166667
545,0,10,0.030108,0.078212,1.189637,18.166667
545,0,11,0.078362,0.066038,1.194775,18.166667
545,0,12,-0.077810,0.055037,1.172427,18.166667
545,0,13,-0.029421,0.043277,1.175262,18.166667
545,0,14,0.019165,0.031597,1.180039,18.166667
545,0,15,0.066911,0.019595,1.183967,18.166667
545,0,16,-0.088850,0.008044,1.161523,18.166667
545,0,17,-0.040221,-0.003465,1.163563,18.166667
545,0,18,0.008306,-0.015559,1.167441,18.166667
545,0,19,0.056442,-0.027377,1.170208,18.166667
545,0,20,-0.099666,-0.039263,1.148296,18.166667
545,0,21,-0.051257,-0.050780,1.153181,18.166667
545,0,22,-0.002833,-0.062777,1.155429,18.166667
545,0,23,0.045492,-0.074824,1.158393,18.166667
550,0,2,0.055429,0.173368,1.211938,18.333333
550,0,6,0.044520,0.126159,1.200673,18.333333
550,0,10,0.033692,0.079472,1.187856,18.333333
550,0,11,0.082054,0.067724,1.193019,18.333333
550,0,12,-0.073887,0.056226,1.172080,18.333333
550,0,13,-0.025604,0.044883,1.174745,18.333333
550,0,14,0.022803,0.032649,1.177581,18.333333
550,0,15,0.071180,0.020903,1.180875,18.333333
550,0,16,-0.084631,0.009537,1.160366,18.333333
550,0,17,-0.036322,-0.002328,1.162851,18.333333
550,0,18,0.012032,-0.014036,1.165545,18.333333
550,0,19,0.060407,-0.026101,1.168461,18.333333
550,0,20,-0.095826,-0.037328,1.148163,18.333333
550,0,21,-0.047331,-0.049434,1.151255,18.333333
555,0,0,-0.037949,0.195939,1.204524,18.500000
555,0,1,0.010834,0.184820,1.204660,18.500000
555,0,2,0.059086,0.173314,1.207746,18.500000
555,0,3,0.107167,0.161221,1.213214,18.500000
555,0,4,-0.047852,0.148831,1.192296,18.500000
555,0,5,0.000405,0.137860,1.193257,18.500000
555,0,9,-0.010224,0.091018,1.182241,18.500000
555,0,13,-0.020933,0.044167,1.171125,18.500000
555,0,14,0.027580,0.032692,1.175018,18.500000
555,0,15,0.076215,0.020904,1.177706,18.500000
555,0,16,-0.079838,0.008393,1.157785,18.500000
555,0,17,-0.031399,-0.002730,1.160234,18.500000
555,0,18,0.017007,-0.014442,1.163081,18.500000
555,0,19,0.065569,-0.026332,1.166092,18.500000
555,0,20,-0.090248,-0.039080,1.145262,18.500000
555,0,21,-0.041974,-0.050015,1.148662,18.500000
555,0,22,0.006382,-0.061414,1.150675,18.500000
555,0,23,0.054957,-0.073575,1.152504,18.500000
560,0,0,-0.037100,0.195360,1.201561,18.666667
560,0,1,0.011830,0.184406,1.202254,18.666667
560,0,2,0.059056,0.172815,1.206576,18.666667
560,0,3,0.108117,0.162206,1.211912,18.666667
560,0,6,0.049650,0.126023,1.193399,18.666667
560,0,7,0.097890,0.114396,1.199226,18.666667
560,0,11,0.088218,0.067530,1.187405,18.666667
560,0,12,-0.067312,0.055409,1.166027,18.666667
560,0,15,0.076804,0.020863,1.176048,18.666667
560,0,16,-0.077566,0.008185,1.153652,18.666667
560,0,17,-0.029556,-0.002668,1.156694,18.666667
560,0,18,0.019759,-0.014353,1.159220,18.666667
560,0,19,0.067730,-0.026156,1.164154,18.666667
560,0,20,-0.088243,-0.039242,1.140682,18.666667
560,0,21,-0.039784,-0.050283,1.145086,18.666667
560,0,22,0.008929,-0.061575,1.148807,18.666667
560,0,23,0.057731,-0.073139,1.149635,18.666667
565,0,3,0.108899,0.163335,1.212911,18.833333
565,0,4,-0.045903,0.151244,1.189911,18.833333
565,0,8,-0.057258,0.104434,1.177559,18.833333
565,0,9,-0.008594,0.093143,1.179730,18.833333
565,0,12,-0.067506,0.057630,1.166063,18.833333
565,0,13,-0.019176,0.046213,1.170015,18.833333
565,0,14,0.029160,0.034401,1.173206,18.833333
565,0,15,0.076730,0.022257,1.177592,18.833333
565,0,16,-0.077746,0.010551,1.155259,18.833333
565,0,17,-0.029575,-0.001262,1.158121,18.833333
565,0,18,0.018471,-0.012956,1.161682,18.833333
565,0,19,0.067164,-0.024824,1.165130,18.833333
565,0,20,-0.088594,-0.036957,1.142686,18.833333
565,0,21,-0.040034,-0.048172,1.146017,18.833333
565,0,22,0.008247,-0.060348,1.149166,18.833333
565,0,23,0.056194,-0.071899,1.152056,18.833333
570,0,2,0.059747,0.176658,1.206517,19.000000
570,0,4,-0.045955,0.152408,1.189303,19.000000
570,0,5,0.001952,0.141586,1.191157,19.000000
570,0,8,-0.056939,0.105865,1.178249,19.000000
570,0,9,-0.008498,0.094347,1.180602,19.000000
570,0,12,-0.067172,0.058260,1.166394,19.000000
570,0,13,-0.019411,0.046905,1.169595,19.000000
570,0,14,0.029318,0.035460,1.174087,19.000000
570,0,15,0.078107,0.023621,1.178311,19.000000
570,0,16,-0.078068,0.011053,1.155141,19.000000
570,0,17,-0.029487,-0.000361,1.159006,19.000000
570,0,18,0.019124,-0.011767,1.163461,19.000000
570,0,19,0.067091,-0.023350,1.167351,19.000000
570,0,20,-0.088540,-0.036083,1.143604,19.000000
570,0,21,-0.039978,-0.047683,1.148151,19.000000
570,0,22,0.008307,-0.059280,1.151373,19.000000
570,0,23,0.056615,-0.070768,1.155198,19.000000
575,0,2,0.056810,0.182161,1.185907,19.166667
575,0,4,-0.048665,0.156797,1.174188,19.166667
575,0,5,-0.000718,0.145547,1.175938,19.166667
575,0,8,-0.059375,0.108897,1.167967,19.166667
575,0,9,-0.010975,0.098054,1.171460,19.166667
575,0,12,-0.069741,0.060474,1.162293,19.166667
575,0,13,-0.021484,0.050138,1.166971,19.166667
575,0,14,0.026864,0.039366,1.172057,19.166667
575,0,15,0.074915,0.027931,1.176807,19.166667
575,0,16,-0.080291,0.012931,1.156771,19.166667
575,0,17,-0.031717,0.001985,1.161127,19.166667
575,0,18,0.016846,-0.009249,1.165406,19.166667
575,0,19,0.064852,-0.020508,1.170291,19.166667
575,0,20,-0.090693,-0.035074,1.151344,19.166667
575,0,21,-0.042069,-0.046340,1.155867,19.166667
575,0,22,0.006254,-0.057598,1.159501,19.166667
575,0,23,0.054888,-0.068699,1.163941,19.166667
580,0,10,0.037503,0.085818,1.157826,19.333333
580,0,11,0.085568,0.074859,1.162635,19.333333
580,0,12,-0.069476,0.059746,1.149239,19.333333
580,0,13,-0.021219,0.048739,1.153162,19.333333
580,0,14,0.027035,0.037551,1.156907,19.333333
580,0,15,0.074813,0.026666,1.161431,19.333333
580,0,16,-0.080337,0.011302,1.148275,19.333333
580,0,17,-0.032065,0.000619,1.151628,19.333333
580,0,18,0.016334,-0.010660,1.155966,19.333333
580,0,19,0.064771,-0.021560,1.159483,19.333333
580,0,20,-0.091111,-0.037090,1.146508,19.333333
580,0,21,-0.042854,-0.048151,1.150628,19.333333
580,0,22,0.005682,-0.059065,1.154157,19.333333
580,0,23,0.054393,-0.070215,1.156986,19.333333
585,0,2,0.060576,0.183578,1.136498,19.500000
585,0,3,0.108731,0.173648,1.145358,19.500000
585,0,6,0.049797,0.135657,1.138279,19.500000
585,0,7,0.098285,0.124567,1.143645,19.500000
585,0,10,0.038986,0.087182,1.139891,19.500000
585,0,11,0.087353,0.076138,1.145926,19.500000
585,0,12,-0.067725,0.060661,1.130973,19.500000
585,0,13,-0.019478,0.049637,1.135520,19.500000
585,0,14,0.028544,0.038738,1.140810,19.500000
585,0,15,0.076489,0.028219,1.148181,19.500000
585,0,16,-0.078582,0.011826,1.132488,19.500000
585,0,17,-0.030387,0.000872,1.136287,19.500000
585,0,18,0.017915,-0.009793,1.141614,19.500000
585,0,19,0.066257,-0.020483,1.147264,19.500000
585,0,20,-0.089441,-0.036935,1.132373,19.500000
585,0,21,-0.041211,-0.047577,1.137849,19.500000
585,0,22,0.007259,-0.058038,1.142442,19.500000
585,0,23,0.055998,-0.069239,1.146312,19.500000
590,0,0,-0.041754,0.208325,1.104963,19.666667
590,0,1,0.006849,0.197785,1.109706,19.666667
590,0,2,0.054801,0.187337,1.117032,19.666667
590,0,3,0.102711,0.176703,1.124165,19.666667
590,0,12,-0.073675,0.062163,1.111874,19.666667
590,0,15,0.071590,0.030415,1.131027,19.666667
590,0,16,-0.084648,0.013142,1.113674,19.666667
590,0,17,-0.036141,0.002787,1.120457,19.666667
590,0,18,0.011856,-0.007732,1.127047,19.666667
590,0,19,0.060563,-0.018121,1.134103,19.666667
590,0,20,-0.095257,-0.035680,1.115708,19.666667
590,0,21,-0.046980,-0.046185,1.122698,19.666667
590,0,22,0.001405,-0.056636,1.129234,19.666667
590,0,23,0.049784,-0.067245,1.135748,19.666667
595,0,0,-0.045816,0.207985,1.087987,19.833333
595,0,1,0.002661,0.197400,1.093283,19.833333
595,0,2,0.050771,0.186811,1.100774,19.833333
595,0,3,0.098501,0.176048,1.109430,19.833333
595,0,4,-0.056573,0.159266,1.090261,19.833333
595,0,5,-0.008448,0.148588,1.096362,19.833333
595,0,6,0.039640,0.138061,1.104149,19.833333
595,0,7,0.087903,0.127253,1.111028,19.833333
595,0,8,-0.067756,0.110480,1.093179,19.833333
595,0,9,-0.019304,0.100141,1.099848,19.833333
595,0,10,0.028437,0.089598,1.108415,19.833333
595,0,11,0.076680,0.079021,1.115700,19.833333
595,0,12,-0.078765,0.061892,1.096070,19.833333
595,0,13,-0.030547,0.051494,1.103754,19.833333
595,0,14,0.017644,0.040751,1.110549,19.833333
595,0,15,0.065610,0.029990,1.118301,19.833333
595,0,16,-0.089774,0.013335,1.099576,19.833333
595,0,17,-0.041501,0.002488,1.105791,19.833333
595,0,18,0.006655,-0.007996,1.113561,19.833333
595,0,19,0.054860,-0.018544,1.121101,19.833333
595,0,20,-0.100790,-0.035863,1.100960,19.833333
595,0,21,-0.052572,-0.046287,1.108705,19.833333
595,0,22,-0.004186,-0.056852,1.116059,19.833333
595,0,23,0.043915,-0.067323,1.122992,19.833333
600,0,0,-0.040937,0.202390,1.082440,20.000000
600,0,1,0.007524,0.190774,1.086863,20.000000
600,0,2,0.055502,0.180201,1.096373,20.000000
600,0,3,0.103424,0.169575,1.106999,20.000000
600,0,4,-0.051959,0.153662,1.083781,20.000000
600,0,5,-0.003532,0.142520,1.090561,20.000000
600,0,8,-0.063608,0.105139,1.086873,20.000000
600,0,9,-0.015692,0.094239,1.094484,20.000000
600,0,12,-0.075141,0.056548,1.089785,20.000000
600,0,13,-0.027065,0.045721,1.098166,20.000000
600,0,14,0.020543,0.034939,1.106891,20.000000
600,0,15,0.068991,0.023580,1.114285,20.000000
600,0,16,-0.086915,0.007878,1.092851,20.000000
600,0,17,-0.039061,-0.003114,1.100957,20.000000
600,0,18,0.008942,-0.013957,1.109829,20.000000
600,0,19,0.056993,-0.024812,1.118073,20.000000
600,0,20,-0.098788,-0.040591,1.095494,20.000000
600,0,21,-0.050888,-0.051570,1.104278,20.000000
600,0,22,-0.002565,-0.062699,1.112694,20.000000
600,0,23,0.045429,-0.073479,1.121800,20.000000
620,0,2,0.174769,0.182264,1.046488,20.666667
620,0,3,0.222706,0.185200,1.043250,20.666667
620,0,6,0.174797,0.133222,1.050252,20.666667
620,0,7,0.225825,0.134094,1.041586,20.666667
620,0,11,0.227069,0.085499,1.052483,20.666667
620,0,12,0.081436,0.031750,1.081887,20.666667
620,0,15,0.227791,0.035546,1.048822,20.666667
620,0,16,0.086794,-0.018648,1.088378,20.666667
620,0,17,0.131262,-0.016837,1.066033,20.666667
620,0,18,0.178783,-0.015421,1.049983,20.666667
620,0,19,0.228734,-0.014142,1.052903,20.666667
620,0,21,0.131935,-0.066168,1.062678,20.666667
625,0,0,0.090846,0.180516,1.064868,20.833333
625,0,1,0.138507,0.181908,1.049113,20.833333
625,0,6,0.189767,0.133877,1.041365,20.833333
625,0,7,0.237935,0.135656,1.030691,20.833333
625,0,11,0.239682,0.085854,1.032537,20.833333
625,0,12,0.098011,0.031745,1.074306,20.833333
625,0,15,0.242097,0.036272,1.037274,20.833333
625,0,16,0.100391,-0.017638,1.080635,20.833333
625,0,17,0.148023,-0.016328,1.065377,20.833333
625,0,18,0.196300,-0.014825,1.052616,20.833333
625,0,19,0.244650,-0.013655,1.039813,20.833333
625,0,20,0.102483,-0.067555,1.081738,20.833333
625,0,21,0.150579,-0.065965,1.069150,20.833333
625,0,22,0.198634,-0.064738,1.056169,20.833333
625,0,23,0.246323,-0.063225,1.041593,20.833333
630,0,0,0.102066,0.185653,1.057501,21.000000
630,0,1,0.149463,0.187525,1.041386,21.000000
630,0,2,0.197451,0.189288,1.026652,21.000000
630,0,6,0.200924,0.139232,1.031768,21.000000
630,0,11,0.251866,0.091811,1.022501,21.000000
630,0,12,0.109382,0.035175,1.065594,21.000000
630,0,15,0.254246,0.041421,1.022630,21.000000
630,0,16,0.112212,-0.014710,1.068011,21.000000
630,0,17,0.160479,-0.012692,1.055113,21.000000
630,0,18,0.209125,-0.010309,1.042013,21.000000
630,0,19,0.257095,-0.008666,1.027585,21.000000
630,0,20,0.114865,-0.064679,1.072274,21.000000
630,0,21,0.163167,-0.062853,1.058314,21.000000
630,0,22,0.211220,-0.060750,1.043874,21.000000
630,0,23,0.259042,-0.058984,1.029285,21.000000
635,0,2,0.211847,0.187692,1.010391,21.166667
635,0,3,0.261114,0.190488,0.999002,21.166667
635,0,6,0.216276,0.137015,1.013044,21.166667
635,0,7,0.265167,0.140027,1.000904,21.166667
635,0,11,0.268064,0.089375,1.001619,21.166667
635,0,12,0.126593,0.032280,1.054821,21.166667
635,0,15,0.269485,0.039139,0.998344,21.166667
635,0,16,0.130014,-0.017733,1.057768,21.166667
635,0,19,0.270262,-0.010506,0.991029,21.166667
635,0,20,0.133011,-0.067235,1.047113,21.166667
635,0,23,0.274388,-0.059850,0.996801,21.166667
640,0,6,0.234388,0.138232,0.995199,21.333333
640,0,12,0.150000,0.032278,1.039366,21.333333
640,0,16,0.153734,-0.017781,1.043403,21.333333
640,0,20,0.157440,-0.067803,1.046532,21.333333
645,0,3,0.291045,0.185695,0.933881,21.500000
645,0,7,0.297852,0.137540,0.945183,21.500000
645,0,11,0.301329,0.087568,0.946378,21.500000
645,0,12,0.170610,0.029531,1.016265,21.500000
645,0,15,0.306358,0.038300,0.952862,21.500000
645,0,16,0.176119,-0.019997,1.021710,21.500000
645,0,17,0.221055,-0.017298,0.999618,21.500000
645,0,18,0.265261,-0.014110,0.976449,21.500000
645,0,20,0.178805,-0.069534,1.020583,21.500000
645,0,21,0.224491,-0.066502,1.000748,21.500000
645,0,22,0.269361,-0.063781,0.978685,21.500000
650,0,0,0.182809,0.182720,0.991701,21.666667
650,0,1,0.225733,0.187082,0.966382,21.666667
650,0,2,0.270106,0.191180,0.942272,21.666667
650,0,6,0.276895,0.141633,0.947262,21.666667
650,0,11,0.327777,0.095683,0.927591,21.666667
650,0,12,0.201152,0.032889,1.003266,21.666667
650,0,15,0.333447,0.044996,0.931110,21.666667
650,0,16,0.207355,-0.016722,1.005757,21.666667
650,0,17,0.251193,-0.013040,0.982669,21.666667
650,0,18,0.295358,-0.009118,0.958443,21.666667
650,0,19,0.339320,-0.004819,0.934110,21.666667
650,0,20,0.213320,-0.066655,1.010927,21.666667
650,0,21,0.257342,-0.062774,0.985909,21.666667
650,0,22,0.301263,-0.059163,0.961660,21.666667
650,0,23,0.345433,-0.055032,0.937435,21.666667
655,0,0,0.184704,0.184852,0.980430,21.833333
655,0,1,0.226760,0.189475,0.953095,21.833333
655,0,2,0.270453,0.194362,0.928893,21.833333
655,0,3,0.314961,0.199536,0.905699,21.833333
655,0,4,0.191738,0.135231,0.983514,21.833333
655,0,5,0.234682,0.140162,0.957464,21.833333
655,0,6,0.278637,0.145341,0.933575,21.833333
655,0,7,0.322493,0.150508,0.909829,21.833333
655,0,8,0.199629,0.085719,0.988052,21.833333
655,0,9,0.242981,0.090871,0.962887,21.833333
655,0,10,0.286257,0.095790,0.937605,21.833333
655,0,11,0.329899,0.100927,0.914109,21.833333
655,0,12,0.207617,0.036346,0.992579,21.833333
655,0,13,0.250769,0.041246,0.967196,21.833333
655,0,14,0.294294,0.046584,0.943007,21.833333
655,0,15,0.338104,0.051467,0.918754,21.833333
655,0,16,0.216044,-0.012516,0.998677,21.833333
655,0,17,0.258647,-0.007985,0.972117,21.833333
655,0,18,0.302090,-0.003134,0.946926,21.833333
655,0,19,0.345210,0.001694,0.921825,21.833333
655,0,20,0.222787,-0.062503,1.001049,21.833333
655,0,21,0.266155,-0.057770,0.976203,21.833333
655,0,22,0.309778,-0.052787,0.951387,21.833333
655,0,23,0.352766,-0.048009,0.925835,21.833333
660,0,0,0.185013,0.181636,0.973350,22.000000
660,0,1,0.227475,0.187059,0.947468,22.000000
660,0,2,0.270875,0.192529,0.923199,22.000000
660,0,3,0.315241,0.197955,0.899829,22.000000
660,0,4,0.193725,0.132730,0.978756,22.000000
660,0,5,0.236384,0.137893,0.952984,22.000000
660,0,6,0.280126,0.143781,0.929170,22.000000
660,0,7,0.323505,0.148680,0.904328,22.000000
660,0,8,0.202603,0.083674,0.984448,22.000000
660,0,9,0.245826,0.088880,0.959180,22.000000
660,0,10,0.289369,0.094571,0.935195,22.000000
660,0,11,0.332520,0.099772,0.910302,22.000000
660,0,12,0.211209,0.034832,0.990137,22.000000
660,0,13,0.254145,0.039820,0.964593,22.000000
660,0,14,0.298097,0.045118,0.940352,22.000000
660,0,15,0.341583,0.050573,0.916220,22.000000
660,0,16,0.220028,-0.014525,0.995877,22.000000
660,0,17,0.263406,-0.009367,0.970475,22.000000
660,0,18,0.306523,-0.004171,0.945597,22.000000
660,0,19,0.349726,0.001122,0.920089,22.000000
660,0,20,0.228818,-0.063413,1.001011,22.000000
660,0,21,0.271945,-0.058517,0.975409,22.000000
660,0,22,0.315386,-0.053378,0.950423,22.000000
660,0,23,0.358143,-0.048050,0.924826,22.000000
665,0,0,0.173252,0.168206,0.978888,22.166667
665,0,1,0.215545,0.174813,0.951952,22.166667
665,0,2,0.259511,0.181929,0.927376,22.166667
665,0,3,0.302955,0.188461,0.903147,22.166667
665,0,4,0.184486,0.119915,0.985578,22.166667
665,0,5,0.227029,0.126019,0.959030,22.166667
665,0,6,0.271029,0.133130,0.934720,22.166667
665,0,7,0.314252,0.139805,0.909730,22.166667
665,0,8,0.194864,0.070601,0.991340,22.166667
665,0,9,0.238413,0.077389,0.966254,22.166667
665,0,10,0.281816,0.084198,0.941354,22.166667
665,0,11,0.325689,0.091308,0.916673,22.166667
665,0,12,0.206376,0.021977,0.998554,22.166667
665,0,13,0.249456,0.028451,0.972713,22.166667
665,0,14,0.293103,0.035189,0.947716,22.166667
665,0,15,0.336484,0.042109,0.922693,22.166667
665,0,16,0.217070,-0.027325,1.004893,22.166667
665,0,17,0.260601,-0.020510,0.979641,22.166667
665,0,18,0.303920,-0.013845,0.954018,22.166667
665,0,19,0.347124,-0.007034,0.928655,22.166667
665,0,20,0.228011,-0.075833,1.010662,22.166667
665,0,21,0.271308,-0.069715,0.985431,22.166667
665,0,22,0.314443,-0.062963,0.959658,22.166667
665,0,23,0.357741,-0.056111,0.934236,22.166667
670,0,2,0.272446,0.174472,0.913545,22.333333
670,0,3,0.315868,0.181460,0.889761,22.333333
670,0,12,0.221015,0.015777,0.982698,22.333333
670,0,15,0.348166,0.035275,0.904818,22.333333
670,0,16,0.233058,-0.032059,0.990237,22.333333
670,0,17,0.274186,-0.025899,0.962346,22.333333
670,0,18,0.315981,-0.019746,0.935595,22.333333
670,0,19,0.357856,-0.013453,0.909098,22.333333
670,0,20,0.243257,-0.080655,0.994824,22.333333
670,0,21,0.286074,-0.073733,0.969986,22.333333
670,0,22,0.326931,-0.068300,0.941416,22.333333
670,0,23,0.368395,-0.061884,0.914291,22.333333
675,0,2,0.299576,0.179379,0.902145,22.500000
675,0,3,0.342134,0.186750,0.877750,22.500000
675,0,12,0.250842,0.019472,0.977214,22.500000
675,0,16,0.261503,-0.029769,0.981700,22.500000
680,0,20,0.319154,-0.077876,0.962037,22.666667
685,0,0,0.282414,0.159778,0.914758,22.833333
685,0,1,0.323391,0.165999,0.884408,22.833333
685,0,12,0.318624,0.014342,0.934719,22.833333
685,0,13,0.359234,0.021019,0.906656,22.833333
685,0,14,0.400889,0.028212,0.879006,22.833333
685,0,15,0.441481,0.034530,0.849953,22.833333
685,0,16,0.330387,-0.034000,0.942521,22.833333
685,0,19,0.453973,-0.013308,0.857645,22.833333
685,0,20,0.342551,-0.081965,0.949286,22.833333
685,0,23,0.465236,-0.062122,0.864523,22.833333
690,0,0,0.295280,0.157020,0.903062,23.000000
690,0,1,0.335123,0.163382,0.872877,23.000000
690,0,2,0.375811,0.169574,0.842828,23.000000
690,0,3,0.418253,0.176920,0.818188,23.000000
690,0,4,0.307631,0.108815,0.909805,23.000000
690,0,5,0.348531,0.115394,0.882154,23.000000
690,0,6,0.389441,0.121897,0.852768,23.000000
690,0,7,0.431037,0.128770,0.825884,23.000000
690,0,8,0.319945,0.060457,0.916981,23.000000
690,0,11,0.443227,0.080528,0.832994,23.000000
690,0,12,0.332621,0.011990,0.924585,23.000000
690,0,15,0.455943,0.032390,0.840681,23.000000
690,0,16,0.345465,-0.035586,0.933214,23.000000
690,0,17,0.386094,-0.029385,0.904455,23.000000
690,0,18,0.427140,-0.022676,0.875795,23.000000
690,0,19,0.468072,-0.016005,0.847162,23.000000
690,0,20,0.357741,-0.083512,0.940735,23.000000
690,0,21,0.398886,-0.077507,0.912377,23.000000
690,0,22,0.439155,-0.070912,0.882980,23.000000
690,0,23,0.479666,-0.064369,0.854262,23.000000
695,0,0,0.298871,0.155056,0.889791,23.166667
695,0,1,0.338793,0.161530,0.859783,23.166667
695,0,2,0.379453,0.168316,0.831176,23.166667
695,0,3,0.420920,0.175028,0.804070,23.166667
695,0,4,0.311951,0.107202,0.897464,23.166667
695,0,5,0.352198,0.113660,0.868715,23.166667
695,0,6,0.393370,0.120851,0.840440,23.166667
695,0,7,0.434482,0.127944,0.813217,23.166667
695,0,8,0.325531,0.059434,0.906628,23.166667
695,0,9,0.365717,0.066154,0.877092,23.166667
695,0,10,0.406667,0.073079,0.848856,23.166667
695,0,11,0.447295,0.079542,0.820237,23.166667
695,0,12,0.338791,0.011840,0.914457,23.166667
695,0,13,0.378851,0.018175,0.884659,23.166667
695,0,14,0.419587,0.024975,0.856856,23.166667
695,0,15,0.460071,0.031734,0.828185,23.166667
695,0,16,0.352272,-0.036278,0.923006,23.166667
695,0,17,0.392496,-0.029624,0.893477,23.166667
695,0,18,0.432785,-0.022865,0.864724,23.166667
695,0,19,0.473239,-0.016281,0.836054,23.166667
695,0,20,0.365057,-0.084132,0.929919,23.166667
695,0,21,0.405396,-0.077266,0.901176,23.166667
695,0,22,0.446184,-0.070597,0.872983,23.166667
695,0,23,0.486028,-0.064155,0.844031,23.166667
700,0,0,0.301714,0.152487,0.886379,23.333333
700,0,1,0.341641,0.158590,0.856844,23.333333
700,0,2,0.382532,0.165313,0.828626,23.333333
700,0,3,0.424023,0.172052,0.801549,23.333333
700,0,4,0.315211,0.105132,0.895595,23.333333
700,0,5,0.355224,0.111046,0.865875,23.333333
700,0,6,0.396183,0.117493,0.837840,23.333333
700,0,7,0.437665,0.124731,0.810687,23.333333
700,0,8,0.328702,0.057484,0.904742,23.333333
700,0,9,0.369476,0.063640,0.875597,23.333333
700,0,10,0.410480,0.070393,0.848233,23.333333
700,0,11,0.450868,0.076928,0.819175,23.333333
700,0,12,0.342542,0.010105,0.914252,23.333333
700,0,13,0.383431,0.016278,0.886199,23.333333
700,0,14,0.423922,0.022935,0.856590,23.333333
700,0,15,0.464311,0.029094,0.828007,23.333333
700,0,16,0.356078,-0.037394,0.923342,23.333333
700,0,17,0.396763,-0.031064,0.894382,23.333333
700,0,18,0.436348,-0.024931,0.864053,23.333333
700,0,19,0.477306,-0.018327,0.836456,23.333333
700,0,20,0.369276,-0.084970,0.931664,23.333333
700,0,21,0.409893,-0.078582,0.902759,23.333333
700,0,22,0.450490,-0.072260,0.874017,23.333333
700,0,23,0.490267,-0.065866,0.844394,23.333333
705,0,0,0.302065,0.150912,0.885912,23.500000
705,0,1,0.342084,0.156390,0.856230,23.500000
705,0,2,0.383139,0.162664,0.828683,23.500000
705,0,3,0.424565,0.168959,0.800946,23.500000
705,0,4,0.315365,0.103475,0.895789,23.500000
705,0,5,0.355790,0.109286,0.866664,23.500000
705,0,6,0.396554,0.115141,0.837923,23.500000
705,0,7,0.437422,0.121284,0.809473,23.500000
705,0,8,0.328830,0.055765,0.905054,23.500000
705,0,9,0.368776,0.061300,0.875582,23.500000
705,0,10,0.409874,0.067628,0.846843,23.500000
705,0,11,0.450936,0.073730,0.819181,23.500000
705,0,12,0.342167,0.007982,0.914653,23.500000
705,0,13,0.382958,0.014058,0.886168,23.500000
705,0,14,0.423726,0.020151,0.857293,23.500000
705,0,15,0.464161,0.026201,0.828608,23.500000
705,0,16,0.355811,-0.039298,0.924535,23.500000
705,0,17,0.396122,-0.033477,0.895347,23.500000
705,0,18,0.436628,-0.027582,0.865927,23.500000
705,0,19,0.477125,-0.021843,0.837153,23.500000
705,0,20,0.368804,-0.087051,0.933236,23.500000
705,0,21,0.410067,-0.081144,0.905686,23.500000
705,0,22,0.449890,-0.075305,0.875153,23.500000
705,0,23,0.490249,-0.069275,0.846258,23.500000
710,0,0,0.300721,0.150011,0.884132,23.666667
710,0,1,0.341080,0.155098,0.854587,23.666667
710,0,2,0.382058,0.161028,0.826423,23.666667
710,0,3,0.423443,0.166741,0.798767,23.666667
710,0,4,0.314240,0.102596,0.894403,23.666667
710,0,5,0.354328,0.107646,0.864967,23.666667
710,0,6,0.395342,0.113700,0.836667,23.666667
710,0,7,0.436368,0.119363,0.808699,23.666667
710,0,8,0.327550,0.055096,0.905069,23.666667
710,0,9,0.367766,0.060352,0.874942,23.666667
710,0,10,0.408792,0.066234,0.846879,23.666667
710,0,11,0.449450,0.071839,0.818264,23.666667
710,0,12,0.340325,0.007349,0.914214,23.666667
710,0,13,0.381042,0.012910,0.885094,23.666667
710,0,14,0.421999,0.018684,0.856608,23.666667
710,0,15,0.462665,0.024229,0.828063,23.666667
710,0,16,0.353941,-0.039909,0.924588,23.666667
710,0,17,0.394387,-0.034601,0.895054,23.666667
710,0,18,0.435281,-0.028911,0.866671,23.666667
710,0,19,0.475342,-0.023554,0.836862,23.666667
710,0,20,0.366818,-0.087556,0.933736,23.666667
710,0,21,0.407205,-0.082001,0.904200,23.666667
710,0,22,0.447989,-0.076614,0.875652,23.666667
710,0,23,0.488418,-0.071110,0.846863,23.666667
715,0,0,0.294970,0.148853,0.878395,23.833333
715,0,1,0.335331,0.153019,0.848574,23.833333
715,0,2,0.377063,0.157768,0.821396,23.833333
715,0,3,0.419143,0.162767,0.794515,23.833333
715,0,4,0.308242,0.101769,0.890203,23.833333
715,0,5,0.348815,0.106060,0.861157,23.833333
715,0,6,0.390661,0.110854,0.833684,23.833333
715,0,7,0.432395,0.115898,0.806625,23.833333
715,0,8,0.321282,0.054823,0.902775,23.833333
715,0,9,0.362533,0.059303,0.874145,23.833333
715,0,10,0.404106,0.064018,0.846363,23.833333
715,0,11,0.445325,0.068696,0.818701,23.833333
715,0,12,0.334927,0.007840,0.915242,23.833333
715,0,13,0.375724,0.012271,0.886091,23.833333
715,0,14,0.417522,0.016944,0.858719,23.833333
715,0,15,0.458359,0.021615,0.830176,23.833333
715,0,16,0.347994,-0.039413,0.927463,23.833333
715,0,17,0.389257,-0.034568,0.899209,23.833333
715,0,18,0.430661,-0.030019,0.870951,23.833333
715,0,19,0.471766,-0.025704,0.842379,23.833333
715,0,20,0.361282,-0.086305,0.939122,23.833333
715,0,21,0.401909,-0.081894,0.910151,23.833333
715,0,22,0.443514,-0.077308,0.882407,23.833333
715,0,23,0.483962,-0.072893,0.853217,23.833333
720,0,0,0.280962,0.144027,0.869752,24.000000
720,0,1,0.321866,0.147352,0.840468,24.000000
720,0,2,0.363801,0.151368,0.812729,24.000000
720,0,3,0.406060,0.156143,0.786902,24.000000
720,0,4,0.295199,0.098237,0.884439,24.000000
720,0,5,0.336273,0.101674,0.855798,24.000000
720,0,6,0.378536,0.105640,0.828580,24.000000
720,0,7,0.420519,0.110497,0.801640,24.000000
720,0,8,0.309316,0.052456,0.899071,24.000000
720,0,9,0.350835,0.056013,0.871430,24.000000
720,0,10,0.392720,0.060228,0.844125,24.000000
720,0,11,0.434574,0.064317,0.816816,24.000000
720,0,12,0.323703,0.006690,0.915223,24.000000
720,0,13,0.365205,0.010419,0.886609,24.000000
720,0,14,0.406804,0.014514,0.859440,24.000000
720,0,15,0.448297,0.018354,0.831596,24.000000
720,0,16,0.337543,-0.039245,0.930100,24.000000
720,0,17,0.379194,-0.035203,0.902167,24.000000
720,0,18,0.420713,-0.031462,0.874039,24.000000
720,0,19,0.462202,-0.027601,0.846312,24.000000
720,0,20,0.351980,-0.084620,0.945175,24.000000
720,0,21,0.393501,-0.080823,0.917383,24.000000
720,0,22,0.434708,-0.077371,0.888795,24.000000
720,0,23,0.475804,-0.073440,0.860722,24.000000
725,0,0,0.271277,0.135986,0.863701,24.166667
725,0,1,0.312570,0.139717,0.835283,24.166667
725,0,2,0.353772,0.143237,0.806885,24.166667
725,0,3,0.396640,0.148249,0.781374,24.166667
725,0,4,0.286537,0.091435,0.880316,24.166667
725,0,5,0.327180,0.094415,0.851149,24.166667
725,0,6,0.369548,0.099045,0.824580,24.166667
725,0,7,0.411211,0.103208,0.797196,24.166667
725,0,8,0.301298,0.046416,0.896912,24.166667
725,0,9,0.342692,0.049864,0.868416,24.166667
725,0,10,0.384858,0.054513,0.841937,24.166667
725,0,11,0.426260,0.058609,0.813952,24.166667
725,0,12,0.316761,0.001923,0.913564,24.166667
725,0,13,0.358404,0.005850,0.885939,24.166667
725,0,14,0.399838,0.009632,0.857986,24.166667
725,0,15,0.441385,0.013854,0.830302,24.166667
725,0,16,0.331684,-0.042695,0.930578,24.166667
725,0,17,0.373068,-0.039009,0.902375,24.166667
725,0,18,0.415186,-0.034494,0.875096,24.166667
725,0,19,0.455884,-0.031125,0.846434,24.166667
725,0,20,0.346852,-0.087167,0.947266,24.166667
725,0,21,0.388236,-0.083562,0.919229,24.166667
725,0,22,0.429703,-0.079579,0.891224,24.166667
725,0,23,0.470752,-0.075892,0.862594,24.166667
730,0,0,0.266337,0.130593,0.863469,24.333333
730,0,1,0.307824,0.133592,0.834908,24.333333
730,0,2,0.349909,0.137231,0.807306,24.333333
730,0,3,0.392597,0.141953,0.781374,24.333333
730,0,4,0.281989,0.086335,0.881794,24.333333
730,0,5,0.323656,0.089643,0.853487,24.333333
730,0,6,0.366116,0.093665,0.826303,24.333333
730,0,7,0.408324,0.097856,0.799550,24.333333
730,0,8,0.297821,0.042068,0.900196,24.333333
730,0,9,0.339627,0.045495,0.872117,24.333333
730,0,10,0.382171,0.049950,0.845369,24.333333
730,0,11,0.424010,0.053637,0.817849,24.333333
730,0,12,0.313796,-0.001723,0.919029,24.333333
730,0,13,0.355940,0.001952,0.891145,24.333333
730,0,14,0.397671,0.005676,0.863605,24.333333
730,0,15,0.440007,0.009990,0.836536,24.333333
730,0,16,0.330432,-0.045003,0.938298,24.333333
730,0,17,0.371505,-0.042070,0.909667,24.333333
730,0,18,0.413519,-0.038051,0.882214,24.333333
730,0,19,0.455284,-0.034250,0.854798,24.333333
730,0,20,0.345291,-0.089341,0.955764,24.333333
730,0,21,0.387202,-0.085759,0.927871,24.333333
730,0,22,0.429244,-0.082068,0.900518,24.333333
730,0,23,0.470248,-0.078664,0.871872,24.333333
735,0,0,0.261968,0.127191,0.861131,24.500000
735,0,1,0.303058,0.129810,0.832063,24.500000
735,0,2,0.344768,0.133463,0.804003,24.500000
735,0,3,0.387671,0.137985,0.778485,24.500000
735,0,4,0.277452,0.083280,0.879631,24.500000
735,0,5,0.318370,0.085836,0.849734,24.500000
735,0,6,0.360911,0.090026,0.823844,24.500000
735,0,7,0.403173,0.093984,0.796391,24.500000
735,0,8,0.293677,0.039539,0.898393,24.500000
735,0,9,0.335334,0.042603,0.870444,24.500000
735,0,10,0.377521,0.046932,0.843116,24.500000
735,0,11,0.419618,0.050791,0.816183,24.500000
735,0,12,0.309529,-0.003772,0.918132,24.500000
735,0,13,0.352088,-0.000234,0.890633,24.500000
735,0,14,0.393289,0.003137,0.862296,24.500000
735,0,15,0.435247,0.006839,0.834389,24.500000
735,0,16,0.325959,-0.047518,0.937328,24.500000
735,0,17,0.367499,-0.044060,0.908996,24.500000
735,0,18,0.409176,-0.040473,0.880545,24.500000
735,0,19,0.450803,-0.036882,0.853429,24.500000
735,0,20,0.341482,-0.091053,0.955480,24.500000
735,0,21,0.383374,-0.087522,0.927418,24.500000
735,0,22,0.425033,-0.084058,0.899862,24.500000
735,0,23,0.466020,-0.080844,0.871304,24.500000
740,0,0,0.256968,0.125605,0.858291,24.666667
740,0,1,0.298064,0.128514,0.829608,24.666667
740,0,2,0.340112,0.132532,0.802401,24.666667
740,0,3,0.382645,0.136890,0.776091,24.666667
740,0,4,0.273148,0.081868,0.877243,24.666667
740,0,5,0.314419,0.084966,0.848667,24.666667
740,0,6,0.356344,0.089017,0.821533,24.666667
740,0,7,0.398798,0.093483,0.795179,24.666667
740,0,8,0.289465,0.038697,0.896237,24.666667
740,0,9,0.330707,0.041565,0.868166,24.666667
740,0,10,0.373167,0.045942,0.841463,24.666667
740,0,11,0.414869,0.049633,0.813902,24.666667
740,0,12,0.305426,-0.004924,0.915603,24.666667
740,0,13,0.347536,-0.001314,0.888116,24.666667
740,0,14,0.389142,0.002353,0.860297,24.666667
740,0,15,0.430776,0.006298,0.832663,24.666667
740,0,16,0.321998,-0.048083,0.934912,24.666667
740,0,17,0.363524,-0.044602,0.907273,24.666667
740,0,18,0.405495,-0.040732,0.879723,24.666667
740,0,19,0.446685,-0.037510,0.851407,24.666667
740,0,20,0.338001,-0.091297,0.954029,24.666667
740,0,21,0.380058,-0.087670,0.926573,24.666667
740,0,22,0.421168,-0.084507,0.897990,24.666667
740,0,23,0.462409,-0.081091,0.870017,24.666667
745,0,0,0.255889,0.125109,0.858076,24.833333
745,0,1,0.297066,0.127779,0.829856,24.833333
745,0,2,0.338773,0.131472,0.801646,24.833333
745,0,3,0.381728,0.136085,0.776327,24.833333
745,0,4,0.272012,0.081379,0.877586,24.833333
745,0,5,0.312887,0.084190,0.847970,24.833333
745,0,6,0.355240,0.088272,0.821869,24.833333
745,0,7,0.397948,0.092848,0.795515,24.833333
745,0,8,0.288541,0.038480,0.897343,24.833333
745,0,9,0.329620,0.041100,0.868634,24.833333
745,0,10,0.371937,0.045169,0.841591,24.833333
745,0,11,0.413568,0.048909,0.814212,24.833333
745,0,12,0.304793,-0.005070,0.916707,24.833333
745,0,13,0.346178,-0.001708,0.888206,24.833333
745,0,14,0.388038,0.001685,0.860723,24.833333
745,0,15,0.429439,0.005575,0.832833,24.833333
745,0,16,0.320844,-0.048471,0.935703,24.833333
745,0,17,0.362360,-0.045196,0.907679,24.833333
745,0,18,0.403892,-0.041573,0.879558,24.833333
745,0,19,0.445608,-0.037971,0.852093,24.833333
745,0,20,0.336812,-0.091752,0.954750,24.833333
745,0,21,0.378651,-0.088138,0.926870,24.833333
745,0,22,0.419910,-0.084912,0.898766,24.833333
745,0,23,0.460993,-0.081771,0.870286,24.833333
750,0,0,0.255765,0.123835,0.859984,25.000000
750,0,1,0.296792,0.126123,0.830871,25.000000
750,0,2,0.339160,0.130117,0.803957,25.000000
750,0,3,0.381118,0.134086,0.777350,25.000000
750,0,4,0.271567,0.080078,0.878697,25.000000
750,0,5,0.312782,0.082870,0.850223,25.000000
750,0,6,0.355003,0.086682,0.823149,25.000000
750,0,7,0.396948,0.090398,0.795980,25.000000
750,0,8,0.287908,0.036992,0.898615,25.000000
750,0,9,0.328964,0.039717,0.869919,25.000000
750,0,10,0.371234,0.043670,0.842712,25.000000
750,0,11,0.413011,0.046997,0.815477,25.000000
750,0,12,0.303734,-0.006705,0.917549,25.000000
750,0,13,0.345394,-0.003439,0.889413,25.000000
750,0,14,0.387276,0.000272,0.862213,25.000000
750,0,15,0.428715,0.003784,0.833823,25.000000
750,0,16,0.320446,-0.049181,0.937560,25.000000
750,0,17,0.361436,-0.046603,0.909079,25.000000
750,0,18,0.402914,-0.043302,0.881012,25.000000
750,0,19,0.444837,-0.039830,0.853561,25.000000
750,0,20,0.335938,-0.092755,0.956555,25.000000
750,0,21,0.377904,-0.089457,0.928671,25.000000
750,0,22,0.419138,-0.086487,0.900554,25.000000
750,0,23,0.460188,-0.083447,0.872275,25.000000
755,0,0,0.254596,0.123303,0.863097,25.166667
755,0,1,0.295800,0.125993,0.834066,25.166667
755,0,2,0.337627,0.129789,0.806414,25.166667
755,0,3,0.380457,0.134214,0.780452,25.166667
755,0,4,0.270512,0.079956,0.882121,25.166667
755,0,5,0.312065,0.082745,0.853384,25.166667
755,0,6,0.354375,0.086746,0.826603,25.166667
755,0,7,0.396829,0.091043,0.800020,25.166667
755,0,8,0.286700,0.036511,0.900678,25.166667
755,0,9,0.328403,0.039736,0.873384,25.166667
755,0,10,0.370782,0.043658,0.846108,25.166667
755,0,11,0.412744,0.047432,0.818947,25.166667
755,0,12,0.303183,-0.006361,0.921439,25.166667
755,0,13,0.345338,-0.002889,0.893323,25.166667
755,0,14,0.386981,0.000226,0.865613,25.166667
755,0,15,0.428693,0.003869,0.837887,25.166667
755,0,16,0.319871,-0.049672,0.940951,25.166667
755,0,17,0.360916,-0.046737,0.912444,25.166667
755,0,18,0.403032,-0.043010,0.885145,25.166667
755,0,19,0.444634,-0.039294,0.857539,25.166667
755,0,20,0.335832,-0.093257,0.959902,25.166667
755,0,21,0.377498,-0.089675,0.932164,25.166667
755,0,22,0.418866,-0.086368,0.904025,25.166667
755,0,23,0.459928,-0.083226,0.875446,25.166667
760,0,0,0.255624,0.124139,0.870965,25.333333
760,0,1,0.297045,0.126902,0.841997,25.333333
760,0,2,0.339166,0.130700,0.813831,25.333333
760,0,3,0.381810,0.135174,0.787521,25.333333
760,0,4,0.271219,0.080068,0.888907,25.333333
760,0,5,0.312668,0.082793,0.859622,25.333333
760,0,6,0.355044,0.086957,0.832492,25.333333
760,0,7,0.396871,0.091065,0.804651,25.333333
760,0,8,0.287663,0.036166,0.907530,25.333333
760,0,9,0.328814,0.039202,0.878469,25.333333
760,0,10,0.371278,0.043354,0.851064,25.333333
760,0,11,0.412947,0.047005,0.823062,25.333333
760,0,12,0.303554,-0.007613,0.925927,25.333333
760,0,13,0.345473,-0.003817,0.897870,25.333333
760,0,14,0.386875,-0.000561,0.869353,25.333333
760,0,15,0.428505,0.003209,0.841216,25.333333
760,0,16,0.319859,-0.051050,0.944933,25.333333
760,0,17,0.361174,-0.047793,0.916189,25.333333
760,0,18,0.402420,-0.044557,0.887445,25.333333
760,0,19,0.443940,-0.041007,0.859143,25.333333
760,0,20,0.335328,-0.094736,0.962704,25.333333
760,0,21,0.376535,-0.091761,0.934244,25.333333
760,0,22,0.418789,-0.088019,0.906125,25.333333
760,0,23,0.460012,-0.084420,0.877903,25.333333
765,0,8,0.291894,0.029947,0.922286,25.500000
765,0,11,0.413317,0.038141,0.833024,25.500000
765,0,12,0.304470,-0.017307,0.934667,25.500000
765,0,15,0.426188,-0.008390,0.846237,25.500000
765,0,17,0.357665,-0.060978,0.917654,25.500000
765,0,18,0.399509,-0.056869,0.889386,25.500000
765,0,19,0.438934,-0.054936,0.858745,25.500000
765,0,21,0.372887,-0.105080,0.933169,25.500000
770,0,15,0.427425,-0.032139,0.862789,25.666667
770,0,17,0.355996,-0.084433,0.931064,25.666667
770,0,18,0.392945,-0.083386,0.897199,25.666667
770,0,19,0.432361,-0.081912,0.866573,25.666667
770,0,21,0.361295,-0.134745,0.936558,25.666667
775,0,20,0.330115,-0.154132,0.996636,25.833333
775,0,21,0.369115,-0.154689,0.964275,25.833333
775,0,22,0.407712,-0.154835,0.931221,25.833333
780,0,16,0.335023,-0.116673,1.011842,26.000000
780,0,17,0.371538,-0.118748,0.977026,26.000000
780,0,18,0.408150,-0.120966,0.943012,26.000000
780,0,19,0.445016,-0.122421,0.907812,26.000000
780,0,20,0.322628,-0.164638,1.000250,26.000000
780,0,21,0.359783,-0.166191,0.966420,26.000000
785,0,15,0.458735,-0.080784,0.929855,26.166667
785,0,16,0.335134,-0.114674,1.023479,26.166667
785,0,17,0.369590,-0.117748,0.987159,26.166667
785,0,18,0.404701,-0.121009,0.951245,26.166667
785,0,19,0.439551,-0.124396,0.915550,26.166667
785,0,20,0.315923,-0.158444,1.009212,26.166667
785,0,21,0.351038,-0.161506,0.973578,26.166667
785,0,22,0.385719,-0.164617,0.937958,26.166667
785,0,23,0.420456,-0.168041,0.901680,26.166667
810,0,20,0.311256,-0.142315,1.002405,27.000000
810,0,23,0.413037,-0.144178,0.892905,27.000000
815,0,18,0.396351,-0.100845,0.946343,27.166667
815,0,19,0.429661,-0.100860,0.909714,27.166667
815,0,20,0.308442,-0.141268,1.004185,27.166667
815,0,21,0.342344,-0.142581,0.966604,27.166667
815,0,22,0.376176,-0.143067,0.929087,27.166667
815,0,23,0.409956,-0.143241,0.892910,27.166667
820,0,16,0.328365,-0.100659,1.020986,27.333333
820,0,20,0.307942,-0.143026,1.004573,27.333333
820,0,23,0.409967,-0.146517,0.894082,27.333333
825,0,16,0.330326,-0.103108,1.018547,27.500000
825,0,17,0.363931,-0.105145,0.981207,27.500000
825,0,20,0.312367,-0.146697,1.004974,27.500000
825,0,21,0.347301,-0.149344,0.968658,27.500000
825,0,22,0.381337,-0.151285,0.932159,27.500000
825,0,23,0.416164,-0.153227,0.897060,27.500000
830,0,20,0.316849,-0.136492,1.001980,27.666667
830,0,21,0.349781,-0.137184,0.964030,27.666667
830,0,22,0.381838,-0.138003,0.924905,27.666667
830,0,23,0.414011,-0.138950,0.886440,27.666667
835,0,11,0.460412,0.000277,0.917042,27.833333
835,0,15,0.446315,-0.045691,0.905192,27.833333
835,0,18,0.394916,-0.088856,0.926994,27.833333
835,0,19,0.431870,-0.091691,0.892625,27.833333
835,0,21,0.343942,-0.133054,0.950062,27.833333
835,0,22,0.380612,-0.135377,0.914977,27.833333
835,0,23,0.417415,-0.137613,0.880498,27.833333
840,0,0,0.358408,0.107586,1.030377,28.000000
840,0,1,0.395505,0.103846,0.996824,28.000000
840,0,2,0.434618,0.099047,0.965497,28.000000
840,0,3,0.475332,0.093945,0.936603,28.000000
840,0,4,0.345331,0.060523,1.021500,28.000000
840,0,5,0.383252,0.056103,0.988851,28.000000
840,0,6,0.422673,0.051812,0.958131,28.000000
840,0,7,0.462029,0.046455,0.927175,28.000000
840,0,8,0.333358,0.012781,1.013267,28.000000
840,0,9,0.371274,0.008428,0.980802,28.000000
840,0,10,0.410993,0.003790,0.950031,28.000000
840,0,11,0.450472,-0.000716,0.919578,28.000000
840,0,12,0.320801,-0.035414,1.005011,28.000000
840,0,13,0.359736,-0.039225,0.973162,28.000000
840,0,14,0.399495,-0.043744,0.942549,28.000000
840,0,15,0.438428,-0.048309,0.911631,28.000000
840,0,16,0.308845,-0.082702,0.997077,28.000000
840,0,17,0.347705,-0.087023,0.965454,28.000000
840,0,18,0.386742,-0.091631,0.934762,28.000000
840,0,19,0.426345,-0.096049,0.903027,28.000000
840,0,20,0.296437,-0.130495,0.989165,28.000000
840,0,21,0.335531,-0.135083,0.958415,28.000000
840,0,22,0.373922,-0.138542,0.926044,28.000000
840,0,23,0.413699,-0.143642,0.895153,28.000000
845,0,0,0.346331,0.104953,1.023946,28.166667
845,0,1,0.384213,0.101277,0.992054,28.166667
845,0,2,0.424822,0.096601,0.963059,28.166667
845,0,3,0.465859,0.091388,0.934809,28.166667
845,0,4,0.335513,0.056831,1.017222,28.166667
845,0,5,0.374191,0.052915,0.985856,28.166667
845,0,6,0.414474,0.048271,0.957187,28.166667
845,0,7,0.454975,0.043427,0.928660,28.166667
845,0,8,0.324734,0.008839,1.011359,28.166667
845,0,9,0.363986,0.004688,0.980750,28.166667
845,0,10,0.404205,-0.000063,0.951505,28.166667
845,0,11,0.444637,-0.004554,0.922536,28.166667
845,0,12,0.314598,-0.039257,1.006065,28.166667
845,0,13,0.353777,-0.043820,0.975540,28.166667
845,0,14,0.393708,-0.048099,0.945709,28.166667
845,0,15,0.433880,-0.052817,0.916489,28.166667
845,0,16,0.303894,-0.087710,1.000441,28.166667
845,0,17,0.343086,-0.092162,0.969517,28.166667
845,0,18,0.383253,-0.096804,0.939494,28.166667
845,0,19,0.423344,-0.101138,0.909654,28.166667
845,0,20,0.293268,-0.136492,0.994130,28.166667
845,0,21,0.333185,-0.140767,0.964600,28.166667
845,0,22,0.372526,-0.145407,0.933102,28.166667
845,0,23,0.411804,-0.150067,0.902256,28.166667
850,0,0,0.343419,0.106516,1.023084,28.333333
850,0,1,0.382464,0.102352,0.991617,28.333333
850,0,2,0.423065,0.096895,0.962234,28.333333
850,0,3,0.464779,0.092041,0.936037,28.333333
850,0,4,0.332418,0.058304,1.015266,28.333333
850,0,5,0.371856,0.054047,0.984956,28.333333
850,0,6,0.412701,0.048888,0.956845,28.333333
850,0,7,0.454267,0.043555,0.929603,28.333333
850,0,8,0.321387,0.010296,1.009591,28.333333
850,0,9,0.361359,0.005528,0.978886,28.333333
850,0,10,0.402360,0.000739,0.950254,28.333333
850,0,11,0.443298,-0.004443,0.922256,28.333333
850,0,12,0.310359,-0.037625,1.002736,28.333333
850,0,13,0.350858,-0.042770,0.972664,28.333333
850,0,14,0.391595,-0.047517,0.943995,28.333333
850,0,15,0.432378,-0.052738,0.915051,28.333333
850,0,16,0.299633,-0.086537,0.996117,28.333333
850,0,17,0.340083,-0.091183,0.966490,28.333333
850,0,18,0.380985,-0.096265,0.938070,28.333333
850,0,19,0.421293,-0.101031,0.908068,28.333333
850,0,20,0.288935,-0.135123,0.989479,28.333333
850,0,21,0.329355,-0.140009,0.959973,28.333333
850,0,22,0.369892,-0.144609,0.930571,28.333333
850,0,23,0.410538,-0.149495,0.901527,28.333333
855,0,0,0.343045,0.107449,1.024459,28.500000
855,0,1,0.382094,0.103695,0.993008,28.500000
855,0,2,0.423013,0.098510,0.963742,28.500000
855,0,3,0.464213,0.093321,0.936756,28.500000
855,0,4,0.332436,0.059250,1.016834,28.500000
855,0,5,0.371926,0.055247,0.986717,28.500000
855,0,6,0.412765,0.050591,0.958300,28.500000
855,0,7,0.453917,0.045161,0.930063,28.500000
855,0,8,0.321587,0.011189,1.010979,28.500000
855,0,9,0.361442,0.006802,0.980234,28.500000
855,0,10,0.402575,0.002031,0.951851,28.500000
855,0,11,0.443301,-0.002836,0.923056,28.500000
855,0,12,0.311181,-0.037489,1.003859,28.500000
855,0,13,0.351374,-0.041625,0.974742,28.500000
855,0,14,0.391992,-0.046390,0.945166,28.500000
855,0,15,0.432708,-0.051119,0.916628,28.500000
855,0,16,0.300325,-0.085742,0.997349,28.500000
855,0,17,0.340653,-0.090298,0.967538,28.500000
855,0,18,0.381425,-0.094888,0.938709,28.500000
855,0,19,0.421514,-0.099408,0.908872,28.500000
855,0,20,0.289682,-0.134198,0.990803,28.500000
855,0,21,0.330169,-0.138960,0.961374,28.500000
855,0,22,0.370487,-0.143409,0.931357,28.500000
855,0,23,0.410880,-0.148139,0.901998,28.500000
860,0,0,0.341318,0.106647,1.022995,28.666667
860,0,1,0.380251,0.102452,0.991646,28.666667
860,0,2,0.420992,0.097558,0.963174,28.666667
860,0,3,0.461982,0.092135,0.934997,28.666667
860,0,4,0.330642,0.058445,1.016270,28.666667
860,0,5,0.370010,0.054091,0.985464,28.666667
860,0,6,0.410892,0.048990,0.957164,28.666667
860,0,7,0.451781,0.043823,0.929461,28.666667
860,0,8,0.320035,0.010073,1.010185,28.666667
860,0,9,0.359796,0.005649,0.980232,28.666667
860,0,10,0.400848,0.000424,0.951911,28.666667
860,0,11,0.441185,-0.004622,0.922306,28.666667
860,0,12,0.309633,-0.038316,1.004348,28.666667
860,0,13,0.349582,-0.043127,0.973846,28.666667
860,0,14,0.390353,-0.047737,0.945708,28.666667
860,0,15,0.430706,-0.052942,0.916287,28.666667
860,0,16,0.299262,-0.087140,0.999189,28.666667
860,0,17,0.339564,-0.091676,0.968943,28.666667
860,0,18,0.380226,-0.096619,0.939695,28.666667
860,0,19,0.420150,-0.101501,0.909672,28.666667
860,0,20,0.288929,-0.135942,0.992583,28.666667
860,0,21,0.329153,-0.140589,0.963338,28.666667
860,0,22,0.369290,-0.145086,0.933296,28.666667
860,0,23,0.409497,-0.150112,0.903084,28.666667
865,0,0,0.338931,0.107819,1.022135,28.833333
865,0,1,0.378260,0.104070,0.991587,28.833333
865,0,2,0.418554,0.098896,0.961778,28.833333
865,0,3,0.459871,0.093546,0.934268,28.833333
865,0,4,0.329127,0.058981,1.016117,28.833333
865,0,5,0.368311,0.054922,0.985868,28.833333
865,0,6,0.409032,0.050040,0.956675,28.833333
865,0,7,0.450010,0.044737,0.928500,28.833333
865,0,8,0.318668,0.010524,1.010793,28.833333
865,0,9,0.358329,0.005940,0.980228,28.833333
865,0,10,0.399016,0.000912,0.951021,28.833333
865,0,11,0.439675,-0.004041,0.921932,28.833333
865,0,12,0.308762,-0.038450,1.004758,28.833333
865,0,13,0.348481,-0.043160,0.974974,28.833333
865,0,14,0.388923,-0.048024,0.945032,28.833333
865,0,15,0.429110,-0.052866,0.915606,28.833333
865,0,16,0.298664,-0.087364,0.999594,28.833333
865,0,17,0.338599,-0.091991,0.969080,28.833333
865,0,18,0.378710,-0.096963,0.939620,28.833333
865,0,19,0.418728,-0.101666,0.909337,28.833333
865,0,20,0.288549,-0.136065,0.993355,28.833333
865,0,21,0.328598,-0.140829,0.963861,28.833333
865,0,22,0.368417,-0.145577,0.933222,28.833333
865,0,23,0.408373,-0.150263,0.903182,28.833333
870,0,0,0.333146,0.112437,1.012743,29.000000
870,0,1,0.371883,0.107743,0.981339,29.000000
870,0,2,0.412289,0.102209,0.952564,29.000000
870,0,3,0.452544,0.096335,0.922981,29.000000
870,0,4,0.325103,0.063525,1.011336,29.000000
870,0,5,0.363935,0.058225,0.979641,29.000000
870,0,6,0.404156,0.052870,0.950598,29.000000
870,0,7,0.445026,0.047402,0.922351,29.000000
870,0,8,0.317019,0.014145,1.009892,29.000000
870,0,9,0.356248,0.008987,0.979027,29.000000
870,0,10,0.396540,0.003373,0.949140,29.000000
870,0,11,0.436796,-0.002102,0.919954,29.000000
870,0,12,0.309152,-0.035400,1.008642,29.000000
870,0,13,0.348480,-0.040550,0.978072,29.000000
870,0,14,0.388757,-0.045898,0.948414,29.000000
870,0,15,0.428535,-0.051462,0.917585,29.000000
870,0,16,0.300440,-0.085140,1.006425,29.000000
870,0,17,0.340615,-0.090312,0.976703,29.000000
870,0,18,0.380808,-0.095450,0.947145,29.000000
870,0,19,0.420306,-0.100796,0.916391,29.000000
870,0,20,0.292920,-0.134458,1.005670,29.000000
870,0,21,0.332565,-0.139927,0.975550,29.000000
870,0,22,0.372298,-0.145249,0.944871,29.000000
870,0,23,0.411680,-0.150678,0.914362,29.000000
875,0,2,0.402399,0.107558,0.941958,29.166667
875,0,3,0.442903,0.100399,0.912932,29.166667
875,0,6,0.396783,0.057643,0.944986,29.166667
875,0,7,0.437369,0.050957,0.916058,29.166667
875,0,10,0.391691,0.007947,0.949901,29.166667
875,0,11,0.432032,0.001277,0.920631,29.166667
875,0,12,0.305940,-0.029796,1.011423,29.166667
875,0,13,0.344978,-0.035582,0.981207,29.166667
875,0,14,0.386066,-0.042218,0.952611,29.166667
875,0,15,0.426477,-0.048736,0.923267,29.166667
875,0,16,0.300391,-0.078784,1.016008,29.166667
875,0,17,0.340517,-0.085705,0.985661,29.166667
875,0,18,0.380673,-0.092174,0.956792,29.166667
875,0,19,0.420752,-0.099050,0.926429,29.166667
875,0,20,0.295111,-0.129026,1.018755,29.166667
875,0,21,0.335709,-0.134936,0.990439,29.166667
875,0,22,0.374898,-0.141759,0.959632,29.166667
875,0,23,0.414394,-0.148776,0.929097,29.166667
880,0,15,0.424255,-0.030453,0.954490,29.333333
880,0,18,0.375831,-0.069757,0.987838,29.333333
880,0,19,0.420630,-0.078549,0.967650,29.333333
880,0,21,0.326598,-0.109578,1.019306,29.333333
890,0,17,0.259102,-0.034615,0.934869,29.666667
890,0,18,0.301107,-0.038753,0.908158,29.666667
890,0,21,0.268389,-0.078721,0.956447,29.666667
890,0,22,0.310020,-0.083331,0.929039,29.666667
895,0,0,0.162243,0.143882,0.873610,29.833333
895,0,1,0.204412,0.138421,0.846836,29.833333
895,0,2,0.248584,0.134842,0.822483,29.833333
895,0,3,0.293493,0.132568,0.800031,29.833333
895,0,6,0.257890,0.091272,0.845916,29.833333
895,0,7,0.302289,0.087959,0.821695,29.833333
895,0,10,0.266504,0.046695,0.868623,29.833333
895,0,12,0.187836,0.010753,0.940880,29.833333
895,0,13,0.232742,0.007326,0.917282,29.833333
895,0,14,0.275947,0.003024,0.891992,29.833333
895,0,16,0.197351,-0.033303,0.964337,29.833333
895,0,17,0.240747,-0.037379,0.939225,29.833333
895,0,18,0.284251,-0.041714,0.913953,29.833333
895,0,19,0.328537,-0.045112,0.889787,29.833333
895,0,20,0.206277,-0.077909,0.985594,29.833333
895,0,21,0.248221,-0.082638,0.960255,29.833333
895,0,22,0.293257,-0.085700,0.936531,29.833333
895,0,23,0.338081,-0.088795,0.911707,29.833333
900,0,0,0.159671,0.135065,0.869724,30.000000
900,0,1,0.202092,0.129163,0.843256,30.000000
900,0,2,0.246109,0.124956,0.818922,30.000000
900,0,3,0.290726,0.121898,0.796178,30.000000
900,0,4,0.167701,0.090780,0.892288,30.000000
900,0,5,0.210604,0.085596,0.866613,30.000000
900,0,6,0.255017,0.081680,0.842918,30.000000
900,0,7,0.299348,0.077989,0.818870,30.000000
900,0,8,0.176257,0.047226,0.915677,30.000000
900,0,9,0.219352,0.042124,0.890242,30.000000
900,0,10,0.263540,0.038302,0.866119,30.000000
900,0,11,0.307879,0.034151,0.842746,30.000000
900,0,12,0.184418,0.003624,0.938968,30.000000
900,0,13,0.228307,-0.000986,0.914025,30.000000
900,0,14,0.272174,-0.005461,0.889877,30.000000
900,0,15,0.315820,-0.009793,0.865162,30.000000
900,0,16,0.193625,-0.039532,0.962950,30.000000
900,0,17,0.236688,-0.044600,0.937729,30.000000
900,0,18,0.280123,-0.049163,0.912637,30.000000
900,0,19,0.324350,-0.053627,0.888685,30.000000
900,0,20,0.201517,-0.083198,0.985591,30.000000
900,0,21,0.245336,-0.088003,0.961540,30.000000
900,0,22,0.288708,-0.092829,0.936132,30.000000
900,0,23,0.332011,-0.097332,0.910653,30.000000
905,0,0,0.162335,0.135814,0.872117,30.166667
905,0,1,0.205072,0.130704,0.846562,30.166667
905,0,2,0.249452,0.126591,0.822558,30.166667
905,0,3,0.294528,0.123654,0.800821,30.166667
905,0,4,0.170525,0.091799,0.895147,30.166667
905,0,5,0.213918,0.087045,0.869971,30.166667
905,0,6,0.258194,0.082895,0.846444,30.166667
905,0,7,0.302836,0.079669,0.823635,30.166667
905,0,8,0.179058,0.048009,0.918205,30.166667
905,0,9,0.222460,0.043258,0.893687,30.166667
905,0,10,0.267065,0.039527,0.870159,30.166667
905,0,11,0.311462,0.035754,0.846913,30.166667
905,0,12,0.187281,0.004185,0.941492,30.166667
905,0,13,0.231030,-0.000406,0.917151,30.166667
905,0,14,0.275446,-0.004253,0.893760,30.166667
905,0,15,0.319610,-0.008355,0.869692,30.166667
905,0,16,0.196261,-0.039221,0.966108,30.166667
905,0,17,0.239726,-0.043989,0.940828,30.166667
905,0,18,0.284031,-0.048063,0.916588,30.166667
905,0,19,0.327737,-0.052408,0.892691,30.166667
905,0,20,0.204373,-0.082957,0.988045,30.166667
905,0,21,0.248413,-0.087445,0.964113,30.166667
905,0,22,0.291978,-0.092097,0.939557,30.166667
905,0,23,0.335575,-0.096499,0.914971,30.166667
910,0,0,0.162338,0.136114,0.874216,30.333333
910,0,1,0.205151,0.131066,0.848679,30.333333
910,0,2,0.249445,0.127742,0.824867,30.333333
910,0,3,0.294210,0.124672,0.802118,30.333333
910,0,4,0.170699,0.092013,0.897221,30.333333
910,0,5,0.213785,0.087274,0.871724,30.333333
910,0,6,0.258255,0.083935,0.848147,30.333333
910,0,7,0.302832,0.080764,0.824601,30.333333
910,0,8,0.179536,0.048206,0.920331,30.333333
910,0,9,0.222710,0.043668,0.894992,30.333333
910,0,10,0.267254,0.040335,0.871441,30.333333
910,0,11,0.311288,0.036568,0.847338,30.333333
910,0,12,0.188104,0.004252,0.943191,30.333333
910,0,13,0.232081,0.000456,0.918910,30.333333
910,0,14,0.275785,-0.003692,0.894275,30.333333
910,0,15,0.319820,-0.007501,0.869948,30.333333
910,0,16,0.197155,-0.039202,0.966489,30.333333
910,0,17,0.240705,-0.043563,0.941840,30.333333
910,0,18,0.284093,-0.047636,0.916913,30.333333
910,0,19,0.328248,-0.051569,0.892521,30.333333
910,0,20,0.205423,-0.082892,0.988881,30.333333
910,0,21,0.249652,-0.087008,0.965276,30.333333
910,0,22,0.293056,-0.091409,0.939764,30.333333
910,0,23,0.336386,-0.095476,0.914964,30.333333
915,0,0,0.161195,0.136513,0.876549,30.500000
915,0,1,0.203863,0.131511,0.850177,30.500000
915,0,2,0.248196,0.128302,0.826525,30.500000
915,0,3,0.292991,0.125559,0.803340,30.500000
915,0,4,0.169530,0.092005,0.898365,30.500000
915,0,5,0.212816,0.087732,0.873177,30.500000
915,0,6,0.257272,0.084437,0.849347,30.500000
915,0,7,0.301871,0.081445,0.825802,30.500000
915,0,8,0.178778,0.048498,0.921426,30.500000
915,0,9,0.221984,0.044070,0.896311,30.500000
915,0,10,0.266542,0.040873,0.872938,30.500000
915,0,11,0.310545,0.037151,0.848415,30.500000
915,0,12,0.187504,0.004574,0.944519,30.500000
915,0,13,0.231415,0.000715,0.919729,30.500000
915,0,14,0.275003,-0.003206,0.895240,30.500000
915,0,15,0.318786,-0.007035,0.870200,30.500000
915,0,16,0.196368,-0.039257,0.967691,30.500000
915,0,17,0.239874,-0.043432,0.942513,30.500000
915,0,18,0.284262,-0.046911,0.918654,30.500000
915,0,19,0.327410,-0.051138,0.893118,30.500000
915,0,20,0.205155,-0.082645,0.990423,30.500000
915,0,21,0.249326,-0.086777,0.965966,30.500000
915,0,22,0.292788,-0.091159,0.940844,30.500000
915,0,23,0.335882,-0.095253,0.915509,30.500000
920,0,0,0.156670,0.138287,0.878277,30.666667
920,0,1,0.199479,0.133914,0.852272,30.666667
920,0,2,0.243390,0.130566,0.827908,30.666667
920,0,3,0.288140,0.127892,0.805324,30.666667
920,0,4,0.165429,0.094314,0.900650,30.666667
920,0,5,0.208357,0.089671,0.874643,30.666667
920,0,6,0.252438,0.086605,0.851004,30.666667
920,0,7,0.296802,0.083487,0.826964,30.666667
920,0,8,0.174657,0.050167,0.923140,30.666667
920,0,9,0.217397,0.045667,0.897606,30.666667
920,0,10,0.261659,0.042593,0.873416,30.666667
920,0,11,0.305684,0.039323,0.849625,30.666667
920,0,12,0.183459,0.006197,0.945854,30.666667
920,0,13,0.227011,0.002206,0.920841,30.666667
920,0,14,0.270648,-0.001464,0.896600,30.666667
920,0,15,0.314694,-0.005081,0.871974,30.666667
920,0,16,0.192220,-0.037944,0.968503,30.666667
920,0,17,0.235809,-0.041929,0.943615,30.666667
920,0,18,0.279347,-0.045806,0.918999,30.666667
920,0,19,0.323339,-0.049371,0.894449,30.666667
920,0,20,0.201326,-0.081757,0.990815,30.666667
920,0,21,0.244999,-0.085661,0.966671,30.666667
920,0,22,0.288374,-0.090032,0.941160,30.666667
920,0,23,0.331541,-0.093880,0.915912,30.666667
925,0,0,0.153201,0.140555,0.880343,30.833333
925,0,1,0.195904,0.135943,0.854574,30.833333
925,0,2,0.240288,0.132721,0.830606,30.833333
925,0,3,0.285122,0.129989,0.808041,30.833333
925,0,4,0.161216,0.095763,0.901892,30.833333
925,0,5,0.204697,0.091481,0.876347,30.833333
925,0,6,0.249129,0.088500,0.853028,30.833333
925,0,7,0.293614,0.085510,0.829393,30.833333
925,0,8,0.170097,0.051310,0.923840,30.833333
925,0,9,0.213601,0.047352,0.899414,30.833333
925,0,10,0.257964,0.044296,0.875590,30.833333
925,0,11,0.302225,0.040921,0.851692,30.833333
925,0,12,0.178791,0.007443,0.946874,30.833333
925,0,13,0.222690,0.003446,0.922055,30.833333
925,0,14,0.266913,-0.000187,0.897798,30.833333
925,0,15,0.310802,-0.003649,0.873297,30.833333
925,0,16,0.188008,-0.036568,0.970039,30.833333
925,0,17,0.231598,-0.040798,0.944507,30.833333
925,0,18,0.275556,-0.044440,0.920268,30.833333
925,0,19,0.319385,-0.048203,0.895244,30.833333
925,0,20,0.196833,-0.080924,0.991371,30.833333
925,0,21,0.241039,-0.084358,0.967433,30.833333
925,0,22,0.284305,-0.088614,0.942215,30.833333
925,0,23,0.327187,-0.092845,0.915988,30.833333
930,0,0,0.137851,0.143026,0.880019,31.000000
930,0,1,0.181217,0.138350,0.856113,31.000000
930,0,2,0.226135,0.134946,0.834031,31.000000
930,0,3,0.271230,0.131841,0.812665,31.000000
930,0,4,0.143741,0.098033,0.901094,31.000000
930,0,5,0.188488,0.093407,0.877520,31.000000
930,0,6,0.233209,0.089939,0.855802,31.000000
930,0,7,0.278621,0.086660,0.833224,31.000000
930,0,8,0.152733,0.053967,0.924784,31.000000
930,0,11,0.285978,0.041679,0.855404,31.000000
930,0,12,0.159261,0.007404,0.944061,31.000000
930,0,15,0.293976,-0.002801,0.877246,31.000000
930,0,16,0.166370,-0.036751,0.967166,31.000000
930,0,17,0.210187,-0.040858,0.943389,31.000000
930,0,18,0.255511,-0.044408,0.920325,31.000000
930,0,19,0.299715,-0.048815,0.897496,31.000000
930,0,20,0.180084,-0.076188,0.996377,31.000000
930,0,21,0.217717,-0.085523,0.964506,31.000000
930,0,22,0.262858,-0.090215,0.941592,31.000000
930,0,23,0.307268,-0.093334,0.918860,31.000000
945,0,0,0.039065,0.144257,0.906403,31.500000
945,0,1,0.086885,0.135435,0.892071,31.500000
945,0,2,0.136276,0.127863,0.879622,31.500000
945,0,3,0.184283,0.120472,0.869334,31.500000
945,0,6,0.134100,0.082601,0.902918,31.500000
945,0,7,0.182659,0.074623,0.890367,31.500000
945,0,11,0.180580,0.029228,0.912838,31.500000
945,0,12,0.034154,0.008258,0.972160,31.500000
950,0,0,0.015493,0.153020,0.914810,31.666667
950,0,1,0.063407,0.143828,0.903514,31.666667
950,0,2,0.111908,0.135923,0.894272,31.666667
950,0,3,0.160703,0.128630,0.886148,31.666667
950,0,6,0.108770,0.091290,0.916336,31.666667
950,0,7,0.157888,0.083598,0.907603,31.666667
950,0,11,0.154253,0.039154,0.930386,31.666667
950,0,12,0.012891,0.020021,0.987217,31.666667
950,0,16,0.006454,-0.025918,1.008056,31.666667
950,0,17,0.054390,-0.035411,0.995812,31.666667
950,0,22,0.097980,-0.088278,1.012278,31.666667
950,0,23,0.144742,-0.095815,0.995151,31.666667
955,0,2,0.101740,0.129448,0.892905,31.833333
955,0,3,0.150936,0.122898,0.885121,31.833333
955,0,4,0.002817,0.102457,0.936497,31.833333
955,0,5,0.051669,0.094465,0.927561,31.833333
955,0,6,0.100275,0.087624,0.919526,31.833333
955,0,7,0.149186,0.080567,0.911220,31.833333
955,0,8,0.001583,0.060821,0.964305,31.833333
955,0,9,0.049786,0.053093,0.954655,31.833333
955,0,10,0.098623,0.045535,0.946306,31.833333
955,0,11,0.147633,0.038753,0.938615,31.833333
955,0,12,-0.000172,0.018622,0.990081,31.833333
955,0,13,0.048448,0.011149,0.981666,31.833333
955,0,14,0.097105,0.003880,0.973069,31.833333
955,0,15,0.145939,-0.003214,0.964447,31.833333
955,0,16,-0.001490,-0.022889,1.018008,31.833333
955,0,17,0.046837,-0.030646,1.008724,31.833333
955,0,18,0.095450,-0.038071,1.000029,31.833333
955,0,19,0.144135,-0.045464,0.991308,31.833333
955,0,20,-0.003475,-0.064821,1.044453,31.833333
955,0,21,0.045796,-0.072180,1.036665,31.833333
955,0,22,0.093889,-0.079800,1.027490,31.833333
955,0,23,0.142607,-0.087520,1.018994,31.833333
960,0,0,0.001107,0.133942,0.914075,32.000000
960,0,1,0.049538,0.126087,0.904299,32.000000
960,0,2,0.098868,0.119992,0.897034,32.000000
960,0,3,0.148299,0.114268,0.890144,32.000000
960,0,4,-0.000071,0.092208,0.942158,32.000000
960,0,5,0.048722,0.084790,0.932981,32.000000
960,0,6,0.097877,0.078879,0.925682,32.000000
960,0,7,0.147333,0.073002,0.918752,32.000000
960,0,8,-0.001098,0.050806,0.970640,32.000000
960,0,9,0.047816,0.043755,0.962021,32.000000
960,0,10,0.096950,0.037758,0.954759,32.000000
960,0,11,0.146119,0.031447,0.946964,32.000000
960,0,12,-0.002173,0.009631,0.998953,32.000000
960,0,13,0.047044,0.003046,0.991359,32.000000
960,0,14,0.096119,-0.003483,0.983331,32.000000
960,0,15,0.145319,-0.009865,0.975873,32.000000
960,0,16,-0.003135,-0.031489,1.027578,32.000000
960,0,17,0.045829,-0.038228,1.019665,32.000000
960,0,18,0.094627,-0.045048,1.011649,32.000000
960,0,19,0.143965,-0.051481,1.003711,32.000000
960,0,20,-0.004301,-0.072549,1.055746,32.000000
960,0,21,0.045179,-0.079192,1.048756,32.000000
960,0,22,0.093860,-0.086025,1.040164,32.000000
960,0,23,0.142981,-0.092788,1.031887,32.000000
965,0,0,-0.003018,0.138664,0.908238,32.166667
965,0,1,0.045791,0.132574,0.899235,32.166667
965,0,2,0.095788,0.128162,0.893673,32.166667
965,0,3,0.145856,0.124608,0.888790,32.166667
965,0,4,-0.003885,0.096432,0.935249,32.166667
965,0,5,0.045670,0.090828,0.927595,32.166667
965,0,6,0.095366,0.086834,0.922023,32.166667
965,0,7,0.145322,0.082525,0.916608,32.166667
965,0,8,-0.004517,0.054378,0.963455,32.166667
965,0,9,0.045443,0.049028,0.956543,32.166667
965,0,10,0.095294,0.045410,0.951461,32.166667
965,0,11,0.144855,0.041165,0.945547,32.166667
965,0,12,-0.004784,0.013510,0.992464,32.166667
965,0,13,0.044842,0.008175,0.985648,32.166667
965,0,14,0.094727,0.003428,0.979198,32.166667
965,0,15,0.144243,-0.001169,0.973232,32.166667
965,0,16,-0.005015,-0.028444,1.020252,32.166667
965,0,17,0.044459,-0.033357,1.013610,32.166667
965,0,18,0.093907,-0.038338,1.007434,32.166667
965,0,19,0.143671,-0.042926,1.000815,32.166667
965,0,20,-0.005465,-0.069786,1.048060,32.166667
965,0,21,0.044098,-0.074747,1.042536,32.166667
965,0,22,0.093651,-0.079838,1.035485,32.166667
965,0,23,0.143395,-0.084676,1.028765,32.166667
970,0,0,-0.010036,0.142368,0.902131,32.333333
970,0,1,0.039243,0.136951,0.894815,32.333333
970,0,2,0.089225,0.133289,0.890025,32.333333
970,0,3,0.138917,0.130413,0.886230,32.333333
970,0,4,-0.010732,0.100741,0.930175,32.333333
970,0,5,0.038899,0.095799,0.923897,32.333333
970,0,6,0.088628,0.091975,0.918435,32.333333
970,0,7,0.138708,0.088919,0.914765,32.333333
970,0,8,-0.011094,0.059383,0.958629,32.333333
970,0,9,0.038236,0.054696,0.952354,32.333333
970,0,10,0.088580,0.051386,0.948254,32.333333
970,0,11,0.137834,0.047311,0.942608,32.333333
970,0,12,-0.011895,0.017959,0.986525,32.333333
970,0,13,0.038386,0.013873,0.981628,32.333333
970,0,14,0.087684,0.009634,0.975846,32.333333
970,0,15,0.137537,0.005691,0.970774,32.333333
970,0,16,-0.012169,-0.023387,1.014875,32.333333
970,0,17,0.037283,-0.027628,1.009527,32.333333
970,0,18,0.087419,-0.031773,1.004212,32.333333
970,0,19,0.136667,-0.035639,0.998987,32.333333
970,0,20,-0.012738,-0.064651,1.042768,32.333333
970,0,21,0.037082,-0.068804,1.038162,32.333333
970,0,22,0.086572,-0.073248,1.032238,32.333333
970,0,23,0.136302,-0.077403,1.026809,32.333333
975,0,0,-0.018828,0.143368,0.900957,32.500000
975,0,1,0.030450,0.139110,0.894356,32.500000
975,0,2,0.080782,0.135852,0.889480,32.500000
975,0,3,0.130680,0.133446,0.886069,32.500000
975,0,4,-0.019049,0.101770,0.928884,32.500000
975,0,5,0.030821,0.097904,0.923509,32.500000
975,0,6,0.080449,0.094928,0.918717,32.500000
975,0,7,0.130474,0.091930,0.914059,32.500000
975,0,8,-0.018971,0.060513,0.957748,32.500000
975,0,9,0.030329,0.056859,0.952091,32.500000
975,0,10,0.080628,0.053825,0.947708,32.500000
975,0,11,0.130260,0.050891,0.942718,32.500000
975,0,12,-0.019355,0.019591,0.986615,32.500000
975,0,13,0.031019,0.016152,0.981947,32.500000
975,0,14,0.080260,0.012441,0.975698,32.500000
975,0,15,0.130407,0.009046,0.970477,32.500000
975,0,16,-0.019132,-0.021576,1.015407,32.500000
975,0,17,0.030429,-0.025434,1.009647,32.500000
975,0,18,0.080560,-0.028675,1.005067,32.500000
975,0,19,0.130170,-0.032224,0.999099,32.500000
975,0,20,-0.019570,-0.062820,1.042850,32.500000
975,0,21,0.030345,-0.066641,1.038090,32.500000
975,0,22,0.080126,-0.070060,1.033089,32.500000
975,0,23,0.129694,-0.073838,1.027055,32.500000
980,0,0,-0.031404,0.145319,0.905230,32.666667
980,0,1,0.018172,0.141375,0.898616,32.666667
980,0,2,0.068863,0.139012,0.894173,32.666667
980,0,3,0.118666,0.137145,0.890709,32.666667
980,0,4,-0.031327,0.103510,0.933207,32.666667
980,0,5,0.019049,0.100352,0.927695,32.666667
980,0,8,-0.031175,0.062091,0.961848,32.666667
980,0,9,0.018784,0.058919,0.956408,32.666667
980,0,12,-0.030613,0.021030,0.990611,32.666667
980,0,13,0.019732,0.018337,0.986148,32.666667
980,0,14,0.069421,0.015476,0.981471,32.666667
980,0,15,0.120004,0.013104,0.977367,32.666667
980,0,16,-0.030104,-0.020087,1.019482,32.666667
980,0,17,0.019501,-0.023031,1.014229,32.666667
980,0,18,0.070145,-0.025590,1.010166,32.666667
980,0,19,0.119956,-0.028687,1.004995,32.666667
980,0,20,-0.030162,-0.061193,1.047408,32.666667
980,0,21,0.020245,-0.064157,1.043352,32.666667
980,0,22,0.069713,-0.067099,1.037740,32.666667
980,0,23,0.120317,-0.070029,1.032570,32.666667
985,0,0,-0.050653,0.142056,0.904748,32.833333
985,0,1,-0.001826,0.136639,0.894710,32.833333
985,0,2,0.048396,0.134717,0.892136,32.833333
985,0,3,0.098021,0.132614,0.889305,32.833333
985,0,6,0.047967,0.094081,0.921238,32.833333
985,0,7,0.098243,0.091583,0.917758,32.833333
985,0,11,0.097905,0.051258,0.947271,32.833333
985,0,12,-0.060081,0.020798,0.997435,32.833333
985,0,16,-0.060594,-0.022644,1.022184,32.833333
990,0,0,-0.080759,0.141631,0.910299,33.000000
990,0,1,-0.031381,0.137612,0.905765,33.000000
990,0,2,0.018568,0.135306,0.904241,33.000000
990,0,3,0.068851,0.134044,0.902887,33.000000
990,0,12,-0.082322,0.013496,0.991233,33.000000
990,0,15,0.067777,0.012982,0.991987,33.000000
990,0,16,-0.082282,-0.019344,1.029540,33.000000
990,0,17,-0.033019,-0.022457,1.026042,33.000000
990,0,18,0.017230,-0.024836,1.024778,33.000000
990,0,19,0.066892,-0.027599,1.021204,33.000000
990,0,20,-0.082902,-0.060124,1.058069,33.000000
990,0,21,-0.033130,-0.062549,1.056195,33.000000
995,0,0,-0.085159,0.135809,0.907606,33.166667
995,0,1,-0.035719,0.131156,0.902863,33.166667
995,0,2,0.014056,0.128133,0.900134,33.166667
995,0,3,0.063905,0.126777,0.898619,33.166667
995,0,4,-0.086166,0.096525,0.938018,33.166667
995,0,5,-0.036306,0.092301,0.934240,33.166667
995,0,6,0.013393,0.089421,0.931305,33.166667
995,0,7,0.063250,0.087093,0.929308,33.166667
995,0,8,-0.086670,0.057354,0.969017,33.166667
995,0,9,-0.037088,0.053532,0.965213,33.166667
995,0,10,0.012480,0.050757,0.962849,33.166667
995,0,11,0.062599,0.048280,0.960217,33.166667
995,0,12,-0.087436,0.018626,1.000294,33.166667
995,0,13,-0.037534,0.015431,0.997262,33.166667
995,0,14,0.012038,0.012456,0.994425,33.166667
995,0,15,0.062176,0.009675,0.991779,33.166667
995,0,16,-0.087916,-0.019861,1.031559,33.166667
995,0,17,-0.038453,-0.023538,1.027875,33.166667
995,0,18,0.011588,-0.026315,1.025798,33.166667
995,0,19,0.061024,-0.029654,1.021990,33.166667
995,0,20,-0.088951,-0.058791,1.062362,33.166667
995,0,21,-0.039105,-0.062261,1.059339,33.166667
995,0,22,0.010561,-0.065552,1.056028,33.166667
995,0,23,0.060336,-0.069071,1.053262,33.166667
1000,0,0,-0.082213,0.124261,0.920249,33.333333
1000,0,1,-0.032044,0.120864,0.917501,33.333333
1000,0,6,0.017386,0.079596,0.946722,33.333333
1000,0,7,0.067689,0.077443,0.945362,33.333333
1000,0,10,0.016466,0.041247,0.979259,33.333333
1000,0,11,0.066723,0.039330,0.977481,33.333333
1000,0,12,-0.084138,0.009832,1.016230,33.333333
1000,0,13,-0.034200,0.006193,1.014330,33.333333
1000,0,14,0.016141,0.003318,1.011673,33.333333
1000,0,15,0.066797,0.001210,1.010213,33.333333
1000,0,16,-0.084645,-0.028259,1.048948,33.333333
1000,0,17,-0.034680,-0.032066,1.046177,33.333333
1000,0,18,0.015623,-0.034429,1.044224,33.333333
1000,0,19,0.065533,-0.038105,1.041143,33.333333
1000,0,20,-0.085784,-0.066322,1.080296,33.333333
1000,0,21,-0.035415,-0.069844,1.078189,33.333333
1000,0,22,0.014472,-0.073307,1.075055,33.333333
1000,0,23,0.064322,-0.076855,1.071521,33.333333
1005,0,0,-0.071933,0.108745,0.928851,33.500000
1005,0,1,-0.023248,0.103860,0.923012,33.500000
1005,0,2,0.027479,0.100569,0.920821,33.500000
1005,0,3,0.076693,0.098893,0.918841,33.500000
1005,0,6,0.025642,0.062817,0.952005,33.500000
1005,0,7,0.076228,0.059404,0.949908,33.500000
1005,0,10,0.025298,0.023761,0.984023,33.500000
1005,0,12,-0.075472,-0.006210,1.022345,33.500000
1005,0,13,-0.024610,-0.010145,1.020545,33.500000
1005,0,14,0.023885,-0.013160,1.016161,33.500000
1005,0,16,-0.075900,-0.044614,1.054566,33.500000
1005,0,19,0.072130,-0.053388,1.045218,33.500000
1015,0,12,-0.066323,-0.062288,1.084366,33.833333
1015,0,15,0.083267,-0.079226,1.073942,33.833333
1015,0,17,-0.019833,-0.113615,1.099888,33.833333
1015,0,18,0.029455,-0.120054,1.094416,33.833333
1020,0,12,-0.072305,-0.062068,1.112481,34.000000
1020,0,15,0.075687,-0.087397,1.107280,34.000000
1020,0,16,-0.080156,-0.110484,1.121675,34.000000
1020,0,17,-0.031117,-0.119223,1.119914,34.000000
1020,0,18,0.017859,-0.127500,1.118909,34.000000
1020,0,19,0.067303,-0.136278,1.116941,34.000000
1020,0,20,-0.088346,-0.159148,1.129721,34.000000
1020,0,21,-0.039205,-0.167440,1.130199,34.000000
1020,0,22,0.009979,-0.176193,1.127762,34.000000
1020,0,23,0.059240,-0.184498,1.126514,34.000000
1025,0,12,-0.091676,-0.080112,1.156278,34.166667
1025,0,15,0.056881,-0.106976,1.152885,34.166667
1025,0,16,-0.100232,-0.129369,1.164209,34.166667
1025,0,17,-0.051010,-0.138374,1.161441,34.166667
1025,0,18,-0.002293,-0.148003,1.158790,34.166667
1025,0,20,-0.108986,-0.178445,1.167513,34.166667
1025,0,21,-0.059803,-0.187610,1.167239,34.166667
1025,0,22,-0.010539,-0.196713,1.164798,34.166667
1030,0,0,-0.057004,0.062697,1.154942,34.333333
1030,0,1,-0.007241,0.056091,1.152507,34.333333
1030,0,2,0.041808,0.048333,1.153664,34.333333
1030,0,3,0.091773,0.041327,1.153808,34.333333
1030,0,4,-0.064000,0.013717,1.159243,34.333333
1030,0,5,-0.014360,0.006405,1.157435,34.333333
1030,0,6,0.035142,-0.001317,1.157706,34.333333
1030,0,7,0.084485,-0.008455,1.157037,34.333333
1030,0,8,-0.071227,-0.035739,1.164197,34.333333
1030,0,11,0.077444,-0.057759,1.163178,34.333333
1030,0,12,-0.078897,-0.085431,1.167793,34.333333
1030,0,15,0.070094,-0.107378,1.166912,34.333333
1030,0,16,-0.086385,-0.135005,1.172176,34.333333
1030,0,17,-0.037249,-0.142251,1.171383,34.333333
1030,0,18,0.012565,-0.149779,1.172333,34.333333
1030,0,20,-0.094246,-0.184622,1.176794,34.333333
1030,0,21,-0.044496,-0.191585,1.177042,34.333333
1035,0,0,-0.050495,0.059944,1.148060,34.500000
1035,0,1,-0.001489,0.050302,1.145961,34.500000
1035,0,2,0.047489,0.040968,1.148091,34.500000
1035,0,3,0.096772,0.031506,1.149871,34.500000
1035,0,4,-0.060110,0.011504,1.150102,34.500000
1035,0,5,-0.011078,0.001286,1.149342,34.500000
1035,0,6,0.038077,-0.008249,1.150810,34.500000
1035,0,7,0.086794,-0.017627,1.152150,34.500000
1035,0,8,-0.070167,-0.037670,1.153127,34.500000
1035,0,9,-0.021153,-0.047538,1.152012,34.500000
1035,0,10,0.028163,-0.057307,1.153958,34.500000
1035,0,11,0.077496,-0.067009,1.154442,34.500000
1035,0,12,-0.079800,-0.087096,1.154080,34.500000
1035,0,13,-0.030871,-0.096581,1.155339,34.500000
1035,0,14,0.018451,-0.105700,1.156921,34.500000
1035,0,15,0.067548,-0.116206,1.156513,34.500000
1035,0,16,-0.089686,-0.135950,1.157229,34.500000
1035,0,17,-0.040812,-0.145524,1.157672,34.500000
1035,0,18,0.008372,-0.155635,1.157692,34.500000
1035,0,19,0.057846,-0.165390,1.158670,34.500000
1035,0,20,-0.099620,-0.185547,1.158013,34.500000
1035,0,21,-0.050847,-0.195091,1.159784,34.500000
1035,0,22,-0.001586,-0.204569,1.159609,34.500000
1035,0,23,0.047580,-0.214914,1.159516,34.500000
1040,0,0,-0.046498,0.044081,1.141270,34.666667
1040,0,1,0.002509,0.035190,1.139365,34.666667
1040,0,2,0.051603,0.024614,1.138512,34.666667
1040,0,3,0.100578,0.015105,1.142367,34.666667
1040,0,6,0.041730,-0.023777,1.142655,34.666667
1040,0,7,0.090624,-0.034017,1.141144,34.666667
1040,0,11,0.080533,-0.082920,1.143582,34.666667
1040,0,12,-0.076017,-0.102758,1.144748,34.666667
1040,0,15,0.070465,-0.131682,1.147240,34.666667
1040,0,16,-0.086055,-0.151341,1.146192,34.666667
1040,0,17,-0.037306,-0.160994,1.146371,34.666667
1040,0,18,0.011614,-0.170989,1.147098,34.666667
1040,0,19,0.060670,-0.180616,1.147274,34.666667
1040,0,20,-0.095971,-0.199749,1.148770,34.666667
1040,0,21,-0.047231,-0.210140,1.148640,34.666667
1040,0,22,0.001584,-0.219598,1.147827,34.666667
1040,0,23,0.050693,-0.229983,1.147776,34.666667
1045,0,0,-0.042950,0.032646,1.141446,34.833333
1045,0,1,0.007091,0.021813,1.137401,34.833333
1045,0,2,0.055958,0.012388,1.140100,34.833333
1045,0,3,0.104784,0.002781,1.140145,34.833333
1045,0,4,-0.051001,-0.017497,1.141333,34.833333
1045,0,5,-0.003951,-0.026096,1.139367,34.833333
1045,0,8,-0.062546,-0.065662,1.140396,34.833333
1045,0,9,-0.012199,-0.075214,1.140371,34.833333
1045,0,12,-0.071920,-0.113989,1.141498,34.833333
1045,0,13,-0.022354,-0.124599,1.139496,34.833333
1045,0,14,0.024674,-0.133639,1.138314,34.833333
1045,0,15,0.075446,-0.144112,1.138997,34.833333
1045,0,16,-0.082382,-0.162904,1.140368,34.833333
1045,0,17,-0.034059,-0.173023,1.138242,34.833333
1045,0,18,0.015028,-0.182755,1.138689,34.833333
1045,0,19,0.063774,-0.192652,1.137998,34.833333
1045,0,20,-0.092357,-0.212285,1.138600,34.833333
1045,0,21,-0.043785,-0.222036,1.137988,34.833333
1045,0,22,0.005040,-0.231887,1.137814,34.833333
1045,0,23,0.053641,-0.241732,1.136881,34.833333
1050,0,0,-0.035972,0.019936,1.156575,35.000000
1050,0,1,0.012958,0.010525,1.152675,35.000000
1050,0,2,0.061871,0.001484,1.153116,35.000000
1050,0,3,0.111387,-0.008141,1.151946,35.000000
1050,0,6,0.052798,-0.047641,1.151307,35.000000
1050,0,7,0.102238,-0.057170,1.149828,35.000000
1050,0,10,0.043326,-0.097050,1.149762,35.000000
1050,0,11,0.092440,-0.106413,1.148466,35.000000
1050,0,12,-0.064300,-0.127515,1.151141,35.000000
1050,0,13,-0.015359,-0.136453,1.150355,35.000000
1050,0,14,0.033647,-0.146468,1.147523,35.000000
1050,0,15,0.082980,-0.155764,1.146973,35.000000
1050,0,16,-0.073909,-0.176386,1.150161,35.000000
1050,0,17,-0.024865,-0.185842,1.147801,35.000000
1050,0,18,0.024431,-0.195547,1.146831,35.000000
1050,0,19,0.073344,-0.205319,1.143938,35.000000
1050,0,20,-0.083586,-0.225578,1.147507,35.000000
1050,0,21,-0.034500,-0.235307,1.145468,35.000000
1050,0,22,0.014789,-0.244614,1.143796,35.000000
1050,0,23,0.063785,-0.254468,1.141942,35.000000
1055,0,0,-0.031866,0.005109,1.150336,35.166667
1055,0,1,0.017177,-0.003663,1.146147,35.166667
1055,0,2,0.066166,-0.012750,1.144054,35.166667
1055,0,3,0.115245,-0.021724,1.143674,35.166667
1055,0,4,-0.041126,-0.043655,1.146649,35.166667
1055,0,5,0.007743,-0.052604,1.143335,35.166667
1055,0,6,0.056890,-0.061673,1.141779,35.166667
1055,0,7,0.106222,-0.070744,1.139771,35.166667
1055,0,8,-0.050230,-0.092783,1.143721,35.166667
1055,0,9,-0.001431,-0.101754,1.140419,35.166667
1055,0,10,0.047438,-0.110775,1.139377,35.166667
1055,0,11,0.096812,-0.119723,1.137623,35.166667
1055,0,12,-0.059491,-0.142030,1.139785,35.166667
1055,0,13,-0.010660,-0.150758,1.138223,35.166667
1055,0,14,0.038298,-0.159947,1.135895,35.166667
1055,0,15,0.087331,-0.168913,1.135013,35.166667
1055,0,16,-0.068927,-0.190952,1.136475,35.166667
1055,0,17,-0.020211,-0.200014,1.133908,35.166667
1055,0,18,0.028925,-0.209177,1.132460,35.166667
1055,0,19,0.078341,-0.218358,1.129925,35.166667
1055,0,20,-0.078774,-0.239937,1.132301,35.166667
1055,0,21,-0.029551,-0.249232,1.130936,35.166667
1055,0,22,0.019484,-0.258425,1.128217,35.166667
1055,0,23,0.068893,-0.267395,1.126449,35.166667
1060,0,0,-0.031527,-0.002633,1.146876,35.333333
1060,0,1,0.017199,-0.011343,1.141242,35.333333
1060,0,2,0.066077,-0.020184,1.137853,35.333333
1060,0,3,0.115193,-0.028797,1.137532,35.333333
1060,0,4,-0.040716,-0.051263,1.141154,35.333333
1060,0,5,0.007837,-0.059797,1.137029,35.333333
1060,0,6,0.057054,-0.069008,1.133898,35.333333
1060,0,7,0.106194,-0.077681,1.132026,35.333333
1060,0,8,-0.050123,-0.100478,1.135843,35.333333
1060,0,9,-0.001122,-0.109100,1.131662,35.333333
1060,0,10,0.047889,-0.117646,1.129995,35.333333
1060,0,11,0.097100,-0.126666,1.127042,35.333333
1060,0,12,-0.058995,-0.149256,1.130803,35.333333
1060,0,13,-0.010337,-0.157831,1.127545,35.333333
1060,0,14,0.038817,-0.166381,1.124664,35.333333
1060,0,15,0.087832,-0.175370,1.121615,35.333333
1060,0,16,-0.068339,-0.198122,1.125449,35.333333
1060,0,17,-0.019375,-0.206765,1.122214,35.333333
1060,0,18,0.029763,-0.215424,1.119534,35.333333
1060,0,19,0.078560,-0.224143,1.116069,35.333333
1060,0,20,-0.077575,-0.246642,1.119725,35.333333
1060,0,21,-0.028680,-0.255697,1.116435,35.333333
1060,0,22,0.020268,-0.264196,1.113717,35.333333
1060,0,23,0.069369,-0.273342,1.109695,35.333333
1065,0,0,-0.031432,-0.015087,1.142129,35.500000
1065,0,1,0.017671,-0.023674,1.137071,35.500000
1065,0,2,0.066943,-0.032618,1.133189,35.500000
1065,0,3,0.116051,-0.042595,1.132438,35.500000
1065,0,4,-0.040535,-0.063846,1.136429,35.500000
1065,0,5,0.008259,-0.072547,1.130642,35.500000
1065,0,6,0.057261,-0.081473,1.128034,35.500000
1065,0,7,0.106691,-0.090791,1.124480,35.500000
1065,0,8,-0.050088,-0.112631,1.129321,35.500000
1065,0,9,-0.000972,-0.121547,1.125112,35.500000
1065,0,10,0.048706,-0.130407,1.122355,35.500000
1065,0,11,0.097561,-0.139516,1.119628,35.500000
1065,0,12,-0.059307,-0.161333,1.122863,35.500000
1065,0,13,-0.010325,-0.170398,1.120084,35.500000
1065,0,14,0.038969,-0.179198,1.116181,35.500000
1065,0,15,0.088172,-0.188438,1.113497,35.500000
1065,0,16,-0.068593,-0.210466,1.116595,35.500000
1065,0,17,-0.019338,-0.219214,1.113518,35.500000
1065,0,18,0.029930,-0.228226,1.110707,35.500000
1065,0,19,0.078858,-0.237159,1.106036,35.500000
1065,0,20,-0.077815,-0.259219,1.109847,35.500000
1065,0,21,-0.028760,-0.268366,1.106785,35.500000
1065,0,22,0.020505,-0.277248,1.102843,35.500000
1065,0,23,0.069714,-0.286117,1.099571,35.500000
1070,0,0,-0.033774,-0.019811,1.135382,35.666667
1070,0,1,0.015354,-0.027802,1.131140,35.666667
1070,0,2,0.064202,-0.036710,1.128790,35.666667
1070,0,3,0.113439,-0.045572,1.126660,35.666667
1070,0,4,-0.042666,-0.068565,1.128609,35.666667
1070,0,5,0.006218,-0.076820,1.124744,35.666667
1070,0,6,0.055329,-0.085549,1.121925,35.666667
1070,0,7,0.104397,-0.094320,1.120037,35.666667
1070,0,8,-0.051790,-0.117281,1.122024,35.666667
1070,0,9,-0.002793,-0.125581,1.118541,35.666667
1070,0,10,0.046312,-0.134515,1.116522,35.666667
1070,0,11,0.095614,-0.143230,1.113408,35.666667
1070,0,12,-0.060893,-0.166220,1.114982,35.666667
1070,0,13,-0.011854,-0.174757,1.112657,35.666667
1070,0,14,0.037242,-0.183442,1.109292,35.666667
1070,0,15,0.086490,-0.192081,1.107111,35.666667
1070,0,16,-0.070060,-0.214894,1.108575,35.666667
1070,0,17,-0.020962,-0.223464,1.106256,35.666667
1070,0,18,0.028303,-0.232348,1.102868,35.666667
1070,0,19,0.077543,-0.241073,1.099548,35.666667
1070,0,20,-0.079098,-0.263653,1.101675,35.666667
1070,0,21,-0.029986,-0.272526,1.099108,35.666667
1070,0,22,0.019119,-0.281147,1.095493,35.666667
1070,0,23,0.068266,-0.289827,1.092374,35.666667
1075,0,0,-0.034516,-0.018399,1.136010,35.833333
1075,0,1,0.014194,-0.026897,1.129821,35.833333
1075,0,2,0.063227,-0.035405,1.130148,35.833333
1075,0,3,0.113132,-0.045206,1.127880,35.833333
1075,0,4,-0.043713,-0.066894,1.129683,35.833333
1075,0,5,0.005077,-0.075556,1.124873,35.833333
1075,0,6,0.054439,-0.084466,1.122658,35.833333
1075,0,7,0.103813,-0.093384,1.119621,35.833333
1075,0,8,-0.052817,-0.115734,1.121868,35.833333
1075,0,9,-0.003956,-0.124189,1.118033,35.833333
1075,0,10,0.045600,-0.133271,1.116054,35.833333
1075,0,11,0.094681,-0.142202,1.113749,35.833333
1075,0,12,-0.061962,-0.164586,1.115755,35.833333
1075,0,13,-0.012815,-0.173235,1.112666,35.833333
1075,0,14,0.036243,-0.182295,1.109852,35.833333
1075,0,15,0.085356,-0.191197,1.107674,35.833333
1075,0,16,-0.071099,-0.213657,1.108895,35.833333
1075,0,17,-0.022105,-0.222179,1.105540,35.833333
1075,0,18,0.026892,-0.231139,1.102931,35.833333
1075,0,19,0.076232,-0.240100,1.099595,35.833333
1075,0,20,-0.080300,-0.262210,1.101580,35.833333
1075,0,21,-0.031394,-0.271404,1.098863,35.833333
1075,0,22,0.018029,-0.279984,1.095289,35.833333
1075,0,23,0.067185,-0.288867,1.092128,35.833333
1080,0,0,-0.039951,-0.009340,1.135463,36.000000
1080,0,1,0.009087,-0.018243,1.131431,36.000000
1080,0,2,0.057738,-0.027333,1.127999,36.000000
1080,0,3,0.106931,-0.036769,1.126094,36.000000
1080,0,4,-0.049284,-0.057979,1.129179,36.000000
1080,0,5,-0.000751,-0.066527,1.124068,36.000000
1080,0,6,0.048473,-0.075878,1.122049,36.000000
1080,0,7,0.097966,-0.085049,1.118822,36.000000
1080,0,8,-0.059140,-0.106308,1.121366,36.000000
1080,0,9,-0.010214,-0.115274,1.117653,36.000000
1080,0,10,0.038797,-0.124493,1.116092,36.000000
1080,0,11,0.087592,-0.133489,1.111801,36.000000
1080,0,12,-0.068622,-0.155027,1.113905,36.000000
1080,0,13,-0.019747,-0.163992,1.111514,36.000000
1080,0,14,0.029419,-0.173196,1.108450,36.000000
1080,0,15,0.078447,-0.182459,1.106300,36.000000
1080,0,16,-0.078248,-0.203853,1.107094,36.000000
1080,0,17,-0.029227,-0.212492,1.104414,36.000000
1080,0,18,0.019853,-0.222076,1.101041,36.000000
1080,0,19,0.068930,-0.231108,1.098684,36.000000
1080,0,20,-0.087873,-0.252371,1.100062,36.000000
1080,0,21,-0.038889,-0.261413,1.097177,36.000000
1080,0,22,0.010236,-0.270773,1.093785,36.000000
1080,0,23,0.059445,-0.280133,1.090508,36.000000
1085,0,0,-0.043876,-0.000676,1.131652,36.166667
1085,0,1,0.004673,-0.009983,1.125390,36.166667
1085,0,2,0.053793,-0.019334,1.122409,36.166667
1085,0,3,0.102393,-0.029151,1.121602,36.166667
1085,0,4,-0.053699,-0.049042,1.123321,36.166667
1085,0,5,-0.005095,-0.058131,1.118924,36.166667
1085,0,6,0.044059,-0.067882,1.117260,36.166667
1085,0,7,0.092368,-0.077274,1.115970,36.166667
1085,0,8,-0.063478,-0.097451,1.117392,36.166667
1085,0,9,-0.014762,-0.106683,1.113234,36.166667
1085,0,10,0.033826,-0.116151,1.111449,36.166667
1085,0,11,0.082640,-0.125577,1.106815,36.166667
1085,0,12,-0.073086,-0.145940,1.109817,36.166667
1085,0,13,-0.024766,-0.155025,1.106569,36.166667
1085,0,14,0.024351,-0.164667,1.103634,36.166667
1085,0,15,0.073159,-0.174295,1.099963,36.166667
1085,0,16,-0.083363,-0.194318,1.103062,36.166667
1085,0,17,-0.034528,-0.203843,1.099049,36.166667
1085,0,18,0.014420,-0.213235,1.096346,36.166667
1085,0,19,0.063570,-0.222679,1.093383,36.166667
1085,0,20,-0.093193,-0.243081,1.094287,36.166667
1085,0,21,-0.044478,-0.252477,1.091697,36.166667
1085,0,22,0.004756,-0.261996,1.089008,36.166667
1085,0,23,0.053455,-0.271371,1.085146,36.166667
1095,0,9,-0.038806,-0.070322,1.112759,36.500000
1095,0,10,0.009277,-0.081358,1.109952,36.500000
1095,0,11,0.058284,-0.092488,1.106791,36.500000
1095,0,13,-0.050545,-0.117101,1.100879,36.500000
1095,0,14,-0.001912,-0.128127,1.097268,36.500000
1095,0,15,0.046469,-0.139175,1.093455,36.500000
1095,0,16,-0.110393,-0.153123,1.092619,36.500000
1095,0,17,-0.062277,-0.164130,1.088287,36.500000
1095,0,18,-0.013608,-0.175176,1.085192,36.500000
1095,0,19,0.035260,-0.186220,1.080694,36.500000
1095,0,20,-0.122219,-0.200053,1.079299,36.500000
1095,0,21,-0.073701,-0.211319,1.075803,36.500000
1095,0,22,-0.025093,-0.221881,1.072270,36.500000
1095,0,23,0.022967,-0.233310,1.067638,36.500000
1100,0,0,-0.074698,0.025708,1.161147,36.666667
1100,0,1,-0.026018,0.015103,1.153864,36.666667
1100,0,4,-0.086697,-0.018643,1.141782,36.666667
1100,0,5,-0.038083,-0.029454,1.136003,36.666667
1100,0,8,-0.098630,-0.063238,1.123513,36.666667
1100,0,9,-0.050150,-0.074366,1.118596,36.666667
1100,0,12,-0.110337,-0.108008,1.105274,36.666667
1100,0,13,-0.062057,-0.118814,1.100744,36.666667
1100,0,14,-0.013399,-0.130469,1.097262,36.666667
1100,0,15,0.034293,-0.142005,1.093582,36.666667
1100,0,16,-0.122727,-0.152613,1.087109,36.666667
1100,0,17,-0.074219,-0.163770,1.082287,36.666667
1100,0,18,-0.025827,-0.175032,1.078221,36.666667
1100,0,19,0.022780,-0.186349,1.074157,36.666667
1100,0,20,-0.135113,-0.197042,1.067146,36.666667
1100,0,21,-0.086400,-0.208625,1.063981,36.666667
1100,0,22,-0.037826,-0.219607,1.059024,36.666667
1100,0,23,0.010606,-0.231096,1.054694,36.666667
1105,0,2,0.017408,0.008738,1.151240,36.833333
1105,0,12,-0.114364,-0.103368,1.105045,36.833333
1105,0,13,-0.066063,-0.114675,1.099835,36.833333
1105,0,14,-0.017313,-0.124563,1.097125,36.833333
1105,0,15,0.031432,-0.136109,1.091473,36.833333
1105,0,16,-0.126049,-0.148649,1.086218,36.833333
1105,0,17,-0.077621,-0.159426,1.080818,36.833333
1105,0,18,-0.029098,-0.169678,1.077177,36.833333
1105,0,19,0.019299,-0.180226,1.072433,36.833333
1105,0,20,-0.137846,-0.193169,1.066370,36.833333
1105,0,21,-0.089366,-0.203759,1.062558,36.833333
1105,0,22,-0.040858,-0.214128,1.057603,36.833333
1105,0,23,0.007736,-0.224970,1.053107,36.833333
1110,0,15,0.025795,-0.122851,1.096494,37.000000
1110,0,18,-0.034281,-0.157234,1.082661,37.000000
1110,0,19,0.014529,-0.168137,1.078284,37.000000
1110,0,21,-0.094560,-0.191385,1.068510,37.000000
1110,0,22,-0.045923,-0.202100,1.064050,37.000000
1110,0,23,0.002547,-0.212930,1.059523,37.000000
1120,0,10,-0.026847,-0.025779,1.101748,37.333333
1120,0,11,0.021161,-0.037782,1.096138,37.333333
1120,0,12,-0.136632,-0.046642,1.092731,37.333333
1120,0,13,-0.088162,-0.058422,1.087957,37.333333
1120,0,14,-0.040043,-0.069933,1.082704,37.333333
1120,0,15,0.008464,-0.082175,1.077228,37.333333
1120,0,16,-0.148954,-0.091713,1.075010,37.333333
1120,0,17,-0.100835,-0.102991,1.069824,37.333333
1120,0,18,-0.052903,-0.114554,1.064641,37.333333
1120,0,19,-0.004895,-0.126001,1.058558,37.333333
1120,0,20,-0.162199,-0.135965,1.055620,37.333333
1120,0,21,-0.114065,-0.147603,1.051032,37.333333
1120,0,22,-0.066080,-0.158387,1.045092,37.333333
1120,0,23,-0.017512,-0.170300,1.040302,37.333333
1125,0,2,-0.003312,0.068210,1.136981,37.500000
1125,0,5,-0.063985,0.036102,1.124282,37.500000
1125,0,6,-0.015985,0.024384,1.119644,37.500000
1125,0,8,-0.125099,0.002909,1.113366,37.500000
1125,0,9,-0.077081,-0.008657,1.106902,37.500000
1125,0,10,-0.028862,-0.020537,1.102591,37.500000
1125,0,11,0.019550,-0.032363,1.097674,37.500000
1125,0,12,-0.137720,-0.041956,1.095298,37.500000
1125,0,13,-0.090326,-0.052905,1.089843,37.500000
1125,0,14,-0.042020,-0.064913,1.084375,37.500000
1125,0,15,0.006166,-0.076735,1.079531,37.500000
1125,0,16,-0.151470,-0.085882,1.077220,37.500000
1125,0,17,-0.103124,-0.097171,1.071736,37.500000
1125,0,18,-0.055074,-0.109040,1.066315,37.500000
1125,0,19,-0.006785,-0.120839,1.060972,37.500000
1125,0,20,-0.164693,-0.130067,1.058799,37.500000
1125,0,21,-0.116405,-0.141804,1.053742,37.500000
1125,0,22,-0.068207,-0.153588,1.047822,37.500000
1125,0,23,-0.019950,-0.165044,1.042173,37.500000
1130,0,10,-0.032394,-0.014760,1.105725,37.666667
1130,0,11,0.015960,-0.027728,1.101312,37.666667
1130,0,12,-0.141811,-0.034851,1.099508,37.666667
1130,0,13,-0.094087,-0.047078,1.093324,37.666667
1130,0,14,-0.046051,-0.059697,1.088537,37.666667
1130,0,15,0.002202,-0.072133,1.083748,37.666667
1130,0,16,-0.155793,-0.080294,1.081416,37.666667
1130,0,17,-0.107411,-0.091966,1.076825,37.666667
1130,0,18,-0.059547,-0.104748,1.071342,37.666667
1130,0,19,-0.011060,-0.117078,1.066677,37.666667
1130,0,20,-0.169085,-0.124700,1.063956,37.666667
1130,0,21,-0.121051,-0.137092,1.059239,37.666667
1130,0,22,-0.072674,-0.149504,1.054581,37.666667
1130,0,23,-0.024843,-0.161692,1.048380,37.666667
1135,0,16,-0.144264,-0.077382,1.083521,37.833333
1135,0,17,-0.095111,-0.088949,1.079446,37.833333
1135,0,20,-0.158444,-0.121403,1.066989,37.833333
1135,0,21,-0.110206,-0.133687,1.060700,37.833333
1165,0,16,-0.082871,-0.020732,1.011377,38.833333
1170,0,23,0.045314,-0.090501,0.970322,39.000000
1175,0,18,0.002994,-0.030837,1.004020,39.166667
1175,0,19,0.052378,-0.040732,0.995966,39.166667
1185,0,20,-0.100593,-0.046285,0.993763,39.500000
1185,0,23,0.044598,-0.072541,0.973649,39.500000
1190,0,13,-0.029349,0.034687,1.025403,39.666667
1190,0,16,-0.088870,-0.000647,1.013988,39.666667
1190,0,20,-0.099688,-0.045618,0.994565,39.666667
1190,0,23,0.046320,-0.072227,0.977146,39.666667
1205,0,15,0.019923,0.003622,1.034764,40.166667
1205,0,18,-0.040628,-0.032461,1.025435,40.166667
1205,0,19,0.008337,-0.042117,1.018420,40.166667
1205,0,21,-0.100968,-0.068618,1.017375,40.166667
1205,0,22,-0.052464,-0.077702,1.010017,40.166667
1205,0,23,-0.003439,-0.087561,1.002068,40.166667
1210,0,12,-0.122031,0.030578,1.053673,40.333333
1210,0,15,0.022343,0.003228,1.032837,40.333333
1210,0,16,-0.133995,-0.014254,1.038800,40.333333
1210,0,20,-0.145985,-0.060467,1.021849,40.333333
1225,0,13,-0.019516,0.039381,1.025676,40.833333
1225,0,16,-0.078365,0.002115,1.014473,40.833333
1225,0,17,-0.029294,-0.005978,1.009210,40.833333
1225,0,20,-0.088458,-0.043401,0.997840,40.833333
1225,0,21,-0.039476,-0.052059,0.992259,40.833333
1225,0,22,0.009657,-0.060454,0.986566,40.833333
1225,0,23,0.058693,-0.069343,0.980959,40.833333
1230,0,15,0.083055,0.025042,1.014087,41.000000
1230,0,16,-0.074860,0.006538,1.013666,41.000000
1230,0,17,-0.025500,-0.002100,1.008535,41.000000
1230,0,18,0.023373,-0.010793,1.003744,41.000000
1230,0,20,-0.084758,-0.039282,0.996996,41.000000
1230,0,21,-0.035884,-0.048106,0.991096,41.000000
1235,0,15,0.082785,0.027672,1.017362,41.166667
1235,0,16,-0.073831,0.008008,1.013554,41.166667
1235,0,17,-0.025039,0.000283,1.008125,41.166667
1235,0,18,0.024437,-0.008865,1.003732,41.166667
1235,0,19,0.073369,-0.017651,0.998518,41.166667
1235,0,22,0.014438,-0.054364,0.985925,41.166667
1235,0,23,0.063245,-0.063062,0.981043,41.166667
1240,0,13,-0.016823,0.045970,1.027198,41.333333
1240,0,14,0.032274,0.037649,1.022870,41.333333
1240,0,16,-0.075754,0.009285,1.015075,41.333333
1240,0,19,0.071784,-0.017358,1.000992,41.333333
1240,0,20,-0.085846,-0.036291,0.997417,41.333333
1240,0,23,0.061628,-0.062492,0.983147,41.333333
1245,0,15,0.080011,0.028267,1.018496,41.500000
1245,0,19,0.069878,-0.016904,1.000220,41.500000
1250,0,20,-0.088654,-0.035709,0.997450,41.666667
1250,0,21,-0.040010,-0.044567,0.992531,41.666667
1250,0,22,0.009320,-0.052877,0.987285,41.666667
1250,0,23,0.058912,-0.062313,0.981012,41.666667
1255,0,16,-0.078429,0.010511,1.015019,41.833333
1255,0,17,-0.029425,0.001726,1.008879,41.833333
1255,0,18,0.019870,-0.006555,1.004637,41.833333
1255,0,19,0.068836,-0.015436,0.999046,41.833333
1255,0,22,0.009854,-0.052066,0.986474,41.833333
1255,0,23,0.058780,-0.060795,0.980877,41.833333
1260,0,13,-0.017924,0.047721,1.026605,42.000000
1260,0,14,0.031238,0.039438,1.021996,42.000000
1260,0,15,0.079480,0.030184,1.018344,42.000000
1260,0,16,-0.077091,0.010660,1.013890,42.000000
1260,0,19,0.070060,-0.015189,0.998887,42.000000
1265,0,13,-0.017750,0.048884,1.027831,42.166667
1265,0,14,0.031414,0.039610,1.022765,42.166667
1265,0,15,0.079925,0.030928,1.018797,42.166667
1265,0,17,-0.027866,0.003467,1.009926,42.166667
1265,0,18,0.021324,-0.005376,1.005437,42.166667
1265,0,19,0.070544,-0.014435,0.999798,42.166667
1265,0,21,-0.037964,-0.042152,0.992813,42.166667
1265,0,22,0.011147,-0.050692,0.987383,42.166667
1265,0,23,0.060047,-0.059597,0.981903,42.166667
1270,0,15,0.080378,0.030730,1.017440,42.333333
1270,0,16,-0.077036,0.011703,1.016169,42.333333
1270,0,19,0.070362,-0.014091,1.000252,42.333333
1270,0,20,-0.087265,-0.033916,0.998075,42.333333
1270,0,23,0.060159,-0.059570,0.982520,42.333333
1275,0,13,-0.018181,0.048806,1.028057,42.500000
1275,0,17,-0.028141,0.003822,1.010834,42.500000
1275,0,21,-0.038242,-0.042443,0.992895,42.500000
1275,0,22,0.011013,-0.050774,0.987712,42.500000
1275,0,23,0.060059,-0.059468,0.982176,42.500000
1280,0,17,-0.028446,0.003999,1.011798,42.666667
1280,0,18,0.020415,-0.004934,1.006139,42.666667
1280,0,19,0.069659,-0.013858,1.000864,42.666667
1280,0,21,-0.038813,-0.041759,0.994421,42.666667
1280,0,22,0.010360,-0.050144,0.988383,42.666667
1280,0,23,0.059599,-0.059221,0.982827,42.666667
1285,0,13,-0.019698,0.048967,1.027575,42.833333
1285,0,16,-0.078903,0.012363,1.016308,42.833333
1290,0,17,-0.029733,0.004514,1.009929,43.000000
1290,0,18,0.019369,-0.004479,1.004860,43.000000
1290,0,19,0.068469,-0.013024,0.999461,43.000000
1290,0,21,-0.039726,-0.041227,0.992679,43.000000
1290,0,22,0.009219,-0.049768,0.986527,43.000000
1290,0,23,0.058243,-0.058256,0.981380,43.000000
1295,0,15,0.081758,0.031915,1.016803,43.166667
1295,0,16,-0.075882,0.012884,1.015441,43.166667
1295,0,17,-0.026974,0.004313,1.009995,43.166667
1295,0,18,0.022121,-0.004321,1.004971,43.166667
1295,0,19,0.071287,-0.012935,0.999505,43.166667
1295,0,20,-0.086120,-0.032236,0.997735,43.166667
1295,0,21,-0.037133,-0.041185,0.992181,43.166667
1295,0,22,0.011941,-0.049829,0.986357,43.166667
1295,0,23,0.060982,-0.058436,0.981565,43.166667
1300,0,13,-0.013734,0.050105,1.028087,43.333333
1300,0,14,0.035502,0.041459,1.022886,43.333333
1300,0,15,0.084958,0.032342,1.017404,43.333333
1300,0,17,-0.023555,0.004498,1.009975,43.333333
1300,0,18,0.025616,-0.004128,1.005303,43.333333
1300,0,19,0.074577,-0.012791,0.999907,43.333333
1300,0,22,0.015398,-0.049516,0.986902,43.333333
1300,0,23,0.064609,-0.058274,0.981582,43.333333
1305,0,15,0.085145,0.031017,1.018305,43.500000
1305,0,19,0.074898,-0.014493,1.000766,43.500000
1305,0,20,-0.082479,-0.033882,0.998290,43.500000
1305,0,23,0.064876,-0.060124,0.983169,43.500000
1310,0,12,-0.066614,0.054663,1.030911,43.666667
1310,0,15,0.080461,0.028868,1.016496,43.666667
1310,0,16,-0.076813,0.009639,1.013845,43.666667
1310,0,17,-0.027498,0.001318,1.008819,43.666667
1310,0,18,0.021311,-0.007421,1.004553,43.666667
1310,0,19,0.070162,-0.016119,0.999482,43.666667
1310,0,20,-0.086807,-0.035678,0.996417,43.666667
1310,0,21,-0.037904,-0.044363,0.991591,43.666667
1310,0,22,0.011355,-0.052602,0.986820,43.666667
1310,0,23,0.060326,-0.061709,0.981333,43.666667
1315,0,12,-0.074709,0.053968,1.036329,43.833333
1315,0,13,-0.025495,0.045608,1.032344,43.833333
1315,0,17,-0.035355,0.000210,1.015783,43.833333
1315,0,21,-0.045282,-0.045531,0.998898,43.833333
1315,0,22,0.003924,-0.054251,0.993388,43.833333
1315,0,23,0.053073,-0.063052,0.988614,43.833333
1320,0,11,0.079285,0.072995,1.040685,44.000000
1320,0,20,-0.098535,-0.037082,1.004376,44.000000
1330,0,15,0.076887,0.026058,1.016260,44.333333
1330,0,16,-0.080468,0.006885,1.014463,44.333333
1330,0,19,0.066753,-0.018934,0.999647,44.333333
1330,0,20,-0.090441,-0.038583,0.997675,44.333333
1345,0,16,-0.143348,-0.012918,1.034110,44.833333
1345,0,19,0.001807,-0.039121,1.012690,44.833333
1345,0,20,-0.153723,-0.059221,1.018350,44.833333
1350,0,12,-0.154782,0.030603,1.056606,45.000000
1350,0,16,-0.165353,-0.016636,1.041573,45.000000
1355,0,12,-0.177323,0.032495,1.068835,45.166667
1355,0,15,-0.031998,0.004716,1.053655,45.166667
1355,0,16,-0.189253,-0.013252,1.052787,45.166667
1355,0,17,-0.140521,-0.022201,1.047659,45.166667
1355,0,18,-0.091712,-0.031889,1.042377,45.166667
1355,0,19,-0.042899,-0.041056,1.037768,45.166667
1355,0,20,-0.200509,-0.058614,1.037453,45.166667
1355,0,21,-0.151825,-0.068620,1.031963,45.166667
1360,0,8,-0.170416,0.079454,1.087498,45.333333
1360,0,9,-0.121860,0.069707,1.081538,45.333333
1360,0,10,-0.073095,0.060500,1.078999,45.333333
1360,0,11,-0.024460,0.050376,1.074286,45.333333
1360,0,12,-0.181384,0.032794,1.072720,45.333333
1360,0,13,-0.133003,0.023488,1.068161,45.333333
1360,0,14,-0.084091,0.014009,1.063589,45.333333
1360,0,15,-0.035603,0.004329,1.059385,45.333333
1360,0,16,-0.192315,-0.013436,1.057843,45.333333
1360,0,17,-0.143800,-0.022675,1.052960,45.333333
1360,0,18,-0.095301,-0.032366,1.048650,45.333333
1360,0,19,-0.046276,-0.041864,1.044551,45.333333
1360,0,20,-0.203452,-0.059581,1.043726,45.333333
1360,0,21,-0.154758,-0.069251,1.038322,45.333333
1360,0,22,-0.105923,-0.078502,1.033593,45.333333
1360,0,23,-0.057527,-0.088117,1.028820,45.333333
1365,0,2,-0.045291,0.157158,1.091771,45.500000
1365,0,3,0.003813,0.147993,1.093516,45.500000
1365,0,12,-0.174071,0.035752,1.071791,45.500000
1365,0,13,-0.125737,0.026303,1.068104,45.500000
1365,0,14,-0.077016,0.016585,1.065332,45.500000
1365,0,15,-0.028771,0.006524,1.062077,45.500000
1365,0,16,-0.184863,-0.011792,1.061646,45.500000
1365,0,17,-0.136518,-0.021186,1.058018,45.500000
1365,0,18,-0.087988,-0.031019,1.054961,45.500000
1365,0,19,-0.039307,-0.040784,1.051111,45.500000
1365,0,20,-0.195847,-0.059038,1.051008,45.500000
1365,0,21,-0.147228,-0.069087,1.047211,45.500000
1365,0,22,-0.098795,-0.078722,1.043619,45.500000
1365,0,23,-0.050115,-0.088471,1.039839,45.500000
1370,0,0,-0.138433,0.189223,1.102799,45.666667
1370,0,1,-0.089869,0.179192,1.098112,45.666667
1370,0,2,-0.041638,0.169539,1.097816,45.666667
1370,0,3,0.007806,0.158522,1.096879,45.666667
1370,0,4,-0.149152,0.140984,1.094513,45.666667
1370,0,5,-0.100387,0.130889,1.091141,45.666667
1370,0,6,-0.051252,0.120888,1.090356,45.666667
1370,0,7,-0.003107,0.110642,1.089518,45.666667
1370,0,8,-0.159478,0.092534,1.087297,45.666667
1370,0,9,-0.110912,0.082555,1.083575,45.666667
1370,0,10,-0.062184,0.072442,1.083441,45.666667
1370,0,11,-0.012948,0.062200,1.081894,45.666667
1370,0,12,-0.169649,0.044014,1.080638,45.666667
1370,0,13,-0.121346,0.034137,1.078035,45.666667
1370,0,14,-0.072284,0.024081,1.076464,45.666667
1370,0,15,-0.023749,0.013884,1.074114,45.666667
1370,0,16,-0.180361,-0.004342,1.072861,45.666667
1370,0,17,-0.131548,-0.014055,1.070631,45.666667
1370,0,18,-0.083016,-0.024191,1.068836,45.666667
1370,0,19,-0.034260,-0.034274,1.065542,45.666667
1370,0,20,-0.190857,-0.052458,1.064906,45.666667
1370,0,21,-0.142214,-0.062722,1.063587,45.666667
1370,0,22,-0.093430,-0.072555,1.061231,45.666667
1370,0,23,-0.044720,-0.082686,1.058240,45.666667
1375,0,0,-0.135777,0.188732,1.097760,45.833333
1375,0,1,-0.086591,0.178841,1.095488,45.833333
1375,0,2,-0.038388,0.169164,1.095684,45.833333
1375,0,3,0.010806,0.159288,1.096135,45.833333
1375,0,4,-0.145475,0.139456,1.092542,45.833333
1375,0,5,-0.096733,0.129991,1.091186,45.833333
1375,0,6,-0.048120,0.120278,1.091046,45.833333
1375,0,7,0.000605,0.110392,1.092906,45.833333
1375,0,8,-0.155558,0.091044,1.089525,45.833333
1375,0,9,-0.106967,0.081291,1.088172,45.833333
1375,0,10,-0.058380,0.071306,1.088587,45.833333
1375,0,11,-0.008977,0.061518,1.088716,45.833333
1375,0,12,-0.165808,0.042428,1.085839,45.833333
1375,0,13,-0.117101,0.032429,1.084715,45.833333
1375,0,14,-0.068351,0.022699,1.083830,45.833333
1375,0,15,-0.019433,0.012912,1.084240,45.833333
1375,0,16,-0.175877,-0.006289,1.082671,45.833333
1375,0,17,-0.127155,-0.016110,1.080635,45.833333
1375,0,18,-0.078610,-0.026013,1.080875,45.833333
1375,0,19,-0.029617,-0.035767,1.079509,45.833333
1375,0,20,-0.186064,-0.054953,1.078118,45.833333
1375,0,21,-0.137445,-0.065086,1.077174,45.833333
1375,0,22,-0.088378,-0.074562,1.077120,45.833333
1375,0,23,-0.039577,-0.084787,1.075661,45.833333
1380,0,0,-0.131975,0.186040,1.094816,46.000000
1380,0,1,-0.082940,0.176344,1.092506,46.000000
1380,0,2,-0.034401,0.167177,1.095695,46.000000
1380,0,3,0.014297,0.157110,1.096019,46.000000
1380,0,4,-0.141334,0.137275,1.095447,46.000000
1380,0,5,-0.092999,0.127629,1.094150,46.000000
1380,0,6,-0.043696,0.117789,1.095740,46.000000
1380,0,7,0.004799,0.108299,1.097708,46.000000
1380,0,8,-0.151694,0.088581,1.095199,46.000000
1380,0,9,-0.102731,0.078732,1.095333,46.000000
1380,0,10,-0.054009,0.069083,1.096471,46.000000
1380,0,11,-0.004787,0.059010,1.097590,46.000000
1380,0,12,-0.161611,0.039437,1.095098,46.000000
1380,0,13,-0.112886,0.029582,1.095285,46.000000
1380,0,14,-0.063747,0.019888,1.096224,46.000000
1380,0,15,-0.014970,0.010059,1.097030,46.000000
1380,0,16,-0.171632,-0.009803,1.095095,46.000000
1380,0,17,-0.122635,-0.019536,1.095443,46.000000
1380,0,18,-0.073870,-0.029411,1.095702,46.000000
1380,0,19,-0.024674,-0.039370,1.097188,46.000000
1380,0,20,-0.181561,-0.058898,1.094384,46.000000
1380,0,21,-0.132876,-0.068983,1.095058,46.000000
1380,0,22,-0.084000,-0.078690,1.095379,46.000000
1380,0,23,-0.034775,-0.088650,1.095598,46.000000
1385,0,0,-0.130965,0.185836,1.096768,46.166667
1385,0,1,-0.082212,0.176193,1.093872,46.166667
1385,0,2,-0.033377,0.166688,1.096551,46.166667
1385,0,3,0.015828,0.156949,1.097937,46.166667
1385,0,4,-0.140560,0.137005,1.096344,46.166667
1385,0,5,-0.091638,0.127417,1.096086,46.166667
1385,0,6,-0.042746,0.117646,1.097539,46.166667
1385,0,7,0.005527,0.108264,1.100118,46.166667
1385,0,8,-0.150081,0.087732,1.097096,46.166667
1385,0,9,-0.101344,0.078167,1.097109,46.166667
1385,0,10,-0.052449,0.068622,1.098754,46.166667
1385,0,11,-0.003485,0.058958,1.099557,46.166667
1385,0,12,-0.159903,0.038728,1.097053,46.166667
1385,0,13,-0.111031,0.028991,1.098334,46.166667
1385,0,14,-0.062045,0.019444,1.099188,46.166667
1385,0,15,-0.013174,0.009762,1.099381,46.166667
1385,0,16,-0.169845,-0.010453,1.098491,46.166667
1385,0,17,-0.120667,-0.020216,1.098566,46.166667
1385,0,18,-0.071898,-0.029728,1.099787,46.166667
1385,0,19,-0.022905,-0.039474,1.099559,46.166667
1385,0,20,-0.179294,-0.059560,1.098494,46.166667
1385,0,21,-0.130575,-0.069120,1.099689,46.166667
1385,0,22,-0.081546,-0.078953,1.099779,46.166667
1385,0,23,-0.032650,-0.088676,1.100107,46.166667
1390,0,0,-0.132164,0.188996,1.096261,46.333333
1390,0,1,-0.083172,0.179364,1.095168,46.333333
1390,0,2,-0.034736,0.169886,1.097639,46.333333
1390,0,3,0.014337,0.160047,1.098043,46.333333
1390,0,4,-0.141550,0.139433,1.095671,46.333333
1390,0,5,-0.092682,0.130201,1.095880,46.333333
1390,0,6,-0.043781,0.120700,1.097834,46.333333
1390,0,7,0.004706,0.111300,1.100925,46.333333
1390,0,8,-0.151275,0.090544,1.096333,46.333333
1390,0,9,-0.102352,0.080924,1.096364,46.333333
1390,0,10,-0.053480,0.071381,1.098844,46.333333
1390,0,11,-0.004246,0.062007,1.101001,46.333333
1390,0,12,-0.160747,0.041389,1.097822,46.333333
1390,0,13,-0.111943,0.032040,1.098870,46.333333
1390,0,14,-0.063071,0.022201,1.099022,46.333333
1390,0,15,-0.014046,0.012730,1.101166,46.333333
1390,0,16,-0.170382,-0.007707,1.098572,46.333333
1390,0,17,-0.121545,-0.017164,1.099396,46.333333
1390,0,18,-0.072780,-0.026660,1.101070,46.333333
1390,0,19,-0.023705,-0.036703,1.101121,46.333333
1390,0,20,-0.179996,-0.056814,1.099247,46.333333
1390,0,21,-0.131092,-0.066168,1.100929,46.333333
1390,0,22,-0.082145,-0.076016,1.101437,46.333333
1390,0,23,-0.032984,-0.085466,1.101883,46.333333
1395,0,0,-0.139650,0.190890,1.093638,46.500000
1395,0,1,-0.089968,0.181173,1.095361,46.500000
1395,0,2,-0.042112,0.171839,1.097489,46.500000
1395,0,3,0.007406,0.162185,1.101304,46.500000
1395,0,4,-0.148647,0.142405,1.096310,46.500000
1395,0,5,-0.099967,0.132561,1.096815,46.500000
1395,0,6,-0.050888,0.122787,1.099140,46.500000
1395,0,7,-0.001857,0.112704,1.099870,46.500000
1395,0,9,-0.109683,0.083547,1.098717,46.500000
1395,0,10,-0.061145,0.073658,1.100665,46.500000
1395,0,11,-0.012029,0.064069,1.102778,46.500000
1395,0,13,-0.119647,0.034530,1.099877,46.500000
1395,0,16,-0.178359,-0.004751,1.099899,46.500000
1395,0,17,-0.129318,-0.014402,1.101198,46.500000
1395,0,20,-0.187626,-0.053979,1.100608,46.500000
1395,0,21,-0.138757,-0.063338,1.103810,46.500000
1395,0,22,-0.090340,-0.073200,1.104588,46.500000
1395,0,23,-0.041588,-0.083219,1.106248,46.500000
1400,0,0,-0.153266,0.193995,1.103760,46.666667
1400,0,1,-0.103164,0.185423,1.104622,46.666667
1400,0,2,-0.054526,0.176278,1.105892,46.666667
1400,0,3,-0.004820,0.166860,1.110168,46.666667
1400,0,4,-0.161418,0.145192,1.105050,46.666667
1400,0,5,-0.113789,0.136240,1.104744,46.666667
1400,0,6,-0.065001,0.127346,1.107381,46.666667
1400,0,7,-0.017120,0.118727,1.111003,46.666667
1400,0,8,-0.170649,0.095625,1.106103,46.666667
1400,0,9,-0.121275,0.086750,1.107179,46.666667
1400,0,10,-0.072258,0.077616,1.109968,46.666667
1400,0,11,-0.023096,0.068610,1.112341,46.666667
1400,0,12,-0.179679,0.047048,1.108503,46.666667
1400,0,13,-0.130069,0.037477,1.109583,46.666667
1400,0,14,-0.081045,0.028083,1.110762,46.666667
1400,0,15,-0.032012,0.019205,1.113035,46.666667
1400,0,16,-0.188562,-0.003002,1.109331,46.666667
1400,0,17,-0.139425,-0.011830,1.110937,46.666667
1400,0,18,-0.090319,-0.021199,1.112631,46.666667
1400,0,19,-0.041156,-0.030334,1.113822,46.666667
1400,0,20,-0.197476,-0.052280,1.110467,46.666667
1400,0,21,-0.148189,-0.061391,1.112289,46.666667
1400,0,22,-0.099271,-0.070213,1.113573,46.666667
1400,0,23,-0.050062,-0.079513,1.115417,46.666667
1405,0,0,-0.163774,0.192446,1.104249,46.833333
1405,0,1,-0.113922,0.184908,1.105187,46.833333
1405,0,2,-0.064465,0.177618,1.109200,46.833333
1405,0,3,-0.015596,0.169330,1.113003,46.833333
1405,0,4,-0.170826,0.143238,1.106065,46.833333
1405,0,5,-0.122293,0.135432,1.107303,46.833333
1405,0,6,-0.072970,0.127695,1.109736,46.833333
1405,0,7,-0.023513,0.119642,1.113166,46.833333
1405,0,8,-0.179370,0.093494,1.106359,46.833333
1405,0,9,-0.129750,0.085746,1.108971,46.833333
1405,0,10,-0.080291,0.078468,1.112693,46.833333
1405,0,11,-0.031265,0.069967,1.115847,46.833333
1405,0,12,-0.186924,0.044586,1.108747,46.833333
1405,0,13,-0.138013,0.036853,1.111419,46.833333
1405,0,14,-0.088910,0.029210,1.114260,46.833333
1405,0,15,-0.039779,0.021039,1.117520,46.833333
1405,0,16,-0.195223,-0.004966,1.110330,46.833333
1405,0,17,-0.145890,-0.012726,1.112674,46.833333
1405,0,18,-0.096709,-0.020669,1.115296,46.833333
1405,0,19,-0.047530,-0.028726,1.117929,46.833333
1405,0,20,-0.203277,-0.053930,1.111923,46.833333
1405,0,21,-0.153965,-0.062049,1.114615,46.833333
1405,0,22,-0.104731,-0.070092,1.116652,46.833333
1405,0,23,-0.055556,-0.077950,1.119391,46.833333
1410,0,1,-0.124852,0.187022,1.104424,47.000000
1410,0,2,-0.075758,0.179588,1.109754,47.000000
1410,0,3,-0.026989,0.170706,1.114009,47.000000
1410,0,6,-0.084102,0.129901,1.112038,47.000000
1410,0,7,-0.033308,0.121555,1.117083,47.000000
1410,0,10,-0.090522,0.080178,1.116512,47.000000
1410,0,11,-0.042775,0.072379,1.119936,47.000000
1415,0,2,-0.090839,0.196951,1.115137,47.166667
1415,0,6,-0.100621,0.148151,1.119919,47.166667
1415,0,12,-0.215076,0.062409,1.113870,47.166667
1415,0,16,-0.224368,0.013408,1.117427,47.166667
1415,0,19,-0.077090,-0.007817,1.138812,47.166667
1415,0,20,-0.233295,-0.035761,1.119073,47.166667
1415,0,23,-0.086730,-0.056684,1.143173,47.166667
1420,0,0,-0.213047,0.216535,1.105973,47.333333
1420,0,1,-0.163224,0.210010,1.108929,47.333333
1420,0,2,-0.114486,0.204797,1.118796,47.333333
1420,0,3,-0.065658,0.197830,1.124366,47.333333
1420,0,4,-0.219583,0.167758,1.109753,47.333333
1420,0,5,-0.169670,0.160989,1.114787,47.333333
1420,0,6,-0.120889,0.155021,1.122215,47.333333
1420,0,7,-0.071928,0.147896,1.126975,47.333333
1420,0,8,-0.225331,0.118385,1.114509,47.333333
1420,0,9,-0.176651,0.111782,1.119615,47.333333
1420,0,10,-0.127189,0.105783,1.126958,47.333333
1420,0,11,-0.078250,0.099122,1.132627,47.333333
1420,0,12,-0.232507,0.068552,1.117094,47.333333
1420,0,13,-0.183605,0.061884,1.123400,47.333333
1420,0,14,-0.133924,0.055646,1.129511,47.333333
1420,0,15,-0.084719,0.049450,1.135483,47.333333
1420,0,16,-0.238891,0.019154,1.121787,47.333333
1420,0,17,-0.189536,0.012321,1.126799,47.333333
1420,0,18,-0.140477,0.006920,1.134610,47.333333
1420,0,19,-0.091632,0.000317,1.139867,47.333333
1420,0,20,-0.245145,-0.031063,1.123975,47.333333
1420,0,21,-0.196569,-0.036984,1.131045,47.333333
1420,0,22,-0.147260,-0.043113,1.136333,47.333333
1420,0,23,-0.098328,-0.049600,1.142264,47.333333
1425,0,0,-0.225122,0.214383,1.103578,47.500000
1425,0,1,-0.175501,0.208868,1.109232,47.500000
1425,0,2,-0.127392,0.203569,1.118902,47.500000
1425,0,3,-0.078408,0.198942,1.128162,47.500000
1425,0,6,-0.133381,0.155082,1.125147,47.500000
1425,0,7,-0.084957,0.149487,1.135181,47.500000
1425,0,11,-0.090801,0.100000,1.139802,47.500000
1425,0,12,-0.243772,0.067242,1.121159,47.500000
1425,0,15,-0.097661,0.051268,1.147162,47.500000
1425,0,16,-0.250395,0.018180,1.126993,47.500000
1425,0,17,-0.201418,0.012787,1.134975,47.500000
1425,0,18,-0.152639,0.007106,1.142462,47.500000
1425,0,19,-0.103690,0.001639,1.150175,47.500000
1425,0,20,-0.256372,-0.031220,1.131639,47.500000
1425,0,21,-0.208197,-0.036905,1.139413,47.500000
1430,0,0,-0.236817,0.219417,1.110470,47.666667
1430,0,1,-0.187455,0.214314,1.115992,47.666667
1430,0,2,-0.138045,0.207810,1.121277,47.666667
1430,0,3,-0.089732,0.204118,1.133372,47.666667
1430,0,4,-0.242402,0.169819,1.115465,47.666667
1430,0,5,-0.193036,0.165036,1.122538,47.666667
1430,0,6,-0.144582,0.159807,1.129715,47.666667
1430,0,7,-0.096181,0.154746,1.139544,47.666667
1430,0,8,-0.248296,0.120618,1.120602,47.666667
1430,0,9,-0.199354,0.115497,1.127728,47.666667
1430,0,10,-0.150206,0.110584,1.136283,47.666667
1430,0,11,-0.101403,0.105084,1.143765,47.666667
1430,0,12,-0.254275,0.071400,1.125931,47.666667
1430,0,13,-0.205234,0.066209,1.133706,47.666667
1430,0,14,-0.156343,0.060962,1.141045,47.666667
1430,0,15,-0.107268,0.056106,1.149640,47.666667
1430,0,16,-0.260408,0.022181,1.132178,47.666667
1430,0,17,-0.211438,0.017126,1.139599,47.666667
1430,0,18,-0.162424,0.011836,1.147206,47.666667
1430,0,19,-0.113097,0.006086,1.153649,47.666667
1430,0,20,-0.266256,-0.026850,1.136981,47.666667
1430,0,21,-0.217227,-0.032222,1.144914,47.666667
1430,0,22,-0.168346,-0.037472,1.151690,47.666667
1430,0,23,-0.119651,-0.043305,1.158558,47.666667
1435,0,0,-0.249331,0.221310,1.111898,47.833333
1435,0,1,-0.198569,0.217133,1.119861,47.833333
1435,0,2,-0.151094,0.213094,1.127072,47.833333
1435,0,4,-0.254459,0.172032,1.117210,47.833333
1435,0,5,-0.205476,0.168220,1.125445,47.833333
1435,0,6,-0.154828,0.163020,1.133313,47.833333
1435,0,8,-0.257933,0.121653,1.123111,47.833333
1435,0,9,-0.210506,0.118695,1.131155,47.833333
1435,0,10,-0.162544,0.114357,1.140723,47.833333
1435,0,11,-0.112679,0.109444,1.147184,47.833333
1435,0,12,-0.262987,0.072113,1.129127,47.833333
1435,0,13,-0.215362,0.068344,1.136307,47.833333
1435,0,14,-0.166550,0.064590,1.145084,47.833333
1435,0,15,-0.117199,0.060093,1.152724,47.833333
1435,0,16,-0.268987,0.022588,1.133377,47.833333
1435,0,17,-0.219348,0.018470,1.141901,47.833333
1435,0,18,-0.171639,0.015539,1.151778,47.833333
1435,0,19,-0.121544,0.009924,1.157902,47.833333
1435,0,20,-0.273259,-0.026753,1.138854,47.833333
1435,0,21,-0.224511,-0.030823,1.148338,47.833333
1435,0,22,-0.176566,-0.034272,1.156007,47.833333
1435,0,23,-0.127593,-0.038331,1.164632,47.833333
1440,0,0,-0.260571,0.219296,1.111091,48.000000
1440,0,1,-0.210975,0.215511,1.117106,48.000000
1440,0,2,-0.161562,0.213073,1.127262,48.000000
1440,0,3,-0.113285,0.210964,1.138224,48.000000
1440,0,4,-0.264949,0.168283,1.113364,48.000000
1440,0,5,-0.215208,0.166833,1.124524,48.000000
1440,0,6,-0.166203,0.164271,1.133980,48.000000
1440,0,7,-0.116492,0.160743,1.142697,48.000000
1440,0,8,-0.267641,0.119794,1.121346,48.000000
1440,0,9,-0.219067,0.117196,1.130016,48.000000
1440,0,10,-0.171605,0.114912,1.139378,48.000000
1440,0,11,-0.123022,0.112213,1.148839,48.000000
1440,0,12,-0.273024,0.070467,1.126367,48.000000
1440,0,13,-0.224278,0.067783,1.135624,48.000000
1440,0,14,-0.175685,0.065538,1.145522,48.000000
1440,0,15,-0.126550,0.063067,1.155522,48.000000
1440,0,16,-0.276793,0.021186,1.132410,48.000000
1440,0,17,-0.228171,0.018919,1.142064,48.000000
1440,0,18,-0.179447,0.015897,1.151453,48.000000
1440,0,19,-0.130605,0.013782,1.161426,48.000000
1440,0,20,-0.280592,-0.028301,1.137522,48.000000
1440,0,21,-0.232144,-0.030627,1.148101,48.000000
1440,0,22,-0.183198,-0.033504,1.157043,48.000000
1440,0,23,-0.134167,-0.035691,1.167228,48.000000
1445,0,0,-0.268044,0.217508,1.112231,48.166667
1445,0,1,-0.218811,0.215168,1.118771,48.166667
1445,0,2,-0.170634,0.213240,1.129383,48.166667
1445,0,3,-0.121258,0.211494,1.138642,48.166667
1445,0,4,-0.270962,0.167964,1.117275,48.166667
1445,0,5,-0.221916,0.165615,1.124756,48.166667
1445,0,6,-0.173205,0.163768,1.134436,48.166667
1445,0,7,-0.124602,0.161797,1.144123,48.166667
1445,0,8,-0.274216,0.118632,1.122613,48.166667
1445,0,9,-0.225266,0.116434,1.130494,48.166667
1445,0,10,-0.176712,0.114484,1.141290,48.166667
1445,0,11,-0.127649,0.112141,1.148892,48.166667
1445,0,12,-0.277573,0.069327,1.128684,48.166667
1445,0,13,-0.228651,0.067233,1.137449,48.166667
1445,0,14,-0.179614,0.064698,1.145751,48.166667
1445,0,15,-0.130820,0.062843,1.154732,48.166667
1445,0,16,-0.280533,0.019720,1.133307,48.166667
1445,0,17,-0.231938,0.017672,1.142642,48.166667
1445,0,18,-0.182984,0.015520,1.151334,48.166667
1445,0,19,-0.133977,0.012871,1.158836,48.166667
1445,0,20,-0.283765,-0.029623,1.138698,48.166667
1445,0,21,-0.235076,-0.031909,1.147827,48.166667
1445,0,22,-0.186062,-0.034222,1.155787,48.166667
1445,0,23,-0.137208,-0.036306,1.165265,48.166667
1450,0,0,-0.268734,0.218903,1.113301,48.333333
1450,0,1,-0.219512,0.215986,1.119333,48.333333
1450,0,2,-0.170605,0.213942,1.128862,48.333333
1450,0,3,-0.122005,0.211855,1.139173,48.333333
1450,0,4,-0.272225,0.169290,1.119054,48.333333
1450,0,5,-0.223036,0.166272,1.125564,48.333333
1450,0,6,-0.174275,0.164512,1.135086,48.333333
1450,0,7,-0.125625,0.162272,1.145052,48.333333
1450,0,8,-0.275541,0.119752,1.124476,48.333333
1450,0,9,-0.226439,0.117481,1.132333,48.333333
1450,0,10,-0.177413,0.115333,1.141638,48.333333
1450,0,11,-0.128676,0.112888,1.150707,48.333333
1450,0,12,-0.278786,0.070397,1.129844,48.333333
1450,0,13,-0.229851,0.068350,1.139041,48.333333
1450,0,14,-0.180981,0.065992,1.147324,48.333333
1450,0,15,-0.131861,0.063687,1.156454,48.333333
1450,0,16,-0.282188,0.021105,1.136168,48.333333
1450,0,17,-0.233332,0.018931,1.144900,48.333333
1450,0,18,-0.184582,0.016291,1.153167,48.333333
1450,0,19,-0.135501,0.014015,1.161333,48.333333
1450,0,20,-0.285343,-0.028387,1.140750,48.333333
1450,0,21,-0.236738,-0.030631,1.150393,48.333333
1450,0,22,-0.187978,-0.032908,1.158168,48.333333
1450,0,23,-0.138908,-0.035670,1.166624,48.333333
1455,0,0,-0.268449,0.218676,1.113986,48.500000
1455,0,1,-0.219353,0.215775,1.120020,48.500000
1455,0,2,-0.170365,0.213109,1.129129,48.500000
1455,0,3,-0.121813,0.211454,1.140184,48.500000
1455,0,4,-0.272041,0.169035,1.119371,48.500000
1455,0,5,-0.222714,0.166356,1.126535,48.500000
1455,0,6,-0.174198,0.164279,1.136006,48.500000
1455,0,7,-0.125074,0.162085,1.146107,48.500000
1455,0,8,-0.275200,0.119626,1.124984,48.500000
1455,0,9,-0.226448,0.117152,1.133111,48.500000
1455,0,10,-0.177696,0.114756,1.142514,48.500000
1455,0,11,-0.128772,0.112514,1.151100,48.500000
1455,0,12,-0.278716,0.070069,1.130391,48.500000
1455,0,13,-0.230090,0.067553,1.139270,48.500000
1455,0,14,-0.181086,0.065409,1.148183,48.500000
1455,0,15,-0.132174,0.062827,1.156942,48.500000
1455,0,16,-0.282200,0.020724,1.136591,48.500000
1455,0,17,-0.233469,0.018368,1.145280,48.500000
1455,0,18,-0.184764,0.015640,1.153796,48.500000
1455,0,19,-0.135573,0.013358,1.162024,48.500000
1455,0,20,-0.285646,-0.028864,1.141508,48.500000
1455,0,21,-0.236842,-0.031156,1.151002,48.500000
1455,0,22,-0.187903,-0.033640,1.159228,48.500000
1455,0,23,-0.139004,-0.036102,1.168191,48.500000
1460,0,0,-0.269924,0.217798,1.113161,48.666667
1460,0,1,-0.220579,0.215068,1.120070,48.666667
1460,0,2,-0.171777,0.212659,1.129497,48.666667
1460,0,3,-0.123105,0.210656,1.139925,48.666667
1460,0,4,-0.273435,0.168512,1.119148,48.666667
1460,0,5,-0.224215,0.165918,1.127124,48.666667
1460,0,6,-0.175612,0.163566,1.136120,48.666667
1460,0,7,-0.126781,0.161112,1.146152,48.666667
1460,0,8,-0.276894,0.119842,1.126591,48.666667
1460,0,9,-0.228053,0.116580,1.133429,48.666667
1460,0,10,-0.179268,0.114199,1.142919,48.666667
1460,0,11,-0.130484,0.111710,1.152072,48.666667
1460,0,12,-0.280892,0.070163,1.131809,48.666667
1460,0,13,-0.232131,0.067398,1.140313,48.666667
1460,0,14,-0.183024,0.064945,1.149505,48.666667
1460,0,15,-0.134084,0.062643,1.158543,48.666667
1460,0,17,-0.235770,0.018248,1.146688,48.666667
1460,0,18,-0.186821,0.015702,1.155622,48.666667
1460,0,19,-0.137965,0.012895,1.163903,48.666667
1460,0,21,-0.239324,-0.031353,1.152504,48.666667
1460,0,22,-0.190559,-0.033832,1.161134,48.666667
1460,0,23,-0.141580,-0.036607,1.169925,48.666667
1465,0,0,-0.270781,0.218545,1.113547,48.833333
1465,0,1,-0.221319,0.215429,1.120141,48.833333
1465,0,2,-0.172425,0.213000,1.129808,48.833333
1465,0,3,-0.123952,0.210620,1.139315,48.833333
1465,0,4,-0.274601,0.169502,1.119453,48.833333
1465,0,5,-0.225274,0.166191,1.126876,48.833333
1465,0,6,-0.176419,0.163619,1.135570,48.833333
1465,0,7,-0.127829,0.160610,1.144684,48.833333
1465,0,8,-0.278153,0.119508,1.124903,48.833333
1465,0,9,-0.229120,0.116998,1.133205,48.833333
1465,0,10,-0.180445,0.113804,1.141703,48.833333
1465,0,11,-0.131298,0.111665,1.151020,48.833333
1465,0,12,-0.281836,0.070580,1.131657,48.833333
1465,0,13,-0.232920,0.067842,1.139722,48.833333
1465,0,14,-0.184063,0.064980,1.148153,48.833333
1465,0,15,-0.135078,0.062274,1.156904,48.833333
1465,0,17,-0.236831,0.018502,1.145752,48.833333
1465,0,18,-0.187828,0.015899,1.155019,48.833333
1465,0,19,-0.138715,0.012738,1.162194,48.833333
1465,0,21,-0.240484,-0.030455,1.152714,48.833333
1465,0,22,-0.191701,-0.033555,1.160028,48.833333
1465,0,23,-0.142581,-0.036712,1.167556,48.833333
1470,0,2,-0.172537,0.212083,1.129492,49.000000
1470,0,3,-0.123620,0.208272,1.137145,49.000000
1470,0,4,-0.274372,0.167783,1.118299,49.000000
1470,0,5,-0.225374,0.164665,1.126188,49.000000
1470,0,6,-0.176802,0.162182,1.135276,49.000000
1470,0,7,-0.128027,0.159258,1.145328,49.000000
1470,0,8,-0.278379,0.118898,1.126147,49.000000
1470,0,9,-0.229860,0.115707,1.134208,49.000000
1470,0,10,-0.180885,0.112643,1.143327,49.000000
1470,0,11,-0.132202,0.109920,1.152312,49.000000
1470,0,12,-0.283049,0.069742,1.133588,49.000000
1470,0,13,-0.234306,0.066334,1.142417,49.000000
1470,0,14,-0.185444,0.063693,1.151184,49.000000
1470,0,15,-0.136727,0.060935,1.161124,49.000000
1470,0,17,-0.238480,0.017255,1.149744,49.000000
1470,0,18,-0.189700,0.014486,1.158659,49.000000
1470,0,19,-0.140777,0.011719,1.167274,49.000000
1470,0,21,-0.242893,-0.031680,1.157452,49.000000
1470,0,22,-0.194338,-0.034479,1.166132,49.000000
1470,0,23,-0.145001,-0.037942,1.174095,49.000000
1475,0,0,-0.269147,0.215398,1.105178,49.166667
1475,0,1,-0.220066,0.213010,1.113163,49.166667
1475,0,2,-0.170725,0.210972,1.122945,49.166667
1475,0,3,-0.122693,0.209577,1.135662,49.166667
1475,0,4,-0.273337,0.166796,1.116651,49.166667
1475,0,5,-0.224182,0.164886,1.126268,49.166667
1475,0,6,-0.175726,0.163073,1.136952,49.166667
1475,0,7,-0.126928,0.161456,1.147289,49.166667
1475,0,8,-0.277318,0.118737,1.128678,49.166667
1475,0,9,-0.228887,0.116654,1.138269,49.166667
1475,0,10,-0.179957,0.114720,1.148624,49.166667
1475,0,11,-0.131358,0.112618,1.159072,49.166667
1475,0,12,-0.282117,0.070864,1.141245,49.166667
1475,0,13,-0.233532,0.068303,1.150522,49.166667
1475,0,14,-0.184617,0.066672,1.161148,49.166667
1475,0,15,-0.135896,0.064910,1.172054,49.166667
1475,0,17,-0.237868,0.020464,1.162910,49.166667
1475,0,18,-0.189036,0.018452,1.172756,49.166667
1475,0,19,-0.140472,0.016578,1.183291,49.166667
1475,0,21,-0.242206,-0.027618,1.174859,49.166667
1475,0,22,-0.193450,-0.029594,1.185026,49.166667
1475,0,23,-0.144649,-0.031467,1.195102,49.166667
1480,0,0,-0.268734,0.210226,1.101962,49.333333
1480,0,1,-0.219721,0.208170,1.110475,49.333333
1480,0,2,-0.171136,0.207226,1.121527,49.333333
1480,0,3,-0.122967,0.207203,1.133117,49.333333
1480,0,4,-0.272730,0.162551,1.116765,49.333333
1480,0,5,-0.223674,0.161554,1.126285,49.333333
1480,0,6,-0.175461,0.160383,1.137085,49.333333
1480,0,7,-0.126427,0.159231,1.146917,49.333333
1480,0,8,-0.276754,0.115589,1.131658,49.333333
1480,0,9,-0.228373,0.114584,1.142135,49.333333
1480,0,10,-0.179762,0.113854,1.153630,49.333333
1480,0,11,-0.130986,0.112411,1.163357,49.333333
1480,0,12,-0.280852,0.068581,1.147373,49.333333
1480,0,13,-0.232605,0.067520,1.157606,49.333333
1480,0,14,-0.184025,0.066623,1.168119,49.333333
1480,0,15,-0.135093,0.065594,1.178628,49.333333
1480,0,17,-0.236564,0.020505,1.172837,49.333333
1480,0,18,-0.188285,0.019523,1.183444,49.333333
1480,0,19,-0.139573,0.018560,1.194230,49.333333
1480,0,21,-0.240792,-0.025545,1.189497,49.333333
1480,0,22,-0.192457,-0.027122,1.198936,49.333333
1480,0,23,-0.143681,-0.028755,1.208868,49.333333
1485,0,0,-0.268864,0.210355,1.104202,49.500000
1485,0,1,-0.220124,0.208361,1.112951,49.500000
1485,0,2,-0.171084,0.206443,1.122363,49.500000
1485,0,3,-0.122841,0.206005,1.134621,49.500000
1485,0,4,-0.273523,0.163048,1.119631,49.500000
1485,0,5,-0.224579,0.161126,1.129099,49.500000
1485,0,6,-0.176321,0.160614,1.140267,49.500000
1485,0,7,-0.126810,0.158450,1.148742,49.500000
1485,0,8,-0.277760,0.116191,1.135962,49.500000
1485,0,9,-0.229044,0.114289,1.145036,49.500000
1485,0,10,-0.180625,0.113467,1.156638,49.500000
1485,0,11,-0.132120,0.112023,1.167077,49.500000
1485,0,12,-0.282540,0.069328,1.151501,49.500000
1485,0,13,-0.233993,0.067998,1.162597,49.500000
1485,0,14,-0.185265,0.066195,1.172260,49.500000
1485,0,15,-0.136923,0.065153,1.183234,49.500000
1485,0,17,-0.238850,0.021263,1.178049,49.500000
1485,0,18,-0.190167,0.019657,1.188679,49.500000
1485,0,19,-0.141470,0.018028,1.198303,49.500000
1485,0,21,-0.243272,-0.025259,1.194455,49.500000
1485,0,22,-0.194797,-0.027155,1.204239,49.500000
1485,0,23,-0.146048,-0.029069,1.213876,49.500000
1490,0,0,-0.264181,0.214224,1.110607,49.666667
1490,0,1,-0.214846,0.212584,1.116339,49.666667
1490,0,2,-0.166469,0.210800,1.124348,49.666667
1490,0,3,-0.116479,0.209244,1.133543,49.666667
1490,0,4,-0.268259,0.166960,1.125393,49.666667
1490,0,5,-0.218745,0.163788,1.130846,49.666667
1490,0,6,-0.169086,0.162623,1.139139,49.666667
1490,0,7,-0.120318,0.161379,1.148181,49.666667
1490,0,8,-0.272681,0.118835,1.138651,49.666667
1490,0,11,-0.124186,0.113729,1.162103,49.666667
1490,0,12,-0.275115,0.071412,1.154531,49.666667
1490,0,15,-0.129965,0.066950,1.177097,49.666667
1490,0,17,-0.230604,0.021801,1.175584,49.666667
1490,0,18,-0.183287,0.021864,1.186183,49.666667
1490,0,19,-0.133623,0.019706,1.192340,49.666667
1490,0,21,-0.235543,-0.025668,1.189004,49.666667
1490,0,22,-0.185494,-0.027532,1.197733,49.666667
1490,0,23,-0.137550,-0.028172,1.206847,49.666667
1495,0,0,-0.240870,0.222194,1.118209,49.833333
1495,0,1,-0.191543,0.218158,1.113633,49.833333
1495,0,2,-0.142138,0.214469,1.111880,49.833333
1495,0,3,-0.092390,0.210693,1.111120,49.833333
1495,0,4,-0.244333,0.173672,1.128142,49.833333
1495,0,5,-0.194657,0.170642,1.127190,49.833333
1495,0,6,-0.145230,0.165690,1.123744,49.833333
1495,0,7,-0.096171,0.162271,1.122352,49.833333
1495,0,8,-0.247016,0.125298,1.139988,49.833333
1495,0,9,-0.198367,0.121665,1.136489,49.833333
1495,0,10,-0.148727,0.117462,1.135113,49.833333
1495,0,11,-0.099100,0.114035,1.134144,49.833333
1495,0,12,-0.250220,0.076550,1.150261,49.833333
1495,0,13,-0.200895,0.073729,1.150227,49.833333
1495,0,14,-0.151753,0.069151,1.146733,49.833333
1495,0,15,-0.102600,0.066082,1.146086,49.833333
1495,0,16,-0.253693,0.027308,1.159474,49.833333
1495,0,17,-0.204288,0.024474,1.159654,49.833333
1495,0,18,-0.155394,0.020457,1.156658,49.833333
1495,0,19,-0.105661,0.016831,1.154895,49.833333
1495,0,20,-0.256519,-0.020249,1.172264,49.833333
1495,0,21,-0.207618,-0.023530,1.171470,49.833333
1495,0,22,-0.158518,-0.027861,1.168436,49.833333
1495,0,23,-0.109074,-0.031163,1.167074,49.833333
1500,0,0,-0.237981,0.223079,1.127645,50.000000
1500,0,1,-0.188915,0.218658,1.120636,50.000000
1500,0,2,-0.139798,0.215437,1.118520,50.000000
1500,0,3,-0.090135,0.212036,1.114721,50.000000
1500,0,4,-0.240530,0.174334,1.137485,50.000000
1500,0,5,-0.191464,0.170419,1.132927,50.000000
1500,0,6,-0.142351,0.167253,1.130475,50.000000
1500,0,7,-0.093510,0.163478,1.127382,50.000000
1500,0,8,-0.243065,0.126666,1.150539,50.000000
1500,0,9,-0.193815,0.121780,1.145081,50.000000
1500,0,10,-0.144858,0.118738,1.141852,50.000000
1500,0,11,-0.095801,0.115185,1.138554,50.000000
1500,0,12,-0.245824,0.077386,1.160188,50.000000
1500,0,13,-0.196916,0.074133,1.157300,50.000000
1500,0,14,-0.147930,0.070188,1.152112,50.000000
1500,0,15,-0.098622,0.066317,1.148916,50.000000
1500,0,16,-0.248740,0.029138,1.171341,50.000000
1500,0,17,-0.199740,0.025685,1.168109,50.000000
1500,0,18,-0.150651,0.021664,1.164457,50.000000
1500,0,19,-0.101541,0.017935,1.160478,50.000000
1500,0,20,-0.251791,-0.018715,1.183558,50.000000
1500,0,21,-0.202601,-0.022735,1.179665,50.000000
1500,0,22,-0.153506,-0.026676,1.175337,50.000000
1500,0,23,-0.104373,-0.030781,1.171042,50.000000
1505,0,0,-0.238854,0.217830,1.129699,50.166667
1505,0,1,-0.189935,0.213910,1.122811,50.166667
1505,0,2,-0.139904,0.211556,1.119406,50.166667
1505,0,3,-0.090790,0.209319,1.118487,50.166667
1505,0,4,-0.240743,0.168836,1.140618,50.166667
1505,0,5,-0.191670,0.165899,1.135554,50.166667
1505,0,6,-0.142583,0.162855,1.131162,50.166667
1505,0,7,-0.093028,0.160541,1.129349,50.166667
1505,0,8,-0.242621,0.120493,1.152094,50.166667
1505,0,9,-0.193735,0.117435,1.146980,50.166667
1505,0,10,-0.144342,0.114811,1.144742,50.166667
1505,0,11,-0.094812,0.111862,1.140995,50.166667
1505,0,12,-0.244628,0.072025,1.163954,50.166667
1505,0,13,-0.195696,0.068813,1.159137,50.166667
1505,0,14,-0.146473,0.066083,1.155171,50.166667
1505,0,15,-0.096957,0.063963,1.153971,50.166667
1505,0,16,-0.246558,0.024023,1.176016,50.166667
1505,0,17,-0.197174,0.020417,1.171457,50.166667
1505,0,18,-0.148202,0.017888,1.167939,50.166667
1505,0,19,-0.099307,0.014621,1.162394,50.166667
1505,0,20,-0.248641,-0.024714,1.185820,50.166667
1505,0,21,-0.199378,-0.027403,1.183786,50.166667
1505,0,22,-0.150426,-0.030737,1.178978,50.166667
1505,0,23,-0.101000,-0.033997,1.174872,50.166667
1510,0,0,-0.239799,0.216656,1.127523,50.333333
1510,0,1,-0.190759,0.212906,1.122354,50.333333
1510,0,2,-0.141769,0.211452,1.123206,50.333333
1510,0,3,-0.091738,0.208564,1.121811,50.333333
1510,0,4,-0.243778,0.167377,1.135673,50.333333
1510,0,5,-0.192918,0.164258,1.133792,50.333333
1510,0,6,-0.143715,0.162285,1.132803,50.333333
1510,0,7,-0.093862,0.160038,1.132256,50.333333
1510,0,8,-0.245688,0.119438,1.148426,50.333333
1510,0,9,-0.194957,0.116396,1.147702,50.333333
1510,0,10,-0.145715,0.113564,1.145133,50.333333
1510,0,11,-0.096426,0.111345,1.143183,50.333333
1510,0,12,-0.247635,0.071110,1.160475,50.333333
1510,0,13,-0.198699,0.067640,1.156953,50.333333
1510,0,14,-0.147917,0.065186,1.156419,50.333333
1510,0,15,-0.098045,0.062670,1.154825,50.333333
1510,0,16,-0.250064,0.021935,1.170256,50.333333
1510,0,17,-0.200785,0.019095,1.168170,50.333333
1510,0,18,-0.150019,0.016831,1.168520,50.333333
1510,0,19,-0.100325,0.013622,1.165958,50.333333
1510,0,20,-0.252613,-0.027447,1.179498,50.333333
1510,0,21,-0.203163,-0.029513,1.178910,50.333333
1510,0,22,-0.152242,-0.031638,1.179499,50.333333
1510,0,23,-0.102512,-0.035281,1.174924,50.333333
1515,0,0,-0.250140,0.224566,1.123488,50.500000
1515,0,1,-0.200036,0.220484,1.124859,50.500000
1515,0,2,-0.151106,0.217366,1.129233,50.500000
1515,0,3,-0.101381,0.214294,1.132850,50.500000
1515,0,4,-0.254316,0.175954,1.134065,50.500000
1515,0,5,-0.204582,0.171989,1.136108,50.500000
1515,0,6,-0.154828,0.168734,1.140177,50.500000
1515,0,7,-0.104374,0.165396,1.143721,50.500000
1515,0,8,-0.258498,0.127372,1.145285,50.500000
1515,0,9,-0.208825,0.123653,1.147711,50.500000
1515,0,10,-0.158827,0.120468,1.151997,50.500000
1515,0,11,-0.109149,0.117074,1.155654,50.500000
1515,0,12,-0.262684,0.078765,1.155940,50.500000
1515,0,13,-0.212795,0.075486,1.160168,50.500000
1515,0,14,-0.162944,0.071888,1.163288,50.500000
1515,0,15,-0.113202,0.068403,1.166572,50.500000
1515,0,16,-0.266713,0.030471,1.168159,50.500000
1515,0,17,-0.217258,0.027058,1.171362,50.500000
1515,0,18,-0.167216,0.023277,1.174437,50.500000
1515,0,19,-0.117592,0.019861,1.177580,50.500000
1515,0,20,-0.270712,-0.018677,1.177557,50.500000
1515,0,21,-0.221626,-0.021074,1.183992,50.500000
1515,0,22,-0.171391,-0.025261,1.185262,50.500000
1515,0,23,-0.121300,-0.028673,1.188962,50.500000
1520,0,0,-0.261487,0.220137,1.113678,50.666667
1520,0,1,-0.211967,0.217012,1.119380,50.666667
1520,0,2,-0.162396,0.214351,1.127148,50.666667
1520,0,3,-0.113569,0.212715,1.136771,50.666667
1520,0,4,-0.265575,0.171185,1.122970,50.666667
1520,0,5,-0.215853,0.168405,1.129744,50.666667
1520,0,6,-0.166201,0.165813,1.138508,50.666667
1520,0,7,-0.117162,0.163702,1.146944,50.666667
1520,0,8,-0.269544,0.122420,1.132756,50.666667
1520,0,9,-0.219919,0.119716,1.139727,50.666667
1520,0,10,-0.170927,0.117382,1.148770,50.666667
1520,0,12,-0.273229,0.073505,1.142499,50.666667
1520,0,13,-0.224368,0.071157,1.150604,50.666667
1520,0,14,-0.174764,0.068387,1.158147,50.666667
1520,0,16,-0.277666,0.024605,1.152301,50.666667
1520,0,17,-0.228481,0.022283,1.160175,50.666667
1520,0,18,-0.178974,0.019863,1.168622,50.666667
1520,0,19,-0.129269,0.016893,1.175284,50.666667
1520,0,20,-0.281345,-0.024552,1.160922,50.666667
1520,0,21,-0.232237,-0.026580,1.170531,50.666667
1520,0,22,-0.183080,-0.028945,1.177918,50.666667
1520,0,23,-0.133657,-0.031825,1.185155,50.666667
1525,0,0,-0.280015,0.212636,1.098318,50.833333
1525,0,1,-0.232078,0.210004,1.108882,50.833333
1525,0,2,-0.183634,0.206972,1.121920,50.833333
1525,0,3,-0.135070,0.204341,1.135363,50.833333
1525,0,4,-0.284761,0.163116,1.105902,50.833333
1525,0,5,-0.236291,0.160695,1.117413,50.833333
1525,0,6,-0.188496,0.158497,1.130843,50.833333
1525,0,7,-0.139873,0.155492,1.143312,50.833333
1525,0,8,-0.289639,0.114453,1.114606,50.833333
1525,0,9,-0.241626,0.111916,1.126701,50.833333
1525,0,10,-0.193137,0.109181,1.139635,50.833333
1525,0,11,-0.144315,0.106203,1.152208,50.833333
1525,0,12,-0.294190,0.065228,1.122275,50.833333
1525,0,13,-0.246135,0.062405,1.135017,50.833333
1525,0,14,-0.198447,0.060642,1.148631,50.833333
1525,0,15,-0.149299,0.057450,1.160541,50.833333
1525,0,17,-0.250925,0.013733,1.143443,50.833333
1525,0,18,-0.202568,0.011287,1.156782,50.833333
1525,0,19,-0.154103,0.008119,1.168067,50.833333
1525,0,21,-0.255685,-0.035089,1.152296,50.833333
1525,0,22,-0.208338,-0.037540,1.163514,50.833333
1525,0,23,-0.160357,-0.041333,1.174434,50.833333
1530,0,0,-0.283266,0.211442,1.094662,51.000000
1530,0,1,-0.234923,0.208536,1.106388,51.000000
1530,0,2,-0.187009,0.205882,1.119894,51.000000
1530,0,3,-0.139576,0.203855,1.134959,51.000000
1530,0,4,-0.288289,0.162623,1.102862,51.000000
1530,0,5,-0.239866,0.159618,1.115202,51.000000
1530,0,6,-0.192275,0.157763,1.129508,51.000000
1530,0,7,-0.144911,0.155042,1.144404,51.000000
1530,0,8,-0.292641,0.113813,1.111478,51.000000
1530,0,9,-0.244896,0.110829,1.123934,51.000000
1530,0,10,-0.197042,0.108612,1.138396,51.000000
1530,0,11,-0.149355,0.106009,1.151609,51.000000
1530,0,12,-0.297774,0.064538,1.119569,51.000000
1530,0,13,-0.249901,0.062182,1.133308,51.000000
1530,0,14,-0.201916,0.059270,1.145848,51.000000
1530,0,15,-0.153946,0.056973,1.159802,51.000000
1530,0,17,-0.255078,0.013271,1.141233,51.000000
1530,0,18,-0.207260,0.010177,1.154274,51.000000
1530,0,19,-0.158990,0.007722,1.167611,51.000000
1530,0,21,-0.259852,-0.035769,1.149412,51.000000
1530,0,22,-0.211995,-0.038701,1.162165,51.000000
1530,0,23,-0.163851,-0.041273,1.175505,51.000000
1535,0,0,-0.282873,0.213363,1.093200,51.166667
1535,0,1,-0.234679,0.210733,1.106087,51.166667
1535,0,2,-0.186006,0.207128,1.117360,51.166667
1535,0,3,-0.139187,0.205536,1.134106,51.166667
1535,0,4,-0.288094,0.164998,1.102510,51.166667
1535,0,5,-0.239493,0.161635,1.114104,51.166667
1535,0,6,-0.191827,0.159072,1.128054,51.166667
1535,0,7,-0.144481,0.156489,1.143004,51.166667
1535,0,8,-0.292791,0.115663,1.110188,51.166667
1535,0,9,-0.244750,0.112830,1.122686,51.166667
1535,0,10,-0.197252,0.110024,1.136849,51.166667
1535,0,11,-0.149134,0.107373,1.150334,51.166667
1535,0,12,-0.298022,0.067146,1.118609,51.166667
1535,0,13,-0.250234,0.064100,1.132412,51.166667
1535,0,14,-0.202234,0.061425,1.145579,51.166667
1535,0,15,-0.154370,0.058473,1.158889,51.166667
1535,0,17,-0.255076,0.014978,1.139760,51.166667
1535,0,18,-0.207419,0.012529,1.153774,51.166667
1535,0,19,-0.159378,0.009619,1.166522,51.166667
1535,0,21,-0.260157,-0.033306,1.148851,51.166667
1535,0,22,-0.212422,-0.036468,1.161674,51.166667
1535,0,23,-0.164440,-0.039327,1.175247,51.166667
1540,0,2,-0.184981,0.209378,1.116507,51.333333
1540,0,3,-0.137657,0.205980,1.131219,51.333333
1540,0,4,-0.286240,0.166077,1.098517,51.333333
1540,0,5,-0.238020,0.162753,1.110678,51.333333
1540,0,6,-0.190374,0.159872,1.124327,51.333333
1540,0,7,-0.142208,0.156473,1.137233,51.333333
1540,0,8,-0.291317,0.117165,1.106793,51.333333
1540,0,9,-0.243371,0.113679,1.119312,51.333333
1540,0,10,-0.196201,0.110901,1.133997,51.333333
1540,0,11,-0.148091,0.108073,1.147251,51.333333
1540,0,12,-0.296681,0.068234,1.114814,51.333333
1540,0,13,-0.249334,0.065278,1.128948,51.333333
1540,0,14,-0.201390,0.062325,1.142211,51.333333
1540,0,15,-0.153472,0.059445,1.156240,51.333333
1540,0,17,-0.254510,0.016751,1.137462,51.333333
1540,0,18,-0.206711,0.013306,1.150378,51.333333
1540,0,19,-0.158684,0.010251,1.163601,51.333333
1540,0,21,-0.259618,-0.032126,1.145428,51.333333
1540,0,22,-0.211893,-0.035521,1.158669,51.333333
1540,0,23,-0.164272,-0.038569,1.172074,51.333333
1545,0,2,-0.167751,0.207415,1.103574,51.500000
1545,0,6,-0.173313,0.158572,1.112705,51.500000
1545,0,11,-0.131144,0.106700,1.135751,51.500000
1545,0,12,-0.278727,0.064455,1.098460,51.500000
1545,0,15,-0.137027,0.057547,1.142779,51.500000
1545,0,16,-0.283913,0.014426,1.105063,51.500000
1545,0,17,-0.238264,0.014166,1.122051,51.500000
1545,0,18,-0.189495,0.010536,1.135213,51.500000
1545,0,19,-0.142206,0.008602,1.150568,51.500000
1545,0,22,-0.194556,-0.038444,1.142788,51.500000
1545,0,23,-0.147562,-0.040251,1.159111,51.500000
1550,0,20,-0.257693,-0.028994,1.092436,51.666667
1555,0,0,-0.205983,0.214646,1.039693,51.833333
1555,0,3,-0.070247,0.207917,1.099694,51.833333
1555,0,7,-0.077851,0.158548,1.107131,51.833333
1555,0,11,-0.079761,0.108487,1.113432,51.833333
1555,0,12,-0.223745,0.066979,1.059092,51.833333
1555,0,15,-0.087700,0.059702,1.119905,51.833333
1555,0,16,-0.229256,0.018219,1.067144,51.833333
1555,0,17,-0.182862,0.014782,1.086231,51.833333
1555,0,18,-0.138919,0.013172,1.106919,51.833333
1555,0,19,-0.092314,0.010068,1.126132,51.833333
1555,0,20,-0.235506,-0.030998,1.073582,51.833333
1555,0,21,-0.190117,-0.033609,1.093881,51.833333
1555,0,22,-0.142708,-0.037719,1.111679,51.833333
1555,0,23,-0.097368,-0.038891,1.131587,51.833333
1560,0,0,-0.189573,0.211329,1.021282,52.000000
1560,0,1,-0.143651,0.209489,1.041893,52.000000
1560,0,2,-0.099470,0.208082,1.065880,52.000000
1560,0,3,-0.055955,0.205859,1.088303,52.000000
1560,0,6,-0.104739,0.158041,1.070512,52.000000
1560,0,7,-0.060748,0.156048,1.094041,52.000000
1560,0,10,-0.110262,0.108508,1.076767,52.000000
1560,0,11,-0.065649,0.106604,1.099522,52.000000
1560,0,12,-0.203017,0.063157,1.038884,52.000000
1560,0,13,-0.159746,0.061561,1.060594,52.000000
1560,0,14,-0.115201,0.059567,1.082987,52.000000
1560,0,15,-0.070611,0.057428,1.105359,52.000000
1560,0,16,-0.209583,0.014795,1.045475,52.000000
1560,0,17,-0.165101,0.012382,1.066901,52.000000
1560,0,18,-0.120418,0.010117,1.088794,52.000000
1560,0,19,-0.075918,0.007887,1.110490,52.000000
1560,0,20,-0.214947,-0.035009,1.050271,52.000000
1560,0,21,-0.170172,-0.037080,1.072611,52.000000
1560,0,22,-0.125852,-0.038953,1.094742,52.000000
1560,0,23,-0.081232,-0.041428,1.117242,52.000000
1565,0,0,-0.186612,0.215318,1.019449,52.166667
1565,0,1,-0.141523,0.212698,1.040517,52.166667
1565,0,2,-0.097434,0.210615,1.064068,52.166667
1565,0,3,-0.053839,0.207834,1.088017,52.166667
1565,0,6,-0.102750,0.161151,1.069750,52.166667
1565,0,7,-0.058861,0.158994,1.093442,52.166667
1565,0,10,-0.108056,0.111625,1.075942,52.166667
1565,0,11,-0.063877,0.109058,1.098479,52.166667
1565,0,12,-0.201957,0.066599,1.035892,52.166667
1565,0,13,-0.157330,0.064438,1.058713,52.166667
1565,0,14,-0.113346,0.062439,1.081654,52.166667
1565,0,15,-0.069198,0.059743,1.104325,52.166667
1565,0,16,-0.206972,0.017045,1.041829,52.166667
1565,0,17,-0.162635,0.014787,1.064221,52.166667
1565,0,18,-0.118796,0.012551,1.087752,52.166667
1565,0,19,-0.074000,0.010430,1.109740,52.166667
1565,0,20,-0.212397,-0.032623,1.046887,52.166667
1565,0,21,-0.167708,-0.034497,1.070435,52.166667
1565,0,22,-0.123431,-0.036971,1.092396,52.166667
1565,0,23,-0.078953,-0.038983,1.115287,52.166667
1570,0,0,-0.190207,0.213578,1.017178,52.333333
1570,0,1,-0.144881,0.211724,1.039108,52.333333
1570,0,2,-0.101233,0.209762,1.062536,52.333333
1570,0,3,-0.057828,0.207848,1.086885,52.333333
1570,0,4,-0.194725,0.164434,1.022910,52.333333
1570,0,5,-0.149767,0.162132,1.044752,52.333333
1570,0,6,-0.106245,0.160239,1.068541,52.333333
1570,0,7,-0.062718,0.158212,1.091874,52.333333
1570,0,8,-0.199888,0.114852,1.028616,52.333333
1570,0,9,-0.155327,0.113018,1.050983,52.333333
1570,0,10,-0.111233,0.110975,1.074391,52.333333
1570,0,11,-0.067361,0.108791,1.097569,52.333333
1570,0,12,-0.204739,0.065359,1.034198,52.333333
1570,0,13,-0.160411,0.063244,1.056977,52.333333
1570,0,14,-0.116142,0.061384,1.079801,52.333333
1570,0,15,-0.072243,0.059332,1.103289,52.333333
1570,0,16,-0.209856,0.015820,1.039857,52.333333
1570,0,17,-0.165326,0.013830,1.062884,52.333333
1570,0,18,-0.120724,0.011829,1.085050,52.333333
1570,0,19,-0.077059,0.010075,1.108454,52.333333
1570,0,20,-0.214508,-0.033725,1.044898,52.333333
1570,0,21,-0.170295,-0.035404,1.068862,52.333333
1570,0,22,-0.126029,-0.037548,1.091215,52.333333
1570,0,23,-0.081678,-0.039532,1.113896,52.333333
1575,0,0,-0.194488,0.213855,1.021008,52.500000
1575,0,1,-0.147794,0.211292,1.040420,52.500000
1575,0,2,-0.104762,0.210079,1.065897,52.500000
1575,0,3,-0.060836,0.208449,1.088377,52.500000
1575,0,6,-0.108816,0.160084,1.069839,52.500000
1575,0,7,-0.065288,0.159024,1.095029,52.500000
1575,0,10,-0.114707,0.110877,1.077268,52.500000
1575,0,11,-0.070160,0.109259,1.099506,52.500000
1575,0,12,-0.207571,0.065067,1.036443,52.500000
1575,0,13,-0.163692,0.063056,1.059875,52.500000
1575,0,14,-0.118930,0.061352,1.081932,52.500000
1575,0,15,-0.075614,0.059598,1.106660,52.500000
1575,0,16,-0.212757,0.014952,1.041778,52.500000
1575,0,17,-0.167856,0.013382,1.064393,52.500000
1575,0,18,-0.123942,0.011718,1.088183,52.500000
1575,0,19,-0.079562,0.010005,1.110535,52.500000
1575,0,20,-0.217305,-0.034357,1.047008,52.500000
1575,0,21,-0.173250,-0.036207,1.070583,52.500000
1575,0,22,-0.128570,-0.037979,1.092797,52.500000
1575,0,23,-0.084526,-0.039728,1.116497,52.500000
1580,0,0,-0.195799,0.213901,1.022682,52.666667
1580,0,1,-0.150085,0.211718,1.043088,52.666667
1580,0,2,-0.105905,0.210424,1.066125,52.666667
1580,0,3,-0.062426,0.208581,1.089496,52.666667
1580,0,4,-0.200352,0.164295,1.028300,52.666667
1580,0,5,-0.155191,0.162174,1.049411,52.666667
1580,0,6,-0.110887,0.160666,1.071813,52.666667
1580,0,7,-0.067103,0.159138,1.095807,52.666667
1580,0,8,-0.204843,0.114172,1.033322,52.666667
1580,0,9,-0.159735,0.112585,1.055334,52.666667
1580,0,10,-0.115645,0.110913,1.077957,52.666667
1580,0,11,-0.071315,0.109359,1.100314,52.666667
1580,0,12,-0.209465,0.064787,1.039479,52.666667
1580,0,13,-0.164876,0.063173,1.061638,52.666667
1580,0,14,-0.120137,0.061371,1.083341,52.666667
1580,0,15,-0.075983,0.059346,1.105634,52.666667
1580,0,16,-0.214074,0.014947,1.044834,52.666667
1580,0,17,-0.169251,0.013381,1.066790,52.666667
1580,0,18,-0.124953,0.011664,1.089108,52.666667
1580,0,19,-0.080403,0.009967,1.111048,52.666667
1580,0,20,-0.218697,-0.034580,1.050203,52.666667
1580,0,21,-0.174035,-0.036201,1.072627,52.666667
1580,0,22,-0.129540,-0.037702,1.094710,52.666667
1580,0,23,-0.085121,-0.039663,1.116356,52.666667
1585,0,0,-0.195346,0.218563,1.038663,52.833333
1585,0,1,-0.148547,0.216003,1.055097,52.833333
1585,0,2,-0.102171,0.213495,1.074070,52.833333
1585,0,3,-0.056354,0.210405,1.093102,52.833333
1585,0,4,-0.199594,0.168630,1.042419,52.833333
1585,0,5,-0.152718,0.165881,1.059539,52.833333
1585,0,6,-0.106621,0.163729,1.078584,52.833333
1585,0,7,-0.060399,0.161495,1.098100,52.833333
1585,0,8,-0.204011,0.118872,1.047144,52.833333
1585,0,9,-0.157046,0.116253,1.064216,52.833333
1585,0,10,-0.111277,0.113791,1.083631,52.833333
1585,0,11,-0.065105,0.111932,1.102376,52.833333
1585,0,12,-0.208292,0.069473,1.051779,52.833333
1585,0,13,-0.161633,0.067005,1.070175,52.833333
1585,0,14,-0.115427,0.064303,1.088704,52.833333
1585,0,15,-0.069262,0.062579,1.109086,52.833333
1585,0,16,-0.212350,0.019875,1.056897,52.833333
1585,0,17,-0.166018,0.016966,1.074143,52.833333
1585,0,18,-0.120179,0.014535,1.093656,52.833333
1585,0,19,-0.073737,0.012351,1.111448,52.833333
1585,0,20,-0.217054,-0.030328,1.060529,52.833333
1585,0,21,-0.170623,-0.032819,1.079559,52.833333
1585,0,22,-0.123951,-0.035595,1.097039,52.833333
1585,0,23,-0.077629,-0.038257,1.114196,52.833333
1590,0,2,-0.100119,0.215559,1.096520,53.000000
1590,0,3,-0.052413,0.210921,1.109684,53.000000
1590,0,5,-0.152431,0.169355,1.082654,53.000000
1590,0,6,-0.104670,0.165647,1.095606,53.000000
1590,0,7,-0.056467,0.160876,1.108175,53.000000
1590,0,8,-0.205568,0.123702,1.070195,53.000000
1590,0,9,-0.156945,0.119485,1.081493,53.000000
1590,0,10,-0.109285,0.115398,1.095566,53.000000
1590,0,11,-0.060799,0.111364,1.106965,53.000000
1590,0,12,-0.209608,0.073428,1.068355,53.000000
1590,0,13,-0.161060,0.069446,1.080413,53.000000
1590,0,14,-0.113036,0.065546,1.093329,53.000000
1590,0,15,-0.064585,0.061353,1.105939,53.000000
1590,0,16,-0.213648,0.023585,1.068093,53.000000
1590,0,17,-0.165474,0.019511,1.079562,53.000000
1590,0,18,-0.116964,0.015659,1.092580,53.000000
1590,0,19,-0.068890,0.011261,1.103907,53.000000
1590,0,20,-0.217707,-0.026644,1.065809,53.000000
1590,0,21,-0.169262,-0.030193,1.079193,53.000000
1590,0,22,-0.121244,-0.034313,1.090879,53.000000
1590,0,23,-0.072642,-0.038386,1.102720,53.000000
1595,0,2,-0.102208,0.211173,1.102344,53.166667
1595,0,3,-0.053495,0.206851,1.113186,53.166667
1595,0,4,-0.204376,0.171416,1.083598,53.166667
1595,0,5,-0.155016,0.166762,1.089970,53.166667
1595,0,6,-0.105961,0.162094,1.098161,53.166667
1595,0,7,-0.057154,0.157315,1.107164,53.166667
1595,0,8,-0.207677,0.121949,1.078118,53.166667
1595,0,9,-0.158733,0.117396,1.084023,53.166667
1595,0,10,-0.109574,0.112610,1.093165,53.166667
1595,0,11,-0.060983,0.107719,1.101369,53.166667
1595,0,12,-0.211809,0.072344,1.072151,53.166667
1595,0,13,-0.162639,0.067662,1.080026,53.166667
1595,0,14,-0.113537,0.062991,1.087854,53.166667
1595,0,15,-0.064764,0.058450,1.096772,53.166667
1595,0,16,-0.215406,0.022605,1.067210,53.166667
1595,0,17,-0.166392,0.018127,1.074507,53.166667
1595,0,18,-0.117268,0.013525,1.083165,53.166667
1595,0,19,-0.068451,0.008834,1.090625,53.166667
1595,0,20,-0.219094,-0.027078,1.061350,53.166667
1595,0,21,-0.170177,-0.031606,1.069832,53.166667
1600,0,0,-0.203942,0.220079,1.095068,53.333333
1600,0,1,-0.153881,0.216661,1.098964,53.333333
1600,0,2,-0.105379,0.213546,1.106909,53.333333
1600,0,3,-0.055927,0.209729,1.112163,53.333333
1600,0,4,-0.206368,0.170787,1.086572,53.333333
1600,0,5,-0.157441,0.167755,1.092262,53.333333
1600,0,6,-0.107501,0.164071,1.097499,53.333333
1600,0,7,-0.058745,0.160563,1.105918,53.333333
1600,0,8,-0.208828,0.121946,1.079053,53.333333
1600,0,9,-0.159159,0.118215,1.083645,53.333333
1600,0,10,-0.110875,0.115083,1.091260,53.333333
1600,0,11,-0.060496,0.111425,1.096255,53.333333
1600,0,12,-0.211589,0.072458,1.070297,53.333333
1600,0,13,-0.162187,0.069606,1.076614,53.333333
1600,0,14,-0.112589,0.065938,1.081691,53.333333
1600,0,15,-0.063854,0.062573,1.088926,53.333333
1600,0,16,-0.214548,0.023614,1.062699,53.333333
1600,0,17,-0.164992,0.020349,1.068073,53.333333
1600,0,18,-0.115779,0.016899,1.074628,53.333333
1600,0,19,-0.065985,0.013452,1.079230,53.333333
1600,0,20,-0.217189,-0.025630,1.054580,53.333333
1600,0,21,-0.167724,-0.028806,1.060508,53.333333
1600,0,22,-0.118176,-0.032112,1.065330,53.333333
1600,0,23,-0.069143,-0.035784,1.071730,53.333333
1605,0,2,-0.104719,0.209918,1.101168,53.500000
1605,0,3,-0.056192,0.206653,1.112379,53.500000
1605,0,4,-0.207188,0.169324,1.086945,53.500000
1605,0,5,-0.158607,0.165174,1.091320,53.500000
1605,0,6,-0.108639,0.161681,1.097694,53.500000
1605,0,7,-0.059789,0.157375,1.106233,53.500000
1605,0,8,-0.209682,0.120299,1.080203,53.500000
1605,0,9,-0.160764,0.116297,1.085193,53.500000
1605,0,10,-0.112457,0.112617,1.094559,53.500000
1605,0,11,-0.062326,0.108552,1.099214,53.500000
1605,0,12,-0.213182,0.070771,1.073397,53.500000
1605,0,13,-0.164463,0.067110,1.080449,53.500000
1605,0,14,-0.114607,0.063136,1.085938,53.500000
1605,0,15,-0.066189,0.059374,1.094179,53.500000
1605,0,16,-0.216279,0.021248,1.067240,53.500000
1605,0,17,-0.166962,0.017681,1.073044,53.500000
1605,0,18,-0.118034,0.013927,1.080388,53.500000
1605,0,19,-0.068312,0.010155,1.086512,53.500000
1605,0,20,-0.219493,-0.027940,1.060690,53.500000
1605,0,21,-0.170315,-0.031950,1.067153,53.500000
1605,0,22,-0.120791,-0.035126,1.073593,53.500000
1605,0,23,-0.070855,-0.039306,1.078164,53.500000
1610,0,0,-0.204759,0.221938,1.092809,53.666667
1610,0,1,-0.155362,0.218115,1.097657,53.666667
1610,0,2,-0.105784,0.214289,1.105266,53.666667
1610,0,3,-0.057198,0.209825,1.113045,53.666667
1610,0,4,-0.208009,0.172108,1.086049,53.666667
1610,0,5,-0.158415,0.168596,1.092620,53.666667
1610,0,6,-0.109656,0.164894,1.099650,53.666667
1610,0,7,-0.060897,0.160515,1.108940,53.666667
1610,0,8,-0.211208,0.122362,1.080266,53.666667
1610,0,9,-0.161732,0.119028,1.086885,53.666667
1610,0,10,-0.112816,0.114961,1.094757,53.666667
1610,0,11,-0.063522,0.111020,1.101413,53.666667
1610,0,12,-0.214190,0.073138,1.075537,53.666667
1610,0,13,-0.165058,0.069298,1.081590,53.666667
1610,0,14,-0.115892,0.065654,1.088717,53.666667
1610,0,15,-0.066512,0.061801,1.096635,53.666667
1610,0,16,-0.217627,0.023674,1.069625,53.666667
1610,0,17,-0.168286,0.020037,1.076345,53.666667
1610,0,18,-0.118903,0.016208,1.083878,53.666667
1610,0,19,-0.069890,0.012172,1.089874,53.666667
1610,0,20,-0.220764,-0.025889,1.063762,53.666667
1610,0,21,-0.171197,-0.029203,1.071723,53.666667
1610,0,22,-0.122141,-0.033566,1.076993,53.666667
1610,0,23,-0.072853,-0.037536,1.083350,53.666667
1615,0,0,-0.205267,0.221247,1.089160,53.833333
1615,0,1,-0.155543,0.217450,1.095017,53.833333
1615,0,2,-0.106426,0.213468,1.103422,53.833333
1615,0,3,-0.057871,0.209257,1.112085,53.833333
1615,0,4,-0.208912,0.172204,1.086605,53.833333
1615,0,5,-0.159278,0.168047,1.092370,53.833333
1615,0,6,-0.110327,0.163792,1.100029,53.833333
1615,0,7,-0.061598,0.159530,1.109224,53.833333
1615,0,8,-0.212261,0.122704,1.082937,53.833333
1615,0,9,-0.163160,0.118462,1.089525,53.833333
1615,0,10,-0.113899,0.114174,1.097419,53.833333
1615,0,11,-0.064990,0.109996,1.105046,53.833333
1615,0,12,-0.216328,0.072925,1.079196,53.833333
1615,0,13,-0.167019,0.068855,1.086903,53.833333
1615,0,14,-0.117753,0.064600,1.093949,53.833333
1615,0,15,-0.067916,0.060616,1.100365,53.833333
1615,0,16,-0.220154,0.023021,1.075696,53.833333
1615,0,17,-0.170872,0.019205,1.083006,53.833333
1615,0,18,-0.121606,0.014824,1.090436,53.833333
1615,0,19,-0.072191,0.010477,1.096934,53.833333
1615,0,20,-0.224022,-0.026367,1.071946,53.833333
1615,0,21,-0.174633,-0.030709,1.079513,53.833333
1615,0,22,-0.125483,-0.034846,1.086431,53.833333
1615,0,23,-0.076055,-0.039110,1.093528,53.833333
1620,0,0,-0.206367,0.217376,1.089301,54.000000
1620,0,1,-0.156669,0.214021,1.095903,54.000000
1620,0,2,-0.107878,0.209925,1.106069,54.000000
1620,0,3,-0.058963,0.205461,1.114542,54.000000
1620,0,4,-0.209875,0.167366,1.088719,54.000000
1620,0,5,-0.161211,0.164147,1.096847,54.000000
1620,0,6,-0.111792,0.159652,1.105261,54.000000
1620,0,7,-0.063462,0.155504,1.115639,54.000000
1620,0,8,-0.214243,0.118119,1.089315,54.000000
1620,0,9,-0.165105,0.114259,1.096254,54.000000
1620,0,10,-0.116234,0.110208,1.106436,54.000000
1620,0,11,-0.066856,0.106342,1.115056,54.000000
1620,0,12,-0.218476,0.068354,1.088301,54.000000
1620,0,13,-0.169345,0.064147,1.096936,54.000000
1620,0,14,-0.120007,0.060125,1.105595,54.000000
1620,0,15,-0.071444,0.056440,1.116072,54.000000
1620,0,16,-0.222790,0.018334,1.088424,54.000000
1620,0,17,-0.173436,0.014253,1.096584,54.000000
1620,0,18,-0.123836,0.010036,1.103629,54.000000
1620,0,19,-0.075035,0.006304,1.113465,54.000000
1620,0,20,-0.226907,-0.031817,1.087322,54.000000
1620,0,21,-0.177662,-0.035504,1.097128,54.000000
1625,0,0,-0.207738,0.209955,1.078988,54.166667
1625,0,1,-0.158123,0.205646,1.087134,54.166667
1625,0,2,-0.109994,0.201306,1.098128,54.166667
1625,0,3,-0.061714,0.196768,1.108315,54.166667
1625,0,4,-0.212571,0.160540,1.082719,54.166667
1625,0,5,-0.163657,0.156295,1.092115,54.166667
1625,0,6,-0.115091,0.151318,1.101423,54.166667
1625,0,7,-0.066397,0.146538,1.110244,54.166667
1625,0,8,-0.217838,0.111274,1.087011,54.166667
1625,0,9,-0.169054,0.106724,1.095513,54.166667
1625,0,10,-0.121135,0.102399,1.107159,54.166667
1625,0,11,-0.072173,0.097362,1.115537,54.166667
1625,0,12,-0.222975,0.061695,1.090213,54.166667
1625,0,13,-0.174286,0.057621,1.100530,54.166667
1625,0,14,-0.126177,0.053050,1.109359,54.166667
1625,0,15,-0.077114,0.048053,1.118225,54.166667
1625,0,16,-0.228344,0.012689,1.094015,54.166667
1625,0,17,-0.179798,0.008022,1.103299,54.166667
1625,0,18,-0.131505,0.003887,1.114817,54.166667
1625,0,19,-0.082493,-0.001704,1.121330,54.166667
1625,0,20,-0.233777,-0.036461,1.097858,54.166667
1625,0,21,-0.185327,-0.041549,1.107371,54.166667
1630,0,0,-0.205932,0.208505,1.073636,54.333333
1630,0,1,-0.157209,0.203713,1.084598,54.333333
1630,0,2,-0.109517,0.199515,1.098522,54.333333
1630,0,3,-0.061291,0.195191,1.111022,54.333333
1630,0,4,-0.213194,0.160580,1.084232,54.333333
1630,0,5,-0.164104,0.155344,1.094918,54.333333
1630,0,6,-0.116089,0.150756,1.107393,54.333333
1630,0,7,-0.069091,0.146321,1.121272,54.333333
1630,0,8,-0.219972,0.111848,1.093605,54.333333
1630,0,9,-0.171487,0.107222,1.105231,54.333333
1630,0,10,-0.123540,0.102466,1.117841,54.333333
1630,0,11,-0.075587,0.098072,1.130532,54.333333
1630,0,12,-0.227168,0.063971,1.103981,54.333333
1630,0,13,-0.178639,0.059017,1.115794,54.333333
1630,0,14,-0.130679,0.054400,1.127956,54.333333
1630,0,15,-0.082596,0.050002,1.141029,54.333333
1630,0,16,-0.234189,0.015549,1.113971,54.333333
1630,0,17,-0.185941,0.010574,1.125893,54.333333
1630,0,18,-0.138002,0.006224,1.138544,54.333333
1630,0,19,-0.089750,0.001234,1.149384,54.333333
1630,0,20,-0.241157,-0.032856,1.122905,54.333333
1630,0,21,-0.193264,-0.037907,1.135214,54.333333
1630,0,22,-0.144745,-0.042672,1.146923,54.333333
1630,0,23,-0.096598,-0.047069,1.158661,54.333333
1635,0,0,-0.206164,0.210632,1.067645,54.500000
1635,0,1,-0.157920,0.205552,1.079040,54.500000
1635,0,2,-0.110606,0.201455,1.094262,54.500000
1635,0,3,-0.063106,0.197040,1.108574,54.500000
1635,0,4,-0.214521,0.163304,1.081364,54.500000
1635,0,5,-0.166893,0.158422,1.094896,54.500000
1635,0,6,-0.118932,0.153872,1.107570,54.500000
1635,0,7,-0.070887,0.149412,1.121001,54.500000
1635,0,8,-0.222800,0.115689,1.094794,54.500000
1635,0,9,-0.174635,0.110852,1.107892,54.500000
1635,0,10,-0.127372,0.107154,1.123358,54.500000
1635,0,11,-0.079580,0.102382,1.135991,54.500000
1635,0,12,-0.230980,0.068724,1.109029,54.500000
1635,0,13,-0.183328,0.064127,1.123033,54.500000
1635,0,14,-0.135698,0.059726,1.136094,54.500000
1635,0,15,-0.088195,0.054842,1.149824,54.500000
1635,0,16,-0.239227,0.021342,1.122620,54.500000
1635,0,17,-0.191807,0.016951,1.136229,54.500000
1635,0,18,-0.144021,0.012092,1.149684,54.500000
1635,0,19,-0.096287,0.007181,1.162774,54.500000
1635,0,20,-0.247904,-0.025723,1.135926,54.500000
1635,0,21,-0.199816,-0.030205,1.150142,54.500000
1635,0,22,-0.152476,-0.034907,1.163353,54.500000
1635,0,23,-0.104368,-0.039737,1.176832,54.500000
1640,0,0,-0.205519,0.216543,1.066165,54.666667
1640,0,1,-0.157578,0.211567,1.078782,54.666667
1640,0,2,-0.109887,0.206581,1.092987,54.666667
1640,0,3,-0.062678,0.202877,1.108501,54.666667
1640,0,4,-0.214626,0.170034,1.081609,54.666667
1640,0,5,-0.166637,0.164691,1.094730,54.666667
1640,0,6,-0.119054,0.159939,1.108977,54.666667
1640,0,7,-0.072306,0.155535,1.124020,54.666667
1640,0,8,-0.223913,0.123291,1.097121,54.666667
1640,0,9,-0.176190,0.118823,1.111145,54.666667
1640,0,10,-0.128778,0.113427,1.124736,54.666667
1640,0,11,-0.080900,0.109504,1.140271,54.666667
1640,0,12,-0.233268,0.077594,1.113572,54.666667
1640,0,13,-0.185177,0.072341,1.127258,54.666667
1640,0,14,-0.137669,0.067323,1.141050,54.666667
1640,0,15,-0.090091,0.062373,1.154800,54.666667
1640,0,16,-0.242094,0.030615,1.128678,54.666667
1640,0,17,-0.194473,0.025659,1.142345,54.666667
1640,0,18,-0.146943,0.020732,1.156711,54.666667
1640,0,19,-0.099221,0.015881,1.170236,54.666667
1640,0,20,-0.251325,-0.015863,1.143723,54.666667
1640,0,21,-0.203627,-0.020511,1.158485,54.666667
1640,0,22,-0.156081,-0.025711,1.171953,54.666667
1640,0,23,-0.108360,-0.030880,1.185399,54.666667
1645,0,0,-0.204876,0.219107,1.065180,54.833333
1645,0,1,-0.156852,0.213542,1.077581,54.833333
1645,0,2,-0.109557,0.207266,1.090771,54.833333
1645,0,3,-0.062177,0.203909,1.107034,54.833333
1645,0,4,-0.214833,0.173334,1.081794,54.833333
1645,0,5,-0.166752,0.166420,1.093030,54.833333
1645,0,6,-0.119159,0.161556,1.107865,54.833333
1645,0,7,-0.072181,0.157457,1.124558,54.833333
1645,0,8,-0.224416,0.126896,1.097949,54.833333
1645,0,9,-0.176712,0.121078,1.110828,54.833333
1645,0,10,-0.129273,0.116047,1.125692,54.833333
1645,0,11,-0.081892,0.110926,1.139340,54.833333
1645,0,12,-0.234310,0.080871,1.114357,54.833333
1645,0,13,-0.186650,0.075473,1.128373,54.833333
1645,0,14,-0.139383,0.070238,1.142275,54.833333
1645,0,15,-0.091591,0.064360,1.155311,54.833333
1645,0,16,-0.244080,0.034974,1.131117,54.833333
1645,0,17,-0.196658,0.029297,1.144261,54.833333
1645,0,18,-0.149066,0.023810,1.158156,54.833333
1645,0,19,-0.101391,0.018233,1.171736,54.833333
1645,0,20,-0.254284,-0.011002,1.146831,54.833333
1645,0,21,-0.206576,-0.016829,1.160786,54.833333
1645,0,22,-0.158916,-0.022358,1.173985,54.833333
1645,0,23,-0.111065,-0.027734,1.187872,54.833333
1650,0,0,-0.204608,0.219805,1.064916,55.000000
1650,0,1,-0.156563,0.213364,1.077205,55.000000
1650,0,2,-0.109084,0.208235,1.091796,55.000000
1650,0,3,-0.061992,0.203225,1.106651,55.000000
1650,0,4,-0.214963,0.173995,1.081927,55.000000
1650,0,5,-0.166882,0.167741,1.094885,55.000000
1650,0,6,-0.119500,0.162500,1.109350,55.000000
1650,0,7,-0.072571,0.157959,1.125493,55.000000
1650,0,8,-0.225064,0.127845,1.098775,55.000000
1650,0,9,-0.177354,0.122440,1.112648,55.000000
1650,0,10,-0.129805,0.117152,1.127429,55.000000
1650,0,11,-0.082379,0.111802,1.141772,55.000000
1650,0,12,-0.235306,0.082583,1.116535,55.000000
1650,0,13,-0.187637,0.077092,1.130900,55.000000
1650,0,14,-0.140197,0.071412,1.144627,55.000000
1650,0,15,-0.092500,0.066330,1.159672,55.000000
1650,0,16,-0.245718,0.036609,1.133290,55.000000
1650,0,17,-0.197928,0.031142,1.147383,55.000000
1650,0,18,-0.150701,0.025744,1.161970,55.000000
1650,0,19,-0.103183,0.020234,1.175806,55.000000
1650,0,20,-0.255777,-0.009149,1.149593,55.000000
1650,0,21,-0.208405,-0.014400,1.164730,55.000000
1650,0,22,-0.160802,-0.020285,1.178070,55.000000
1650,0,23,-0.113121,-0.025671,1.192491,55.000000
1655,0,0,-0.203998,0.219075,1.063267,55.166667
1655,0,1,-0.155576,0.212990,1.075653,55.166667
1655,0,2,-0.107970,0.207279,1.089798,55.166667
1655,0,3,-0.061024,0.202221,1.104658,55.166667
1655,0,4,-0.213928,0.173522,1.080391,55.166667
1655,0,5,-0.166021,0.166804,1.092732,55.166667
1655,0,6,-0.118624,0.161489,1.106985,55.166667
1655,0,7,-0.070912,0.156145,1.121445,55.166667
1655,0,8,-0.224261,0.126628,1.095533,55.166667
1655,0,9,-0.176480,0.121068,1.109525,55.166667
1655,0,10,-0.129159,0.115308,1.123540,55.166667
1655,0,11,-0.081585,0.110315,1.138626,55.166667
1655,0,12,-0.234585,0.081494,1.113206,55.166667
1655,0,13,-0.186539,0.075514,1.126929,55.166667
1655,0,14,-0.139398,0.069798,1.140863,55.166667
1655,0,15,-0.092044,0.063700,1.154449,55.166667
1655,0,16,-0.244636,0.035383,1.129553,55.166667
1655,0,17,-0.197294,0.029719,1.143717,55.166667
1655,0,18,-0.149565,0.023909,1.157806,55.166667
1655,0,19,-0.102238,0.017848,1.171026,55.166667
1655,0,20,-0.255101,-0.010471,1.145993,55.166667
1655,0,21,-0.207564,-0.016290,1.160326,55.166667
1655,0,22,-0.160058,-0.022150,1.173487,55.166667
1655,0,23,-0.112370,-0.028146,1.187484,55.166667
1660,0,0,-0.202373,0.219493,1.061498,55.333333
1660,0,1,-0.154078,0.213050,1.073653,55.333333
1660,0,2,-0.106684,0.207502,1.087780,55.333333
1660,0,3,-0.059557,0.202714,1.102818,55.333333
1660,0,4,-0.212607,0.173895,1.078219,55.333333
1660,0,5,-0.164347,0.167203,1.090904,55.333333
1660,0,6,-0.116861,0.161871,1.104787,55.333333
1660,0,7,-0.069181,0.156559,1.119076,55.333333
1660,0,8,-0.222471,0.127065,1.093680,55.333333
1660,0,9,-0.174593,0.121215,1.106778,55.333333
1660,0,10,-0.126853,0.116146,1.122098,55.333333
1660,0,11,-0.079754,0.110142,1.135397,55.333333
1660,0,12,-0.232697,0.081395,1.110409,55.333333
1660,0,13,-0.184787,0.075578,1.124379,55.333333
1660,0,14,-0.137411,0.069240,1.136966,55.333333
1660,0,15,-0.090483,0.063285,1.150721,55.333333
1660,0,16,-0.242563,0.035276,1.126532,55.333333
1660,0,17,-0.195274,0.029376,1.140042,55.333333
1660,0,18,-0.147746,0.023422,1.153820,55.333333
1660,0,19,-0.100157,0.017594,1.167078,55.333333
1660,0,20,-0.252907,-0.010876,1.141885,55.333333
1660,0,21,-0.205324,-0.016510,1.156772,55.333333
1660,0,22,-0.157931,-0.022587,1.169523,55.333333
1660,0,23,-0.110205,-0.028319,1.183341,55.333333
1665,0,0,-0.201148,0.219982,1.061021,55.500000
1665,0,1,-0.152880,0.213525,1.071979,55.500000
1665,0,2,-0.105498,0.208295,1.086829,55.500000
1665,0,3,-0.058065,0.203003,1.100017,55.500000
1665,0,4,-0.210549,0.172980,1.074463,55.500000
1665,0,5,-0.162053,0.166623,1.086239,55.500000
1665,0,6,-0.114985,0.161397,1.100352,55.500000
1665,0,7,-0.068006,0.156086,1.115079,55.500000
1665,0,8,-0.219801,0.125615,1.088192,55.500000
1665,0,9,-0.171879,0.119892,1.100801,55.500000
1665,0,10,-0.124757,0.114251,1.114473,55.500000
1665,0,11,-0.077008,0.109004,1.127836,55.500000
1665,0,12,-0.229229,0.079528,1.103051,55.500000
1665,0,13,-0.181317,0.073517,1.115934,55.500000
1665,0,14,-0.134003,0.067861,1.129164,55.500000
1665,0,15,-0.086289,0.062184,1.142176,55.500000
1665,0,16,-0.238458,0.032837,1.117614,55.500000
1665,0,17,-0.191044,0.027169,1.130434,55.500000
1665,0,18,-0.143550,0.021214,1.143487,55.500000
1665,0,19,-0.095837,0.015973,1.157114,55.500000
1665,0,20,-0.247951,-0.014061,1.131479,55.500000
1665,0,21,-0.200638,-0.019730,1.144585,55.500000
1665,0,22,-0.153002,-0.024816,1.158035,55.500000
1665,0,23,-0.104930,-0.030753,1.171588,55.500000
1670,0,0,-0.200067,0.220178,1.061857,55.666667
1670,0,1,-0.151565,0.214235,1.072606,55.666667
1670,0,2,-0.103340,0.208331,1.083945,55.666667
1670,0,3,-0.056184,0.203850,1.098667,55.666667
1670,0,4,-0.208483,0.172492,1.074247,55.666667
1670,0,5,-0.160150,0.166504,1.085463,55.666667
1670,0,6,-0.112362,0.161541,1.099009,55.666667
1670,0,7,-0.064648,0.156172,1.111315,55.666667
1670,0,8,-0.216885,0.125004,1.087425,55.666667
1670,0,9,-0.168853,0.119270,1.099070,55.666667
1670,0,10,-0.121054,0.114083,1.112544,55.666667
1670,0,11,-0.073254,0.108809,1.124956,55.666667
1670,0,12,-0.225631,0.077110,1.099490,55.666667
1670,0,13,-0.177567,0.072033,1.112731,55.666667
1670,0,14,-0.129846,0.066735,1.125300,55.666667
1670,0,15,-0.082367,0.061164,1.138491,55.666667
1670,0,16,-0.234192,0.029793,1.112751,55.666667
1670,0,17,-0.186219,0.024435,1.125015,55.666667
1670,0,18,-0.138576,0.019117,1.137878,55.666667
1670,0,19,-0.090400,0.013449,1.149866,55.666667
1670,0,20,-0.242893,-0.017463,1.125313,55.666667
1670,0,21,-0.194804,-0.022737,1.138863,55.666667
1670,0,22,-0.147105,-0.028145,1.150665,55.666667
1670,0,23,-0.099190,-0.033951,1.163030,55.666667
1675,0,0,-0.200939,0.218472,1.060152,55.833333
1675,0,1,-0.152540,0.212629,1.071257,55.833333
1675,0,2,-0.104506,0.207570,1.083992,55.833333
1675,0,3,-0.057508,0.203627,1.099359,55.833333
1675,0,4,-0.209669,0.171296,1.073438,55.833333
1675,0,5,-0.160805,0.165278,1.084462,55.833333
1675,0,6,-0.113423,0.160561,1.098103,55.833333
1675,0,7,-0.065222,0.155531,1.111087,55.833333
1675,0,8,-0.217644,0.123750,1.086855,55.833333
1675,0,9,-0.169788,0.118223,1.098333,55.833333
1675,0,10,-0.121686,0.113366,1.112086,55.833333
1675,0,11,-0.074159,0.107933,1.124578,55.833333
1675,0,12,-0.226310,0.076204,1.099530,55.833333
1675,0,13,-0.178184,0.070848,1.111874,55.833333
1675,0,14,-0.130600,0.065786,1.124559,55.833333
1675,0,15,-0.082491,0.060521,1.137246,55.833333
1675,0,16,-0.234800,0.028589,1.112199,55.833333
1675,0,17,-0.187036,0.023478,1.124700,55.833333
1675,0,18,-0.138872,0.018264,1.137636,55.833333
1675,0,19,-0.091288,0.013018,1.150376,55.833333
1675,0,20,-0.243306,-0.018915,1.124347,55.833333
1675,0,21,-0.195330,-0.023839,1.138275,55.833333
1675,0,22,-0.147559,-0.029332,1.150514,55.833333
1675,0,23,-0.099677,-0.034622,1.162927,55.833333
1680,0,0,-0.199971,0.217057,1.059403,56.000000
1680,0,1,-0.151590,0.211696,1.070585,56.000000
1680,0,2,-0.103511,0.206127,1.083063,56.000000
1680,0,3,-0.056036,0.201426,1.098065,56.000000
1680,0,4,-0.208615,0.169947,1.072640,56.000000
1680,0,5,-0.159911,0.164379,1.084711,56.000000
1680,0,6,-0.112439,0.159298,1.097674,56.000000
1680,0,7,-0.064159,0.154669,1.111319,56.000000
1680,0,8,-0.216761,0.122338,1.086003,56.000000
1680,0,9,-0.168865,0.116897,1.097934,56.000000
1680,0,10,-0.120960,0.112341,1.112416,56.000000
1680,0,11,-0.073370,0.106869,1.124672,56.000000
1680,0,12,-0.225779,0.075012,1.098904,56.000000
1680,0,13,-0.177754,0.069398,1.111365,56.000000
1680,0,14,-0.129944,0.064699,1.124731,56.000000
1680,0,15,-0.081694,0.059617,1.138126,56.000000
1680,0,16,-0.234200,0.027338,1.111393,56.000000
1680,0,17,-0.186222,0.022146,1.124623,56.000000
1680,0,18,-0.138289,0.017224,1.138140,56.000000
1680,0,19,-0.090615,0.011750,1.150586,56.000000
1680,0,20,-0.242964,-0.019795,1.124677,56.000000
1680,0,21,-0.194895,-0.024966,1.138572,56.000000
1680,0,22,-0.146972,-0.030610,1.150351,56.000000
1680,0,23,-0.099211,-0.036007,1.163200,56.000000
1685,0,0,-0.199466,0.214055,1.056828,56.166667
1685,0,1,-0.151202,0.208867,1.068188,56.166667
1685,0,2,-0.103464,0.204413,1.082680,56.166667
1685,0,3,-0.055915,0.199299,1.095993,56.166667
1685,0,4,-0.207952,0.166930,1.069949,56.166667
1685,0,5,-0.159655,0.161022,1.081231,56.166667
1685,0,6,-0.112173,0.157201,1.095754,56.166667
1685,0,7,-0.064755,0.152510,1.110317,56.166667
1685,0,8,-0.216365,0.119698,1.084171,56.166667
1685,0,9,-0.168381,0.114563,1.096461,56.166667
1685,0,10,-0.120748,0.109949,1.110051,56.166667
1685,0,11,-0.073578,0.105961,1.124488,56.166667
1685,0,12,-0.224997,0.072764,1.098166,56.166667
1685,0,13,-0.177203,0.067947,1.111432,56.166667
1685,0,14,-0.129494,0.062962,1.124036,56.166667
1685,0,15,-0.081728,0.057930,1.137216,56.166667
1685,0,16,-0.233571,0.025714,1.111611,56.166667
1685,0,17,-0.185967,0.020957,1.124992,56.166667
1685,0,18,-0.138199,0.016302,1.138873,56.166667
1685,0,19,-0.090663,0.011455,1.151607,56.166667
1685,0,20,-0.242327,-0.021204,1.125456,56.166667
1685,0,21,-0.194344,-0.025820,1.139481,56.166667
1685,0,22,-0.146923,-0.030630,1.152185,56.166667
1685,0,23,-0.098897,-0.035982,1.165548,56.166667
1690,0,0,-0.199922,0.210412,1.058457,56.333333
1690,0,1,-0.151385,0.204215,1.068809,56.333333
1690,0,2,-0.104095,0.200564,1.084068,56.333333
1690,0,3,-0.056265,0.195405,1.096954,56.333333
1690,0,4,-0.208678,0.163682,1.072823,56.333333
1690,0,5,-0.160091,0.158059,1.084547,56.333333
1690,0,6,-0.112767,0.153076,1.097737,56.333333
1690,0,7,-0.065408,0.148732,1.112064,56.333333
1690,0,8,-0.217301,0.116220,1.086831,56.333333
1690,0,9,-0.169151,0.110971,1.098996,56.333333
1690,0,10,-0.121846,0.106299,1.112825,56.333333
1690,0,11,-0.073650,0.101607,1.126437,56.333333
1690,0,12,-0.225670,0.069562,1.101474,56.333333
1690,0,13,-0.178013,0.064290,1.114092,56.333333
1690,0,14,-0.130312,0.059775,1.127628,56.333333
1690,0,15,-0.082714,0.054656,1.141013,56.333333
1690,0,16,-0.234564,0.022606,1.116015,56.333333
1690,0,17,-0.186859,0.017841,1.129091,56.333333
1690,0,18,-0.139080,0.013017,1.142864,56.333333
1690,0,19,-0.091306,0.007648,1.154536,56.333333
1690,0,20,-0.243408,-0.023858,1.130432,56.333333
1690,0,21,-0.195660,-0.029388,1.143197,56.333333
1690,0,22,-0.147813,-0.033936,1.156372,56.333333
1690,0,23,-0.099902,-0.039215,1.169125,56.333333
1695,0,2,-0.082265,0.191358,1.089885,56.500000
1695,0,6,-0.091907,0.143823,1.102025,56.500000
1695,0,11,-0.052193,0.089055,1.122600,56.500000
1695,0,12,-0.206919,0.061877,1.109391,56.500000
1695,0,16,-0.215534,0.013787,1.120026,56.500000
1715,0,2,0.054560,0.220220,1.042351,57.166667
1720,0,12,-0.021466,0.095259,1.084217,57.333333
1720,0,15,0.135799,0.090737,1.076036,57.333333
1720,0,19,0.135739,0.045364,1.097042,57.333333
1720,0,22,0.085653,-0.001818,1.113329,57.333333
1720,0,23,0.135471,-0.003118,1.109265,57.333333
1725,0,2,0.103579,0.229494,1.002862,57.500000
1725,0,3,0.151726,0.228155,1.005057,57.500000
1725,0,6,0.100706,0.185736,1.029276,57.500000
1725,0,7,0.151631,0.184317,1.028756,57.500000
1725,0,11,0.149702,0.138565,1.048865,57.500000
1725,0,12,-0.000804,0.096511,1.073319,57.500000
1725,0,15,0.149604,0.093359,1.071787,57.500000
1725,0,16,-0.000833,0.050976,1.095352,57.500000
1725,0,17,0.048808,0.049183,1.093557,57.500000
1725,0,18,0.098752,0.049361,1.096854,57.500000
1725,0,19,0.148594,0.048704,1.095307,57.500000
1725,0,20,-0.001897,0.005514,1.116637,57.500000
1725,0,21,0.048667,0.005084,1.115440,57.500000
1725,0,22,0.097795,0.003258,1.115476,57.500000
1725,0,23,0.147808,0.002318,1.113973,57.500000
1730,0,2,0.113473,0.236063,0.992976,57.666667
1730,0,3,0.162456,0.233743,0.993381,57.666667
1730,0,4,0.011031,0.195338,1.014091,57.666667
1730,0,5,0.060926,0.193099,1.014127,57.666667
1730,0,6,0.110433,0.190976,1.014287,57.666667
1730,0,7,0.160197,0.188162,1.013777,57.666667
1730,0,8,0.008957,0.151453,1.037389,57.666667
1730,0,9,0.058336,0.149359,1.037411,57.666667
1730,0,10,0.108335,0.146019,1.036483,57.666667
1730,0,11,0.157865,0.144588,1.037924,57.666667
1730,0,12,0.005980,0.107151,1.059801,57.666667
1730,0,13,0.056527,0.104693,1.060173,57.666667
1730,0,14,0.105927,0.101331,1.059045,57.666667
1730,0,15,0.155425,0.099075,1.059674,57.666667
1730,0,16,0.003086,0.060472,1.079480,57.666667
1730,0,17,0.053629,0.059633,1.081967,57.666667
1730,0,18,0.103649,0.057146,1.081953,57.666667
1730,0,19,0.152970,0.053743,1.080798,57.666667
1730,0,20,0.001314,0.017488,1.104025,57.666667
1730,0,21,0.050925,0.014456,1.103519,57.666667
1730,0,22,0.101035,0.012002,1.103714,57.666667
1730,0,23,0.150910,0.009640,1.104295,57.666667
1735,0,0,0.015862,0.241293,0.997581,57.833333
1735,0,1,0.065423,0.237543,0.993546,57.833333
1735,0,2,0.115635,0.235057,0.992428,57.833333
1735,0,3,0.165487,0.233992,0.996250,57.833333
1735,0,4,0.013673,0.195502,1.016983,57.833333
1735,0,5,0.063745,0.193734,1.018698,57.833333
1735,0,6,0.113310,0.191118,1.017562,57.833333
1735,0,7,0.163287,0.189042,1.017369,57.833333
1735,0,8,0.011952,0.151717,1.041353,57.833333
1735,0,9,0.061344,0.148194,1.038795,57.833333
1735,0,10,0.111180,0.146767,1.041446,57.833333
1735,0,11,0.160800,0.143929,1.038707,57.833333
1735,0,12,0.009047,0.106722,1.062259,57.833333
1735,0,13,0.059097,0.103798,1.062075,57.833333
1735,0,14,0.109074,0.101247,1.061746,57.833333
1735,0,15,0.159457,0.099417,1.061756,57.833333
1735,0,16,0.007382,0.061683,1.084589,57.833333
1735,0,17,0.056881,0.059312,1.084068,57.833333
1735,0,18,0.106662,0.056226,1.083875,57.833333
1735,0,19,0.156354,0.053902,1.082011,57.833333
1735,0,22,0.104459,0.011779,1.105523,57.833333
1735,0,23,0.155533,0.009798,1.106724,57.833333
1740,0,3,0.168314,0.229824,1.027517,58.000000
1740,0,7,0.166976,0.182684,1.043871,58.000000
1740,0,11,0.164740,0.134350,1.057216,58.000000
1740,0,12,0.015903,0.095661,1.086540,58.000000
1740,0,15,0.164096,0.086470,1.071166,58.000000
1740,0,17,0.062069,0.042729,1.094723,58.000000
1740,0,18,0.112999,0.038918,1.089012,58.000000
1740,0,19,0.161752,0.038047,1.087031,58.000000
1740,0,21,0.061164,-0.003058,1.112605,58.000000
1770,0,0,0.212219,0.228285,1.132205,59.000000
1770,0,1,0.255950,0.231966,1.108202,59.000000
1770,0,2,0.301384,0.235814,1.087671,59.000000
1770,0,3,0.347574,0.239917,1.069427,59.000000
1770,0,4,0.215110,0.178298,1.128535,59.000000
1770,0,5,0.259577,0.182446,1.106735,59.000000
1770,0,6,0.304780,0.186114,1.086255,59.000000
1770,0,7,0.350495,0.190293,1.066295,59.000000
1770,0,8,0.217886,0.128888,1.127143,59.000000
1770,0,9,0.262607,0.132401,1.104302,59.000000
1770,0,10,0.307689,0.136343,1.083609,59.000000
1770,0,11,0.353461,0.140315,1.063574,59.000000
1770,0,12,0.220176,0.078900,1.123767,59.000000
1770,0,13,0.265270,0.082657,1.102629,59.000000
1770,0,14,0.311134,0.086746,1.082039,59.000000
1770,0,15,0.356309,0.090712,1.061539,59.000000
1770,0,16,0.222961,0.028604,1.122019,59.000000
1770,0,17,0.268609,0.033131,1.100774,59.000000
1770,0,18,0.313444,0.036781,1.078821,59.000000
1770,0,19,0.359048,0.040940,1.058397,59.000000
1770,0,20,0.226347,-0.020792,1.119609,59.000000
1770,0,21,0.271574,-0.016654,1.098261,59.000000
1770,0,22,0.316791,-0.012964,1.076748,59.000000
1770,0,23,0.361613,-0.008928,1.055020,59.000000
1775,0,0,0.216497,0.229935,1.133313,59.166667
1775,0,1,0.259985,0.234009,1.109231,59.166667
1775,0,2,0.305977,0.237508,1.089756,59.166667
1775,0,3,0.352029,0.241997,1.070708,59.166667
1775,0,4,0.218984,0.179862,1.129119,59.166667
1775,0,5,0.264200,0.184217,1.107319,59.166667
1775,0,8,0.222498,0.130114,1.127446,59.166667
1775,0,9,0.267361,0.134386,1.105440,59.166667
1775,0,12,0.225804,0.080335,1.124697,59.166667
1775,0,13,0.271238,0.084650,1.104524,59.166667
1775,0,14,0.316499,0.088943,1.083060,59.166667
1775,0,15,0.362053,0.093035,1.062991,59.166667
1775,0,16,0.229534,0.030918,1.123697,59.166667
1775,0,17,0.274742,0.034620,1.101822,59.166667
1775,0,18,0.320147,0.039303,1.081778,59.166667
1775,0,19,0.365371,0.043156,1.060145,59.166667
1775,0,20,0.232487,-0.018889,1.120609,59.166667
1775,0,21,0.277980,-0.014833,1.099848,59.166667
1775,0,22,0.323198,-0.010760,1.078050,59.166667
1775,0,23,0.368309,-0.006553,1.058045,59.166667
1780,0,0,0.215286,0.230946,1.132762,59.333333
1780,0,1,0.259966,0.234976,1.110315,59.333333
1780,0,2,0.305039,0.239098,1.090245,59.333333
1780,0,3,0.350686,0.243276,1.071243,59.333333
1780,0,4,0.218065,0.181193,1.129260,59.333333
1780,0,5,0.262765,0.184939,1.107437,59.333333
1780,0,6,0.308170,0.189454,1.087701,59.333333
1780,0,7,0.354761,0.193630,1.069241,59.333333
1780,0,8,0.221224,0.131270,1.127234,59.333333
1780,0,9,0.266639,0.135293,1.106107,59.333333
1780,0,10,0.312170,0.139852,1.086171,59.333333
1780,0,11,0.357852,0.143847,1.066162,59.333333
1780,0,12,0.224895,0.081683,1.125687,59.333333
1780,0,13,0.270322,0.086218,1.105210,59.333333
1780,0,14,0.315272,0.089991,1.083708,59.333333
1780,0,15,0.360490,0.093727,1.063055,59.333333
1780,0,16,0.227915,0.032059,1.124080,59.333333
1780,0,17,0.273187,0.036066,1.102302,59.333333
1780,0,18,0.318301,0.040063,1.080982,59.333333
1780,0,19,0.363615,0.044247,1.060181,59.333333
1780,0,20,0.231352,-0.017766,1.121361,59.333333
1780,0,21,0.276449,-0.013827,1.099563,59.333333
1780,0,22,0.321724,-0.009719,1.078643,59.333333
1780,0,23,0.366543,-0.005662,1.057548,59.333333
1785,0,0,0.213289,0.230801,1.131381,59.500000
1785,0,1,0.257855,0.234305,1.108259,59.500000
1785,0,2,0.302778,0.238621,1.088464,59.500000
1785,0,3,0.348648,0.242546,1.069003,59.500000
1785,0,4,0.216021,0.180926,1.128351,59.500000
1785,0,5,0.260377,0.184924,1.105273,59.500000
1785,0,6,0.306899,0.188841,1.086312,59.500000
1785,0,7,0.351741,0.193119,1.065660,59.500000
1785,0,8,0.219281,0.131304,1.127053,59.500000
1785,0,9,0.263584,0.135419,1.104117,59.500000
1785,0,10,0.309607,0.139365,1.084687,59.500000
1785,0,11,0.354539,0.143433,1.063279,59.500000
1785,0,12,0.222811,0.081467,1.124481,59.500000
1785,0,13,0.267283,0.085439,1.103061,59.500000
1785,0,14,0.313136,0.089616,1.081916,59.500000
1785,0,15,0.357745,0.093612,1.060721,59.500000
1785,0,16,0.226112,0.032351,1.123765,59.500000
1785,0,17,0.270808,0.035807,1.100773,59.500000
1785,0,18,0.315938,0.040081,1.079386,59.500000
1785,0,19,0.360927,0.043946,1.057818,59.500000
1785,0,20,0.228605,-0.017898,1.119686,59.500000
1785,0,21,0.274163,-0.013883,1.099380,59.500000
1785,0,22,0.319151,-0.009947,1.076666,59.500000
1785,0,23,0.363649,-0.005880,1.054497,59.500000
1790,0,0,0.216625,0.227632,1.130573,59.666667
1790,0,1,0.261818,0.232081,1.106705,59.666667
1790,0,2,0.306524,0.237641,1.086529,59.666667
1790,0,3,0.351788,0.241952,1.066609,59.666667
1790,0,6,0.309958,0.187792,1.083713,59.666667
1790,0,7,0.355055,0.192120,1.063339,59.666667
1790,0,11,0.358356,0.142930,1.060577,59.666667
1790,0,15,0.361700,0.093538,1.058047,59.666667
1790,0,18,0.319560,0.038911,1.076457,59.666667
1790,0,19,0.365053,0.043563,1.054341,59.666667
1790,0,20,0.232514,-0.019771,1.116686,59.666667
1790,0,21,0.276804,-0.015921,1.092505,59.666667
1790,0,22,0.323133,-0.011242,1.072436,59.666667
1790,0,23,0.367667,-0.006281,1.051366,59.666667
1795,0,16,0.241174,0.021316,1.107013,59.833333
1795,0,17,0.285103,0.026062,1.084569,59.833333
1795,0,18,0.329255,0.030925,1.062194,59.833333
1795,0,19,0.373652,0.036059,1.038246,59.833333
1795,0,20,0.242747,-0.028224,1.101867,59.833333
1795,0,21,0.286953,-0.023770,1.078800,59.833333
1795,0,22,0.331643,-0.018310,1.056107,59.833333
1795,0,23,0.376672,-0.012868,1.033821,59.833333
1800,0,15,0.385983,0.073868,1.037252,60.000000
1800,0,16,0.257232,0.011836,1.103913,60.000000
1800,0,17,0.300602,0.015051,1.080277,60.000000
1800,0,18,0.341602,0.019546,1.052096,60.000000
1800,0,19,0.384342,0.025401,1.026049,60.000000
1800,0,20,0.255247,-0.037620,1.092517,60.000000
1800,0,21,0.299517,-0.032703,1.069146,60.000000
1800,0,22,0.342387,-0.029275,1.043677,60.000000
1800,0,23,0.385479,-0.024227,1.018743,60.000000
1805,0,12,0.279124,0.048359,1.116719,60.166667
1805,0,15,0.404721,0.063819,1.035635,60.166667
1805,0,16,0.272862,-0.000349,1.102008,60.166667
1805,0,17,0.318325,0.005373,1.077016,60.166667
1805,0,18,0.360575,0.010710,1.050283,60.166667
1805,0,19,0.397384,0.017242,1.017627,60.166667
1805,0,20,0.274026,-0.047881,1.091743,60.166667
1805,0,21,0.316203,-0.042349,1.064762,60.166667
1805,0,22,0.354328,-0.036437,1.033091,60.166667
1805,0,23,0.398866,-0.032523,1.009521,60.166667
1810,0,10,0.377121,0.098454,1.073488,60.333333
1810,0,11,0.418246,0.105283,1.046565,60.333333
1810,0,12,0.291539,0.038411,1.111682,60.333333
1810,0,13,0.332792,0.046380,1.085489,60.333333
1810,0,14,0.374306,0.051333,1.056973,60.333333
1810,0,15,0.415006,0.058261,1.029967,60.333333
1810,0,16,0.288010,-0.008104,1.097659,60.333333
1810,0,17,0.328679,-0.001485,1.068636,60.333333
1810,0,18,0.369636,0.004400,1.041220,60.333333
1810,0,19,0.411309,0.011589,1.013215,60.333333
1810,0,20,0.284178,-0.055277,1.079857,60.333333
1810,0,21,0.325536,-0.048356,1.052734,60.333333
1810,0,22,0.366803,-0.042020,1.024138,60.333333
1810,0,23,0.407695,-0.034998,0.996357,60.333333
1815,0,2,0.386284,0.182573,1.103463,60.500000
1815,0,12,0.293337,0.029282,1.107025,60.500000
1815,0,15,0.418068,0.050497,1.027707,60.500000
1815,0,16,0.289565,-0.016555,1.091418,60.500000
1815,0,17,0.331129,-0.009677,1.063954,60.500000
1815,0,18,0.372715,-0.002545,1.036992,60.500000
1815,0,19,0.413978,0.004213,1.009640,60.500000
1815,0,20,0.285306,-0.062831,1.075080,60.500000
1815,0,21,0.326506,-0.056883,1.046415,60.500000
1815,0,22,0.368540,-0.048802,1.020041,60.500000
1815,0,23,0.411033,-0.041884,0.993804,60.500000
1820,0,8,0.294063,0.068439,1.121096,60.666667
1820,0,9,0.334504,0.075611,1.093383,60.666667
1820,0,12,0.289760,0.022197,1.103990,60.666667
1820,0,13,0.331499,0.028969,1.075896,60.666667
1820,0,14,0.373814,0.035643,1.049410,60.666667
1820,0,15,0.414567,0.041745,1.022586,60.666667
1820,0,16,0.285932,-0.024416,1.087087,60.666667
1820,0,17,0.328155,-0.017370,1.059164,60.666667
1820,0,18,0.369344,-0.010434,1.032094,60.666667
1820,0,19,0.410995,-0.003788,1.004354,60.666667
1820,0,20,0.282544,-0.070531,1.068914,60.666667
1820,0,21,0.323864,-0.063527,1.041652,60.666667
1820,0,22,0.365064,-0.056628,1.014666,60.666667
1820,0,23,0.406410,-0.049661,0.986577,60.666667
1825,0,8,0.289810,0.059604,1.114238,60.833333
1825,0,9,0.331488,0.066808,1.086605,60.833333
1825,0,12,0.285238,0.013971,1.096642,60.833333
1825,0,13,0.327372,0.020757,1.069241,60.833333
1825,0,14,0.368698,0.027233,1.042822,60.833333
1825,0,15,0.410009,0.032350,1.015411,60.833333
1825,0,16,0.281562,-0.032156,1.079946,60.833333
1825,0,17,0.323250,-0.025815,1.051825,60.833333
1825,0,18,0.364460,-0.019278,1.025299,60.833333
1825,0,19,0.405396,-0.012701,0.997046,60.833333
1825,0,20,0.277117,-0.078554,1.060410,60.833333
1825,0,21,0.318586,-0.072095,1.035093,60.833333
1825,0,22,0.359517,-0.065422,1.005633,60.833333
1825,0,23,0.400976,-0.058097,0.977945,60.833333
1830,0,8,0.288837,0.054267,1.115816,61.000000
1830,0,9,0.330876,0.060435,1.089018,61.000000
1830,0,12,0.284548,0.007883,1.099265,61.000000
1830,0,13,0.326572,0.014065,1.072701,61.000000
1830,0,14,0.367732,0.020290,1.045876,61.000000
1830,0,15,0.411393,0.025982,1.021081,61.000000
1830,0,16,0.280505,-0.038246,1.083790,61.000000
1830,0,17,0.321339,-0.032441,1.055533,61.000000
1830,0,18,0.364151,-0.026484,1.029898,61.000000
1830,0,19,0.405326,-0.020017,1.001961,61.000000
1830,0,20,0.274870,-0.084783,1.065790,61.000000
1830,0,21,0.317002,-0.078886,1.038363,61.000000
1830,0,22,0.359151,-0.072969,1.010988,61.000000
1830,0,23,0.400322,-0.066872,0.983911,61.000000
1835,0,4,0.291666,0.100845,1.131716,61.166667
1835,0,8,0.287293,0.054423,1.115711,61.166667
1835,0,9,0.328967,0.060832,1.087130,61.166667
1835,0,12,0.282892,0.008273,1.097225,61.166667
1835,0,13,0.323707,0.014152,1.070026,61.166667
1835,0,14,0.366097,0.020391,1.044120,61.166667
1835,0,15,0.408458,0.025941,1.017612,61.166667
1835,0,16,0.277221,-0.038249,1.080727,61.166667
1835,0,17,0.319454,-0.032091,1.053075,61.166667
1835,0,18,0.361575,-0.026138,1.027394,61.166667
1835,0,19,0.403356,-0.020246,0.999423,61.166667
1835,0,20,0.272694,-0.084582,1.063343,61.166667
1835,0,21,0.314488,-0.078485,1.036557,61.166667
1835,0,22,0.355979,-0.072133,1.009111,61.166667
1835,0,23,0.397711,-0.066471,0.981296,61.166667
1840,0,10,0.370720,0.069230,1.058252,61.333333
1840,0,11,0.413206,0.075589,1.031095,61.333333
1840,0,12,0.281959,0.010863,1.094351,61.333333
1840,0,13,0.323753,0.017112,1.067546,61.333333
1840,0,16,0.277747,-0.035165,1.077475,61.333333
1840,0,17,0.319138,-0.028825,1.049281,61.333333
1840,0,20,0.272187,-0.081179,1.059325,61.333333
1840,0,21,0.314492,-0.074690,1.031629,61.333333
1840,0,22,0.355850,-0.068487,1.004590,61.333333
1840,0,23,0.397066,-0.062113,0.976508,61.333333
1845,0,9,0.326762,0.063759,1.082351,61.500000
1845,0,13,0.322592,0.017586,1.066243,61.500000
1845,0,14,0.364780,0.023008,1.039385,61.500000
1845,0,15,0.406811,0.029082,1.013683,61.500000
1845,0,16,0.276391,-0.034906,1.077808,61.500000
1845,0,17,0.317704,-0.029129,1.049581,61.500000
1845,0,18,0.359831,-0.023245,1.022907,61.500000
1845,0,19,0.401771,-0.017156,0.995263,61.500000
1845,0,20,0.271315,-0.081741,1.059414,61.500000
1845,0,21,0.313155,-0.075411,1.032945,61.500000
1845,0,22,0.354769,-0.069273,1.005511,61.500000
1845,0,23,0.396221,-0.063578,0.978030,61.500000
1850,0,12,0.274600,0.009177,1.097870,61.666667
1850,0,13,0.317617,0.015303,1.071874,61.666667
1850,0,14,0.358929,0.020905,1.043732,61.666667
1850,0,15,0.402234,0.026268,1.018141,61.666667
1850,0,16,0.269821,-0.037765,1.081116,61.666667
1850,0,17,0.313240,-0.031974,1.056076,61.666667
1850,0,18,0.351982,-0.024979,1.025109,61.666667
1850,0,19,0.397297,-0.019941,1.000830,61.666667
1850,0,20,0.264684,-0.083879,1.062055,61.666667
1850,0,21,0.307721,-0.078101,1.037674,61.666667
1850,0,22,0.346934,-0.071159,1.008243,61.666667
1850,0,23,0.393167,-0.066716,0.985772,61.666667
1855,0,2,0.357705,0.155282,1.092365,61.833333
1855,0,4,0.268092,0.097854,1.127752,61.833333
1855,0,5,0.310931,0.104323,1.101295,61.833333
1855,0,6,0.353013,0.108986,1.075318,61.833333
1855,0,8,0.263525,0.051020,1.111563,61.833333
1855,0,9,0.305369,0.057209,1.084639,61.833333
1855,0,10,0.349501,0.062786,1.059559,61.833333
1855,0,11,0.391432,0.067207,1.032380,61.833333
1855,0,12,0.260773,0.004114,1.095086,61.833333
1855,0,13,0.302221,0.011031,1.068206,61.833333
1855,0,14,0.344170,0.015772,1.042315,61.833333
1855,0,15,0.386330,0.020492,1.016538,61.833333
1855,0,16,0.255339,-0.041393,1.079591,61.833333
1855,0,17,0.296524,-0.036490,1.051381,61.833333
1855,0,18,0.339538,-0.031006,1.025716,61.833333
1855,0,19,0.381663,-0.025399,0.998299,61.833333
1855,0,20,0.249653,-0.088617,1.062556,61.833333
1855,0,21,0.292305,-0.083287,1.035231,61.833333
1855,0,22,0.334806,-0.077785,1.008204,61.833333
1855,0,23,0.376117,-0.072587,0.981173,61.833333
1860,0,2,0.345708,0.146863,1.086327,62.000000
1860,0,5,0.297403,0.096986,1.097058,62.000000
1860,0,6,0.340263,0.099910,1.071054,62.000000
1860,0,8,0.249773,0.045853,1.109115,62.000000
1860,0,9,0.291361,0.049941,1.081108,62.000000
1860,0,10,0.334601,0.052660,1.054942,62.000000
1860,0,11,0.377422,0.056287,1.029102,62.000000
1860,0,12,0.244071,-0.001322,1.092544,62.000000
1860,0,13,0.286866,0.002558,1.065829,62.000000
1860,0,14,0.329129,0.006274,1.039044,62.000000
1860,0,15,0.371687,0.009471,1.012599,62.000000
1860,0,16,0.238127,-0.048761,1.075983,62.000000
1860,0,17,0.281415,-0.044572,1.049836,62.000000
1860,0,18,0.324158,-0.040455,1.023432,62.000000
1860,0,19,0.365698,-0.036937,0.996172,62.000000
1860,0,20,0.232885,-0.095250,1.060619,62.000000
1860,0,21,0.275549,-0.091320,1.033107,62.000000
1865,0,15,0.371080,0.011709,1.031593,62.166667
1865,0,16,0.228913,-0.037479,1.084449,62.166667
1865,0,17,0.275277,-0.036709,1.064058,62.166667
1865,0,18,0.321687,-0.036623,1.043930,62.166667
1865,0,19,0.366731,-0.036818,1.023284,62.166667
1865,0,20,0.225511,-0.086390,1.075002,62.166667
1865,0,21,0.272118,-0.085647,1.055939,62.166667
1870,0,2,0.322109,0.169055,1.071983,62.333333
1870,0,6,0.318723,0.119297,1.072464,62.333333
1870,0,11,0.362464,0.066017,1.057865,62.333333
1870,0,15,0.359797,0.016465,1.058190,62.333333
1870,0,18,0.307754,-0.030186,1.070436,62.333333
1870,0,19,0.354460,-0.032968,1.054273,62.333333
1870,0,20,0.209025,-0.073304,1.097890,62.333333
1870,0,21,0.257289,-0.076280,1.083334,62.333333
1875,0,0,0.205395,0.172528,1.076474,62.500000
1875,0,1,0.254422,0.171806,1.085411,62.500000
1875,0,2,0.304936,0.166776,1.074395,62.500000
1875,0,3,0.354807,0.162702,1.068828,62.500000
1875,0,6,0.301043,0.117241,1.076248,62.500000
1875,0,7,0.350184,0.112826,1.069123,62.500000
1875,0,11,0.346848,0.062643,1.068141,62.500000
1875,0,12,0.196711,0.025436,1.100896,62.500000
1875,0,15,0.345195,0.013482,1.078111,62.500000
1875,0,16,0.195598,-0.024402,1.107234,62.500000
1875,0,17,0.242766,-0.028648,1.091594,62.500000
1875,0,18,0.291699,-0.032099,1.079953,62.500000
1875,0,19,0.341353,-0.036717,1.074160,62.500000
1875,0,20,0.190209,-0.074177,1.107602,62.500000
1875,0,21,0.238141,-0.078417,1.091571,62.500000
1875,0,22,0.287428,-0.082225,1.079584,62.500000
1875,0,23,0.337396,-0.086453,1.079233,62.500000
1880,0,0,0.191981,0.177231,1.087953,62.666667
1880,0,1,0.241129,0.172156,1.080464,62.666667
1880,0,2,0.290507,0.167575,1.075191,62.666667
1880,0,3,0.339777,0.162713,1.071556,62.666667
1880,0,6,0.286173,0.117419,1.078532,62.666667
1880,0,7,0.335739,0.113200,1.076865,62.666667
1880,0,10,0.282119,0.068228,1.084488,62.666667
1880,0,11,0.331882,0.062979,1.078240,62.666667
1880,0,12,0.179184,0.027853,1.097690,62.666667
1880,0,13,0.228599,0.023553,1.093275,62.666667
1880,0,14,0.277784,0.018583,1.086662,62.666667
1880,0,15,0.327717,0.013647,1.081370,62.666667
1880,0,16,0.174685,-0.021841,1.101537,62.666667
1880,0,17,0.224531,-0.026877,1.095150,62.666667
1880,0,18,0.273695,-0.031277,1.089727,62.666667
1880,0,19,0.323188,-0.036522,1.083722,62.666667
1880,0,20,0.169919,-0.071574,1.103784,62.666667
1880,0,21,0.220308,-0.076206,1.099593,62.666667
1880,0,22,0.269965,-0.082115,1.092265,62.666667
1880,0,23,0.318834,-0.086035,1.087202,62.666667
1885,0,0,0.177563,0.178645,1.082952,62.833333
1885,0,1,0.226975,0.174348,1.076778,62.833333
1885,0,2,0.276886,0.170116,1.075131,62.833333
1885,0,3,0.326523,0.165003,1.072262,62.833333
1885,0,4,0.173280,0.129363,1.086401,62.833333
1885,0,5,0.223494,0.124879,1.081821,62.833333
1885,0,6,0.272592,0.120543,1.078686,62.833333
1885,0,7,0.322521,0.116016,1.076783,62.833333
1885,0,8,0.169669,0.079638,1.092667,62.833333
1885,0,9,0.219578,0.074642,1.086585,62.833333
1885,0,10,0.269214,0.070962,1.083963,62.833333
1885,0,11,0.318514,0.066198,1.080317,62.833333
1885,0,12,0.165528,0.029606,1.094181,62.833333
1885,0,13,0.215901,0.025652,1.089875,62.833333
1885,0,14,0.265443,0.020599,1.087836,62.833333
1885,0,15,0.313997,0.016023,1.083013,62.833333
1885,0,16,0.161705,-0.020208,1.100195,62.833333
1885,0,17,0.211411,-0.024274,1.095683,62.833333
1885,0,18,0.260689,-0.029141,1.091844,62.833333
1885,0,19,0.310686,-0.033804,1.087134,62.833333
1885,0,20,0.157381,-0.070013,1.102033,62.833333
1885,0,21,0.207545,-0.074257,1.099592,62.833333
1885,0,22,0.257154,-0.078713,1.095669,62.833333
1885,0,23,0.306525,-0.083122,1.089471,62.833333
1890,0,0,0.174655,0.180277,1.076848,63.000000
1890,0,1,0.224330,0.176856,1.074025,63.000000
1890,0,2,0.273750,0.171518,1.069771,63.000000
1890,0,3,0.323308,0.166906,1.068556,63.000000
1890,0,6,0.269272,0.122170,1.073747,63.000000
1890,0,7,0.318617,0.117044,1.070188,63.000000
1890,0,10,0.265120,0.072162,1.075694,63.000000
1890,0,11,0.314684,0.067586,1.074118,63.000000
1890,0,12,0.161851,0.031583,1.087816,63.000000
1890,0,13,0.211128,0.026782,1.082314,63.000000
1890,0,14,0.260842,0.022283,1.080098,63.000000
1890,0,15,0.310043,0.017679,1.076672,63.000000
1890,0,16,0.157359,-0.018345,1.089589,63.000000
1890,0,17,0.206640,-0.022749,1.086141,63.000000
1890,0,18,0.256082,-0.027666,1.082462,63.000000
1890,0,19,0.305670,-0.031980,1.078516,63.000000
1890,0,20,0.152978,-0.067898,1.093901,63.000000
1890,0,21,0.202224,-0.072869,1.090155,63.000000
1890,0,22,0.252107,-0.077451,1.085550,63.000000
1890,0,23,0.301238,-0.081996,1.080557,63.000000
1895,0,0,0.173111,0.182364,1.081505,63.166667
1895,0,1,0.222331,0.177201,1.073489,63.166667
1895,0,2,0.271824,0.173324,1.070740,63.166667
1895,0,4,0.168623,0.131872,1.081242,63.166667
1895,0,5,0.218083,0.127460,1.075686,63.166667
1895,0,6,0.267652,0.123523,1.073361,63.166667
1895,0,8,0.164789,0.082386,1.086074,63.166667
1895,0,9,0.214602,0.077815,1.080433,63.166667
1895,0,10,0.264067,0.073655,1.076854,63.166667
1895,0,11,0.313709,0.069252,1.073340,63.166667
1895,0,12,0.160923,0.032320,1.087659,63.166667
1895,0,13,0.210475,0.027976,1.083282,63.166667
1895,0,14,0.260217,0.023526,1.079657,63.166667
1895,0,15,0.309172,0.019247,1.075591,63.166667
1895,0,16,0.157011,-0.017723,1.089098,63.166667
1895,0,17,0.206837,-0.022187,1.086843,63.166667
1895,0,18,0.255996,-0.026191,1.081787,63.166667
1895,0,19,0.305493,-0.030589,1.077975,63.166667
1895,0,20,0.152963,-0.067642,1.093148,63.166667
1895,0,21,0.202788,-0.071836,1.089642,63.166667
1895,0,22,0.252104,-0.076184,1.084573,63.166667
1895,0,23,0.301874,-0.080269,1.080303,63.166667
1900,0,0,0.173874,0.178743,1.078495,63.333333
1900,0,1,0.223203,0.173209,1.072231,63.333333
1900,0,2,0.272568,0.167902,1.068386,63.333333
1900,0,3,0.321977,0.162564,1.067323,63.333333
1900,0,4,0.169575,0.128730,1.081418,63.333333
1900,0,5,0.218628,0.123812,1.076787,63.333333
1900,0,6,0.267783,0.118015,1.072396,63.333333
1900,0,7,0.316853,0.112943,1.069254,63.333333
1900,0,8,0.164539,0.079048,1.084291,63.333333
1900,0,9,0.213605,0.073731,1.079320,63.333333
1900,0,10,0.263010,0.068743,1.076714,63.333333
1900,0,11,0.312185,0.063185,1.072629,63.333333
1900,0,12,0.159731,0.029099,1.087587,63.333333
1900,0,13,0.208869,0.024062,1.083076,63.333333
1900,0,14,0.257997,0.018846,1.078969,63.333333
1900,0,15,0.307087,0.013558,1.074285,63.333333
1900,0,16,0.154941,-0.020535,1.092050,63.333333
1900,0,17,0.204576,-0.025929,1.087093,63.333333
1900,0,18,0.253127,-0.031126,1.083499,63.333333
1900,0,19,0.302524,-0.036407,1.077908,63.333333
1900,0,20,0.150019,-0.070562,1.093987,63.333333
1900,0,21,0.199726,-0.075605,1.089693,63.333333
1900,0,22,0.248565,-0.081142,1.085015,63.333333
1900,0,23,0.297289,-0.085867,1.078652,63.333333
1905,0,3,0.315927,0.168587,1.059023,63.500000
1905,0,15,0.298175,0.019933,1.077822,63.500000
1915,0,1,0.170879,0.198917,1.012731,63.833333
1915,0,2,0.220390,0.192123,1.017347,63.833333
1915,0,3,0.269287,0.184335,1.020809,63.833333
1915,0,5,0.162926,0.151819,1.028753,63.833333
1915,0,8,0.105842,0.113137,1.043531,63.833333
1915,0,9,0.155161,0.103708,1.043658,63.833333
1915,0,12,0.097467,0.067857,1.061456,63.833333
1915,0,13,0.147061,0.058851,1.062763,63.833333
1915,0,14,0.196295,0.051947,1.065780,63.833333
1915,0,15,0.246329,0.044018,1.067788,63.833333
1915,0,16,0.090238,0.019401,1.075260,63.833333
1915,0,17,0.139224,0.011138,1.076977,63.833333
1915,0,18,0.188644,0.004308,1.080248,63.833333
1915,0,19,0.237699,-0.004437,1.081442,63.833333
1915,0,20,0.081366,-0.026650,1.092164,63.833333
1915,0,21,0.131759,-0.035250,1.093314,63.833333
1915,0,22,0.180683,-0.043461,1.095097,63.833333
1915,0,23,0.229583,-0.050829,1.095625,63.833333
1920,0,0,0.108201,0.197704,0.999113,64.000000
1920,0,1,0.157130,0.189471,0.999347,64.000000
1920,0,2,0.206511,0.183096,1.003174,64.000000
1920,0,3,0.255494,0.176614,1.007640,64.000000
1920,0,4,0.100284,0.151677,1.018391,64.000000
1920,0,5,0.149729,0.144228,1.019953,64.000000
1920,0,6,0.198775,0.137671,1.023868,64.000000
1920,0,7,0.247874,0.131401,1.028053,64.000000
1920,0,8,0.092802,0.106491,1.039586,64.000000
1920,0,9,0.142024,0.098801,1.040783,64.000000
1920,0,10,0.191397,0.092689,1.044645,64.000000
1920,0,11,0.240558,0.086496,1.048862,64.000000
1920,0,12,0.085084,0.061593,1.060552,64.000000
1920,0,13,0.134405,0.054199,1.062713,64.000000
1920,0,14,0.183701,0.046991,1.064874,64.000000
1920,0,15,0.233211,0.040695,1.068368,64.000000
1920,0,16,0.077614,0.015657,1.080375,64.000000
1920,0,17,0.126822,0.008489,1.082644,64.000000
1920,0,18,0.176051,0.002030,1.085817,64.000000
1920,0,19,0.225208,-0.005297,1.088005,64.000000
1920,0,20,0.069642,-0.030041,1.099679,64.000000
1920,0,21,0.119217,-0.036653,1.103282,64.000000
1920,0,22,0.168241,-0.043939,1.105150,64.000000
1920,0,23,0.217534,-0.050639,1.108087,64.000000
1925,0,0,0.093397,0.195929,0.989213,64.166667
1925,0,1,0.142557,0.188882,0.990692,64.166667
1925,0,2,0.192442,0.182765,0.994261,64.166667
1925,0,3,0.241523,0.177785,1.000338,64.166667
1925,0,6,0.184947,0.138138,1.016651,64.166667
1925,0,7,0.234359,0.132557,1.021159,64.166667
1925,0,10,0.178008,0.093722,1.039004,64.166667
1925,0,11,0.227048,0.087425,1.042102,64.166667
1925,0,12,0.071511,0.061257,1.053259,64.166667
1925,0,13,0.121322,0.054984,1.056811,64.166667
1925,0,14,0.170385,0.049285,1.060854,64.166667
1925,0,15,0.220153,0.042577,1.063110,64.166667
1925,0,16,0.064552,0.016470,1.075161,64.166667
1925,0,17,0.113724,0.010348,1.078378,64.166667
1925,0,18,0.163191,0.003884,1.081631,64.166667
1925,0,19,0.212779,-0.002546,1.084425,64.166667
1925,0,20,0.057075,-0.028211,1.095762,64.166667
1925,0,21,0.107263,-0.034474,1.100262,64.166667
1925,0,22,0.156115,-0.040324,1.103675,64.166667
1925,0,23,0.205506,-0.047280,1.105777,64.166667
1930,0,0,0.083979,0.198725,0.984291,64.333333
1930,0,1,0.133561,0.191985,0.986160,64.333333
1930,0,2,0.183021,0.186054,0.989763,64.333333
1930,0,3,0.232208,0.180622,0.995030,64.333333
1930,0,4,0.076742,0.153979,1.005556,64.333333
1930,0,5,0.126545,0.147297,1.007941,64.333333
1930,0,6,0.175850,0.141979,1.012686,64.333333
1930,0,7,0.225226,0.135853,1.015969,64.333333
1930,0,8,0.069656,0.108936,1.027087,64.333333
1930,0,9,0.119142,0.102782,1.030224,64.333333
1930,0,10,0.168650,0.097047,1.034478,64.333333
1930,0,11,0.218054,0.092297,1.039676,64.333333
1930,0,12,0.062644,0.064125,1.049001,64.333333
1930,0,13,0.111927,0.058192,1.052728,64.333333
1930,0,14,0.161367,0.052936,1.057110,64.333333
1930,0,15,0.210667,0.046342,1.060273,64.333333
1930,0,16,0.055847,0.019973,1.071711,64.333333
1930,0,17,0.104758,0.014072,1.074941,64.333333
1930,0,18,0.154428,0.007588,1.077981,64.333333
1930,0,19,0.203666,0.001576,1.081299,64.333333
1930,0,20,0.048126,-0.024923,1.092464,64.333333
1930,0,21,0.097358,-0.031351,1.095677,64.333333
1930,0,22,0.147187,-0.037142,1.099504,64.333333
1930,0,23,0.196944,-0.043103,1.102669,64.333333
1935,0,0,0.079637,0.202023,0.980408,64.500000
1935,0,1,0.129084,0.194920,0.982066,64.500000
1935,0,2,0.178417,0.189587,0.987123,64.500000
1935,0,3,0.227689,0.184107,0.992451,64.500000
1935,0,4,0.072225,0.157811,1.002575,64.500000
1935,0,5,0.121703,0.151073,1.005451,64.500000
1935,0,6,0.170908,0.146015,1.010495,64.500000
1935,0,7,0.220389,0.140218,1.015066,64.500000
1935,0,8,0.064845,0.113443,1.025289,64.500000
1935,0,9,0.114254,0.107371,1.028550,64.500000
1935,0,10,0.163747,0.101766,1.033376,64.500000
1935,0,11,0.212876,0.096043,1.037616,64.500000
1935,0,12,0.057645,0.069448,1.048033,64.500000
1935,0,13,0.106825,0.063053,1.051307,64.500000
1935,0,14,0.156235,0.057060,1.055167,64.500000
1935,0,15,0.205739,0.051023,1.059045,64.500000
1935,0,16,0.050414,0.025152,1.070525,64.500000
1935,0,17,0.099642,0.018791,1.074078,64.500000
1935,0,18,0.148842,0.012862,1.078060,64.500000
1935,0,19,0.198268,0.007347,1.082383,64.500000
1935,0,20,0.042597,-0.018796,1.092726,64.500000
1935,0,21,0.091717,-0.025788,1.095636,64.500000
1935,0,22,0.141488,-0.031027,1.100576,64.500000
1935,0,23,0.191388,-0.037396,1.103999,64.500000
1940,0,0,0.075571,0.201399,0.978950,64.666667
1940,0,1,0.125040,0.194664,0.981219,64.666667
1940,0,2,0.174296,0.188140,0.984225,64.666667
1940,0,3,0.223576,0.183395,0.991177,64.666667
1940,0,4,0.068215,0.157393,1.001215,64.666667
1940,0,5,0.117596,0.150271,1.003841,64.666667
1940,0,6,0.166724,0.144831,1.008376,64.666667
1940,0,7,0.216033,0.138721,1.012587,64.666667
1940,0,8,0.060676,0.112513,1.022993,64.666667
1940,0,9,0.110254,0.106832,1.027045,64.666667
1940,0,10,0.159642,0.100638,1.031164,64.666667
1940,0,11,0.208714,0.094800,1.035615,64.666667
1940,0,12,0.053356,0.068855,1.045821,64.666667
1940,0,13,0.102970,0.062508,1.049743,64.666667
1940,0,14,0.152049,0.056520,1.053667,64.666667
1940,0,15,0.201371,0.050243,1.057276,64.666667
1940,0,16,0.045944,0.024494,1.068236,64.666667
1940,0,17,0.095313,0.018587,1.072458,64.666667
1940,0,18,0.144784,0.012142,1.075924,64.666667
1940,0,19,0.193847,0.005714,1.079311,64.666667
1940,0,20,0.038610,-0.019465,1.090779,64.666667
1940,0,21,0.088301,-0.025590,1.094921,64.666667
1940,0,22,0.137254,-0.031818,1.098348,64.666667
1940,0,23,0.186935,-0.038308,1.101820,64.666667
1945,0,2,0.172677,0.188063,1.001316,64.833333
1945,0,3,0.222288,0.183549,1.004379,64.833333
1945,0,6,0.167075,0.143074,1.021871,64.833333
1945,0,7,0.216163,0.136648,1.022000,64.833333
1945,0,11,0.210278,0.090844,1.041220,64.833333
1945,0,12,0.055632,0.062392,1.057678,64.833333
1945,0,15,0.204481,0.044393,1.059404,64.833333
1945,0,16,0.051670,0.017480,1.079454,64.833333
1945,0,17,0.099338,0.010888,1.077980,64.833333
1945,0,18,0.149385,0.004933,1.078730,64.833333
1945,0,19,0.198150,-0.000510,1.079143,64.833333
1945,0,20,0.043636,-0.029014,1.095709,64.833333
1945,0,21,0.094572,-0.035101,1.097701,64.833333
1960,0,12,0.140207,-0.002071,1.109343,65.333333
1960,0,15,0.284560,-0.023332,1.073582,65.333333
1960,0,16,0.131809,-0.050712,1.106066,65.333333
1960,0,17,0.179507,-0.058351,1.092943,65.333333
1960,0,18,0.227956,-0.065190,1.082209,65.333333
1960,0,19,0.275535,-0.072165,1.068453,65.333333
1960,0,20,0.122930,-0.099901,1.100694,65.333333
1960,0,21,0.171366,-0.107249,1.090821,65.333333
1960,0,22,0.219199,-0.114380,1.076565,65.333333
1960,0,23,0.267122,-0.121533,1.062965,65.333333
1965,0,12,0.163933,-0.001084,1.125315,65.500000
1965,0,15,0.308364,-0.021436,1.088025,65.500000
1965,0,16,0.154500,-0.050166,1.116850,65.500000
1965,0,17,0.203510,-0.056832,1.104065,65.500000
1965,0,18,0.251567,-0.062799,1.090231,65.500000
1965,0,19,0.299184,-0.070022,1.078315,65.500000
1965,0,20,0.146399,-0.098369,1.107982,65.500000
1965,0,21,0.194392,-0.104704,1.095587,65.500000
1965,0,22,0.242601,-0.111361,1.083058,65.500000
1965,0,23,0.290126,-0.118142,1.068543,65.500000
1970,0,2,0.302343,0.134017,1.143790,65.666667
1970,0,3,0.350366,0.126837,1.133096,65.666667
1970,0,4,0.196613,0.099387,1.158183,65.666667
1970,0,5,0.244592,0.093358,1.144081,65.666667
1970,0,6,0.292847,0.086082,1.132645,65.666667
1970,0,7,0.341154,0.079207,1.122227,65.666667
1970,0,8,0.187195,0.051969,1.147834,65.666667
1970,0,9,0.235869,0.045547,1.134545,65.666667
1970,0,10,0.284217,0.038905,1.122560,65.666667
1970,0,11,0.332211,0.031667,1.110754,65.666667
1970,0,12,0.178390,0.004098,1.137039,65.666667
1970,0,13,0.226989,-0.001683,1.126836,65.666667
1970,0,14,0.275182,-0.008758,1.112308,65.666667
1970,0,15,0.323993,-0.014983,1.101896,65.666667
1970,0,16,0.169278,-0.043274,1.128318,65.666667
1970,0,17,0.217246,-0.049748,1.114291,65.666667
1970,0,18,0.266301,-0.056368,1.103515,65.666667
1970,0,19,0.314657,-0.062950,1.089683,65.666667
1970,0,20,0.159919,-0.091000,1.116679,65.666667
1970,0,21,0.208713,-0.097538,1.105009,65.666667
1970,0,22,0.257087,-0.103960,1.091772,65.666667
1970,0,23,0.305098,-0.110634,1.078307,65.666667
1975,0,10,0.287631,0.047295,1.118255,65.833333
1975,0,11,0.336397,0.041220,1.105045,65.833333
1975,0,12,0.182559,0.013743,1.126366,65.833333
1975,0,13,0.230844,0.008025,1.114775,65.833333
1975,0,14,0.277980,0.001970,1.101128,65.833333
1975,0,15,0.326830,-0.004375,1.089339,65.833333
1975,0,16,0.173164,-0.032692,1.111583,65.833333
1975,0,19,0.316491,-0.050424,1.072573,65.833333
1975,0,20,0.163066,-0.079021,1.094404,65.833333
1980,0,20,0.166971,-0.083717,1.090858,66.000000
1985,0,10,0.294300,0.029446,1.116865,66.166667
1985,0,11,0.342129,0.022207,1.103932,66.166667
1985,0,13,0.235489,-0.008090,1.114416,66.166667
1985,0,14,0.283004,-0.015033,1.099673,66.166667
1985,0,15,0.331337,-0.022450,1.088203,66.166667
1985,0,16,0.176615,-0.046549,1.109615,66.166667
1985,0,17,0.224492,-0.053094,1.096350,66.166667
1985,0,18,0.272037,-0.060154,1.083255,66.166667
1985,0,19,0.320051,-0.066888,1.069607,66.166667
1985,0,20,0.165213,-0.091503,1.091662,66.166667
1985,0,21,0.213250,-0.098295,1.079770,66.166667
1985,0,22,0.260930,-0.105053,1.065361,66.166667
1985,0,23,0.308537,-0.112150,1.053241,66.166667
1990,0,11,0.340079,0.023418,1.098772,66.333333
1990,0,15,0.328604,-0.020524,1.080003,66.333333
1990,0,16,0.174464,-0.044208,1.100793,66.333333
1990,0,19,0.317112,-0.064259,1.059286,66.333333
1990,0,20,0.162714,-0.088467,1.081332,66.333333
1990,0,23,0.305220,-0.108240,1.040301,66.333333
1995,0,10,0.291359,0.032330,1.111047,66.500000
1995,0,11,0.339563,0.025185,1.096931,66.500000
1995,0,12,0.184967,0.002649,1.119455,66.500000
1995,0,13,0.232286,-0.004068,1.106303,66.500000
1995,0,16,0.172571,-0.041629,1.100835,66.500000
1995,0,20,0.161432,-0.085461,1.080317,66.500000
1995,0,23,0.304457,-0.105432,1.039388,66.500000
2000,0,13,0.231063,-0.004706,1.104256,66.666667
2000,0,14,0.279488,-0.011455,1.090247,66.666667
2000,0,15,0.327076,-0.018776,1.076041,66.666667
2000,0,16,0.172177,-0.042636,1.098287,66.666667
2000,0,17,0.220110,-0.048857,1.084330,66.666667
2000,0,18,0.267975,-0.055796,1.071453,66.666667
2000,0,19,0.315648,-0.062768,1.056642,66.666667
2000,0,20,0.160628,-0.086472,1.078874,66.666667
2000,0,21,0.208746,-0.093182,1.065404,66.666667
2005,0,11,0.337985,0.025195,1.091411,66.833333
2005,0,15,0.326819,-0.019319,1.072109,66.833333
2005,0,16,0.173017,-0.043377,1.099194,66.833333
2005,0,17,0.220562,-0.049547,1.084123,66.833333
2005,0,18,0.268282,-0.056358,1.069795,66.833333
2005,0,19,0.315546,-0.063056,1.054787,66.833333
2005,0,20,0.161719,-0.087981,1.080184,66.833333
2005,0,21,0.209111,-0.094479,1.067182,66.833333
2005,0,22,0.256688,-0.100643,1.051085,66.833333
2005,0,23,0.304583,-0.107511,1.037534,66.833333
2010,0,12,0.206051,0.002136,1.113026,67.000000
2010,0,15,0.348899,-0.014575,1.070129,67.000000
2010,0,16,0.194642,-0.043477,1.095174,67.000000
2015,0,15,0.370451,-0.007238,1.062638,67.166667
2015,0,16,0.217239,-0.038793,1.097155,67.166667
2015,0,19,0.360065,-0.054226,1.048166,67.166667
2015,0,20,0.207846,-0.085154,1.081119,67.166667
2020,0,10,0.345750,0.049303,1.075726,67.333333
2020,0,11,0.393688,0.044048,1.061003,67.333333
2020,0,12,0.243924,0.011778,1.096367,67.333333
2020,0,13,0.291181,0.006608,1.082304,67.333333
2020,0,14,0.338392,0.001907,1.067442,67.333333
2020,0,15,0.386237,-0.003581,1.053623,67.333333
2020,0,16,0.236925,-0.036548,1.090331,67.333333
2020,0,17,0.284053,-0.041214,1.074371,67.333333
2020,0,18,0.332328,-0.046339,1.061406,67.333333
2020,0,19,0.379743,-0.051385,1.045862,67.333333
2020,0,20,0.226495,-0.082994,1.075926,67.333333
2020,0,21,0.277375,-0.089459,1.067552,67.333333
2020,0,22,0.324216,-0.094456,1.051217,67.333333
2020,0,23,0.372016,-0.099592,1.036803,67.333333
2025,0,4,0.269242,0.113094,1.099900,67.500000
2025,0,5,0.317379,0.108676,1.085006,67.500000
2025,0,6,0.366000,0.103914,1.073445,67.500000
2025,0,7,0.414547,0.099090,1.063569,67.500000
2025,0,8,0.263612,0.062833,1.098946,67.500000
2025,0,9,0.311660,0.058739,1.083418,67.500000
2025,0,10,0.360300,0.053973,1.072774,67.500000
2025,0,11,0.408503,0.049052,1.058130,67.500000
2025,0,12,0.258662,0.012796,1.094475,67.500000
2025,0,13,0.306295,0.008583,1.081221,67.500000
2025,0,14,0.354459,0.004101,1.067745,67.500000
2025,0,15,0.402855,-0.000611,1.055549,67.500000
2025,0,16,0.253028,-0.036499,1.092085,67.500000
2025,0,17,0.301320,-0.041268,1.078857,67.500000
2025,0,18,0.348930,-0.045698,1.064933,67.500000
2025,0,19,0.397140,-0.050199,1.051910,67.500000
2025,0,20,0.247876,-0.086691,1.089372,67.500000
2025,0,21,0.295901,-0.090511,1.075969,67.500000
2025,0,22,0.343738,-0.095670,1.061969,67.500000
2025,0,23,0.391116,-0.099747,1.047438,67.500000
2030,0,12,0.267672,0.016522,1.082221,67.666667
2030,0,15,0.413387,0.003854,1.047489,67.666667
2030,0,16,0.263792,-0.033431,1.087457,67.666667
2030,0,17,0.313320,-0.037627,1.076338,67.666667
2030,0,18,0.361400,-0.041830,1.063697,67.666667
2030,0,19,0.410304,-0.046863,1.052887,67.666667
2030,0,20,0.261132,-0.083328,1.092869,67.666667
2030,0,21,0.309622,-0.087473,1.080347,67.666667
2030,0,22,0.358211,-0.091738,1.069359,67.666667
2030,0,23,0.406112,-0.096130,1.055739,67.666667
2035,0,12,0.267855,0.028240,1.045733,67.833333
2035,0,15,0.411345,0.016778,1.011319,67.833333
2035,0,16,0.266308,-0.020404,1.056544,67.833333
2035,0,17,0.313036,-0.025021,1.041380,67.833333
2035,0,18,0.360723,-0.029320,1.031095,67.833333
2035,0,19,0.409853,-0.033038,1.021562,67.833333
2035,0,20,0.262888,-0.070102,1.061348,67.833333
2035,0,21,0.311927,-0.073773,1.052458,67.833333
2040,0,2,0.370623,0.189562,0.977393,68.000000
2040,0,3,0.420616,0.187806,0.973535,68.000000
2040,0,4,0.272128,0.146814,1.008446,68.000000
2040,0,5,0.321090,0.143401,0.998939,68.000000
2040,0,6,0.370455,0.141683,0.992328,68.000000
2040,0,7,0.420196,0.139579,0.986487,68.000000
2040,0,8,0.271957,0.097793,1.022230,68.000000
2040,0,11,0.419447,0.091038,0.999084,68.000000
2040,0,12,0.272278,0.049207,1.035900,68.000000
2040,0,15,0.419578,0.042164,1.012063,68.000000
2040,0,16,0.270660,0.000467,1.047037,68.000000
2040,0,17,0.320715,-0.002275,1.039794,68.000000
2040,0,18,0.369056,-0.004487,1.030316,68.000000
2040,0,19,0.418262,-0.006770,1.023289,68.000000
2040,0,20,0.270803,-0.048053,1.061731,68.000000
2040,0,21,0.319420,-0.050898,1.050679,68.000000
2040,0,22,0.369276,-0.052658,1.045032,68.000000
2040,0,23,0.417082,-0.056057,1.035195,68.000000
2045,0,0,0.264684,0.197373,0.978885,68.166667
2045,0,1,0.314179,0.194699,0.970501,68.166667
2045,0,2,0.363250,0.192807,0.964004,68.166667
2045,0,3,0.413216,0.191590,0.960432,68.166667
2045,0,4,0.264745,0.149427,0.994426,68.166667
2045,0,5,0.313653,0.146733,0.985523,68.166667
2045,0,6,0.363262,0.145723,0.980986,68.166667
2045,0,7,0.412418,0.143622,0.974467,68.166667
2045,0,8,0.264659,0.101628,1.008927,68.166667
2045,0,9,0.313475,0.099330,1.001780,68.166667
2045,0,10,0.363745,0.098128,0.997374,68.166667
2045,0,11,0.413623,0.095999,0.991849,68.166667
2045,0,12,0.263992,0.054125,1.025498,68.166667
2045,0,13,0.314227,0.052174,1.019162,68.166667
2045,0,14,0.363678,0.050174,1.013534,68.166667
2045,0,15,0.412730,0.048253,1.005536,68.166667
2045,0,16,0.264940,0.006667,1.043188,68.166667
2045,0,17,0.314320,0.004643,1.036192,68.166667
2045,0,18,0.363468,0.002616,1.027980,68.166667
2045,0,19,0.413306,0.000410,1.022728,68.166667
2045,0,20,0.264309,-0.040672,1.058463,68.166667
2045,0,21,0.314573,-0.042975,1.052508,68.166667
2045,0,22,0.363793,-0.044842,1.045449,68.166667
2045,0,23,0.412861,-0.047091,1.037922,68.166667
2050,0,0,0.256033,0.195737,0.965654,68.333333
2050,0,1,0.305759,0.192773,0.957701,68.333333
2050,0,2,0.354689,0.191447,0.951804,68.333333
2050,0,3,0.403641,0.190010,0.946827,68.333333
2050,0,4,0.256782,0.148879,0.984141,68.333333
2050,0,5,0.306211,0.146747,0.977073,68.333333
2050,0,6,0.355273,0.144725,0.970465,68.333333
2050,0,7,0.404734,0.143232,0.964935,68.333333
2050,0,8,0.256963,0.101771,1.001039,68.333333
2050,0,9,0.306350,0.099337,0.994480,68.333333
2050,0,10,0.355657,0.097836,0.988700,68.333333
2050,0,11,0.405122,0.095949,0.982629,68.333333
2050,0,12,0.257137,0.054625,1.020011,68.333333
2050,0,13,0.306428,0.052574,1.012738,68.333333
2050,0,14,0.356060,0.050737,1.006528,68.333333
2050,0,15,0.405473,0.049131,1.000124,68.333333
2050,0,16,0.257485,0.007957,1.038782,68.333333
2050,0,17,0.306777,0.005716,1.031045,68.333333
2050,0,18,0.356079,0.003757,1.023359,68.333333
2050,0,19,0.405781,0.001550,1.018028,68.333333
2050,0,20,0.257534,-0.039496,1.055284,68.333333
2050,0,21,0.307027,-0.041347,1.047633,68.333333
2050,0,22,0.356480,-0.043410,1.042077,68.333333
2050,0,23,0.405536,-0.045440,1.034215,68.333333
2055,0,0,0.250055,0.193846,0.965242,68.500000
2055,0,1,0.298945,0.190806,0.955146,68.500000
2055,0,2,0.348384,0.188686,0.948620,68.500000
2055,0,3,0.397600,0.187231,0.944325,68.500000
2055,0,4,0.249997,0.146406,0.980723,68.500000
2055,0,5,0.299428,0.143788,0.973110,68.500000
2055,0,6,0.348604,0.141939,0.967403,68.500000
2055,0,7,0.397765,0.139789,0.961335,68.500000
2055,0,8,0.249902,0.099180,0.997404,68.500000
2055,0,9,0.299456,0.096790,0.991415,68.500000
2055,0,10,0.348634,0.095007,0.985257,68.500000
2055,0,11,0.397918,0.093028,0.978996,68.500000
2055,0,12,0.250002,0.052568,1.017210,68.500000
2055,0,13,0.299501,0.050086,1.008395,68.500000
2055,0,14,0.348325,0.048220,1.002840,68.500000
2055,0,15,0.397841,0.045714,0.996252,68.500000
2055,0,16,0.249599,0.005117,1.034306,68.500000
2055,0,17,0.298979,0.003429,1.026901,68.500000
2055,0,18,0.348806,0.001076,1.021225,68.500000
2055,0,19,0.398149,-0.001676,1.013876,68.500000
2055,0,20,0.250062,-0.041364,1.052749,68.500000
2055,0,21,0.299691,-0.043767,1.045083,68.500000
2055,0,22,0.348880,-0.046076,1.038520,68.500000
2055,0,23,0.397736,-0.048477,1.029678,68.500000
2060,0,0,0.247722,0.194153,0.964581,68.666667
2060,0,1,0.296489,0.190328,0.953889,68.666667
2060,0,2,0.346540,0.188574,0.949163,68.666667
2060,0,3,0.396544,0.186772,0.945803,68.666667
2060,0,4,0.247043,0.146501,0.979546,68.666667
2060,0,5,0.296688,0.143737,0.972283,68.666667
2060,0,6,0.346618,0.142008,0.968359,68.666667
2060,0,7,0.395648,0.139630,0.962233,68.666667
2060,0,8,0.247155,0.099610,0.998057,68.666667
2060,0,9,0.296729,0.096787,0.991431,68.666667
2060,0,10,0.345765,0.094659,0.984887,68.666667
2060,0,11,0.395767,0.092418,0.980283,68.666667
2060,0,12,0.246935,0.052546,1.016404,68.666667
2060,0,13,0.296295,0.050009,1.009290,68.666667
2060,0,14,0.345566,0.047879,1.002939,68.666667
2060,0,15,0.395142,0.045434,0.996949,68.666667
2060,0,16,0.246333,0.005480,1.034767,68.666667
2060,0,17,0.296065,0.003098,1.027458,68.666667
2060,0,18,0.345416,0.000530,1.020430,68.666667
2060,0,19,0.395281,-0.002014,1.014459,68.666667
2060,0,20,0.246687,-0.041495,1.052464,68.666667
2060,0,21,0.295711,-0.043956,1.044496,68.666667
2060,0,22,0.345449,-0.046314,1.038990,68.666667
2060,0,23,0.394454,-0.048904,1.031218,68.666667
2065,0,0,0.247789,0.195445,0.961854,68.833333
2065,0,1,0.297073,0.192084,0.953401,68.833333
2065,0,2,0.346160,0.189844,0.947009,68.833333
2065,0,3,0.395860,0.187841,0.943269,68.833333
2065,0,4,0.247725,0.147863,0.978860,68.833333
2065,0,5,0.296518,0.145001,0.971085,68.833333
2065,0,6,0.346308,0.142913,0.966051,68.833333
2065,0,7,0.395621,0.141200,0.961069,68.833333
2065,0,8,0.246969,0.100851,0.995832,68.833333
2065,0,9,0.296407,0.098403,0.989509,68.833333
2065,0,10,0.345787,0.096097,0.983116,68.833333
2065,0,11,0.395725,0.094004,0.978834,68.833333
2065,0,12,0.246764,0.053798,1.013982,68.833333
2065,0,13,0.296069,0.051620,1.007073,68.833333
2065,0,14,0.345807,0.049158,1.001719,68.833333
2065,0,15,0.394842,0.046847,0.994969,68.833333
2065,0,16,0.246704,0.007479,1.032488,68.833333
2065,0,17,0.295594,0.005161,1.025800,68.833333
2065,0,18,0.345178,0.002383,1.018126,68.833333
2065,0,19,0.394455,-0.000145,1.012373,68.833333
2065,0,20,0.245854,-0.039816,1.048934,68.833333
2065,0,21,0.295814,-0.042130,1.042777,68.833333
2065,0,22,0.345310,-0.044669,1.037301,68.833333
2065,0,23,0.394193,-0.047188,1.028484,68.833333
2070,0,0,0.248276,0.197012,0.962279,69.000000
2070,0,1,0.297354,0.193810,0.953572,69.000000
2070,0,2,0.346678,0.191629,0.947320,69.000000
2070,0,3,0.396553,0.189799,0.944518,69.000000
2070,0,4,0.247191,0.149516,0.977527,69.000000
2070,0,5,0.296941,0.146490,0.970303,69.000000
2070,0,6,0.346670,0.145146,0.966576,69.000000
2070,0,7,0.395659,0.142702,0.960206,69.000000
2070,0,8,0.248055,0.102708,0.995950,69.000000
2070,0,9,0.297253,0.099960,0.990113,69.000000
2070,0,10,0.346555,0.098019,0.984234,69.000000
2070,0,11,0.395891,0.096107,0.979088,69.000000
2070,0,12,0.247745,0.055316,1.014638,69.000000
2070,0,13,0.296729,0.052968,1.006515,69.000000
2070,0,14,0.346384,0.051226,1.002075,69.000000
2070,0,15,0.395717,0.048852,0.996319,69.000000
2070,0,16,0.247202,0.008560,1.031815,69.000000
2070,0,17,0.296428,0.006222,1.025393,69.000000
2070,0,18,0.346340,0.004293,1.020494,69.000000
2070,0,19,0.395218,0.001757,1.013051,69.000000
2070,0,20,0.247016,-0.038091,1.050475,69.000000
2070,0,21,0.296192,-0.040850,1.041551,69.000000
2070,0,22,0.346104,-0.043016,1.037995,69.000000
2070,0,23,0.395142,-0.045502,1.030345,69.000000
2075,0,0,0.251358,0.197214,0.960761,69.166667
2075,0,1,0.300714,0.194207,0.954253,69.166667
2075,0,2,0.349680,0.191594,0.947384,69.166667
2075,0,3,0.399667,0.190003,0.945752,69.166667
2075,0,4,0.250931,0.150174,0.979317,69.166667
2075,0,5,0.299754,0.146974,0.970889,69.166667
2075,0,6,0.348959,0.144971,0.965931,69.166667
2075,0,7,0.398848,0.143061,0.962422,69.166667
2075,0,8,0.250107,0.103240,0.997068,69.166667
2075,0,9,0.299790,0.100305,0.990814,69.166667
2075,0,10,0.349087,0.098317,0.985763,69.166667
2075,0,11,0.398270,0.096222,0.980370,69.166667
2075,0,12,0.249587,0.056071,1.014845,69.166667
2075,0,13,0.298920,0.053551,1.008300,69.166667
2075,0,14,0.349074,0.051366,1.004245,69.166667
2075,0,15,0.397702,0.048955,0.997485,69.166667
2075,0,16,0.248882,0.009233,1.033440,69.166667
2075,0,17,0.298794,0.006648,1.027180,69.166667
2075,0,18,0.347808,0.004432,1.020842,69.166667
2075,0,19,0.397411,0.002082,1.015595,69.166667
2075,0,20,0.248101,-0.037682,1.049599,69.166667
2075,0,21,0.297642,-0.040272,1.044380,69.166667
2075,0,22,0.347374,-0.042448,1.039037,69.166667
2075,0,23,0.396693,-0.045074,1.032204,69.166667
2080,0,0,0.249001,0.196301,0.957378,69.333333
2080,0,1,0.298984,0.192992,0.950613,69.333333
2080,0,2,0.347994,0.190688,0.945487,69.333333
2080,0,3,0.397294,0.188823,0.943135,69.333333
2080,0,4,0.248729,0.149297,0.975577,69.333333
2080,0,5,0.297480,0.145828,0.966177,69.333333
2080,0,6,0.347262,0.144420,0.965134,69.333333
2080,0,7,0.397290,0.142592,0.962691,69.333333
2080,0,8,0.247565,0.102745,0.993834,69.333333
2080,0,9,0.297740,0.099619,0.988523,69.333333
2080,0,10,0.346960,0.097930,0.983447,69.333333
2080,0,11,0.396897,0.095451,0.981035,69.333333
2080,0,12,0.246494,0.056119,1.011716,69.333333
2080,0,13,0.296528,0.053381,1.006861,69.333333
2080,0,14,0.346188,0.051307,1.003003,69.333333
2080,0,15,0.395359,0.048585,0.997828,69.333333
2080,0,16,0.246499,0.009612,1.032706,69.333333
2080,0,17,0.296057,0.006897,1.027102,69.333333
2080,0,18,0.345842,0.004757,1.022647,69.333333
2080,0,19,0.395429,0.001762,1.016843,69.333333
2080,0,20,0.245978,-0.037547,1.050048,69.333333
2080,0,21,0.296348,-0.039248,1.045408,69.333333
2080,0,22,0.345406,-0.042723,1.040397,69.333333
2080,0,23,0.394283,-0.044967,1.034085,69.333333
2085,0,0,0.236868,0.198119,0.943492,69.500000
2085,0,1,0.286634,0.193965,0.942958,69.500000
2085,0,2,0.336083,0.190894,0.942733,69.500000
2085,0,3,0.386062,0.188191,0.944495,69.500000
2085,0,6,0.333088,0.144467,0.961756,69.500000
2085,0,7,0.382967,0.141402,0.962457,69.500000
2085,0,11,0.380312,0.094549,0.979496,69.500000
2090,0,0,0.227119,0.199088,0.947093,69.666667
2090,0,1,0.276708,0.194067,0.944019,69.666667
2090,0,2,0.325149,0.189158,0.940449,69.666667
2090,0,3,0.373546,0.184780,0.938338,69.666667
2090,0,6,0.321543,0.141989,0.957569,69.666667
2090,0,7,0.370514,0.138083,0.956892,69.666667
2090,0,11,0.366879,0.092309,0.978218,69.666667
2090,0,12,0.212748,0.057247,0.993009,69.666667
2090,0,15,0.362473,0.044584,0.993065,69.666667
2090,0,16,0.208516,0.010202,1.009405,69.666667
2090,0,19,0.358104,-0.003215,1.007694,69.666667
2090,0,20,0.204490,-0.036809,1.025953,69.666667
2090,0,23,0.354173,-0.049980,1.025357,69.666667
2095,0,0,0.245276,0.196278,0.955895,69.833333
2095,0,1,0.294055,0.191117,0.944536,69.833333
2095,0,2,0.343304,0.187536,0.938193,69.833333
2095,0,12,0.238158,0.055956,1.012859,69.833333
2105,0,0,0.312382,0.203841,0.950480,70.166667
2105,0,1,0.358400,0.199447,0.933255,70.166667
2105,0,2,0.408314,0.197897,0.923816,70.166667
2105,0,6,0.410978,0.151417,0.944060,70.166667
2110,0,2,0.440521,0.206789,0.915585,70.333333
2110,0,15,0.495709,0.064053,0.953885,70.333333
2110,0,19,0.499177,0.017517,0.971839,70.333333
2110,0,23,0.503211,-0.030269,0.985992,70.333333
2115,0,2,0.464974,0.209310,0.910093,70.500000
2115,0,3,0.514683,0.209675,0.903757,70.500000
2115,0,6,0.467740,0.162932,0.927664,70.500000
2115,0,7,0.516414,0.161386,0.918082,70.500000
2115,0,11,0.519611,0.115690,0.937652,70.500000
2115,0,12,0.378534,0.072026,0.988322,70.500000
2115,0,15,0.522272,0.067320,0.950325,70.500000
2115,0,17,0.429514,0.025786,1.000629,70.500000
2115,0,18,0.475928,0.023330,0.983868,70.500000
2115,0,19,0.523444,0.021296,0.970440,70.500000
2115,0,21,0.429764,-0.021825,1.014893,70.500000
2115,0,22,0.478415,-0.024059,1.001376,70.500000
2115,0,23,0.525933,-0.026436,0.984283,70.500000
2120,0,0,0.396031,0.216167,0.929758,70.666667
2120,0,1,0.443226,0.213490,0.913853,70.666667
2120,0,2,0.491788,0.211565,0.899481,70.666667
2120,0,3,0.539961,0.209131,0.886744,70.666667
2120,0,6,0.496422,0.167448,0.924155,70.666667
2120,0,7,0.543454,0.165102,0.910131,70.666667
2120,0,11,0.547098,0.121975,0.934406,70.666667
2120,0,12,0.406791,0.082676,0.995790,70.666667
2120,0,15,0.551652,0.075560,0.953355,70.666667
2120,0,19,0.555525,0.030843,0.976608,70.666667
2120,0,23,0.561282,-0.013649,0.998717,70.666667
2125,0,0,0.416502,0.224482,0.921993,70.833333
2125,0,1,0.461962,0.219808,0.900566,70.833333
2125,0,2,0.510517,0.220209,0.892659,70.833333
2125,0,3,0.559866,0.220625,0.882112,70.833333
2125,0,6,0.516216,0.176753,0.917452,70.833333
2125,0,7,0.565062,0.176823,0.905389,70.833333
2125,0,10,0.522966,0.134070,0.943405,70.833333
2125,0,12,0.431178,0.091368,0.993156,70.833333
2125,0,13,0.479083,0.090365,0.978303,70.833333
2125,0,14,0.526838,0.089191,0.966123,70.833333
2125,0,16,0.436299,0.047515,1.016140,70.833333
2125,0,17,0.483531,0.045544,1.001781,70.833333
2125,0,18,0.531656,0.045167,0.988141,70.833333
2125,0,19,0.580160,0.043444,0.976034,70.833333
2125,0,20,0.440202,0.002979,1.039382,70.833333
2125,0,21,0.489858,0.002921,1.026392,70.833333
2125,0,22,0.536345,0.000297,1.012048,70.833333
2125,0,23,0.585533,0.000182,0.999709,70.833333
2130,0,0,0.419393,0.225332,0.899793,71.000000
2130,0,1,0.466498,0.222866,0.884694,71.000000
2130,0,2,0.513482,0.222392,0.870899,71.000000
2130,0,3,0.562890,0.223868,0.862224,71.000000
2130,0,4,0.424583,0.182354,0.923821,71.000000
2130,0,5,0.472383,0.180675,0.909559,71.000000
2130,0,6,0.519643,0.180188,0.897402,71.000000
2130,0,7,0.567278,0.180014,0.885613,71.000000
2130,0,8,0.431377,0.139571,0.950186,71.000000
2130,0,9,0.477705,0.138360,0.935641,71.000000
2130,0,10,0.524978,0.137332,0.922586,71.000000
2130,0,11,0.572589,0.136768,0.909720,71.000000
2130,0,12,0.435961,0.097184,0.974334,71.000000
2130,0,13,0.484002,0.095681,0.960190,71.000000
2130,0,14,0.530658,0.095445,0.948005,71.000000
2130,0,15,0.578104,0.093884,0.934346,71.000000
2130,0,16,0.442465,0.053876,0.998509,71.000000
2130,0,17,0.489375,0.054131,0.987218,71.000000
2130,0,18,0.537011,0.052483,0.972626,71.000000
2130,0,19,0.584108,0.051344,0.959521,71.000000
2130,0,20,0.447449,0.010798,1.023600,71.000000
2130,0,21,0.495489,0.010234,1.010339,71.000000
2130,0,22,0.542217,0.009892,0.997422,71.000000
2130,0,23,0.590266,0.008481,0.984584,71.000000
2135,0,0,0.427146,0.232397,0.894960,71.166667
2135,0,1,0.474901,0.231754,0.881424,71.166667
2135,0,2,0.522908,0.232617,0.869165,71.166667
2135,0,3,0.571658,0.234752,0.858539,71.166667
2135,0,4,0.434571,0.191155,0.923168,71.166667
2135,0,5,0.482010,0.190706,0.908512,71.166667
2135,0,6,0.529748,0.191604,0.896632,71.166667
2135,0,7,0.578408,0.193203,0.886091,71.166667
2135,0,8,0.441944,0.150087,0.950350,71.166667
2135,0,9,0.489335,0.149742,0.936605,71.166667
2135,0,10,0.537369,0.151054,0.924708,71.166667
2135,0,11,0.585337,0.151966,0.913002,71.166667
2135,0,12,0.448963,0.108904,0.977958,71.166667
2135,0,13,0.496549,0.109173,0.964592,71.166667
2135,0,14,0.544275,0.110048,0.952106,71.166667
2135,0,15,0.592000,0.110613,0.939275,71.166667
2135,0,16,0.456018,0.067702,1.004979,71.166667
2135,0,17,0.503773,0.068534,0.992411,71.166667
2135,0,18,0.551305,0.068825,0.978773,71.166667
2135,0,19,0.599027,0.068955,0.966208,71.166667
2135,0,20,0.463100,0.026793,1.032428,71.166667
2135,0,21,0.511145,0.027313,1.019613,71.166667
2135,0,22,0.558383,0.027651,1.005974,71.166667
2135,0,23,0.606449,0.027921,0.993630,71.166667
2140,0,0,0.426473,0.233734,0.894514,71.333333
2140,0,1,0.473788,0.232935,0.880262,71.333333
2140,0,2,0.522205,0.234156,0.868082,71.333333
2140,0,3,0.570771,0.236517,0.857404,71.333333
2140,0,4,0.433733,0.192509,0.921982,71.333333
2140,0,5,0.481275,0.192043,0.907474,71.333333
2140,0,6,0.529275,0.193601,0.896289,71.333333
2140,0,7,0.577930,0.195140,0.884547,71.333333
2140,0,8,0.441231,0.151158,0.948841,71.333333
2140,0,9,0.488908,0.151553,0.936073,71.333333
2140,0,10,0.536394,0.152371,0.923272,71.333333
2140,0,11,0.584597,0.153567,0.911591,71.333333
2140,0,12,0.448744,0.110550,0.977314,71.333333
2140,0,13,0.496250,0.110686,0.963306,71.333333
2140,0,14,0.543738,0.111708,0.951247,71.333333
2140,0,15,0.591877,0.112705,0.938778,71.333333
2140,0,16,0.456257,0.069368,1.005143,71.333333
2140,0,17,0.503653,0.069786,0.991074,71.333333
2140,0,18,0.551321,0.070529,0.978142,71.333333
2140,0,19,0.598794,0.071383,0.965780,71.333333
2140,0,20,0.462872,0.028153,1.031492,71.333333
2140,0,21,0.510955,0.028918,1.018415,71.333333
2140,0,22,0.558300,0.029735,1.005906,71.333333
2140,0,23,0.606687,0.030135,0.993361,71.333333
2145,0,0,0.420981,0.234563,0.890649,71.500000
2145,0,1,0.468749,0.234113,0.876500,71.500000
2145,0,2,0.516597,0.235320,0.863881,71.500000
2145,0,3,0.564907,0.237221,0.852163,71.500000
2145,0,4,0.429002,0.193228,0.918188,71.500000
2145,0,5,0.475902,0.192628,0.902918,71.500000
2145,0,6,0.523670,0.193743,0.890424,71.500000
2145,0,7,0.572127,0.195906,0.879394,71.500000
2145,0,8,0.436669,0.152140,0.944892,71.500000
2145,0,9,0.484038,0.152366,0.931397,71.500000
2145,0,10,0.531299,0.153277,0.918459,71.500000
2145,0,11,0.578909,0.154625,0.906076,71.500000
2145,0,12,0.443329,0.111220,0.972017,71.500000
2145,0,13,0.491646,0.111374,0.958535,71.500000
2145,0,14,0.538750,0.112228,0.945562,71.500000
2145,0,15,0.586126,0.113147,0.931852,71.500000
2145,0,16,0.451447,0.069562,0.998831,71.500000
2145,0,17,0.498849,0.070279,0.985512,71.500000
2145,0,18,0.546348,0.071065,0.972182,71.500000
2145,0,19,0.594112,0.071797,0.959385,71.500000
2145,0,20,0.458496,0.028632,1.026040,71.500000
2145,0,21,0.506746,0.029343,1.012987,71.500000
2145,0,22,0.553844,0.030016,0.999687,71.500000
2145,0,23,0.601783,0.030577,0.986423,71.500000
2150,0,0,0.417075,0.236490,0.891282,71.666667
2150,0,1,0.464224,0.235941,0.876396,71.666667
2150,0,2,0.511852,0.236887,0.863085,71.666667
2150,0,3,0.560553,0.239412,0.852564,71.666667
2150,0,4,0.424505,0.194386,0.917228,71.666667
2150,0,5,0.471974,0.194225,0.903132,71.666667
2150,0,6,0.519547,0.195553,0.890350,71.666667
2150,0,7,0.567472,0.197296,0.877905,71.666667
2150,0,8,0.432226,0.152447,0.943701,71.666667
2150,0,9,0.479453,0.153032,0.929996,71.666667
2150,0,10,0.526735,0.154076,0.916211,71.666667
2150,0,11,0.574901,0.155981,0.905215,71.666667
2150,0,12,0.439524,0.110740,0.969634,71.666667
2150,0,13,0.487171,0.111562,0.956209,71.666667
2150,0,14,0.534635,0.113029,0.943880,71.666667
2150,0,15,0.581545,0.113433,0.929883,71.666667
2150,0,16,0.447196,0.069458,0.996605,71.666667
2150,0,17,0.494625,0.070233,0.983392,71.666667
2150,0,18,0.542075,0.071226,0.970113,71.666667
2150,0,19,0.589512,0.072159,0.957144,71.666667
2150,0,20,0.453907,0.028077,1.023382,71.666667
2150,0,21,0.502383,0.028564,1.009752,71.666667
2150,0,22,0.549747,0.029509,0.996683,71.666667
2150,0,23,0.597452,0.030371,0.983524,71.666667
2155,0,0,0.411123,0.237304,0.892614,71.833333
2155,0,1,0.457622,0.235990,0.876729,71.833333
2155,0,2,0.506348,0.237255,0.865557,71.833333
2155,0,3,0.554892,0.239363,0.855285,71.833333
2155,0,4,0.417947,0.194247,0.917113,71.833333
2155,0,5,0.464787,0.193477,0.901825,71.833333
2155,0,6,0.512639,0.194638,0.890806,71.833333
2155,0,7,0.561099,0.196078,0.879580,71.833333
2155,0,8,0.424275,0.150962,0.941198,71.833333
2155,0,9,0.471604,0.151795,0.928873,71.833333
2155,0,10,0.519662,0.152379,0.916462,71.833333
2155,0,11,0.567436,0.153013,0.904563,71.833333
2155,0,12,0.430690,0.109270,0.968040,71.833333
2155,0,13,0.478351,0.108828,0.952949,71.833333
2155,0,14,0.526226,0.110456,0.942806,71.833333
2155,0,15,0.573810,0.110365,0.929348,71.833333
2155,0,16,0.437361,0.065848,0.991697,71.833333
2155,0,17,0.485314,0.066262,0.979371,71.833333
2155,0,18,0.532884,0.067068,0.966628,71.833333
2155,0,19,0.580308,0.067259,0.953876,71.833333
2155,0,20,0.443949,0.024179,1.018424,71.833333
2155,0,21,0.491934,0.023779,1.004775,71.833333
2155,0,22,0.539458,0.024622,0.992068,71.833333
2155,0,23,0.587080,0.024717,0.978908,71.833333
2160,0,0,0.401701,0.239528,0.898980,72.000000
2160,0,1,0.450138,0.240011,0.887602,72.000000
2160,0,2,0.499541,0.241128,0.876981,72.000000
2160,0,3,0.548513,0.242613,0.867128,72.000000
2160,0,4,0.407203,0.195187,0.921552,72.000000
2160,0,5,0.455480,0.194585,0.907696,72.000000
2160,0,6,0.505455,0.196690,0.900837,72.000000
2160,0,7,0.553864,0.197733,0.889254,72.000000
2160,0,8,0.413228,0.149886,0.942680,72.000000
2160,0,9,0.462056,0.151392,0.933179,72.000000
2160,0,10,0.510711,0.151910,0.921767,72.000000
2160,0,11,0.559863,0.152667,0.910442,72.000000
2160,0,12,0.418495,0.105731,0.965636,72.000000
2160,0,13,0.467700,0.106332,0.954115,72.000000
2160,0,14,0.517191,0.107642,0.945535,72.000000
2160,0,15,0.565312,0.108366,0.933924,72.000000
2160,0,17,0.473661,0.061731,0.977799,72.000000
2160,0,18,0.521593,0.061578,0.963011,72.000000
2160,0,19,0.570642,0.063487,0.955696,72.000000
2160,0,21,0.478068,0.016273,0.996404,72.000000
2160,0,22,0.527360,0.016823,0.984402,72.000000
2160,0,23,0.576257,0.018767,0.975487,72.000000
2165,0,0,0.383692,0.214967,0.899492,72.166667
2165,0,1,0.430411,0.211546,0.886440,72.166667
2165,0,12,0.389001,0.080211,0.959564,72.166667
2165,0,16,0.390559,0.033835,0.979664,72.166667
2165,0,17,0.439870,0.034583,0.972596,72.166667
2165,0,18,0.487550,0.033514,0.964213,72.166667
2170,0,0,0.381585,0.209643,0.914265,72.333333
2170,0,1,0.430660,0.206814,0.906053,72.333333
2170,0,2,0.480495,0.205924,0.901057,72.333333
2170,0,3,0.530438,0.204856,0.897490,72.333333
2170,0,4,0.383499,0.165103,0.937250,72.333333
2170,0,5,0.432005,0.161592,0.926995,72.333333
2170,0,6,0.481529,0.160372,0.921539,72.333333
2170,0,7,0.531298,0.160080,0.918884,72.333333
2170,0,8,0.385621,0.118656,0.956418,72.333333
2170,0,11,0.531951,0.112777,0.935264,72.333333
2170,0,12,0.386654,0.072390,0.975348,72.333333
2170,0,15,0.533696,0.067158,0.955657,72.333333
2170,0,19,0.535610,0.022195,0.977444,72.333333
2175,0,0,0.364707,0.205657,0.909918,72.500000
2175,0,1,0.413699,0.200794,0.902379,72.500000
2175,0,2,0.462549,0.197130,0.896249,72.500000
2175,0,3,0.512018,0.194442,0.892263,72.500000
2175,0,4,0.363705,0.158974,0.929488,72.500000
2175,0,5,0.412451,0.154847,0.920740,72.500000
2175,0,6,0.461243,0.150924,0.915523,72.500000
2175,0,7,0.511235,0.148213,0.911519,72.500000
2175,0,8,0.362657,0.113425,0.949131,72.500000
2175,0,9,0.411716,0.108879,0.941493,72.500000
2175,0,10,0.461259,0.105954,0.936808,72.500000
2175,0,11,0.510007,0.101876,0.930516,72.500000
2175,0,12,0.361301,0.067473,0.969026,72.500000
2175,0,13,0.411663,0.064025,0.963261,72.500000
2175,0,14,0.461006,0.061121,0.958886,72.500000
2175,0,15,0.509201,0.055924,0.950462,72.500000
2175,0,17,0.410106,0.018691,0.984098,72.500000
2175,0,18,0.459032,0.013752,0.976414,72.500000
2175,0,19,0.509155,0.010687,0.971141,72.500000
2180,0,0,0.353701,0.209090,0.900171,72.666667
2180,0,1,0.402623,0.202598,0.892500,72.666667
2180,0,2,0.450631,0.197165,0.885390,72.666667
2180,0,3,0.499945,0.192065,0.881679,72.666667
2180,0,4,0.350962,0.161757,0.918670,72.666667
2180,0,5,0.398776,0.155301,0.908435,72.666667
2180,0,6,0.448205,0.150631,0.904701,72.666667
2180,0,7,0.496452,0.145339,0.898423,72.666667
2180,0,8,0.347682,0.114833,0.936556,72.666667
2180,0,9,0.395971,0.109148,0.928107,72.666667
2180,0,10,0.444727,0.103597,0.921909,72.666667
2180,0,11,0.494477,0.098911,0.917645,72.666667
2180,0,12,0.344954,0.067813,0.955337,72.666667
2180,0,13,0.393489,0.062451,0.946924,72.666667
2180,0,14,0.442502,0.057051,0.940751,72.666667
2180,0,15,0.490934,0.051796,0.934603,72.666667
2180,0,16,0.341335,0.020795,0.972230,72.666667
2180,0,17,0.390829,0.015639,0.966013,72.666667
2180,0,18,0.439053,0.010326,0.957951,72.666667
2180,0,19,0.487547,0.004955,0.951551,72.666667
2180,0,20,0.338105,-0.025792,0.989746,72.666667
2180,0,21,0.386907,-0.031420,0.981641,72.666667
2180,0,22,0.436450,-0.036328,0.977347,72.666667
2180,0,23,0.484693,-0.042177,0.969815,72.666667
2185,0,0,0.351222,0.202257,0.907940,72.833333
2185,0,1,0.400215,0.196955,0.899518,72.833333
2185,0,2,0.447942,0.192194,0.889977,72.833333
2185,0,3,0.496531,0.187984,0.883109,72.833333
2185,0,4,0.350239,0.155507,0.928170,72.833333
2185,0,5,0.398373,0.150359,0.917741,72.833333
2185,0,6,0.446591,0.145976,0.909227,72.833333
2185,0,7,0.494979,0.141350,0.901273,72.833333
2185,0,8,0.348254,0.108747,0.945848,72.833333
2185,0,9,0.397459,0.103806,0.937651,72.833333
2185,0,10,0.445484,0.099563,0.928618,72.833333
2185,0,11,0.494256,0.095014,0.921245,72.833333
2185,0,12,0.347516,0.062072,0.965988,72.833333
2185,0,13,0.395728,0.057738,0.956441,72.833333
2185,0,14,0.443743,0.053284,0.947462,72.833333
2185,0,15,0.492212,0.048388,0.939006,72.833333
2185,0,16,0.345597,0.016078,0.984792,72.833333
2185,0,17,0.394490,0.011906,0.977138,72.833333
2185,0,18,0.442687,0.006653,0.966550,72.833333
2185,0,19,0.491228,0.001700,0.957842,72.833333
2185,0,20,0.343948,-0.030257,1.003919,72.833333
2185,0,21,0.393000,-0.035058,0.995602,72.833333
2185,0,22,0.440908,-0.039345,0.985880,72.833333
2185,0,23,0.489641,-0.044437,0.976681,72.833333
2190,0,0,0.350510,0.198675,0.909244,73.000000
2190,0,1,0.398889,0.194624,0.898142,73.000000
2190,0,2,0.447462,0.191724,0.890213,73.000000
2190,0,3,0.496739,0.189422,0.883901,73.000000
2190,0,4,0.350572,0.151901,0.927458,73.000000
2190,0,5,0.399187,0.148015,0.917653,73.000000
2190,0,6,0.448092,0.145433,0.909389,73.000000
2190,0,7,0.496533,0.142738,0.901244,73.000000
2190,0,8,0.350681,0.105013,0.945986,73.000000
2190,0,9,0.399818,0.101739,0.937174,73.000000
2190,0,10,0.448676,0.099312,0.928940,73.000000
2190,0,11,0.497703,0.096688,0.921781,73.000000
2190,0,12,0.351025,0.058900,0.965483,73.000000
2190,0,13,0.400234,0.055900,0.956621,73.000000
2190,0,14,0.449257,0.053187,0.949025,73.000000
2190,0,15,0.497899,0.050096,0.940135,73.000000
2190,0,16,0.351148,0.011901,0.983863,73.000000
2190,0,17,0.400422,0.009756,0.976679,73.000000
2190,0,18,0.449310,0.006337,0.967111,73.000000
2190,0,19,0.498208,0.003708,0.959202,73.000000
2190,0,20,0.351725,-0.034320,1.003766,73.000000
2190,0,21,0.400719,-0.037299,0.994740,73.000000
2190,0,22,0.449467,-0.040210,0.986036,73.000000
2190,0,23,0.498328,-0.043309,0.977308,73.000000
2195,0,0,0.343529,0.202568,0.906877,73.166667
2195,0,1,0.391840,0.197579,0.894875,73.166667
2195,0,2,0.439908,0.194049,0.885524,73.166667
2195,0,3,0.488770,0.190558,0.878592,73.166667
2195,0,4,0.342283,0.155867,0.923274,73.166667
2195,0,5,0.391317,0.151205,0.913266,73.166667
2195,0,6,0.440513,0.147514,0.905702,73.166667
2195,0,7,0.489334,0.144596,0.898276,73.166667
2195,0,8,0.342579,0.108975,0.942364,73.166667
2195,0,9,0.391243,0.104959,0.932573,73.166667
2195,0,10,0.439942,0.101151,0.924109,73.166667
2195,0,11,0.488375,0.097544,0.915028,73.166667
2195,0,12,0.341702,0.062669,0.960929,73.166667
2195,0,13,0.391053,0.058575,0.952216,73.166667
2195,0,14,0.440148,0.054770,0.943229,73.166667
2195,0,15,0.488923,0.051330,0.934900,73.166667
2195,0,16,0.341686,0.015592,0.979209,73.166667
2195,0,17,0.391019,0.012635,0.972063,73.166667
2195,0,18,0.440151,0.008419,0.961647,73.166667
2195,0,19,0.488364,0.004618,0.952361,73.166667
2195,0,20,0.341156,-0.030539,0.998763,73.166667
2195,0,21,0.390793,-0.034661,0.989049,73.166667
2195,0,22,0.439971,-0.038089,0.981579,73.166667
2195,0,23,0.488015,-0.042339,0.970036,73.166667
2200,0,0,0.335957,0.203654,0.901231,73.333333
2200,0,1,0.384344,0.197093,0.888986,73.333333
2200,0,2,0.432210,0.191374,0.878897,73.333333
2200,0,3,0.481344,0.186376,0.871866,73.333333
2200,0,4,0.333927,0.156238,0.918207,73.333333
2200,0,5,0.381817,0.150102,0.906636,73.333333
2200,0,6,0.430932,0.144852,0.898266,73.333333
2200,0,7,0.479174,0.139522,0.889358,73.333333
2200,0,8,0.331530,0.109057,0.935129,73.333333
2200,0,9,0.380623,0.103376,0.925802,73.333333
2200,0,10,0.428514,0.097985,0.915806,73.333333
2200,0,11,0.477587,0.092561,0.907262,73.333333
2200,0,12,0.330054,0.062277,0.954555,73.333333
2200,0,13,0.378594,0.056907,0.944550,73.333333
2200,0,14,0.427349,0.051108,0.934830,73.333333
2200,0,15,0.475134,0.045676,0.924424,73.333333
2200,0,16,0.328298,0.015660,0.973518,73.333333
2200,0,17,0.376618,0.009744,0.962530,73.333333
2200,0,18,0.425209,0.004428,0.953045,73.333333
2200,0,19,0.473850,-0.001132,0.943395,73.333333
2200,0,20,0.326496,-0.031021,0.992047,73.333333
2200,0,21,0.374724,-0.036983,0.981064,73.333333
2200,0,22,0.423596,-0.042434,0.971374,73.333333
2200,0,23,0.471331,-0.048221,0.959676,73.333333
