sync_index,object_id,keypoint_id,x_coord,y_coord,z_coord,frame_time
0,0,0,-0.294052,0.160882,-0.181893,0.000000
0,0,1,-0.244615,0.162855,-0.171911,0.000000
0,0,2,-0.195759,0.163863,-0.160804,0.000000
0,0,3,-0.148492,0.165509,-0.148680,0.000000
0,0,4,-0.297374,0.210184,-0.172583,0.000000
0,0,5,-0.248313,0.211730,-0.163957,0.000000
0,0,8,-0.301279,0.259331,-0.163792,0.000000
0,0,9,-0.252453,0.260992,-0.151993,0.000000
0,0,12,-0.304829,0.308496,-0.154490,0.000000
0,0,13,-0.255886,0.309944,-0.142933,0.000000
0,0,14,-0.207223,0.311878,-0.130713,0.000000
0,0,15,-0.158844,0.313580,-0.120097,0.000000
0,0,16,-0.308472,0.357907,-0.145519,0.000000
0,0,17,-0.259843,0.359124,-0.132261,0.000000
0,0,18,-0.211476,0.360478,-0.120414,0.000000
0,0,19,-0.162173,0.362726,-0.109617,0.000000
0,0,20,-0.312134,0.406405,-0.133944,0.000000
0,0,21,-0.262854,0.408239,-0.125174,0.000000
0,0,22,-0.215014,0.409564,-0.111462,0.000000
0,0,23,-0.166181,0.410902,-0.099909,0.000000
5,0,0,-0.289146,0.159692,-0.182332,0.166667
5,0,1,-0.240744,0.161595,-0.170006,0.166667
5,0,2,-0.192689,0.163398,-0.157424,0.166667
5,0,3,-0.143419,0.165376,-0.146960,0.166667
5,0,4,-0.293569,0.208655,-0.171725,0.166667
5,0,5,-0.244859,0.210511,-0.160557,0.166667
5,0,6,-0.196256,0.212378,-0.148909,0.166667
5,0,7,-0.147874,0.214221,-0.137494,0.166667
5,0,8,-0.297480,0.257855,-0.162694,0.166667
5,0,9,-0.248839,0.259648,-0.151291,0.166667
5,0,10,-0.200395,0.261471,-0.139960,0.166667
5,0,11,-0.151955,0.263147,-0.127711,0.166667
5,0,12,-0.301228,0.306884,-0.153065,0.166667
5,0,13,-0.252993,0.308488,-0.141680,0.166667
5,0,14,-0.204447,0.310342,-0.130057,0.166667
5,0,15,-0.155785,0.312034,-0.118491,0.166667
5,0,16,-0.305380,0.355625,-0.144082,0.166667
5,0,17,-0.256845,0.357581,-0.131723,0.166667
5,0,18,-0.208890,0.359200,-0.119950,0.166667
5,0,19,-0.159821,0.361427,-0.109034,0.166667
5,0,20,-0.309603,0.404403,-0.134407,0.166667
5,0,21,-0.260964,0.406294,-0.123145,0.166667
5,0,22,-0.212664,0.408267,-0.110638,0.166667
5,0,23,-0.164197,0.410074,-0.099851,0.166667
10,0,0,-0.288756,0.159210,-0.184131,0.333333
10,0,1,-0.240161,0.161491,-0.173084,0.333333
10,0,2,-0.191539,0.163167,-0.161776,0.333333
10,0,3,-0.142729,0.165514,-0.150851,0.333333
10,0,4,-0.292930,0.208623,-0.174747,0.333333
10,0,5,-0.244501,0.210518,-0.164257,0.333333
10,0,6,-0.195764,0.212526,-0.152517,0.333333
10,0,7,-0.147650,0.214642,-0.140518,0.333333
10,0,8,-0.296811,0.257471,-0.167400,0.333333
10,0,9,-0.248841,0.259388,-0.154542,0.333333
10,0,10,-0.200079,0.261422,-0.143304,0.333333
10,0,11,-0.151340,0.263748,-0.131705,0.333333
10,0,12,-0.301394,0.306482,-0.157242,0.333333
10,0,13,-0.252586,0.308568,-0.146478,0.333333
10,0,14,-0.204353,0.310543,-0.133703,0.333333
10,0,15,-0.155804,0.312744,-0.123076,0.333333
10,0,16,-0.305306,0.355460,-0.148728,0.333333
10,0,17,-0.256942,0.357618,-0.136328,0.333333
10,0,18,-0.208486,0.359730,-0.125489,0.333333
10,0,19,-0.159759,0.361765,-0.113846,0.333333
10,0,20,-0.309614,0.404350,-0.138370,0.333333
10,0,21,-0.261667,0.406573,-0.126929,0.333333
10,0,22,-0.212732,0.408519,-0.115487,0.333333
10,0,23,-0.164105,0.410418,-0.104252,0.333333
15,0,0,-0.286614,0.157666,-0.180838,0.500000
15,0,1,-0.237994,0.160100,-0.168915,0.500000
15,0,2,-0.189104,0.162068,-0.158699,0.500000
15,0,3,-0.140898,0.164644,-0.145972,0.500000
15,0,4,-0.291184,0.206757,-0.171305,0.500000
15,0,5,-0.242534,0.209043,-0.160314,0.500000
15,0,6,-0.193923,0.211212,-0.148761,0.500000
15,0,7,-0.145512,0.213819,-0.137768,0.500000
15,0,8,-0.295281,0.255568,-0.162638,0.500000
15,0,9,-0.247125,0.258011,-0.150928,0.500000
15,0,10,-0.198562,0.260401,-0.139980,0.500000
15,0,11,-0.149623,0.262881,-0.128573,0.500000
15,0,12,-0.300061,0.304861,-0.153664,0.500000
15,0,13,-0.251279,0.307143,-0.143228,0.500000
15,0,14,-0.202912,0.309361,-0.130904,0.500000
15,0,15,-0.154242,0.311809,-0.120115,0.500000
15,0,16,-0.304344,0.353537,-0.144210,0.500000
15,0,17,-0.255877,0.356140,-0.132344,0.500000
15,0,18,-0.207325,0.358674,-0.122867,0.500000
15,0,19,-0.158583,0.360975,-0.110682,0.500000
15,0,20,-0.308824,0.402784,-0.135089,0.500000
15,0,21,-0.260133,0.404975,-0.124341,0.500000
15,0,22,-0.211791,0.407367,-0.112515,0.500000
15,0,23,-0.163043,0.409980,-0.102530,0.500000
20,0,0,-0.286492,0.157978,-0.177714,0.666667
20,0,1,-0.237612,0.160281,-0.167433,0.666667
20,0,2,-0.189145,0.162106,-0.154944,0.666667
20,0,3,-0.140503,0.164632,-0.145119,0.666667
20,0,4,-0.290487,0.207241,-0.169251,0.666667
20,0,5,-0.241876,0.209408,-0.158871,0.666667
20,0,6,-0.193070,0.211821,-0.147194,0.666667
20,0,7,-0.145145,0.213677,-0.134909,0.666667
20,0,8,-0.294740,0.256043,-0.160977,0.666667
20,0,9,-0.246223,0.258388,-0.149400,0.666667
20,0,10,-0.197584,0.260545,-0.138615,0.666667
20,0,11,-0.148858,0.262861,-0.127524,0.666667
20,0,12,-0.298874,0.305460,-0.151883,0.666667
20,0,13,-0.250359,0.307392,-0.141515,0.666667
20,0,14,-0.202066,0.309536,-0.129125,0.666667
20,0,15,-0.153030,0.311966,-0.119595,0.666667
20,0,16,-0.303357,0.354187,-0.143437,0.666667
20,0,17,-0.254812,0.356432,-0.131295,0.666667
20,0,18,-0.206622,0.358406,-0.119304,0.666667
20,0,19,-0.157584,0.361054,-0.108844,0.666667
20,0,20,-0.307816,0.403031,-0.133235,0.666667
20,0,21,-0.259485,0.405094,-0.121478,0.666667
20,0,22,-0.210620,0.407704,-0.111175,0.666667
20,0,23,-0.161933,0.409747,-0.100303,0.666667
25,0,0,-0.285433,0.158719,-0.175711,0.833333
25,0,1,-0.236714,0.161118,-0.164041,0.833333
25,0,2,-0.188795,0.163561,-0.151473,0.833333
25,0,3,-0.139562,0.165968,-0.141307,0.833333
25,0,4,-0.290034,0.207619,-0.165958,0.833333
25,0,5,-0.241191,0.210047,-0.155915,0.833333
25,0,6,-0.192658,0.212585,-0.143472,0.833333
25,0,7,-0.143650,0.214976,-0.133921,0.833333
25,0,8,-0.294426,0.256617,-0.156851,0.833333
25,0,9,-0.245527,0.259240,-0.146718,0.833333
25,0,10,-0.197070,0.261453,-0.135140,0.833333
25,0,11,-0.148293,0.264157,-0.124144,0.833333
25,0,12,-0.298784,0.305698,-0.148642,0.833333
25,0,13,-0.250109,0.308092,-0.138139,0.833333
25,0,14,-0.201731,0.310668,-0.126120,0.833333
25,0,15,-0.152746,0.313228,-0.116502,0.833333
25,0,16,-0.302958,0.354719,-0.140879,0.833333
25,0,17,-0.254783,0.357299,-0.128187,0.833333
25,0,18,-0.206603,0.359350,-0.116355,0.833333
25,0,19,-0.157616,0.362192,-0.106385,0.833333
25,0,20,-0.307721,0.403691,-0.131028,0.833333
25,0,21,-0.259216,0.406187,-0.120493,0.833333
25,0,22,-0.210818,0.408731,-0.108189,0.833333
25,0,23,-0.162301,0.410993,-0.097129,0.833333
30,0,0,-0.285495,0.158888,-0.175110,1.000000
30,0,1,-0.236747,0.161624,-0.163753,1.000000
30,0,2,-0.188214,0.163519,-0.152447,1.000000
30,0,3,-0.139575,0.166476,-0.141661,1.000000
30,0,4,-0.290244,0.207674,-0.166044,1.000000
30,0,5,-0.241388,0.210407,-0.155701,1.000000
30,0,6,-0.192687,0.212938,-0.143768,1.000000
30,0,7,-0.143562,0.215222,-0.134326,1.000000
30,0,8,-0.294402,0.256837,-0.157252,1.000000
30,0,9,-0.246074,0.259388,-0.146199,1.000000
30,0,10,-0.197167,0.261722,-0.135304,1.000000
30,0,11,-0.148573,0.264379,-0.124194,1.000000
30,0,12,-0.298937,0.306092,-0.148453,1.000000
30,0,13,-0.250445,0.308270,-0.137328,1.000000
30,0,14,-0.201893,0.310832,-0.126471,1.000000
30,0,15,-0.153417,0.313421,-0.114815,1.000000
30,0,16,-0.303491,0.354931,-0.139706,1.000000
30,0,17,-0.254954,0.357595,-0.127978,1.000000
30,0,18,-0.206336,0.359946,-0.117831,1.000000
30,0,19,-0.157536,0.362824,-0.106592,1.000000
30,0,20,-0.308191,0.403919,-0.130347,1.000000
30,0,21,-0.259745,0.406337,-0.119150,1.000000
30,0,22,-0.210939,0.409121,-0.108208,1.000000
30,0,23,-0.162234,0.411674,-0.098221,1.000000
35,0,0,-0.283612,0.157385,-0.176958,1.166667
35,0,1,-0.234835,0.160030,-0.166207,1.166667
35,0,2,-0.186232,0.162208,-0.154662,1.166667
35,0,3,-0.137429,0.165246,-0.143509,1.166667
35,0,4,-0.288475,0.206318,-0.167342,1.166667
35,0,5,-0.239593,0.209152,-0.157332,1.166667
35,0,6,-0.190887,0.211464,-0.145735,1.166667
35,0,7,-0.141857,0.214218,-0.135649,1.166667
35,0,8,-0.293242,0.255558,-0.158257,1.166667
35,0,9,-0.244042,0.258349,-0.148031,1.166667
35,0,10,-0.195610,0.260607,-0.136526,1.166667
35,0,11,-0.146678,0.263506,-0.125338,1.166667
35,0,12,-0.297399,0.304839,-0.149716,1.166667
35,0,13,-0.248942,0.307169,-0.138878,1.166667
35,0,14,-0.200374,0.309897,-0.127189,1.166667
35,0,15,-0.151952,0.312951,-0.117252,1.166667
35,0,16,-0.302464,0.353634,-0.140726,1.166667
35,0,17,-0.253621,0.356385,-0.129454,1.166667
35,0,18,-0.205314,0.358914,-0.117954,1.166667
35,0,19,-0.156177,0.361659,-0.107192,1.166667
35,0,20,-0.306966,0.402597,-0.131123,1.166667
35,0,21,-0.258107,0.405013,-0.121012,1.166667
35,0,22,-0.209515,0.408005,-0.109485,1.166667
35,0,23,-0.160784,0.410474,-0.099061,1.166667
40,0,1,-0.235037,0.152580,-0.163914,1.333333
40,0,2,-0.186741,0.154888,-0.152802,1.333333
40,0,3,-0.137113,0.157762,-0.142607,1.333333
40,0,6,-0.190492,0.204245,-0.144781,1.333333
40,0,7,-0.142025,0.206252,-0.134251,1.333333
40,0,11,-0.146619,0.255678,-0.125194,1.333333
40,0,16,-0.302109,0.346126,-0.140919,1.333333
40,0,20,-0.306150,0.394600,-0.132466,1.333333
75,0,3,-0.164784,-0.009062,-0.131017,2.500000
80,0,2,-0.211753,-0.031107,-0.126333,2.666667
80,0,3,-0.162392,-0.022989,-0.126423,2.666667
80,0,4,-0.317807,-0.001994,-0.141318,2.666667
80,0,5,-0.267995,0.004714,-0.144136,2.666667
80,0,6,-0.219376,0.014011,-0.145742,2.666667
80,0,7,-0.170314,0.021767,-0.148046,2.666667
80,0,11,-0.178478,0.067640,-0.168084,2.666667
80,0,15,-0.187142,0.112147,-0.190680,2.666667
80,0,19,-0.194668,0.158642,-0.208142,2.666667
80,0,23,-0.204572,0.202979,-0.227610,2.666667
85,0,0,-0.303255,-0.057857,-0.115508,2.833333
85,0,1,-0.254553,-0.048251,-0.118422,2.833333
85,0,2,-0.205645,-0.039296,-0.121500,2.833333
85,0,3,-0.156428,-0.029271,-0.124800,2.833333
85,0,4,-0.313066,-0.012749,-0.135330,2.833333
85,0,5,-0.264151,-0.004088,-0.139891,2.833333
85,0,6,-0.215419,0.005533,-0.141500,2.833333
85,0,7,-0.166485,0.014756,-0.143767,2.833333
85,0,8,-0.322655,0.031563,-0.155422,2.833333
85,0,9,-0.273939,0.040886,-0.158145,2.833333
85,0,10,-0.224721,0.050086,-0.161061,2.833333
85,0,11,-0.176476,0.059209,-0.163735,2.833333
85,0,12,-0.332162,0.076434,-0.176379,2.833333
85,0,13,-0.283146,0.085434,-0.178573,2.833333
85,0,14,-0.234597,0.095059,-0.181128,2.833333
85,0,15,-0.185866,0.104214,-0.186100,2.833333
85,0,16,-0.342077,0.120732,-0.196063,2.833333
85,0,17,-0.292729,0.131025,-0.198851,2.833333
85,0,18,-0.244019,0.139797,-0.201477,2.833333
85,0,19,-0.195235,0.149085,-0.205497,2.833333
85,0,20,-0.351863,0.165645,-0.216121,2.833333
85,0,21,-0.302674,0.175203,-0.218871,2.833333
85,0,22,-0.253403,0.185537,-0.221860,2.833333
85,0,23,-0.204853,0.194025,-0.225417,2.833333
90,0,0,-0.300949,-0.059362,-0.112739,3.000000
90,0,1,-0.252369,-0.050164,-0.117672,3.000000
90,0,2,-0.204078,-0.040451,-0.120054,3.000000
90,0,3,-0.154654,-0.031379,-0.123194,3.000000
90,0,4,-0.311066,-0.015108,-0.134574,3.000000
90,0,5,-0.261758,-0.006411,-0.139866,3.000000
90,0,6,-0.213164,0.004171,-0.141295,3.000000
90,0,7,-0.164536,0.013180,-0.144374,3.000000
90,0,8,-0.320927,0.029039,-0.155260,3.000000
90,0,9,-0.272074,0.039155,-0.158468,3.000000
90,0,10,-0.223255,0.048365,-0.160896,3.000000
90,0,11,-0.174518,0.058024,-0.163112,3.000000
90,0,12,-0.330922,0.073915,-0.174571,3.000000
90,0,13,-0.281897,0.083391,-0.177833,3.000000
90,0,14,-0.232894,0.093240,-0.181759,3.000000
90,0,15,-0.183729,0.102149,-0.184074,3.000000
90,0,16,-0.341187,0.118188,-0.196835,3.000000
90,0,17,-0.291947,0.128036,-0.199030,3.000000
90,0,18,-0.242307,0.137101,-0.202122,3.000000
90,0,19,-0.193614,0.147676,-0.205122,3.000000
90,0,20,-0.350346,0.163498,-0.216770,3.000000
90,0,21,-0.302166,0.172751,-0.218381,3.000000
90,0,22,-0.252849,0.182213,-0.222754,3.000000
90,0,23,-0.203768,0.191815,-0.225069,3.000000
95,0,0,-0.301324,-0.063353,-0.113419,3.166667
95,0,1,-0.252520,-0.053304,-0.114626,3.166667
95,0,2,-0.203371,-0.044024,-0.119771,3.166667
95,0,3,-0.154964,-0.033882,-0.120710,3.166667
95,0,4,-0.311558,-0.018401,-0.131907,3.166667
95,0,5,-0.262498,-0.008814,-0.134546,3.166667
95,0,6,-0.213926,0.000866,-0.138166,3.166667
95,0,7,-0.165258,0.010928,-0.142527,3.166667
95,0,8,-0.321623,0.025544,-0.153745,3.166667
95,0,9,-0.272985,0.035577,-0.155370,3.166667
95,0,10,-0.223744,0.045458,-0.157174,3.166667
95,0,11,-0.174935,0.055926,-0.162147,3.166667
95,0,12,-0.332054,0.069715,-0.173336,3.166667
95,0,13,-0.282817,0.080136,-0.175994,3.166667
95,0,14,-0.234003,0.090679,-0.179679,3.166667
95,0,15,-0.184872,0.099715,-0.182273,3.166667
95,0,17,-0.292960,0.125763,-0.196504,3.166667
95,0,18,-0.244321,0.134540,-0.200560,3.166667
95,0,19,-0.195314,0.145102,-0.203120,3.166667
95,0,22,-0.254540,0.179639,-0.219884,3.166667
95,0,23,-0.205611,0.189171,-0.224073,3.166667
100,0,3,-0.153966,-0.042265,-0.117413,3.333333
100,0,7,-0.164828,0.001361,-0.140203,3.333333
100,0,11,-0.175258,0.046083,-0.159462,3.333333
105,0,1,-0.244258,-0.078821,-0.107399,3.500000
105,0,2,-0.196110,-0.067191,-0.112858,3.500000
105,0,3,-0.147086,-0.055211,-0.115561,3.500000
105,0,5,-0.256591,-0.034791,-0.129739,3.500000
105,0,6,-0.207470,-0.022257,-0.130877,3.500000
105,0,7,-0.159465,-0.011469,-0.136498,3.500000
105,0,9,-0.268399,0.009818,-0.147440,3.500000
105,0,10,-0.219596,0.020966,-0.151249,3.500000
105,0,11,-0.171286,0.033480,-0.154312,3.500000
105,0,13,-0.280378,0.053464,-0.169972,3.500000
105,0,14,-0.231659,0.066486,-0.170959,3.500000
105,0,15,-0.183039,0.077245,-0.172868,3.500000
105,0,19,-0.195702,0.122097,-0.192184,3.500000
105,0,23,-0.208179,0.166180,-0.213983,3.500000
110,0,0,-0.287477,-0.097848,-0.098363,3.666667
110,0,1,-0.239654,-0.085471,-0.102762,3.666667
110,0,2,-0.191081,-0.073134,-0.105896,3.666667
110,0,3,-0.142863,-0.060440,-0.110108,3.666667
110,0,4,-0.300616,-0.053578,-0.117325,3.666667
110,0,5,-0.251938,-0.041412,-0.122285,3.666667
110,0,6,-0.203861,-0.028402,-0.124970,3.666667
110,0,7,-0.155039,-0.017151,-0.130791,3.666667
110,0,8,-0.312551,-0.009688,-0.137595,3.666667
110,0,9,-0.264984,0.002807,-0.141765,3.666667
110,0,10,-0.217363,0.015553,-0.145198,3.666667
110,0,11,-0.168250,0.027869,-0.149311,3.666667
110,0,12,-0.325811,0.034409,-0.157704,3.666667
110,0,13,-0.277439,0.046630,-0.162157,3.666667
110,0,14,-0.229222,0.059774,-0.165914,3.666667
110,0,15,-0.180146,0.071211,-0.168073,3.666667
110,0,16,-0.338314,0.078082,-0.178996,3.666667
110,0,17,-0.290277,0.091754,-0.181459,3.666667
110,0,18,-0.241913,0.103553,-0.183698,3.666667
110,0,19,-0.193809,0.116516,-0.188649,3.666667
110,0,20,-0.351639,0.122351,-0.196946,3.666667
110,0,21,-0.302966,0.135181,-0.200211,3.666667
110,0,22,-0.254802,0.148096,-0.204984,3.666667
110,0,23,-0.206841,0.160061,-0.208612,3.666667
115,0,0,-0.286640,-0.099937,-0.094173,3.833333
115,0,1,-0.238741,-0.087459,-0.097427,3.833333
115,0,2,-0.191310,-0.074298,-0.100276,3.833333
115,0,3,-0.142260,-0.062532,-0.104728,3.833333
115,0,4,-0.299454,-0.055103,-0.112616,3.833333
115,0,5,-0.251076,-0.043378,-0.117100,3.833333
115,0,6,-0.203127,-0.030745,-0.120663,3.833333
115,0,7,-0.155201,-0.018278,-0.124981,3.833333
115,0,8,-0.312189,-0.011780,-0.134787,3.833333
115,0,9,-0.264160,0.001491,-0.135744,3.833333
115,0,10,-0.215811,0.013646,-0.139157,3.833333
115,0,11,-0.167968,0.026328,-0.143094,3.833333
115,0,12,-0.324990,0.033047,-0.152509,3.833333
115,0,13,-0.276896,0.045450,-0.155118,3.833333
115,0,14,-0.228738,0.058228,-0.158797,3.833333
115,0,15,-0.180973,0.070493,-0.162798,3.833333
115,0,16,-0.337858,0.076814,-0.171792,3.833333
115,0,17,-0.289573,0.090016,-0.175046,3.833333
115,0,18,-0.241606,0.102201,-0.179501,3.833333
115,0,19,-0.193276,0.115228,-0.181940,3.833333
115,0,20,-0.350655,0.121104,-0.192122,3.833333
115,0,21,-0.302837,0.133821,-0.194712,3.833333
115,0,22,-0.254215,0.146915,-0.198429,3.833333
115,0,23,-0.205691,0.158695,-0.202982,3.833333
120,0,0,-0.285675,-0.099679,-0.093111,4.000000
120,0,1,-0.238213,-0.086214,-0.094544,4.000000
120,0,2,-0.189884,-0.074098,-0.097315,4.000000
120,0,3,-0.141634,-0.062126,-0.103160,4.000000
120,0,4,-0.299256,-0.054545,-0.110332,4.000000
120,0,5,-0.250575,-0.042961,-0.116469,4.000000
120,0,6,-0.202664,-0.029497,-0.117587,4.000000
120,0,7,-0.155184,-0.017307,-0.122045,4.000000
120,0,8,-0.311470,-0.011048,-0.132084,4.000000
120,0,9,-0.263751,0.002060,-0.133816,4.000000
120,0,10,-0.215520,0.014285,-0.138771,4.000000
120,0,11,-0.167178,0.026998,-0.141634,4.000000
120,0,12,-0.324808,0.033550,-0.150183,4.000000
120,0,13,-0.276671,0.045837,-0.155530,4.000000
120,0,14,-0.228355,0.058950,-0.157078,4.000000
120,0,15,-0.179639,0.070812,-0.162283,4.000000
120,0,16,-0.337765,0.077458,-0.170748,4.000000
120,0,17,-0.289366,0.090058,-0.173229,4.000000
120,0,18,-0.240698,0.102313,-0.179041,4.000000
120,0,19,-0.192974,0.115341,-0.179656,4.000000
120,0,20,-0.350125,0.121917,-0.189923,4.000000
120,0,21,-0.301947,0.134563,-0.191405,4.000000
120,0,22,-0.253858,0.147775,-0.195983,4.000000
120,0,23,-0.205946,0.159627,-0.200749,4.000000
125,0,0,-0.284609,-0.099337,-0.089359,4.166667
125,0,1,-0.236578,-0.086709,-0.092916,4.166667
125,0,2,-0.187747,-0.074776,-0.096319,4.166667
125,0,3,-0.140172,-0.062159,-0.100239,4.166667
125,0,4,-0.297675,-0.054932,-0.108178,4.166667
125,0,5,-0.249256,-0.042609,-0.111162,4.166667
125,0,6,-0.201180,-0.030206,-0.115450,4.166667
125,0,7,-0.153117,-0.018094,-0.120806,4.166667
125,0,8,-0.310325,-0.011045,-0.128361,4.166667
125,0,9,-0.262170,0.001598,-0.131617,4.166667
125,0,10,-0.213731,0.013892,-0.134838,4.166667
125,0,11,-0.166203,0.025983,-0.139138,4.166667
125,0,12,-0.323154,0.033366,-0.147864,4.166667
125,0,13,-0.274912,0.045996,-0.150652,4.166667
125,0,14,-0.226807,0.058068,-0.155001,4.166667
125,0,15,-0.178779,0.070586,-0.160027,4.166667
125,0,16,-0.335862,0.077088,-0.168351,4.166667
125,0,17,-0.287851,0.090060,-0.170658,4.166667
125,0,18,-0.239486,0.102298,-0.175236,4.166667
125,0,19,-0.191149,0.115405,-0.178440,4.166667
125,0,20,-0.348944,0.121383,-0.186740,4.166667
125,0,21,-0.301002,0.134260,-0.190713,4.166667
125,0,22,-0.252562,0.146558,-0.193404,4.166667
125,0,23,-0.203920,0.159293,-0.196717,4.166667
130,0,0,-0.284059,-0.100091,-0.088133,4.333333
130,0,1,-0.235964,-0.087249,-0.091408,4.333333
130,0,2,-0.187329,-0.075181,-0.094951,4.333333
130,0,3,-0.139603,-0.062140,-0.098909,4.333333
130,0,4,-0.297062,-0.055800,-0.107461,4.333333
130,0,5,-0.248756,-0.043435,-0.111125,4.333333
130,0,6,-0.200621,-0.030379,-0.114573,4.333333
130,0,7,-0.152725,-0.018019,-0.117508,4.333333
130,0,8,-0.309894,-0.012100,-0.127778,4.333333
130,0,9,-0.261989,0.000845,-0.130855,4.333333
130,0,10,-0.213772,0.013266,-0.135777,4.333333
130,0,11,-0.165615,0.026597,-0.137282,4.333333
130,0,12,-0.322943,0.032173,-0.147072,4.333333
130,0,13,-0.274722,0.044793,-0.150943,4.333333
130,0,14,-0.226727,0.058023,-0.153943,4.333333
130,0,15,-0.178008,0.070140,-0.157378,4.333333
130,0,16,-0.335714,0.075722,-0.168369,4.333333
130,0,17,-0.287841,0.089365,-0.169874,4.333333
130,0,18,-0.239811,0.101792,-0.174334,4.333333
130,0,19,-0.191695,0.114739,-0.177046,4.333333
130,0,20,-0.348842,0.120532,-0.187148,4.333333
130,0,21,-0.300721,0.133290,-0.188999,4.333333
130,0,22,-0.252891,0.145623,-0.192733,4.333333
130,0,23,-0.204375,0.158923,-0.195901,4.333333
135,0,0,-0.283760,-0.099804,-0.086480,4.500000
135,0,1,-0.236108,-0.086735,-0.090184,4.500000
135,0,2,-0.187614,-0.074618,-0.093587,4.500000
135,0,3,-0.139639,-0.061889,-0.097750,4.500000
135,0,4,-0.297188,-0.055111,-0.106226,4.500000
135,0,5,-0.248988,-0.042857,-0.109252,4.500000
135,0,6,-0.200895,-0.030267,-0.113185,4.500000
135,0,7,-0.152597,-0.018084,-0.117702,4.500000
135,0,8,-0.309491,-0.011803,-0.127361,4.500000
135,0,9,-0.261902,0.001270,-0.129661,4.500000
135,0,10,-0.212884,0.013451,-0.133479,4.500000
135,0,11,-0.165731,0.026069,-0.136888,4.500000
135,0,12,-0.323052,0.032641,-0.146072,4.500000
135,0,13,-0.274588,0.045582,-0.148380,4.500000
135,0,14,-0.226410,0.058447,-0.152326,4.500000
135,0,15,-0.178265,0.070630,-0.157699,4.500000
135,0,16,-0.335829,0.076661,-0.166355,4.500000
135,0,17,-0.288017,0.089230,-0.167977,4.500000
135,0,18,-0.239457,0.102155,-0.173206,4.500000
135,0,19,-0.190952,0.115335,-0.176109,4.500000
135,0,20,-0.348845,0.121026,-0.184746,4.500000
135,0,21,-0.300571,0.133941,-0.187099,4.500000
135,0,22,-0.252561,0.146258,-0.190681,4.500000
135,0,23,-0.204187,0.159450,-0.193284,4.500000
140,0,0,-0.280739,-0.096691,-0.081389,4.666667
140,0,1,-0.232736,-0.084263,-0.084054,4.666667
140,0,2,-0.184941,-0.071779,-0.087914,4.666667
140,0,3,-0.135737,-0.059826,-0.090633,4.666667
140,0,12,-0.318688,0.036478,-0.137934,4.666667
140,0,15,-0.172464,0.073341,-0.150820,4.666667
140,0,16,-0.330521,0.080932,-0.157242,4.666667
140,0,17,-0.282505,0.091213,-0.165581,4.666667
140,0,18,-0.234713,0.106090,-0.163784,4.666667
140,0,19,-0.185341,0.118908,-0.167982,4.666667
140,0,20,-0.343644,0.125557,-0.176428,4.666667
140,0,21,-0.295546,0.137801,-0.179817,4.666667
140,0,22,-0.247020,0.150736,-0.183540,4.666667
140,0,23,-0.197917,0.162453,-0.185663,4.666667
145,0,2,-0.170521,-0.067724,-0.074412,4.833333
145,0,17,-0.269303,0.099359,-0.146010,4.833333
145,0,21,-0.283353,0.144096,-0.165575,4.833333
180,0,2,0.059986,-0.042216,0.039386,6.000000
180,0,3,0.108138,-0.028751,0.039568,6.000000
185,0,0,-0.015707,-0.063826,-0.001411,6.166667
185,0,1,0.029451,-0.052405,0.014889,6.166667
185,0,2,0.077652,-0.042257,0.025973,6.166667
185,0,4,-0.021936,-0.016192,-0.017731,6.166667
185,0,5,0.025959,-0.006968,-0.006408,6.166667
185,0,6,0.070916,0.003512,0.009059,6.166667
185,0,17,0.010066,0.132995,-0.060983,6.166667
185,0,18,0.054966,0.143268,-0.045703,6.166667
185,0,19,0.104003,0.154029,-0.034624,6.166667
185,0,21,0.004495,0.178580,-0.079020,6.166667
190,0,0,-0.002046,-0.071118,-0.017041,6.333333
190,0,1,0.043487,-0.060396,-0.000917,6.333333
190,0,2,0.091038,-0.049924,0.012144,6.333333
190,0,3,0.136984,-0.039793,0.027867,6.333333
190,0,4,-0.007721,-0.023898,-0.033824,6.333333
190,0,5,0.040136,-0.014000,-0.021245,6.333333
190,0,6,0.086155,-0.002924,-0.005110,6.333333
190,0,7,0.131172,0.007749,0.011647,6.333333
190,0,8,-0.011743,0.022434,-0.053540,6.333333
190,0,9,0.034751,0.033685,-0.037477,6.333333
190,0,10,0.080508,0.043858,-0.021325,6.333333
190,0,11,0.127930,0.053796,-0.008046,6.333333
190,0,12,-0.017283,0.069216,-0.069663,6.333333
190,0,13,0.029363,0.080134,-0.054925,6.333333
190,0,14,0.076739,0.090973,-0.040014,6.333333
190,0,15,0.124509,0.100548,-0.026564,6.333333
190,0,16,-0.021378,0.115775,-0.088643,6.333333
190,0,17,0.024954,0.126647,-0.072819,6.333333
190,0,18,0.072769,0.136887,-0.059056,6.333333
190,0,19,0.119365,0.148146,-0.043611,6.333333
190,0,20,-0.026058,0.162641,-0.106048,6.333333
190,0,21,0.020713,0.173406,-0.091836,6.333333
190,0,22,0.067635,0.184474,-0.075946,6.333333
190,0,23,0.114385,0.194243,-0.061502,6.333333
195,0,0,0.004410,-0.070396,-0.015130,6.500000
195,0,1,0.049982,-0.059540,-0.000269,6.500000
195,0,2,0.095726,-0.049216,0.016174,6.500000
195,0,3,0.143616,-0.038956,0.030076,6.500000
195,0,6,0.091916,-0.003485,-0.002720,6.500000
195,0,7,0.136797,0.007910,0.015862,6.500000
195,0,11,0.134085,0.053040,-0.005227,6.500000
195,0,12,-0.009747,0.069193,-0.069354,6.500000
195,0,15,0.131325,0.100611,-0.022453,6.500000
195,0,16,-0.012159,0.116617,-0.089359,6.500000
205,0,6,0.134408,0.015944,0.024052,6.833333
205,0,11,0.174261,0.074144,0.028999,6.833333
210,0,0,0.066536,-0.063020,0.009298,7.000000
210,0,1,0.110943,-0.050631,0.028479,7.000000
210,0,2,0.152237,-0.042071,0.055320,7.000000
210,0,3,0.195437,-0.027680,0.077456,7.000000
215,0,0,0.074083,-0.074472,-0.001361,7.166667
215,0,1,0.115781,-0.062389,0.023214,7.166667
215,0,2,0.156890,-0.051804,0.047976,7.166667
215,0,3,0.201523,-0.040466,0.070254,7.166667
215,0,4,0.069783,-0.026564,-0.016756,7.166667
215,0,5,0.110576,-0.015001,0.009003,7.166667
215,0,6,0.154840,-0.004386,0.031116,7.166667
215,0,7,0.196574,0.006472,0.055566,7.166667
215,0,8,0.066392,0.020825,-0.032787,7.166667
215,0,9,0.108823,0.032419,-0.008090,7.166667
215,0,10,0.152267,0.042698,0.015206,7.166667
215,0,11,0.193749,0.053409,0.038892,7.166667
215,0,12,0.062628,0.068486,-0.047662,7.166667
215,0,13,0.105799,0.079375,-0.024412,7.166667
215,0,14,0.148247,0.091131,-0.000305,7.166667
215,0,15,0.192347,0.101159,0.022522,7.166667
215,0,16,0.059223,0.115841,-0.062557,7.166667
215,0,17,0.101597,0.127466,-0.038811,7.166667
215,0,18,0.144573,0.138355,-0.015500,7.166667
215,0,19,0.187386,0.149779,0.008326,7.166667
215,0,20,0.055299,0.163361,-0.078354,7.166667
215,0,21,0.098117,0.174772,-0.054708,7.166667
215,0,22,0.140904,0.185898,-0.031188,7.166667
215,0,23,0.184393,0.196660,-0.007924,7.166667
220,0,0,0.077817,-0.069065,-0.004590,7.333333
220,0,1,0.116669,-0.058502,0.023677,7.333333
220,0,2,0.157750,-0.046972,0.050727,7.333333
220,0,3,0.200772,-0.036608,0.075614,7.333333
220,0,4,0.072662,-0.020413,-0.016235,7.333333
220,0,5,0.114905,-0.010341,0.008516,7.333333
220,0,6,0.155830,0.000666,0.035530,7.333333
220,0,7,0.196698,0.011276,0.060645,7.333333
220,0,8,0.069972,0.027335,-0.031237,7.333333
220,0,9,0.110810,0.037880,-0.004689,7.333333
220,0,10,0.153775,0.048318,0.018611,7.333333
220,0,11,0.194499,0.058307,0.045694,7.333333
220,0,12,0.066348,0.075924,-0.044440,7.333333
220,0,13,0.108131,0.085866,-0.019531,7.333333
220,0,14,0.149845,0.097100,0.007033,7.333333
220,0,15,0.189731,0.107078,0.032658,7.333333
220,0,16,0.062608,0.123383,-0.059081,7.333333
220,0,17,0.104568,0.133891,-0.033507,7.333333
220,0,18,0.147627,0.144156,-0.009624,7.333333
220,0,19,0.187944,0.154864,0.016700,7.333333
220,0,20,0.059627,0.171376,-0.073149,7.333333
220,0,21,0.101700,0.181689,-0.047922,7.333333
220,0,23,0.183135,0.203136,0.004417,7.333333
225,0,0,0.076985,-0.067128,-0.000959,7.500000
225,0,1,0.118559,-0.057274,0.025166,7.500000
225,0,2,0.161756,-0.048168,0.049724,7.500000
225,0,3,0.201954,-0.037634,0.077095,7.500000
225,0,4,0.074038,-0.019082,-0.014245,7.500000
225,0,5,0.116478,-0.009656,0.010910,7.500000
225,0,6,0.156503,0.001529,0.039572,7.500000
225,0,7,0.197616,0.010781,0.064907,7.500000
225,0,8,0.070440,0.028997,-0.026870,7.500000
225,0,9,0.111299,0.039580,0.000677,7.500000
225,0,10,0.153354,0.048990,0.025971,7.500000
225,0,11,0.194046,0.059105,0.052664,7.500000
225,0,12,0.066439,0.078017,-0.038551,7.500000
225,0,13,0.107923,0.087512,-0.012611,7.500000
225,0,14,0.148980,0.097733,0.014215,7.500000
225,0,15,0.190042,0.107535,0.040289,7.500000
225,0,16,0.062427,0.126061,-0.051032,7.500000
225,0,17,0.103948,0.136304,-0.024485,7.500000
225,0,18,0.145765,0.145949,0.001029,7.500000
225,0,19,0.186500,0.155748,0.028286,7.500000
225,0,20,0.058639,0.174372,-0.063114,7.500000
225,0,21,0.100076,0.184554,-0.036681,7.500000
225,0,22,0.141197,0.194290,-0.010384,7.500000
225,0,23,0.182584,0.204263,0.017002,7.500000
230,0,0,0.078164,-0.065845,-0.001676,7.666667
230,0,1,0.119238,-0.055958,0.025053,7.666667
230,0,2,0.160683,-0.046757,0.051165,7.666667
230,0,3,0.201904,-0.037333,0.077633,7.666667
230,0,4,0.074043,-0.017237,-0.013111,7.666667
230,0,5,0.114935,-0.007510,0.013790,7.666667
230,0,6,0.156695,0.002257,0.040254,7.666667
230,0,7,0.199047,0.011158,0.065399,7.666667
230,0,8,0.070445,0.031163,-0.024424,7.666667
230,0,9,0.111340,0.040848,0.001889,7.666667
230,0,10,0.153101,0.050491,0.028230,7.666667
230,0,11,0.194111,0.059896,0.054797,7.666667
230,0,12,0.066029,0.080322,-0.035294,7.666667
230,0,13,0.107871,0.089518,-0.009240,7.666667
230,0,14,0.148810,0.099572,0.017620,7.666667
230,0,15,0.189811,0.108884,0.043953,7.666667
230,0,16,0.062115,0.128679,-0.046637,7.666667
230,0,17,0.103357,0.139041,-0.019740,7.666667
230,0,18,0.144936,0.148339,0.004898,7.666667
230,0,19,0.186211,0.158001,0.032786,7.666667
230,0,20,0.057684,0.177684,-0.057226,7.666667
230,0,21,0.099721,0.187081,-0.031865,7.666667
230,0,22,0.140389,0.197168,-0.004329,7.666667
230,0,23,0.182012,0.206158,0.022097,7.666667
235,0,0,0.078721,-0.067268,-0.003299,7.833333
235,0,1,0.120641,-0.057942,0.021933,7.833333
235,0,2,0.160855,-0.048200,0.049476,7.833333
235,0,3,0.203647,-0.039256,0.074611,7.833333
235,0,4,0.074908,-0.018522,-0.014983,7.833333
235,0,5,0.117072,-0.009498,0.010170,7.833333
235,0,6,0.157714,0.000532,0.038049,7.833333
235,0,7,0.198398,0.009660,0.064633,7.833333
235,0,8,0.070928,0.029952,-0.026115,7.833333
235,0,9,0.111892,0.039678,0.000956,7.833333
235,0,10,0.152792,0.048976,0.027883,7.833333
235,0,11,0.194880,0.058583,0.053419,7.833333
235,0,12,0.065769,0.079144,-0.035187,7.833333
235,0,13,0.107214,0.088494,-0.009141,7.833333
235,0,14,0.148699,0.098103,0.017299,7.833333
235,0,15,0.191806,0.107046,0.041433,7.833333
235,0,16,0.061392,0.127630,-0.045615,7.833333
235,0,17,0.103080,0.137876,-0.019860,7.833333
235,0,18,0.144193,0.146861,0.006567,7.833333
235,0,19,0.186181,0.156841,0.033162,7.833333
235,0,20,0.056340,0.176661,-0.055652,7.833333
235,0,21,0.099076,0.186125,-0.030931,7.833333
235,0,22,0.139615,0.195835,-0.003361,7.833333
235,0,23,0.181077,0.205046,0.022926,7.833333
240,0,0,0.079909,-0.068648,-0.006121,8.000000
240,0,1,0.121367,-0.059588,0.020327,8.000000
240,0,2,0.162393,-0.050025,0.047301,8.000000
240,0,3,0.204898,-0.040838,0.072780,8.000000
240,0,4,0.075669,-0.019896,-0.016327,8.000000
240,0,5,0.118224,-0.011164,0.009240,8.000000
240,0,6,0.158507,-0.001188,0.036907,8.000000
240,0,7,0.201696,0.007262,0.061814,8.000000
240,0,8,0.071138,0.028993,-0.027093,8.000000
240,0,9,0.112208,0.038343,0.000886,8.000000
240,0,10,0.155307,0.047092,0.025760,8.000000
240,0,11,0.195282,0.056979,0.053604,8.000000
240,0,12,0.066439,0.078148,-0.035830,8.000000
240,0,13,0.107733,0.086965,-0.008881,8.000000
240,0,14,0.149281,0.096601,0.017179,8.000000
240,0,15,0.192470,0.105350,0.042006,8.000000
240,0,16,0.062141,0.126549,-0.046125,8.000000
240,0,17,0.102756,0.136242,-0.018770,8.000000
240,0,18,0.142811,0.145727,0.008927,8.000000
240,0,19,0.186096,0.155054,0.034168,8.000000
240,0,20,0.056892,0.175652,-0.055516,8.000000
240,0,21,0.098094,0.185298,-0.029077,8.000000
240,0,22,0.139493,0.194650,-0.002021,8.000000
240,0,23,0.181630,0.203430,0.023551,8.000000
245,0,0,0.080815,-0.069334,-0.006911,8.166667
245,0,1,0.121531,-0.059693,0.019954,8.166667
245,0,2,0.164481,-0.050998,0.045209,8.166667
245,0,3,0.204754,-0.041004,0.072815,8.166667
245,0,4,0.075732,-0.020094,-0.016442,8.166667
245,0,5,0.117672,-0.011291,0.009651,8.166667
245,0,6,0.158428,-0.001467,0.036888,8.166667
245,0,7,0.201724,0.007210,0.061217,8.166667
245,0,8,0.070835,0.028778,-0.026088,8.166667
245,0,9,0.112612,0.038335,0.000243,8.166667
245,0,10,0.154533,0.047010,0.026301,8.166667
245,0,11,0.195329,0.056704,0.053065,8.166667
245,0,12,0.066589,0.077550,-0.036764,8.166667
245,0,13,0.108024,0.086809,-0.010252,8.166667
245,0,14,0.149335,0.096143,0.016564,8.166667
245,0,15,0.191814,0.105320,0.041967,8.166667
245,0,16,0.061655,0.126516,-0.046107,8.166667
245,0,17,0.103043,0.136129,-0.019165,8.166667
245,0,18,0.144283,0.145075,0.007148,8.166667
245,0,19,0.186109,0.154675,0.033390,8.166667
245,0,20,0.056956,0.175312,-0.055745,8.166667
245,0,21,0.098661,0.184788,-0.029838,8.166667
245,0,22,0.139936,0.194224,-0.002817,8.166667
245,0,23,0.180274,0.203190,0.025026,8.166667
250,0,0,0.080273,-0.068471,-0.006803,8.333333
250,0,1,0.122291,-0.059419,0.018581,8.333333
250,0,2,0.162533,-0.050145,0.046704,8.333333
250,0,3,0.204967,-0.040319,0.072277,8.333333
250,0,4,0.076305,-0.019635,-0.017584,8.333333
250,0,5,0.117747,-0.010760,0.008828,8.333333
250,0,6,0.158825,-0.001392,0.035482,8.333333
250,0,7,0.201912,0.007406,0.060521,8.333333
250,0,8,0.071323,0.028998,-0.027200,8.333333
250,0,9,0.112813,0.038483,-0.000677,8.333333
250,0,10,0.154856,0.047241,0.025206,8.333333
250,0,11,0.195136,0.057150,0.052908,8.333333
250,0,12,0.066709,0.078404,-0.036483,8.333333
250,0,13,0.108508,0.087112,-0.010950,8.333333
250,0,14,0.149274,0.096599,0.016170,8.333333
250,0,15,0.191957,0.105696,0.041457,8.333333
250,0,16,0.062272,0.126753,-0.047229,8.333333
250,0,17,0.103430,0.136454,-0.020075,8.333333
250,0,18,0.144980,0.145458,0.006110,8.333333
250,0,19,0.186063,0.155287,0.033307,8.333333
250,0,20,0.057238,0.175607,-0.056707,8.333333
250,0,21,0.098638,0.185258,-0.030033,8.333333
250,0,22,0.140034,0.194794,-0.003185,8.333333
250,0,23,0.182221,0.203556,0.022618,8.333333
255,0,0,0.081107,-0.068503,-0.008640,8.500000
255,0,1,0.122635,-0.058894,0.017804,8.500000
255,0,2,0.161862,-0.049394,0.046600,8.500000
255,0,3,0.205275,-0.040016,0.071729,8.500000
255,0,4,0.076408,-0.019772,-0.018623,8.500000
255,0,5,0.116796,-0.010110,0.009087,8.500000
255,0,6,0.159040,-0.000415,0.035581,8.500000
255,0,7,0.202858,0.007442,0.059330,8.500000
255,0,8,0.071564,0.029139,-0.027767,8.500000
255,0,9,0.112811,0.038614,-0.001522,8.500000
255,0,10,0.154912,0.047770,0.024251,8.500000
255,0,11,0.195577,0.057435,0.052092,8.500000
255,0,12,0.066803,0.078501,-0.037122,8.500000
255,0,13,0.109369,0.087344,-0.012503,8.500000
255,0,14,0.149353,0.096962,0.015983,8.500000
255,0,15,0.190225,0.106230,0.042614,8.500000
255,0,16,0.062161,0.127091,-0.047674,8.500000
255,0,17,0.103267,0.136761,-0.020366,8.500000
255,0,18,0.144517,0.145739,0.006342,8.500000
255,0,19,0.186011,0.155724,0.033280,8.500000
255,0,20,0.056806,0.176100,-0.056424,8.500000
255,0,21,0.098455,0.185388,-0.029816,8.500000
255,0,22,0.139217,0.194952,-0.002580,8.500000
255,0,23,0.180378,0.203989,0.024485,8.500000
260,0,0,0.080903,-0.068932,-0.008028,8.666667
260,0,1,0.122036,-0.059303,0.018721,8.666667
260,0,2,0.162011,-0.049897,0.046494,8.666667
260,0,3,0.205263,-0.040653,0.071541,8.666667
260,0,4,0.076098,-0.019814,-0.017833,8.666667
260,0,5,0.117893,-0.010960,0.008509,8.666667
260,0,6,0.158824,-0.001251,0.035627,8.666667
260,0,7,0.202017,0.007451,0.060205,8.666667
260,0,8,0.071012,0.028940,-0.026546,8.666667
260,0,9,0.112577,0.038566,-0.000173,8.666667
260,0,10,0.154185,0.047405,0.025728,8.666667
260,0,11,0.195331,0.057255,0.053006,8.666667
260,0,12,0.066292,0.077988,-0.036732,8.666667
260,0,13,0.107920,0.087120,-0.010392,8.666667
260,0,14,0.148880,0.096502,0.016804,8.666667
260,0,15,0.191379,0.105604,0.042498,8.666667
260,0,16,0.062681,0.126680,-0.047593,8.666667
260,0,17,0.102573,0.136516,-0.018809,8.666667
260,0,18,0.142904,0.145740,0.008461,8.666667
260,0,19,0.185314,0.155004,0.034109,8.666667
260,0,20,0.056264,0.175767,-0.055385,8.666667
260,0,21,0.097778,0.185356,-0.028972,8.666667
260,0,22,0.139102,0.194954,-0.001698,8.666667
260,0,23,0.179580,0.203598,0.026152,8.666667
265,0,0,0.080200,-0.071146,-0.007299,8.833333
265,0,1,0.121655,-0.061928,0.019261,8.833333
265,0,2,0.163661,-0.053264,0.045840,8.833333
265,0,3,0.204691,-0.043281,0.072164,8.833333
265,0,4,0.075241,-0.022292,-0.016612,8.833333
265,0,5,0.114574,-0.012522,0.012306,8.833333
265,0,6,0.157810,-0.003596,0.037097,8.833333
265,0,7,0.199649,0.005199,0.063096,8.833333
265,0,8,0.070429,0.026547,-0.025731,8.833333
265,0,9,0.111316,0.036163,0.001674,8.833333
265,0,10,0.152664,0.044988,0.028456,8.833333
265,0,11,0.194218,0.054493,0.054103,8.833333
265,0,12,0.065046,0.075855,-0.034438,8.833333
265,0,13,0.107241,0.084521,-0.008400,8.833333
265,0,14,0.147358,0.094503,0.019496,8.833333
265,0,15,0.189385,0.103407,0.044990,8.833333
265,0,16,0.060150,0.124588,-0.043495,8.833333
265,0,17,0.100917,0.134240,-0.016161,8.833333
265,0,18,0.142395,0.143224,0.010146,8.833333
265,0,19,0.183758,0.153013,0.037232,8.833333
265,0,20,0.054758,0.173988,-0.052128,8.833333
265,0,21,0.095774,0.183186,-0.025511,8.833333
265,0,22,0.136856,0.192388,0.001799,8.833333
265,0,23,0.178452,0.201393,0.028576,8.833333
270,0,0,0.079190,-0.069645,-0.005540,9.000000
270,0,1,0.120988,-0.060345,0.020483,9.000000
270,0,2,0.160477,-0.051118,0.049428,9.000000
270,0,3,0.203263,-0.041999,0.074439,9.000000
270,0,4,0.074275,-0.020743,-0.014602,9.000000
270,0,5,0.115312,-0.011580,0.012023,9.000000
270,0,6,0.156360,-0.002303,0.039289,9.000000
270,0,7,0.199886,0.006393,0.063299,9.000000
270,0,8,0.068982,0.028131,-0.023636,9.000000
270,0,9,0.110163,0.037753,0.003450,9.000000
270,0,10,0.149583,0.046935,0.031922,9.000000
270,0,11,0.192603,0.056341,0.057499,9.000000
270,0,12,0.063310,0.077397,-0.031431,9.000000
270,0,13,0.103517,0.086704,-0.003581,9.000000
270,0,14,0.145861,0.096095,0.022418,9.000000
270,0,15,0.188159,0.104726,0.047917,9.000000
270,0,16,0.058828,0.126141,-0.041190,9.000000
270,0,17,0.098398,0.135324,-0.012447,9.000000
270,0,18,0.139500,0.144857,0.014982,9.000000
270,0,19,0.181324,0.154804,0.041522,9.000000
270,0,20,0.051837,0.175980,-0.046954,9.000000
270,0,21,0.092159,0.184781,-0.019057,9.000000
270,0,22,0.134266,0.194355,0.006598,9.000000
270,0,23,0.173211,0.203321,0.035671,9.000000
275,0,0,0.079306,-0.066990,-0.004182,9.166667
275,0,1,0.119975,-0.057030,0.022794,9.166667
275,0,2,0.159303,-0.047991,0.051331,9.166667
275,0,3,0.202569,-0.039380,0.075764,9.166667
275,0,4,0.073158,-0.017454,-0.012335,9.166667
275,0,5,0.113550,-0.008337,0.015355,9.166667
275,0,6,0.155723,0.001076,0.041435,9.166667
275,0,7,0.197705,0.009377,0.067481,9.166667
275,0,8,0.067707,0.031410,-0.020391,9.166667
275,0,9,0.108731,0.040876,0.006472,9.166667
275,0,10,0.148894,0.050045,0.034516,9.166667
275,0,11,0.190784,0.059380,0.061128,9.166667
275,0,12,0.061527,0.080797,-0.027973,9.166667
275,0,13,0.102985,0.089758,-0.001381,9.166667
275,0,14,0.143883,0.099084,0.026189,9.166667
275,0,15,0.185339,0.108163,0.052518,9.166667
275,0,16,0.055165,0.130091,-0.035371,9.166667
275,0,17,0.096677,0.139077,-0.008177,9.166667
275,0,18,0.138165,0.148042,0.018386,9.166667
275,0,19,0.179234,0.157727,0.045593,9.166667
275,0,20,0.050032,0.179359,-0.043019,9.166667
275,0,21,0.090549,0.188284,-0.015724,9.166667
275,0,22,0.132228,0.197204,0.010379,9.166667
275,0,23,0.173243,0.206451,0.037971,9.166667
280,0,0,0.078670,-0.066297,-0.004137,9.333333
280,0,1,0.119893,-0.056767,0.023085,9.333333
280,0,2,0.161273,-0.048345,0.049799,9.333333
280,0,3,0.201954,-0.038717,0.077067,9.333333
280,0,4,0.072302,-0.017218,-0.011213,9.333333
280,0,5,0.114049,-0.008286,0.015244,9.333333
280,0,6,0.154944,0.001158,0.042429,9.333333
280,0,7,0.196073,0.010108,0.069135,9.333333
280,0,8,0.066608,0.031934,-0.018517,9.333333
280,0,9,0.107509,0.041292,0.008495,9.333333
280,0,10,0.148024,0.050402,0.035847,9.333333
280,0,11,0.190225,0.059541,0.061869,9.333333
280,0,12,0.060765,0.081693,-0.025960,9.333333
280,0,13,0.101048,0.090322,0.001935,9.333333
280,0,14,0.143055,0.099970,0.028200,9.333333
280,0,15,0.185309,0.108293,0.053282,9.333333
280,0,16,0.055350,0.130189,-0.034397,9.333333
280,0,17,0.095852,0.139672,-0.006757,9.333333
280,0,18,0.137216,0.148636,0.019886,9.333333
280,0,19,0.178351,0.158228,0.047321,9.333333
280,0,20,0.048969,0.179841,-0.041247,9.333333
280,0,21,0.090114,0.188743,-0.014866,9.333333
280,0,22,0.131132,0.198034,0.012642,9.333333
280,0,23,0.172193,0.206855,0.039582,9.333333
285,0,0,0.075987,-0.059811,-0.000367,9.500000
285,0,1,0.116252,-0.049704,0.028143,9.500000
285,0,2,0.157011,-0.041455,0.055082,9.500000
285,0,3,0.198379,-0.031145,0.082162,9.500000
285,0,4,0.068495,-0.010600,-0.005758,9.500000
285,0,5,0.109630,-0.001366,0.020768,9.500000
285,0,6,0.151011,0.008793,0.048294,9.500000
285,0,7,0.193348,0.016529,0.072715,9.500000
285,0,8,0.063278,0.037737,-0.013528,9.500000
285,0,9,0.102970,0.047835,0.014459,9.500000
285,0,10,0.145145,0.056853,0.039578,9.500000
285,0,11,0.185436,0.065990,0.067343,9.500000
285,0,12,0.055662,0.087770,-0.019808,9.500000
285,0,13,0.096860,0.096834,0.006407,9.500000
285,0,14,0.136997,0.106298,0.035238,9.500000
285,0,15,0.181192,0.115184,0.057946,9.500000
285,0,16,0.048321,0.136850,-0.025469,9.500000
285,0,19,0.171428,0.165188,0.055734,9.500000
285,0,20,0.041703,0.186651,-0.031490,9.500000
285,0,23,0.166017,0.213659,0.047460,9.500000
290,0,0,0.073072,-0.048183,0.002421,9.666667
290,0,1,0.113245,-0.038257,0.030113,9.666667
290,0,2,0.153515,-0.029961,0.058360,9.666667
290,0,3,0.193689,-0.019584,0.086314,9.666667
290,0,4,0.064282,0.001773,-0.001578,9.666667
290,0,5,0.103447,0.010849,0.027171,9.666667
290,0,6,0.145784,0.019652,0.052609,9.666667
290,0,7,0.185221,0.029012,0.081292,9.666667
290,0,8,0.053620,0.050838,-0.002408,9.666667
290,0,11,0.177142,0.078045,0.077537,9.666667
290,0,12,0.045735,0.100400,-0.006472,9.666667
290,0,15,0.169385,0.126572,0.074279,9.666667
290,0,16,0.036497,0.149366,-0.010462,9.666667
290,0,17,0.077577,0.159312,0.017764,9.666667
290,0,18,0.118467,0.166922,0.044881,9.666667
290,0,20,0.027603,0.198612,-0.012448,9.666667
290,0,21,0.070311,0.207212,0.012047,9.666667
290,0,22,0.109349,0.216982,0.041315,9.666667
295,0,0,0.070828,-0.041323,0.000129,9.833333
295,0,1,0.111080,-0.032444,0.028401,9.833333
295,0,2,0.150613,-0.024205,0.057035,9.833333
295,0,3,0.193044,-0.016720,0.081923,9.833333
295,0,4,0.060226,0.008231,0.001007,9.833333
295,0,5,0.102539,0.015883,0.026265,9.833333
295,0,6,0.141719,0.025006,0.056313,9.833333
295,0,7,0.181328,0.032763,0.084488,9.833333
295,0,8,0.050307,0.056927,0.000224,9.833333
295,0,9,0.090748,0.065353,0.028419,9.833333
295,0,10,0.132156,0.073279,0.055308,9.833333
295,0,11,0.172594,0.082203,0.083227,9.833333
295,0,12,0.039946,0.106702,0.001600,9.833333
295,0,13,0.080485,0.114154,0.028760,9.833333
295,0,14,0.121470,0.122829,0.056186,9.833333
295,0,15,0.163975,0.130775,0.081634,9.833333
295,0,16,0.030399,0.154787,0.000226,9.833333
295,0,17,0.070193,0.163849,0.029640,9.833333
295,0,18,0.112764,0.171506,0.054290,9.833333
295,0,19,0.151879,0.180190,0.084408,9.833333
295,0,20,0.018914,0.204244,0.002327,9.833333
295,0,21,0.060366,0.212339,0.028544,9.833333
295,0,22,0.100518,0.221448,0.058045,9.833333
295,0,23,0.143936,0.228825,0.082133,9.833333
300,0,0,0.064717,-0.040408,-0.000356,10.000000
300,0,1,0.106131,-0.032871,0.026035,10.000000
300,0,2,0.148768,-0.026363,0.051787,10.000000
300,0,3,0.187889,-0.018773,0.081387,10.000000
300,0,4,0.054610,0.009147,0.001666,10.000000
300,0,5,0.094870,0.015740,0.029599,10.000000
300,0,6,0.136225,0.023182,0.057078,10.000000
300,0,7,0.179651,0.030056,0.081477,10.000000
300,0,8,0.042707,0.057589,0.005316,10.000000
300,0,9,0.084126,0.064587,0.032472,10.000000
300,0,10,0.126094,0.071411,0.059448,10.000000
300,0,11,0.166759,0.078846,0.086809,10.000000
300,0,12,0.032380,0.106402,0.007802,10.000000
300,0,13,0.073516,0.113301,0.035434,10.000000
300,0,14,0.114770,0.120669,0.062737,10.000000
300,0,15,0.157822,0.127889,0.088315,10.000000
300,0,16,0.022083,0.155157,0.009773,10.000000
300,0,17,0.062845,0.162505,0.038323,10.000000
300,0,18,0.104572,0.169187,0.065962,10.000000
300,0,19,0.146101,0.177785,0.092523,10.000000
300,0,20,0.010810,0.204242,0.014077,10.000000
300,0,21,0.051535,0.211373,0.041442,10.000000
300,0,22,0.092711,0.218670,0.069224,10.000000
300,0,23,0.134779,0.225865,0.096019,10.000000
305,0,0,0.065511,-0.043953,-0.001451,10.166667
305,0,1,0.106973,-0.036880,0.025717,10.166667
305,0,2,0.148571,-0.030426,0.053391,10.166667
305,0,3,0.188311,-0.022249,0.082890,10.166667
305,0,4,0.054847,0.004348,0.001789,10.166667
305,0,5,0.094343,0.011640,0.031388,10.166667
305,0,6,0.136195,0.018332,0.058472,10.166667
305,0,7,0.175135,0.025508,0.088647,10.166667
305,0,8,0.044886,0.052360,0.004713,10.166667
305,0,9,0.084182,0.060376,0.035203,10.166667
305,0,10,0.123234,0.066805,0.064809,10.166667
305,0,11,0.165353,0.073149,0.090926,10.166667
305,0,12,0.031482,0.101288,0.011360,10.166667
305,0,13,0.071768,0.108122,0.040099,10.166667
305,0,14,0.113279,0.115813,0.068299,10.166667
305,0,15,0.155228,0.121691,0.095547,10.166667
305,0,16,0.020080,0.149550,0.016044,10.166667
305,0,17,0.060706,0.156906,0.044706,10.166667
305,0,18,0.102044,0.163475,0.072086,10.166667
305,0,19,0.142521,0.171108,0.100988,10.166667
305,0,20,0.008112,0.198260,0.021007,10.166667
305,0,21,0.049104,0.204734,0.049550,10.166667
305,0,22,0.090237,0.213286,0.077945,10.166667
305,0,23,0.129660,0.218997,0.106754,10.166667
310,0,0,0.072640,-0.051505,-0.008130,10.333333
310,0,1,0.115196,-0.044351,0.018885,10.333333
310,0,2,0.153979,-0.037680,0.048981,10.333333
310,0,3,0.196378,-0.030951,0.075605,10.333333
310,0,4,0.062212,-0.003358,-0.004002,10.333333
310,0,5,0.102589,0.003039,0.024505,10.333333
310,0,6,0.143614,0.009997,0.052475,10.333333
310,0,7,0.185372,0.016827,0.079998,10.333333
310,0,8,0.051106,0.044290,-0.000811,10.333333
310,0,9,0.090889,0.051219,0.029209,10.333333
310,0,10,0.132369,0.058066,0.056860,10.333333
310,0,11,0.173081,0.065750,0.086384,10.333333
310,0,12,0.037805,0.092956,0.006928,10.333333
310,0,13,0.078118,0.099139,0.036118,10.333333
310,0,14,0.119822,0.106875,0.063496,10.333333
310,0,15,0.162085,0.113023,0.090427,10.333333
310,0,16,0.025233,0.141288,0.011813,10.333333
310,0,17,0.066257,0.147855,0.040908,10.333333
310,0,18,0.105754,0.154950,0.070677,10.333333
310,0,19,0.148627,0.162209,0.097617,10.333333
310,0,20,0.013264,0.189497,0.018207,10.333333
310,0,21,0.054007,0.195849,0.047173,10.333333
310,0,22,0.095118,0.203025,0.074684,10.333333
310,0,23,0.137830,0.210248,0.101192,10.333333
315,0,0,0.078506,-0.054173,-0.014575,10.500000
315,0,1,0.120474,-0.047497,0.012379,10.500000
315,0,2,0.160384,-0.040988,0.041356,10.500000
315,0,3,0.202723,-0.034855,0.067338,10.500000
315,0,4,0.066581,-0.006628,-0.007753,10.500000
315,0,5,0.107556,-0.000480,0.020408,10.500000
315,0,6,0.149028,0.006793,0.048110,10.500000
315,0,7,0.190387,0.012531,0.075610,10.500000
315,0,8,0.053720,0.040652,0.000242,10.500000
315,0,9,0.095061,0.047613,0.027877,10.500000
315,0,10,0.136981,0.053486,0.054670,10.500000
315,0,11,0.176930,0.060598,0.083273,10.500000
315,0,12,0.040841,0.088617,0.007631,10.500000
315,0,13,0.081748,0.094673,0.036041,10.500000
315,0,14,0.123050,0.101861,0.063767,10.500000
315,0,15,0.163325,0.107992,0.091914,10.500000
315,0,16,0.027779,0.136016,0.015296,10.500000
315,0,17,0.068776,0.142665,0.043685,10.500000
315,0,18,0.110189,0.149196,0.070784,10.500000
315,0,19,0.151008,0.156166,0.099637,10.500000
315,0,20,0.014582,0.183760,0.024004,10.500000
315,0,21,0.055793,0.190110,0.051465,10.500000
315,0,22,0.097001,0.197254,0.079948,10.500000
315,0,23,0.138096,0.203433,0.106671,10.500000
320,0,0,0.082734,-0.054706,-0.020790,10.666667
320,0,1,0.124314,-0.048198,0.006639,10.666667
320,0,2,0.166025,-0.042535,0.034388,10.666667
320,0,3,0.207339,-0.035415,0.061538,10.666667
320,0,4,0.069739,-0.007367,-0.011695,10.666667
320,0,5,0.110246,-0.000981,0.016333,10.666667
320,0,6,0.152333,0.005277,0.043356,10.666667
320,0,7,0.193851,0.011356,0.070646,10.666667
320,0,8,0.055977,0.039885,-0.002417,10.666667
320,0,9,0.097747,0.046063,0.024995,10.666667
320,0,10,0.137662,0.052395,0.053636,10.666667
320,0,11,0.180604,0.059282,0.080506,10.666667
320,0,12,0.043319,0.087259,0.006422,10.666667
320,0,13,0.084442,0.093395,0.033883,10.666667
320,0,14,0.126007,0.100090,0.062051,10.666667
320,0,15,0.167814,0.105739,0.088362,10.666667
320,0,16,0.030069,0.134484,0.015241,10.666667
320,0,17,0.071018,0.140930,0.043945,10.666667
320,0,18,0.112359,0.146521,0.071319,10.666667
320,0,19,0.154125,0.153785,0.098900,10.666667
320,0,20,0.016464,0.181844,0.025502,10.666667
320,0,21,0.057298,0.187597,0.053577,10.666667
320,0,22,0.099156,0.194596,0.080913,10.666667
320,0,23,0.141596,0.200140,0.106936,10.666667
325,0,0,0.087881,-0.055105,-0.027229,10.833333
325,0,1,0.129043,-0.048083,0.000915,10.833333
325,0,2,0.171154,-0.042834,0.026954,10.833333
325,0,3,0.212649,-0.036257,0.054273,10.833333
325,0,4,0.073748,-0.007914,-0.016383,10.833333
325,0,5,0.113805,-0.001684,0.012148,10.833333
325,0,6,0.157439,0.004762,0.038296,10.833333
325,0,7,0.199556,0.010017,0.064482,10.833333
325,0,8,0.060141,0.038652,-0.006242,10.833333
325,0,9,0.101493,0.045004,0.021586,10.833333
325,0,10,0.142782,0.050840,0.048912,10.833333
325,0,11,0.185124,0.057406,0.075792,10.833333
325,0,12,0.046248,0.085853,0.004886,10.833333
325,0,13,0.088702,0.091394,0.030908,10.833333
325,0,14,0.129629,0.098066,0.059469,10.833333
325,0,15,0.172184,0.103529,0.085707,10.833333
325,0,16,0.032411,0.132564,0.015090,10.833333
325,0,17,0.074359,0.138772,0.042371,10.833333
325,0,18,0.115688,0.144288,0.070028,10.833333
325,0,19,0.158232,0.151271,0.096347,10.833333
325,0,20,0.018518,0.179235,0.026234,10.833333
325,0,21,0.060285,0.185121,0.053352,10.833333
325,0,22,0.102107,0.191665,0.080658,10.833333
325,0,23,0.145287,0.197453,0.105905,10.833333
330,0,0,0.087638,-0.055332,-0.025309,11.000000
330,0,1,0.129340,-0.049017,0.001669,11.000000
330,0,2,0.171552,-0.043647,0.028210,11.000000
330,0,3,0.213260,-0.036926,0.055418,11.000000
330,0,4,0.074379,-0.008201,-0.015014,11.000000
330,0,5,0.115666,-0.002440,0.012068,11.000000
330,0,6,0.158099,0.003915,0.038693,11.000000
330,0,7,0.199587,0.009745,0.064948,11.000000
330,0,8,0.061151,0.038273,-0.004535,11.000000
330,0,9,0.102634,0.044726,0.022463,11.000000
330,0,10,0.144231,0.050235,0.049371,11.000000
330,0,11,0.186189,0.056574,0.076234,11.000000
330,0,12,0.047555,0.086010,0.006258,11.000000
330,0,13,0.089412,0.091389,0.032288,11.000000
330,0,14,0.130780,0.097361,0.060109,11.000000
330,0,15,0.173237,0.103113,0.086293,11.000000
330,0,16,0.033775,0.132653,0.016454,11.000000
330,0,17,0.075395,0.138597,0.044292,11.000000
330,0,18,0.117993,0.144118,0.070148,11.000000
330,0,19,0.159481,0.150838,0.097595,11.000000
330,0,20,0.020497,0.179895,0.027193,11.000000
330,0,21,0.061177,0.185324,0.055116,11.000000
330,0,22,0.104027,0.191880,0.081604,11.000000
330,0,23,0.146858,0.197125,0.106943,11.000000
335,0,0,0.087501,-0.055585,-0.024532,11.166667
335,0,1,0.128996,-0.048776,0.003014,11.166667
335,0,2,0.169067,-0.042936,0.031091,11.166667
335,0,3,0.212460,-0.036958,0.056809,11.166667
335,0,4,0.073722,-0.008216,-0.014155,11.166667
335,0,5,0.115362,-0.002396,0.012709,11.166667
335,0,6,0.157196,0.004187,0.040512,11.166667
335,0,7,0.199511,0.009564,0.066332,11.166667
335,0,8,0.060575,0.038435,-0.003904,11.166667
335,0,9,0.102220,0.044888,0.023289,11.166667
335,0,10,0.143188,0.050587,0.050597,11.166667
335,0,11,0.185599,0.056838,0.077219,11.166667
335,0,12,0.047172,0.086152,0.006501,11.166667
335,0,13,0.089564,0.091593,0.032189,11.166667
335,0,14,0.130292,0.097857,0.060841,11.166667
335,0,15,0.170908,0.103750,0.087921,11.166667
335,0,16,0.032941,0.132926,0.016890,11.166667
335,0,17,0.075311,0.138989,0.043750,11.166667
335,0,18,0.116392,0.144702,0.070869,11.166667
335,0,19,0.158394,0.150985,0.097993,11.166667
335,0,20,0.019925,0.179938,0.027012,11.166667
335,0,21,0.061890,0.185735,0.053719,11.166667
335,0,22,0.103382,0.191849,0.081157,11.166667
335,0,23,0.145424,0.197604,0.107866,11.166667
340,0,0,0.085665,-0.055379,-0.022711,11.333333
340,0,1,0.127471,-0.048687,0.004185,11.333333
340,0,2,0.168005,-0.043285,0.031886,11.333333
340,0,3,0.210763,-0.037324,0.057643,11.333333
340,0,4,0.072816,-0.007702,-0.012919,11.333333
340,0,5,0.114116,-0.002353,0.013778,11.333333
340,0,6,0.155666,0.004085,0.041423,11.333333
340,0,7,0.197787,0.009409,0.067743,11.333333
340,0,8,0.060046,0.038293,-0.004063,11.333333
340,0,9,0.100625,0.044742,0.024156,11.333333
340,0,10,0.142400,0.050566,0.051137,11.333333
340,0,11,0.184281,0.056966,0.078139,11.333333
340,0,12,0.045798,0.086085,0.007409,11.333333
340,0,13,0.088351,0.091372,0.033270,11.333333
340,0,14,0.128950,0.098093,0.062214,11.333333
340,0,15,0.171559,0.103417,0.087707,11.333333
340,0,16,0.032034,0.132832,0.017594,11.333333
340,0,17,0.073656,0.138773,0.045143,11.333333
340,0,18,0.115615,0.144498,0.071778,11.333333
340,0,19,0.157436,0.151444,0.099252,11.333333
340,0,20,0.019088,0.180536,0.028382,11.333333
340,0,21,0.061191,0.185703,0.053848,11.333333
340,0,22,0.102354,0.192173,0.082265,11.333333
340,0,23,0.143944,0.197504,0.109013,11.333333
345,0,0,0.076490,-0.056570,-0.025277,11.500000
345,0,1,0.116635,-0.050240,0.003362,11.500000
345,0,2,0.157063,-0.044391,0.031993,11.500000
345,0,3,0.199916,-0.038220,0.057816,11.500000
345,0,4,0.062873,-0.008813,-0.014751,11.500000
345,0,5,0.104596,-0.003464,0.012149,11.500000
345,0,6,0.145436,0.003701,0.041100,11.500000
345,0,7,0.187395,0.008190,0.067925,11.500000
345,0,8,0.050386,0.037640,-0.005463,11.500000
345,0,11,0.173626,0.056117,0.077058,11.500000
345,0,12,0.036315,0.085345,0.003968,11.500000
345,0,15,0.161027,0.102761,0.085080,11.500000
345,0,16,0.023802,0.132282,0.013382,11.500000
345,0,17,0.064219,0.138678,0.042085,11.500000
345,0,18,0.106514,0.143723,0.068367,11.500000
345,0,19,0.147081,0.150718,0.096678,11.500000
345,0,20,0.010028,0.180066,0.023580,11.500000
345,0,21,0.051750,0.185477,0.050186,11.500000
345,0,22,0.092220,0.191689,0.078831,11.500000
345,0,23,0.131632,0.197096,0.108155,11.500000
350,0,0,0.065179,-0.058906,-0.030023,11.666667
350,0,1,0.105817,-0.052149,-0.002526,11.666667
350,0,2,0.145645,-0.046749,0.025815,11.666667
350,0,4,0.051446,-0.010914,-0.020752,11.666667
350,0,5,0.092156,-0.005717,0.007809,11.666667
350,0,6,0.132744,0.000351,0.035342,11.666667
350,0,8,0.038575,0.036078,-0.012445,11.666667
350,0,11,0.161214,0.053726,0.073214,11.666667
350,0,12,0.024816,0.083610,-0.001013,11.666667
350,0,15,0.147592,0.099939,0.082291,11.666667
350,0,16,0.010942,0.130515,0.007900,11.666667
350,0,17,0.051505,0.136027,0.037430,11.666667
350,0,18,0.094552,0.141275,0.062776,11.666667
350,0,19,0.134040,0.147757,0.092766,11.666667
350,0,20,-0.002277,0.177632,0.018370,11.666667
350,0,21,0.038726,0.183278,0.045630,11.666667
350,0,22,0.079794,0.189451,0.075143,11.666667
350,0,23,0.120606,0.193983,0.103094,11.666667
355,0,1,0.087222,-0.055608,-0.008812,11.833333
355,0,2,0.127517,-0.051544,0.020594,11.833333
355,0,3,0.169839,-0.044765,0.044272,11.833333
355,0,5,0.071956,-0.009984,0.004955,11.833333
355,0,6,0.113498,-0.004139,0.031811,11.833333
355,0,7,0.155319,0.000712,0.059491,11.833333
355,0,8,0.018754,0.031919,-0.015016,11.833333
355,0,9,0.060647,0.038263,0.011841,11.833333
355,0,10,0.103901,0.044157,0.037427,11.833333
355,0,11,0.140308,0.047895,0.071106,11.833333
355,0,12,0.006347,0.079614,-0.005580,11.833333
355,0,13,0.046628,0.083659,0.024089,11.833333
355,0,14,0.087449,0.090366,0.051462,11.833333
355,0,15,0.126509,0.094076,0.082434,11.833333
355,0,16,-0.007815,0.125283,0.006188,11.833333
355,0,17,0.034303,0.132492,0.032440,11.833333
355,0,18,0.076664,0.138162,0.058894,11.833333
355,0,19,0.114231,0.142206,0.091400,11.833333
355,0,20,-0.020456,0.173376,0.015053,11.833333
355,0,21,0.018972,0.176761,0.046146,11.833333
355,0,22,0.062139,0.185605,0.070402,11.833333
355,0,23,0.100339,0.187698,0.102798,11.833333
360,0,0,0.041658,-0.061975,-0.042231,12.000000
360,0,1,0.082495,-0.056571,-0.013521,12.000000
360,0,2,0.122610,-0.051985,0.016446,12.000000
360,0,3,0.163714,-0.045692,0.044555,12.000000
360,0,4,0.029053,-0.014243,-0.032440,12.000000
360,0,5,0.069480,-0.009918,-0.003832,12.000000
360,0,6,0.109548,-0.004454,0.025745,12.000000
360,0,7,0.150188,0.000713,0.053877,12.000000
360,0,8,0.015739,0.032284,-0.022738,12.000000
360,0,9,0.056492,0.038070,0.006521,12.000000
360,0,10,0.097725,0.042514,0.033673,12.000000
360,0,11,0.137713,0.048466,0.064300,12.000000
360,0,12,0.002739,0.080158,-0.012450,12.000000
360,0,13,0.042719,0.084641,0.016560,12.000000
360,0,14,0.083550,0.090043,0.045382,12.000000
360,0,15,0.123107,0.095017,0.074315,12.000000
360,0,16,-0.010210,0.126947,-0.003650,12.000000
360,0,17,0.029448,0.131952,0.027019,12.000000
360,0,18,0.070356,0.136716,0.055562,12.000000
360,0,19,0.111257,0.142562,0.084341,12.000000
360,0,20,-0.023893,0.174252,0.007424,12.000000
360,0,21,0.015604,0.179050,0.037615,12.000000
360,0,22,0.057208,0.184361,0.065295,12.000000
360,0,23,0.096664,0.189307,0.094985,12.000000
365,0,0,0.044583,-0.060939,-0.047351,12.166667
365,0,1,0.085488,-0.055462,-0.018122,12.166667
365,0,2,0.126636,-0.051444,0.009418,12.166667
365,0,3,0.166544,-0.046110,0.039048,12.166667
365,0,4,0.031094,-0.013689,-0.035508,12.166667
365,0,5,0.072176,-0.009555,-0.007550,12.166667
365,0,6,0.112379,-0.004533,0.021550,12.166667
365,0,7,0.153581,0.000160,0.049663,12.166667
365,0,8,0.016901,0.032494,-0.023890,12.166667
365,0,9,0.058205,0.037399,0.004062,12.166667
365,0,10,0.098095,0.042135,0.033171,12.166667
365,0,11,0.140650,0.047460,0.060691,12.166667
365,0,12,0.004052,0.079473,-0.013692,12.166667
365,0,13,0.044489,0.084010,0.015012,12.166667
365,0,14,0.085631,0.088956,0.043789,12.166667
365,0,15,0.127917,0.093281,0.070951,12.166667
365,0,16,-0.009414,0.125971,-0.003025,12.166667
365,0,17,0.031076,0.130774,0.026512,12.166667
365,0,18,0.071718,0.135297,0.055372,12.166667
365,0,19,0.113677,0.141090,0.083267,12.166667
365,0,20,-0.023409,0.172694,0.008729,12.166667
365,0,21,0.017697,0.177286,0.037447,12.166667
365,0,22,0.058695,0.182507,0.065899,12.166667
365,0,23,0.099122,0.187198,0.094735,12.166667
370,0,0,0.049194,-0.059181,-0.051319,12.333333
370,0,1,0.090996,-0.054081,-0.023426,12.333333
370,0,2,0.130050,-0.049715,0.006993,12.333333
370,0,3,0.172537,-0.044739,0.033304,12.333333
370,0,4,0.035666,-0.012768,-0.038698,12.333333
370,0,5,0.076325,-0.008536,-0.010812,12.333333
370,0,6,0.117288,-0.003449,0.018081,12.333333
370,0,7,0.158760,0.000887,0.045539,12.333333
370,0,8,0.021297,0.032888,-0.026587,12.333333
370,0,9,0.062041,0.037731,0.002275,12.333333
370,0,10,0.103633,0.042127,0.029955,12.333333
370,0,11,0.144620,0.048013,0.058669,12.333333
370,0,12,0.007204,0.079390,-0.013826,12.333333
370,0,13,0.047547,0.083660,0.015252,12.333333
370,0,14,0.089106,0.088742,0.042908,12.333333
370,0,15,0.129179,0.093419,0.071583,12.333333
370,0,16,-0.007241,0.125318,-0.001021,12.333333
370,0,17,0.033434,0.130018,0.027700,12.333333
370,0,18,0.075209,0.134844,0.054468,12.333333
370,0,19,0.116277,0.140288,0.084117,12.333333
370,0,20,-0.021168,0.171764,0.011256,12.333333
370,0,21,0.018851,0.176031,0.040926,12.333333
370,0,22,0.060794,0.181195,0.068099,12.333333
370,0,23,0.101989,0.185590,0.096343,12.333333
375,0,0,0.052552,-0.057681,-0.053241,12.500000
375,0,1,0.093717,-0.052440,-0.024645,12.500000
375,0,2,0.134408,-0.048499,0.004046,12.500000
375,0,3,0.175773,-0.042807,0.031885,12.500000
375,0,4,0.038405,-0.011356,-0.040228,12.500000
375,0,5,0.078793,-0.006943,-0.011759,12.500000
375,0,6,0.120451,-0.002047,0.016293,12.500000
375,0,7,0.159289,0.002645,0.046925,12.500000
375,0,8,0.023569,0.034290,-0.026840,12.500000
375,0,9,0.064524,0.038853,0.001641,12.500000
375,0,10,0.106307,0.043559,0.029041,12.500000
375,0,11,0.146818,0.048614,0.057758,12.500000
375,0,12,0.009704,0.080753,-0.013830,12.500000
375,0,13,0.050420,0.084939,0.014047,12.500000
375,0,14,0.091663,0.089832,0.042490,12.500000
375,0,15,0.132953,0.094236,0.070385,12.500000
375,0,16,-0.005197,0.126405,-0.001038,12.500000
375,0,17,0.035862,0.130930,0.027648,12.500000
375,0,18,0.076719,0.135693,0.055693,12.500000
375,0,19,0.118615,0.140738,0.083467,12.500000
375,0,20,-0.019589,0.172313,0.012329,12.500000
375,0,21,0.021363,0.176796,0.040554,12.500000
375,0,22,0.062930,0.182037,0.068787,12.500000
375,0,23,0.104555,0.186487,0.096077,12.500000
380,0,0,0.054349,-0.056330,-0.054414,12.666667
380,0,1,0.095549,-0.050927,-0.026280,12.666667
380,0,2,0.136242,-0.046695,0.001637,12.666667
380,0,3,0.178216,-0.041583,0.029271,12.666667
380,0,4,0.039945,-0.010089,-0.040853,12.666667
380,0,5,0.080658,-0.005866,-0.012728,12.666667
380,0,6,0.122053,-0.000941,0.015535,12.666667
380,0,7,0.163636,0.003291,0.043306,12.666667
380,0,8,0.025182,0.035251,-0.027434,12.666667
380,0,9,0.066602,0.040237,0.000883,12.666667
380,0,10,0.107909,0.044410,0.028362,12.666667
380,0,11,0.148924,0.049451,0.056623,12.666667
380,0,12,0.011004,0.081419,-0.013674,12.666667
380,0,13,0.051910,0.085515,0.014306,12.666667
380,0,14,0.093113,0.090572,0.042694,12.666667
380,0,15,0.134631,0.094875,0.070263,12.666667
380,0,16,-0.003864,0.126900,-0.000274,12.666667
380,0,17,0.037141,0.131491,0.028341,12.666667
380,0,18,0.078413,0.136110,0.055820,12.666667
380,0,19,0.119998,0.141297,0.084258,12.666667
380,0,20,-0.018877,0.172495,0.013772,12.666667
380,0,21,0.022273,0.177237,0.041930,12.666667
380,0,22,0.063612,0.182067,0.070455,12.666667
380,0,23,0.105899,0.186335,0.097149,12.666667
385,0,0,0.054908,-0.057129,-0.056034,12.833333
385,0,1,0.095991,-0.052011,-0.027710,12.833333
385,0,2,0.136542,-0.047521,0.000756,12.833333
385,0,3,0.178439,-0.042731,0.028089,12.833333
385,0,4,0.040309,-0.011103,-0.041836,12.833333
385,0,5,0.081799,-0.006924,-0.014425,12.833333
385,0,6,0.122275,-0.001895,0.014404,12.833333
385,0,7,0.164288,0.002460,0.041746,12.833333
385,0,8,0.026052,0.033912,-0.028726,12.833333
385,0,9,0.066655,0.039030,0.000084,12.833333
385,0,10,0.107380,0.043334,0.028301,12.833333
385,0,11,0.149287,0.048419,0.055619,12.833333
385,0,12,0.010601,0.080034,-0.014035,12.833333
385,0,13,0.051203,0.084359,0.014373,12.833333
385,0,14,0.093011,0.089126,0.042004,12.833333
385,0,15,0.135064,0.093406,0.069332,12.833333
385,0,16,-0.004203,0.125553,-0.000247,12.833333
385,0,17,0.036950,0.130264,0.028118,12.833333
385,0,18,0.079096,0.134490,0.054921,12.833333
385,0,19,0.119630,0.139670,0.083575,12.833333
385,0,20,-0.018997,0.171171,0.013760,12.833333
385,0,21,0.021233,0.175610,0.042923,12.833333
385,0,22,0.063497,0.180641,0.069999,12.833333
385,0,23,0.104631,0.184809,0.098225,12.833333
390,0,0,0.056352,-0.057084,-0.057077,13.000000
390,0,1,0.097805,-0.052184,-0.029312,13.000000
390,0,2,0.137888,-0.047622,-0.000023,13.000000
390,0,3,0.180238,-0.042685,0.026755,13.000000
390,0,4,0.042008,-0.011207,-0.043109,13.000000
390,0,5,0.083166,-0.007189,-0.015333,13.000000
390,0,6,0.124173,-0.001966,0.013137,13.000000
390,0,7,0.165135,0.002320,0.041279,13.000000
390,0,8,0.027181,0.033652,-0.029510,13.000000
390,0,9,0.067947,0.038554,-0.000628,13.000000
390,0,10,0.109444,0.042927,0.026649,13.000000
390,0,11,0.150332,0.047951,0.055304,13.000000
390,0,12,0.012048,0.079400,-0.014683,13.000000
390,0,13,0.053451,0.083517,0.013403,13.000000
390,0,14,0.094466,0.088771,0.041545,13.000000
390,0,15,0.134899,0.093073,0.070006,13.000000
390,0,16,-0.003279,0.124691,-0.000318,13.000000
390,0,17,0.038114,0.129384,0.027855,13.000000
390,0,18,0.079499,0.133497,0.056036,13.000000
390,0,19,0.120648,0.138950,0.083904,13.000000
390,0,20,-0.018195,0.170314,0.013997,13.000000
390,0,21,0.023426,0.174526,0.041659,13.000000
390,0,22,0.064410,0.179583,0.070098,13.000000
390,0,23,0.105956,0.184163,0.097425,13.000000
395,0,0,0.057870,-0.058055,-0.056390,13.166667
395,0,1,0.099828,-0.052650,-0.028943,13.166667
395,0,2,0.140259,-0.048411,-0.000800,13.166667
395,0,3,0.182054,-0.043306,0.026891,13.166667
395,0,4,0.043466,-0.012395,-0.042601,13.166667
395,0,5,0.084801,-0.007988,-0.015222,13.166667
395,0,6,0.125906,-0.002855,0.013642,13.166667
395,0,7,0.166696,0.001484,0.041601,13.166667
395,0,8,0.028413,0.032675,-0.028748,13.166667
395,0,9,0.069676,0.037535,-0.000464,13.166667
395,0,10,0.110628,0.041918,0.027817,13.166667
395,0,11,0.152121,0.047211,0.055656,13.166667
395,0,12,0.013523,0.078392,-0.014153,13.166667
395,0,13,0.054326,0.082692,0.013857,13.166667
395,0,14,0.095804,0.087523,0.042143,13.166667
395,0,15,0.136811,0.092146,0.069915,13.166667
395,0,16,-0.001975,0.123492,0.000325,13.166667
395,0,17,0.039416,0.128071,0.028570,13.166667
395,0,18,0.080673,0.132442,0.056634,13.166667
395,0,19,0.122257,0.137941,0.084593,13.166667
395,0,20,-0.016960,0.169081,0.015147,13.166667
395,0,21,0.024837,0.173095,0.042399,13.166667
395,0,22,0.065662,0.178041,0.070626,13.166667
395,0,23,0.107045,0.182952,0.098493,13.166667
400,0,0,0.060627,-0.056987,-0.058987,13.333333
400,0,1,0.102843,-0.052087,-0.031640,13.333333
400,0,2,0.143672,-0.047943,-0.003285,13.333333
400,0,3,0.185774,-0.042759,0.023570,13.333333
400,0,4,0.046368,-0.011750,-0.044378,13.333333
400,0,5,0.087164,-0.007477,-0.016144,13.333333
400,0,6,0.129091,-0.002773,0.011139,13.333333
400,0,7,0.169625,0.001878,0.039171,13.333333
400,0,8,0.031236,0.032774,-0.029816,13.333333
400,0,9,0.072237,0.037479,-0.001391,13.333333
400,0,10,0.113637,0.041783,0.026547,13.333333
400,0,11,0.155107,0.046669,0.054018,13.333333
400,0,12,0.016006,0.078280,-0.014170,13.333333
400,0,13,0.057125,0.082303,0.013683,13.333333
400,0,14,0.098623,0.087130,0.041533,13.333333
400,0,15,0.139583,0.091394,0.069873,13.333333
400,0,16,-0.000028,0.123178,0.000939,13.333333
400,0,17,0.041883,0.127554,0.029046,13.333333
400,0,18,0.082586,0.131695,0.057686,13.333333
400,0,19,0.124751,0.136904,0.084551,13.333333
400,0,20,-0.015126,0.167947,0.016588,13.333333
400,0,21,0.026521,0.172179,0.044214,13.333333
400,0,22,0.067872,0.177310,0.072417,13.333333
400,0,23,0.109076,0.181572,0.100058,13.333333
405,0,0,0.063188,-0.059643,-0.059564,13.500000
405,0,1,0.103676,-0.054189,-0.030811,13.500000
405,0,2,0.144715,-0.050020,-0.002726,13.500000
405,0,3,0.186589,-0.044839,0.024636,13.500000
405,0,4,0.047189,-0.013996,-0.043933,13.500000
405,0,5,0.088180,-0.009457,-0.015928,13.500000
405,0,6,0.129886,-0.004455,0.012049,13.500000
405,0,7,0.171557,-0.000109,0.039369,13.500000
405,0,8,0.032134,0.030961,-0.028792,13.500000
405,0,9,0.073317,0.035859,-0.001048,13.500000
405,0,10,0.114110,0.040287,0.027261,13.500000
405,0,11,0.156560,0.045964,0.054904,13.500000
405,0,12,0.016719,0.076563,-0.013825,13.500000
405,0,13,0.058768,0.080650,0.013208,13.500000
405,0,14,0.099374,0.085681,0.041994,13.500000
405,0,15,0.140976,0.090251,0.069186,13.500000
405,0,16,0.001642,0.121615,0.000427,13.500000
405,0,17,0.042773,0.126254,0.029057,13.500000
405,0,18,0.084262,0.130427,0.056860,13.500000
405,0,19,0.125925,0.136006,0.084687,13.500000
405,0,20,-0.013397,0.167146,0.015723,13.500000
405,0,21,0.028217,0.171264,0.043074,13.500000
405,0,22,0.068912,0.176198,0.072094,13.500000
405,0,23,0.111093,0.180618,0.098655,13.500000
410,0,0,0.059050,-0.063146,-0.052309,13.666667
410,0,1,0.101843,-0.058335,-0.025637,13.666667
410,0,2,0.142315,-0.054137,0.002972,13.666667
410,0,3,0.185196,-0.048579,0.029342,13.666667
410,0,4,0.046368,-0.017022,-0.039163,13.666667
410,0,5,0.086706,-0.013725,-0.010347,13.666667
410,0,6,0.128632,-0.008331,0.015811,13.666667
410,0,7,0.168685,-0.004017,0.045400,13.666667
410,0,8,0.030772,0.027803,-0.024862,13.666667
410,0,9,0.073325,0.032879,0.001854,13.666667
410,0,10,0.114255,0.036927,0.029278,13.666667
410,0,11,0.155692,0.041889,0.056994,13.666667
410,0,12,0.017154,0.074028,-0.011627,13.666667
410,0,13,0.058836,0.077569,0.015502,13.666667
410,0,14,0.099907,0.082793,0.043257,13.666667
410,0,15,0.140896,0.087256,0.071114,13.666667
410,0,16,0.001360,0.119466,0.002666,13.666667
410,0,17,0.044227,0.124106,0.029710,13.666667
410,0,18,0.085438,0.128339,0.056669,13.666667
410,0,19,0.127577,0.134143,0.084785,13.666667
410,0,20,-0.011913,0.165395,0.016196,13.666667
410,0,21,0.030726,0.169302,0.041604,13.666667
410,0,22,0.071107,0.174559,0.071201,13.666667
410,0,23,0.113629,0.178756,0.097738,13.666667
415,0,12,0.025573,0.057661,-0.021911,13.833333
415,0,15,0.150281,0.072104,0.062329,13.833333
415,0,16,0.013201,0.104646,-0.012861,13.833333
415,0,17,0.053805,0.109559,0.016181,13.833333
415,0,18,0.095807,0.115090,0.043669,13.833333
415,0,19,0.137307,0.121491,0.072534,13.833333
415,0,20,0.000810,0.151803,-0.004131,13.833333
415,0,21,0.043043,0.156899,0.024035,13.833333
420,0,0,0.049861,-0.099040,-0.027628,14.000000
420,0,1,0.091079,-0.093467,0.000786,14.000000
420,0,2,0.131934,-0.088534,0.029705,14.000000
420,0,3,0.173827,-0.082966,0.055449,14.000000
420,0,4,0.041112,-0.049763,-0.023537,14.000000
420,0,5,0.082977,-0.044732,0.003196,14.000000
420,0,6,0.123702,-0.039271,0.031709,14.000000
420,0,7,0.165335,-0.033676,0.058663,14.000000
420,0,8,0.032551,-0.000580,-0.020678,14.000000
420,0,9,0.074582,0.004687,0.006094,14.000000
420,0,10,0.115065,0.009978,0.035039,14.000000
420,0,11,0.157746,0.015579,0.060615,14.000000
420,0,12,0.025037,0.049003,-0.018296,14.000000
420,0,13,0.065918,0.053853,0.009453,14.000000
420,0,14,0.108067,0.059538,0.036385,14.000000
420,0,15,0.150587,0.064201,0.063061,14.000000
420,0,16,0.015780,0.098038,-0.014880,14.000000
420,0,17,0.058072,0.103211,0.011599,14.000000
420,0,18,0.099966,0.108291,0.039041,14.000000
420,0,19,0.141954,0.114534,0.065928,14.000000
420,0,20,0.008431,0.146991,-0.013775,14.000000
420,0,21,0.050209,0.152458,0.013929,14.000000
420,0,22,0.091877,0.157917,0.041269,14.000000
420,0,23,0.134843,0.163102,0.066771,14.000000
425,0,0,0.038163,-0.096108,-0.009044,14.166667
425,0,1,0.080865,-0.091066,0.017003,14.166667
425,0,2,0.123781,-0.086127,0.042962,14.166667
425,0,3,0.165184,-0.079856,0.070066,14.166667
425,0,4,0.034214,-0.046452,-0.011812,14.166667
425,0,5,0.076012,-0.041543,0.014746,14.166667
425,0,6,0.118280,-0.035940,0.040925,14.166667
425,0,7,0.161696,-0.030892,0.065929,14.166667
425,0,8,0.029815,0.002550,-0.015062,14.166667
425,0,9,0.071594,0.008099,0.011587,14.166667
425,0,10,0.113860,0.013689,0.037692,14.166667
425,0,11,0.156383,0.019602,0.064347,14.166667
425,0,12,0.025253,0.052564,-0.017526,14.166667
425,0,13,0.068050,0.057354,0.007718,14.166667
425,0,14,0.109945,0.063503,0.034455,14.166667
425,0,15,0.151211,0.068676,0.061807,14.166667
425,0,16,0.021032,0.101727,-0.021628,14.166667
425,0,17,0.063164,0.107798,0.005335,14.166667
425,0,18,0.105362,0.112850,0.030996,14.166667
425,0,19,0.146963,0.118475,0.058445,14.166667
425,0,20,0.016432,0.151835,-0.024090,14.166667
425,0,21,0.057751,0.157007,0.003228,14.166667
425,0,22,0.100769,0.162730,0.028541,14.166667
425,0,23,0.143641,0.168098,0.053582,14.166667
430,0,0,0.039390,-0.091829,0.000191,14.333333
430,0,1,0.080156,-0.087171,0.025902,14.333333
430,0,2,0.122839,-0.078653,0.051881,14.333333
430,0,3,0.167772,-0.073205,0.075181,14.333333
430,0,4,0.036087,-0.041982,-0.006478,14.333333
430,0,5,0.079254,-0.036294,0.017312,14.333333
430,0,6,0.121536,-0.030579,0.041712,14.333333
430,0,7,0.164319,-0.023847,0.068217,14.333333
430,0,8,0.032848,0.007647,-0.013022,14.333333
430,0,9,0.076307,0.013993,0.011056,14.333333
430,0,10,0.118573,0.019970,0.035880,14.333333
430,0,11,0.162179,0.026103,0.060712,14.333333
430,0,12,0.030250,0.057466,-0.020976,14.333333
430,0,13,0.072947,0.063452,0.003994,14.333333
430,0,14,0.115986,0.069873,0.029221,14.333333
430,0,15,0.160523,0.075364,0.052173,14.333333
430,0,16,0.026982,0.107068,-0.027764,14.333333
430,0,17,0.069620,0.113355,-0.002234,14.333333
430,0,18,0.112127,0.119716,0.022896,14.333333
430,0,19,0.156443,0.125815,0.046368,14.333333
430,0,20,0.023656,0.156807,-0.033740,14.333333
430,0,21,0.066746,0.162990,-0.009650,14.333333
430,0,22,0.109995,0.169446,0.015262,14.333333
430,0,23,0.153587,0.175109,0.039369,14.333333
435,0,0,0.037908,-0.089159,0.008265,14.500000
435,0,1,0.080597,-0.082307,0.033023,14.500000
435,0,2,0.123479,-0.076129,0.058009,14.500000
435,0,3,0.166985,-0.069517,0.081659,14.500000
435,0,4,0.036241,-0.039767,-0.002101,14.500000
435,0,5,0.080332,-0.034171,0.021318,14.500000
435,0,6,0.122409,-0.026857,0.047025,14.500000
435,0,7,0.164374,-0.020232,0.072440,14.500000
435,0,8,0.034838,0.008768,-0.012574,14.500000
435,0,9,0.077898,0.015428,0.011671,14.500000
435,0,10,0.121500,0.021709,0.036305,14.500000
435,0,11,0.164384,0.028974,0.061136,14.500000
435,0,12,0.033446,0.057795,-0.023499,14.500000
435,0,13,0.076805,0.064287,0.000898,14.500000
435,0,14,0.119651,0.071134,0.025993,14.500000
435,0,15,0.163900,0.077289,0.048777,14.500000
435,0,16,0.032523,0.106839,-0.035062,14.500000
435,0,17,0.075048,0.113275,-0.009483,14.500000
435,0,18,0.118397,0.119972,0.014997,14.500000
435,0,19,0.161539,0.126456,0.039468,14.500000
435,0,20,0.031027,0.156075,-0.044469,14.500000
435,0,21,0.073911,0.162359,-0.019867,14.500000
435,0,22,0.116777,0.169189,0.005105,14.500000
435,0,23,0.160220,0.175427,0.028923,14.500000
440,0,0,0.031638,-0.088203,0.019824,14.666667
440,0,1,0.074512,-0.081487,0.043798,14.666667
440,0,2,0.117248,-0.074600,0.068791,14.666667
440,0,3,0.161156,-0.067807,0.092469,14.666667
440,0,4,0.032149,-0.039231,0.005803,14.666667
440,0,5,0.074948,-0.032971,0.029629,14.666667
440,0,6,0.118422,-0.026230,0.053612,14.666667
440,0,7,0.162254,-0.020041,0.076961,14.666667
440,0,8,0.031951,0.008665,-0.009098,14.666667
440,0,9,0.075525,0.015084,0.014880,14.666667
440,0,10,0.118868,0.021841,0.039004,14.666667
440,0,11,0.161948,0.028380,0.063311,14.666667
440,0,12,0.032283,0.056834,-0.022780,14.666667
440,0,13,0.075865,0.063341,0.000947,14.666667
440,0,14,0.119227,0.070291,0.024998,14.666667
440,0,15,0.160710,0.077351,0.050449,14.666667
440,0,16,0.032309,0.105043,-0.036172,14.666667
440,0,17,0.076029,0.112070,-0.012155,14.666667
440,0,18,0.119527,0.118344,0.011246,14.666667
440,0,19,0.162889,0.125620,0.035531,14.666667
440,0,20,0.032507,0.152985,-0.049675,14.666667
440,0,21,0.076234,0.159872,-0.026494,14.666667
440,0,22,0.119613,0.166715,-0.002528,14.666667
440,0,23,0.164489,0.172601,0.019891,14.666667
445,0,0,0.023947,-0.082316,0.031517,14.833333
445,0,1,0.067413,-0.075203,0.055016,14.833333
445,0,2,0.109389,-0.067771,0.080716,14.833333
445,0,3,0.154766,-0.061169,0.102338,14.833333
445,0,4,0.026094,-0.035338,0.013503,14.833333
445,0,5,0.070023,-0.028661,0.036623,14.833333
445,0,6,0.113134,-0.021361,0.061239,14.833333
445,0,7,0.155092,-0.014325,0.086381,14.833333
445,0,8,0.028904,0.011171,-0.005007,14.833333
445,0,9,0.072095,0.018598,0.019339,14.833333
445,0,10,0.115220,0.025474,0.043226,14.833333
445,0,11,0.159178,0.032470,0.066599,14.833333
445,0,12,0.030759,0.058300,-0.022398,14.833333
445,0,13,0.074183,0.065395,0.001500,14.833333
445,0,14,0.118073,0.072509,0.025135,14.833333
445,0,15,0.161638,0.079094,0.048383,14.833333
445,0,16,0.033471,0.104863,-0.041059,14.833333
445,0,17,0.076490,0.112395,-0.016378,14.833333
445,0,18,0.120614,0.118975,0.007435,14.833333
445,0,19,0.164602,0.126795,0.030900,14.833333
445,0,20,0.035314,0.151953,-0.057835,14.833333
445,0,21,0.079244,0.158942,-0.035222,14.833333
445,0,22,0.122695,0.166351,-0.010546,14.833333
445,0,23,0.165482,0.173046,0.013306,14.833333
450,0,0,0.022133,-0.077389,0.035231,15.000000
450,0,1,0.065774,-0.070628,0.058965,15.000000
450,0,2,0.108413,-0.063160,0.083056,15.000000
450,0,3,0.153022,-0.056446,0.106006,15.000000
450,0,4,0.025160,-0.031278,0.016128,15.000000
450,0,5,0.068851,-0.024509,0.039050,15.000000
450,0,6,0.112437,-0.016560,0.064032,15.000000
450,0,7,0.156872,-0.010828,0.086551,15.000000
450,0,8,0.027980,0.014873,-0.003306,15.000000
450,0,9,0.071388,0.022178,0.020766,15.000000
450,0,10,0.114120,0.029503,0.045858,15.000000
450,0,11,0.158252,0.036347,0.068447,15.000000
450,0,12,0.030586,0.061442,-0.021834,15.000000
450,0,13,0.074653,0.068403,0.001287,15.000000
450,0,14,0.117225,0.076029,0.026471,15.000000
450,0,15,0.160323,0.082899,0.050541,15.000000
450,0,16,0.033623,0.107725,-0.041014,15.000000
450,0,17,0.076482,0.115474,-0.016086,15.000000
450,0,18,0.119615,0.122609,0.008121,15.000000
450,0,19,0.163714,0.129688,0.031276,15.000000
450,0,20,0.035615,0.154726,-0.058223,15.000000
450,0,21,0.079244,0.161757,-0.035032,15.000000
450,0,22,0.122552,0.168909,-0.011265,15.000000
450,0,23,0.167004,0.175710,0.011483,15.000000
455,0,0,0.020990,-0.074454,0.039967,15.166667
455,0,1,0.063944,-0.066577,0.064254,15.166667
455,0,2,0.104968,-0.058568,0.090496,15.166667
455,0,3,0.150325,-0.051744,0.112843,15.166667
455,0,4,0.023333,-0.027819,0.021358,15.166667
455,0,5,0.067167,-0.020824,0.044435,15.166667
455,0,6,0.110177,-0.012830,0.069287,15.166667
455,0,7,0.152227,-0.005649,0.093542,15.166667
455,0,8,0.026210,0.018106,0.001912,15.166667
455,0,9,0.069635,0.026056,0.026121,15.166667
455,0,10,0.113478,0.032604,0.048716,15.166667
455,0,11,0.155939,0.040571,0.073931,15.166667
455,0,12,0.029198,0.064476,-0.017469,15.166667
455,0,13,0.072442,0.071668,0.005793,15.166667
455,0,14,0.116092,0.079446,0.030036,15.166667
455,0,15,0.159659,0.086132,0.053473,15.166667
455,0,16,0.031563,0.110371,-0.037182,15.166667
455,0,17,0.074718,0.117622,-0.013122,15.166667
455,0,18,0.118129,0.125316,0.011324,15.166667
455,0,19,0.162174,0.132749,0.034457,15.166667
455,0,20,0.034453,0.156238,-0.056447,15.166667
455,0,21,0.077408,0.164043,-0.031738,15.166667
455,0,22,0.121111,0.171345,-0.008582,15.166667
455,0,23,0.164304,0.178779,0.015489,15.166667
460,0,0,0.017791,-0.072411,0.044360,15.333333
460,0,1,0.060267,-0.064626,0.069442,15.333333
460,0,2,0.103766,-0.057656,0.093535,15.333333
460,0,3,0.146814,-0.049946,0.117628,15.333333
460,0,4,0.020873,-0.026262,0.024641,15.333333
460,0,5,0.064213,-0.019351,0.048500,15.333333
460,0,6,0.107500,-0.011610,0.072959,15.333333
460,0,7,0.152140,-0.005200,0.095043,15.333333
460,0,8,0.024925,0.018995,0.002980,15.333333
460,0,9,0.067745,0.026463,0.028112,15.333333
460,0,10,0.110359,0.034064,0.052810,15.333333
460,0,11,0.154235,0.041493,0.076547,15.333333
460,0,12,0.028195,0.064990,-0.016197,15.333333
460,0,13,0.071725,0.071950,0.007263,15.333333
460,0,14,0.114575,0.079852,0.032281,15.333333
460,0,15,0.157355,0.086862,0.056268,15.333333
460,0,16,0.032405,0.110079,-0.037866,15.333333
460,0,17,0.074986,0.117866,-0.012618,15.333333
460,0,18,0.118023,0.125078,0.011654,15.333333
460,0,19,0.161630,0.132614,0.035476,15.333333
460,0,20,0.035064,0.155975,-0.056426,15.333333
460,0,21,0.078277,0.163500,-0.032444,15.333333
460,0,22,0.121819,0.170645,-0.008827,15.333333
460,0,23,0.165550,0.177666,0.015132,15.333333
465,0,0,0.014585,-0.070056,0.046884,15.500000
465,0,1,0.058067,-0.063113,0.070270,15.500000
465,0,2,0.100764,-0.055885,0.094561,15.500000
465,0,3,0.144868,-0.049225,0.118203,15.500000
465,0,4,0.019056,-0.024582,0.025865,15.500000
465,0,5,0.061514,-0.017555,0.050288,15.500000
465,0,6,0.105794,-0.010805,0.073234,15.500000
465,0,7,0.148431,-0.003792,0.097168,15.500000
465,0,8,0.023729,0.019999,0.003483,15.500000
465,0,9,0.066788,0.027453,0.028522,15.500000
465,0,10,0.110729,0.033892,0.051485,15.500000
465,0,11,0.153525,0.041519,0.076016,15.500000
465,0,12,0.027547,0.065141,-0.016752,15.500000
465,0,13,0.071270,0.072143,0.006794,15.500000
465,0,14,0.114354,0.079399,0.030963,15.500000
465,0,15,0.158887,0.085927,0.053453,15.500000
465,0,16,0.032765,0.110020,-0.039277,15.500000
465,0,17,0.075082,0.117481,-0.013905,15.500000
465,0,18,0.118549,0.124600,0.010029,15.500000
465,0,19,0.162358,0.131664,0.033164,15.500000
465,0,20,0.036310,0.155712,-0.059035,15.500000
465,0,21,0.079220,0.162824,-0.034369,15.500000
465,0,22,0.122986,0.169661,-0.011617,15.500000
465,0,23,0.166624,0.176572,0.012132,15.500000
470,0,0,0.017402,-0.072858,0.042207,15.666667
470,0,1,0.061358,-0.065917,0.065613,15.666667
470,0,2,0.105434,-0.060017,0.088737,15.666667
470,0,3,0.148986,-0.053129,0.111184,15.666667
470,0,4,0.021522,-0.027370,0.021477,15.666667
470,0,5,0.065556,-0.021145,0.043876,15.666667
470,0,6,0.109366,-0.013924,0.067673,15.666667
470,0,7,0.154601,-0.008198,0.089167,15.666667
470,0,8,0.025327,0.017796,0.000759,15.666667
470,0,9,0.069324,0.024612,0.023726,15.666667
470,0,10,0.113047,0.031218,0.047085,15.666667
470,0,11,0.157245,0.038126,0.070086,15.666667
470,0,12,0.029611,0.063577,-0.019799,15.666667
470,0,13,0.074135,0.069521,0.002197,15.666667
470,0,14,0.116990,0.077031,0.026749,15.666667
470,0,15,0.161645,0.082984,0.049058,15.666667
470,0,16,0.033234,0.108565,-0.040417,15.666667
470,0,17,0.077172,0.115679,-0.017643,15.666667
470,0,18,0.120101,0.122522,0.006866,15.666667
470,0,19,0.164733,0.129002,0.028847,15.666667
470,0,20,0.037477,0.154485,-0.060947,15.666667
470,0,21,0.081288,0.160934,-0.038218,15.666667
470,0,22,0.124943,0.168098,-0.014451,15.666667
470,0,23,0.168480,0.174451,0.008539,15.666667
475,0,0,0.015048,-0.069542,0.042907,15.833333
475,0,1,0.058823,-0.062884,0.066326,15.833333
475,0,2,0.103540,-0.056887,0.088341,15.833333
475,0,3,0.146714,-0.049361,0.112322,15.833333
475,0,4,0.019394,-0.024309,0.021639,15.833333
475,0,5,0.062721,-0.017687,0.045733,15.833333
475,0,6,0.106866,-0.011195,0.068227,15.833333
475,0,7,0.151857,-0.005064,0.090015,15.833333
475,0,8,0.023136,0.021289,0.001743,15.833333
475,0,9,0.067331,0.027871,0.024477,15.833333
475,0,10,0.111389,0.033932,0.047686,15.833333
475,0,11,0.154743,0.040693,0.070262,15.833333
475,0,12,0.027957,0.066702,-0.019346,15.833333
475,0,13,0.072039,0.072781,0.002737,15.833333
475,0,14,0.115317,0.079736,0.026549,15.833333
475,0,15,0.160289,0.086011,0.048753,15.833333
475,0,16,0.032042,0.111765,-0.041094,15.833333
475,0,17,0.075539,0.118642,-0.017336,15.833333
475,0,18,0.119877,0.124911,0.005572,15.833333
475,0,19,0.163465,0.132199,0.029227,15.833333
475,0,20,0.035983,0.157239,-0.061459,15.833333
475,0,21,0.079748,0.164186,-0.038296,15.833333
475,0,22,0.123578,0.170450,-0.014921,15.833333
475,0,23,0.167322,0.177010,0.008370,15.833333
480,0,0,0.013819,-0.063786,0.045598,16.000000
480,0,1,0.056719,-0.056698,0.069940,16.000000
480,0,2,0.100921,-0.049730,0.092530,16.000000
480,0,3,0.144844,-0.042701,0.115659,16.000000
480,0,4,0.017513,-0.018194,0.025218,16.000000
480,0,5,0.061353,-0.011788,0.048221,16.000000
480,0,6,0.104739,-0.004595,0.072072,16.000000
480,0,7,0.149977,0.001795,0.094180,16.000000
480,0,8,0.021647,0.026984,0.003661,16.000000
480,0,9,0.065230,0.033747,0.027586,16.000000
480,0,10,0.108918,0.040507,0.051081,16.000000
480,0,11,0.152887,0.047763,0.073847,16.000000
480,0,12,0.026143,0.072052,-0.016866,16.000000
480,0,13,0.069837,0.078659,0.005668,16.000000
480,0,14,0.113030,0.085579,0.029568,16.000000
480,0,15,0.157922,0.092382,0.051880,16.000000
480,0,16,0.030520,0.116650,-0.038981,16.000000
480,0,17,0.073655,0.124079,-0.014379,16.000000
480,0,18,0.116855,0.131021,0.009683,16.000000
480,0,19,0.161131,0.137795,0.031729,16.000000
480,0,20,0.034778,0.162311,-0.059488,16.000000
480,0,21,0.078080,0.168930,-0.035546,16.000000
480,0,22,0.121565,0.176097,-0.012429,16.000000
480,0,23,0.165904,0.182974,0.009939,16.000000
485,0,0,0.014169,-0.061016,0.048901,16.166667
485,0,1,0.056498,-0.052908,0.073190,16.166667
485,0,2,0.100399,-0.046304,0.096459,16.166667
485,0,3,0.143839,-0.038361,0.120094,16.166667
485,0,4,0.017025,-0.014707,0.028767,16.166667
485,0,5,0.059943,-0.007969,0.053114,16.166667
485,0,6,0.104313,-0.000895,0.075066,16.166667
485,0,7,0.149059,0.005512,0.097119,16.166667
485,0,8,0.021698,0.029617,0.006269,16.166667
485,0,9,0.064454,0.037106,0.030451,16.166667
485,0,10,0.107236,0.044604,0.054690,16.166667
485,0,11,0.151861,0.051302,0.076863,16.166667
485,0,12,0.025303,0.075150,-0.014781,16.166667
485,0,13,0.068773,0.082214,0.009104,16.166667
485,0,14,0.112229,0.089580,0.032935,16.166667
485,0,15,0.154418,0.096997,0.057298,16.166667
485,0,16,0.029881,0.120003,-0.036944,16.166667
485,0,17,0.072571,0.127467,-0.011908,16.166667
485,0,18,0.116947,0.134126,0.011650,16.166667
485,0,19,0.159791,0.141992,0.035345,16.166667
485,0,20,0.033569,0.165383,-0.056975,16.166667
485,0,21,0.076596,0.172537,-0.032940,16.166667
485,0,22,0.120463,0.180020,-0.009646,16.166667
485,0,23,0.164955,0.186599,0.012662,16.166667
505,0,6,0.102911,0.065679,0.062179,16.833333
505,0,7,0.144754,0.073591,0.087032,16.833333
505,0,11,0.147465,0.120381,0.069023,16.833333
505,0,12,0.019289,0.143919,-0.019539,16.833333
510,0,0,0.020422,0.015907,0.015179,17.000000
510,0,1,0.063058,0.024576,0.040964,17.000000
510,0,2,0.107567,0.031201,0.063699,17.000000
510,0,3,0.149482,0.038959,0.089386,17.000000
510,0,4,0.020271,0.064281,0.000007,17.000000
510,0,5,0.063624,0.071387,0.024898,17.000000
510,0,6,0.106995,0.079246,0.048918,17.000000
510,0,7,0.150670,0.086471,0.073299,17.000000
510,0,8,0.022009,0.111577,-0.017790,17.000000
515,0,0,0.011980,0.031256,0.023136,17.166667
515,0,1,0.055526,0.039038,0.046440,17.166667
515,0,2,0.097468,0.046743,0.072862,17.166667
515,0,3,0.141492,0.055535,0.096000,17.166667
515,0,4,0.013347,0.078589,0.006175,17.166667
515,0,5,0.054954,0.086374,0.032587,17.166667
515,0,6,0.099076,0.094173,0.055086,17.166667
515,0,7,0.143266,0.101517,0.077529,17.166667
515,0,8,0.014883,0.125589,-0.011656,17.166667
515,0,11,0.142326,0.148778,0.063089,17.166667
515,0,12,0.015778,0.173214,-0.027726,17.166667
515,0,15,0.145741,0.195982,0.045870,17.166667
515,0,16,0.016650,0.220312,-0.043811,17.166667
515,0,20,0.017464,0.267881,-0.060125,17.166667
520,0,0,0.009977,0.043204,0.023523,17.333333
520,0,3,0.136589,0.066821,0.100039,17.333333
520,0,4,0.010295,0.090451,0.007724,17.333333
520,0,7,0.139543,0.113345,0.081591,17.333333
520,0,8,0.012007,0.137740,-0.009228,17.333333
520,0,9,0.054191,0.145837,0.016279,17.333333
520,0,10,0.095531,0.153698,0.042624,17.333333
520,0,11,0.138968,0.161193,0.066856,17.333333
520,0,12,0.012962,0.185378,-0.024891,17.333333
520,0,13,0.054911,0.193025,0.000483,17.333333
520,0,14,0.097684,0.200895,0.025374,17.333333
520,0,15,0.140314,0.208552,0.049967,17.333333
520,0,16,0.014548,0.232304,-0.042405,17.333333
520,0,17,0.056488,0.240134,-0.016348,17.333333
520,0,18,0.098821,0.247962,0.009374,17.333333
520,0,19,0.141467,0.256152,0.033668,17.333333
520,0,20,0.015654,0.279965,-0.058522,17.333333
520,0,21,0.057962,0.287353,-0.032810,17.333333
520,0,22,0.100044,0.295580,-0.007684,17.333333
520,0,23,0.142872,0.302849,0.017123,17.333333
525,0,0,0.009351,0.047799,0.022624,17.500000
525,0,1,0.051497,0.055999,0.047739,17.500000
525,0,2,0.093063,0.063984,0.074062,17.500000
525,0,3,0.136540,0.071851,0.098121,17.500000
525,0,4,0.010219,0.095853,0.006799,17.500000
525,0,5,0.052353,0.103330,0.031403,17.500000
525,0,6,0.094842,0.111175,0.057007,17.500000
525,0,7,0.136591,0.118962,0.083036,17.500000
525,0,8,0.011291,0.142451,-0.010529,17.500000
525,0,9,0.053305,0.150813,0.015267,17.500000
525,0,10,0.095476,0.158648,0.041027,17.500000
525,0,11,0.138219,0.166484,0.065922,17.500000
525,0,12,0.012158,0.190115,-0.026399,17.500000
525,0,13,0.054849,0.197778,-0.001308,17.500000
525,0,14,0.096829,0.206210,0.024251,17.500000
525,0,15,0.139953,0.213985,0.047974,17.500000
525,0,16,0.013928,0.237012,-0.044155,17.500000
525,0,17,0.055263,0.245468,-0.017574,17.500000
525,0,18,0.097452,0.253579,0.007777,17.500000
525,0,19,0.140496,0.261762,0.032540,17.500000
525,0,20,0.014043,0.284651,-0.059471,17.500000
525,0,21,0.056482,0.292597,-0.034194,17.500000
525,0,22,0.099030,0.301380,-0.008801,17.500000
525,0,23,0.141761,0.308440,0.016173,17.500000
530,0,0,0.007859,0.046493,0.020425,17.666667
530,0,1,0.050191,0.054719,0.045839,17.666667
530,0,2,0.093154,0.062218,0.070063,17.666667
530,0,3,0.135076,0.070148,0.096412,17.666667
530,0,4,0.007780,0.094156,0.005372,17.666667
530,0,5,0.050461,0.102167,0.030073,17.666667
530,0,6,0.093486,0.110462,0.055716,17.666667
530,0,7,0.135245,0.117668,0.080533,17.666667
530,0,8,0.008352,0.141807,-0.010796,17.666667
530,0,9,0.051505,0.150009,0.014042,17.666667
530,0,10,0.093832,0.157622,0.039040,17.666667
530,0,11,0.136774,0.165400,0.064046,17.666667
530,0,12,0.009698,0.189753,-0.026669,17.666667
530,0,13,0.051199,0.197386,-0.000720,17.666667
530,0,14,0.094513,0.205530,0.023773,17.666667
530,0,15,0.136676,0.212888,0.049181,17.666667
530,0,16,0.009845,0.236806,-0.042082,17.666667
530,0,17,0.052467,0.245187,-0.016936,17.666667
530,0,18,0.094233,0.252783,0.009156,17.666667
530,0,19,0.137585,0.260957,0.033156,17.666667
530,0,20,0.010216,0.284457,-0.057517,17.666667
530,0,21,0.052848,0.292487,-0.032535,17.666667
530,0,22,0.095532,0.300531,-0.007442,17.666667
530,0,23,0.138089,0.308208,0.017516,17.666667
535,0,0,0.005187,0.043517,0.016508,17.833333
535,0,1,0.048041,0.050790,0.042043,17.833333
535,0,2,0.090202,0.057192,0.067676,17.833333
535,0,3,0.133681,0.064232,0.091395,17.833333
535,0,4,0.005809,0.091779,0.002657,17.833333
535,0,5,0.048579,0.098298,0.027230,17.833333
535,0,6,0.091598,0.105411,0.052286,17.833333
535,0,7,0.134551,0.111847,0.077336,17.833333
535,0,8,0.006537,0.139219,-0.011884,17.833333
535,0,9,0.049751,0.146523,0.012659,17.833333
535,0,10,0.092386,0.152984,0.038127,17.833333
535,0,11,0.135307,0.160258,0.062682,17.833333
535,0,12,0.007902,0.187063,-0.027582,17.833333
535,0,13,0.050698,0.193910,-0.002268,17.833333
535,0,14,0.093545,0.201317,0.022671,17.833333
535,0,15,0.134574,0.208227,0.049352,17.833333
535,0,16,0.008832,0.235133,-0.042320,17.833333
535,0,17,0.051497,0.242417,-0.016670,17.833333
535,0,18,0.093305,0.249260,0.009315,17.833333
535,0,19,0.137104,0.256189,0.033530,17.833333
535,0,20,0.009764,0.283000,-0.056920,17.833333
535,0,21,0.052028,0.290051,-0.030783,17.833333
535,0,22,0.095196,0.296982,-0.006645,17.833333
535,0,23,0.138456,0.303514,0.018327,17.833333
540,0,0,0.000698,0.035775,0.010206,18.000000
540,0,1,0.044240,0.039989,0.034634,18.000000
540,0,4,0.003402,0.084180,-0.003158,18.000000
540,0,5,0.046208,0.088563,0.022201,18.000000
540,0,6,0.090521,0.093125,0.045244,18.000000
540,0,8,0.005912,0.132440,-0.015999,18.000000
540,0,11,0.136713,0.145767,0.055439,18.000000
540,0,12,0.008609,0.181169,-0.029683,18.000000
540,0,15,0.139553,0.194634,0.043289,18.000000
540,0,16,0.010416,0.229725,-0.042481,18.000000
540,0,17,0.054395,0.234244,-0.019232,18.000000
540,0,18,0.097725,0.239157,0.006293,18.000000
540,0,20,0.013412,0.278342,-0.055714,18.000000
540,0,21,0.056632,0.282877,-0.030701,18.000000
540,0,22,0.101028,0.288281,-0.007070,18.000000
545,0,0,-0.002127,0.031260,0.001544,18.166667
545,0,1,0.041118,0.031961,0.025091,18.166667
545,0,2,0.085787,0.032689,0.046403,18.166667
545,0,3,0.130299,0.034893,0.068829,18.166667
545,0,4,0.002183,0.080071,-0.008388,18.166667
545,0,5,0.045648,0.081214,0.015950,18.166667
545,0,6,0.089533,0.082691,0.039029,18.166667
545,0,7,0.133479,0.083535,0.060712,18.166667
545,0,8,0.006752,0.128613,-0.019078,18.166667
545,0,9,0.050068,0.130279,0.004758,18.166667
545,0,10,0.094363,0.131874,0.028455,18.166667
545,0,11,0.138221,0.133061,0.052240,18.166667
545,0,12,0.010909,0.178012,-0.029958,18.166667
545,0,13,0.054476,0.179546,-0.005329,18.166667
545,0,14,0.098765,0.181441,0.018373,18.166667
545,0,15,0.142693,0.182703,0.041996,18.166667
545,0,16,0.015388,0.227176,-0.040762,18.166667
545,0,17,0.058796,0.228857,-0.015692,18.166667
545,0,18,0.103286,0.230584,0.007615,18.166667
545,0,19,0.147089,0.232327,0.031590,18.166667
545,0,20,0.019510,0.276331,-0.050607,18.166667
545,0,21,0.062819,0.278379,-0.026464,18.166667
545,0,22,0.107233,0.279875,-0.002381,18.166667
545,0,23,0.151803,0.281400,0.020518,18.166667
550,0,0,-0.004538,0.029988,-0.005558,18.333333
550,0,1,0.038086,0.029885,0.020244,18.333333
550,0,2,0.080896,0.029990,0.045897,18.333333
550,0,3,0.125392,0.029787,0.069798,18.333333
550,0,4,-0.000396,0.079194,-0.012730,18.333333
550,0,5,0.042936,0.079099,0.012011,18.333333
550,0,6,0.086888,0.079000,0.036695,18.333333
550,0,7,0.130640,0.078351,0.060884,18.333333
550,0,8,0.005250,0.128229,-0.021627,18.333333
550,0,9,0.048224,0.128512,0.003562,18.333333
550,0,10,0.091147,0.128272,0.028944,18.333333
550,0,11,0.135387,0.128210,0.052831,18.333333
550,0,12,0.009888,0.177739,-0.029872,18.333333
550,0,13,0.053325,0.177524,-0.005183,18.333333
550,0,14,0.096910,0.177699,0.019787,18.333333
550,0,15,0.140064,0.177298,0.044884,18.333333
550,0,16,0.015509,0.226866,-0.039610,18.333333
550,0,17,0.058482,0.227090,-0.013372,18.333333
550,0,18,0.102743,0.226700,0.010539,18.333333
550,0,19,0.145127,0.226711,0.036032,18.333333
550,0,20,0.020275,0.276202,-0.047036,18.333333
550,0,21,0.063741,0.276159,-0.022075,18.333333
550,0,22,0.107081,0.276671,0.003050,18.333333
550,0,23,0.150340,0.276042,0.027811,18.333333
555,0,0,-0.009407,0.030315,-0.008956,18.500000
555,0,1,0.033751,0.028629,0.016773,18.500000
555,0,2,0.077487,0.026510,0.041186,18.500000
555,0,3,0.120187,0.025607,0.066936,18.500000
555,0,4,-0.003066,0.079753,-0.015604,18.500000
555,0,5,0.039051,0.077861,0.009955,18.500000
555,0,6,0.082848,0.076321,0.034807,18.500000
555,0,7,0.126755,0.074079,0.058870,18.500000
555,0,8,0.002773,0.128291,-0.023830,18.500000
555,0,9,0.045978,0.127303,0.002319,18.500000
555,0,10,0.088979,0.125266,0.026809,18.500000
555,0,11,0.131877,0.123731,0.051952,18.500000
555,0,12,0.008242,0.177784,-0.030335,18.500000
555,0,13,0.051925,0.176154,-0.005842,18.500000
555,0,14,0.095044,0.174928,0.019726,18.500000
555,0,15,0.138304,0.173160,0.044166,18.500000
555,0,16,0.015215,0.226756,-0.038979,18.500000
555,0,17,0.057547,0.225769,-0.012344,18.500000
555,0,18,0.102146,0.223856,0.010807,18.500000
555,0,19,0.144265,0.222399,0.037064,18.500000
555,0,20,0.020413,0.276354,-0.045082,18.500000
555,0,21,0.063615,0.274771,-0.019902,18.500000
555,0,22,0.107030,0.273572,0.005244,18.500000
555,0,23,0.151068,0.271870,0.028664,18.500000
560,0,0,-0.016192,0.033777,-0.010458,18.666667
560,0,1,0.026984,0.030598,0.014802,18.666667
560,0,2,0.069303,0.027939,0.040480,18.666667
560,0,3,0.113458,0.024532,0.064105,18.666667
560,0,4,-0.008882,0.082782,-0.016380,18.666667
560,0,5,0.033877,0.079506,0.008796,18.666667
560,0,6,0.077655,0.076908,0.033125,18.666667
560,0,7,0.120588,0.073349,0.058060,18.666667
560,0,8,-0.001429,0.131468,-0.024403,18.666667
560,0,9,0.041503,0.129002,0.001458,18.666667
560,0,10,0.084382,0.125849,0.026518,18.666667
560,0,11,0.128083,0.122983,0.050884,18.666667
560,0,12,0.005815,0.180998,-0.030462,18.666667
560,0,13,0.049544,0.177866,-0.006838,18.666667
560,0,14,0.092006,0.175217,0.019730,18.666667
560,0,15,0.135185,0.172206,0.043874,18.666667
560,0,16,0.012842,0.230044,-0.037699,18.666667
560,0,17,0.055668,0.227240,-0.011740,18.666667
560,0,18,0.098341,0.224378,0.013846,18.666667
560,0,19,0.142236,0.221636,0.038188,18.666667
560,0,20,0.020092,0.279421,-0.043641,18.666667
560,0,21,0.063096,0.276376,-0.018786,18.666667
560,0,22,0.106104,0.273605,0.006754,18.666667
560,0,23,0.149372,0.270640,0.031245,18.666667
565,0,0,-0.018589,0.035051,-0.013977,18.833333
565,0,1,0.024076,0.031101,0.011717,18.833333
565,0,2,0.067127,0.027256,0.037173,18.833333
565,0,3,0.110501,0.023581,0.061940,18.833333
565,0,4,-0.011416,0.084020,-0.019428,18.833333
565,0,5,0.031925,0.080251,0.005951,18.833333
565,0,6,0.075174,0.076449,0.030962,18.833333
565,0,7,0.117425,0.072718,0.057017,18.833333
565,0,8,-0.002887,0.133222,-0.026179,18.833333
565,0,9,0.039884,0.129645,0.000077,18.833333
565,0,10,0.082842,0.125536,0.025388,18.833333
565,0,11,0.126051,0.122010,0.050733,18.833333
565,0,12,0.004940,0.182584,-0.031338,18.833333
565,0,13,0.047792,0.178675,-0.006347,18.833333
565,0,14,0.090784,0.174998,0.019087,18.833333
565,0,15,0.133559,0.171211,0.044285,18.833333
565,0,16,0.012856,0.231624,-0.037778,18.833333
565,0,17,0.055340,0.228028,-0.011653,18.833333
565,0,18,0.098548,0.224155,0.013276,18.833333
565,0,19,0.141773,0.220497,0.038695,18.833333
565,0,20,0.020725,0.280767,-0.043672,18.833333
565,0,21,0.063271,0.277071,-0.017343,18.833333
565,0,22,0.106134,0.273410,0.007706,18.833333
565,0,23,0.148798,0.269549,0.033730,18.833333
570,0,0,-0.019809,0.041310,-0.015036,19.000000
570,0,1,0.021710,0.037606,0.010877,19.000000
570,0,4,-0.012328,0.091270,-0.019914,19.000000
570,0,5,0.028288,0.087362,0.009001,19.000000
570,0,8,-0.005251,0.140792,-0.024577,19.000000
570,0,12,0.001860,0.189652,-0.028801,19.000000
570,0,16,0.009072,0.239686,-0.034091,19.000000
575,0,4,-0.006001,0.105724,-0.023878,19.166667
575,0,8,-0.000886,0.155207,-0.027836,19.166667
575,0,12,0.005327,0.204653,-0.034249,19.166667
575,0,16,0.011175,0.254410,-0.039432,19.166667
580,0,2,0.076163,0.071239,0.047426,19.333333
580,0,3,0.113803,0.073193,0.080092,19.333333
580,0,4,0.002300,0.118032,-0.022630,19.333333
580,0,5,0.040000,0.119469,0.010735,19.333333
580,0,6,0.079030,0.121088,0.041415,19.333333
580,0,7,0.116601,0.122461,0.074538,19.333333
580,0,8,0.005799,0.167725,-0.029085,19.333333
580,0,11,0.121327,0.172047,0.066336,19.333333
580,0,12,0.010068,0.217071,-0.036472,19.333333
580,0,15,0.124636,0.221547,0.059366,19.333333
580,0,16,0.014116,0.266186,-0.043574,19.333333
580,0,17,0.052040,0.268260,-0.010936,19.333333
580,0,18,0.089888,0.269121,0.021376,19.333333
580,0,19,0.129081,0.271198,0.052415,19.333333
580,0,20,0.017995,0.316001,-0.050110,19.333333
580,0,21,0.054957,0.317317,-0.016708,19.333333
580,0,22,0.093827,0.318693,0.014707,19.333333
580,0,23,0.132675,0.320594,0.044834,19.333333
585,0,0,-0.004877,0.070644,-0.021021,19.500000
585,0,1,0.034250,0.072454,0.010286,19.500000
585,0,2,0.073567,0.073159,0.041388,19.500000
585,0,6,0.077170,0.122614,0.036045,19.500000
585,0,11,0.121730,0.174230,0.053729,19.500000
585,0,12,0.005096,0.219005,-0.041996,19.500000
585,0,15,0.125098,0.223687,0.048330,19.500000
585,0,16,0.008806,0.268467,-0.048304,19.500000
585,0,18,0.089331,0.271756,0.011001,19.500000
585,0,20,0.012256,0.317873,-0.055136,19.500000
585,0,21,0.051152,0.319710,-0.024127,19.500000
585,0,22,0.091823,0.321221,0.004665,19.500000
590,0,1,0.029222,0.064248,-0.011634,19.666667
590,0,2,0.068231,0.065519,0.019530,19.666667
590,0,3,0.110816,0.068842,0.047874,19.666667
590,0,6,0.070892,0.115991,0.014352,19.666667
590,0,7,0.112612,0.118029,0.040771,19.666667
590,0,11,0.113673,0.168166,0.035271,19.666667
590,0,12,-0.008437,0.209278,-0.059485,19.666667
590,0,15,0.116702,0.217821,0.027347,19.666667
590,0,17,0.033500,0.262117,-0.036503,19.666667
590,0,18,0.074967,0.264693,-0.006110,19.666667
590,0,21,0.036313,0.311984,-0.041611,19.666667
590,0,22,0.075860,0.314032,-0.011414,19.666667
595,0,2,0.063040,0.062298,0.008592,19.833333
595,0,5,0.022486,0.108464,-0.025788,19.833333
595,0,6,0.063961,0.112312,0.002568,19.833333
595,0,7,0.103481,0.115272,0.032287,19.833333
595,0,8,-0.016838,0.154429,-0.061598,19.833333
595,0,9,0.023209,0.158556,-0.031965,19.833333
595,0,10,0.063297,0.161796,-0.002576,19.833333
595,0,11,0.104851,0.165236,0.026009,19.833333
595,0,12,-0.018451,0.203376,-0.068232,19.833333
595,0,13,0.023733,0.207772,-0.039015,19.833333
595,0,14,0.063944,0.211623,-0.008659,19.833333
595,0,15,0.104430,0.214801,0.020167,19.833333
595,0,16,-0.015531,0.253786,-0.075228,19.833333
595,0,17,0.022874,0.256796,-0.044544,19.833333
595,0,18,0.064477,0.260973,-0.015354,19.833333
595,0,19,0.104980,0.264614,0.014445,19.833333
595,0,20,-0.016297,0.303637,-0.080179,19.833333
595,0,21,0.023526,0.307111,-0.049428,19.833333
595,0,22,0.064114,0.310415,-0.020511,19.833333
595,0,23,0.104904,0.314284,0.008115,19.833333
600,0,0,-0.023208,0.048720,-0.054115,20.000000
600,0,1,0.017017,0.051476,-0.024051,20.000000
600,0,2,0.055819,0.053314,0.007145,20.000000
600,0,3,0.095930,0.056005,0.036431,20.000000
600,0,4,-0.022120,0.098504,-0.059418,20.000000
600,0,5,0.017814,0.100381,-0.029312,20.000000
600,0,6,0.056967,0.103650,0.001781,20.000000
600,0,7,0.096835,0.105475,0.031306,20.000000
600,0,8,-0.021958,0.148079,-0.064434,20.000000
600,0,9,0.017667,0.150542,-0.033279,20.000000
600,0,10,0.056730,0.153009,-0.002689,20.000000
600,0,11,0.096707,0.155528,0.027487,20.000000
600,0,12,-0.020796,0.197838,-0.069120,20.000000
600,0,13,0.018320,0.200135,-0.038666,20.000000
600,0,14,0.057613,0.202732,-0.007752,20.000000
600,0,15,0.097810,0.205145,0.021589,20.000000
600,0,16,-0.019890,0.247345,-0.074880,20.000000
600,0,17,0.018958,0.250298,-0.043369,20.000000
600,0,18,0.057773,0.252817,-0.012551,20.000000
600,0,19,0.097875,0.255322,0.017691,20.000000
600,0,20,-0.019737,0.297352,-0.079369,20.000000
600,0,21,0.019580,0.299844,-0.048546,20.000000
600,0,22,0.059257,0.302836,-0.017931,20.000000
600,0,23,0.099345,0.304942,0.010904,20.000000
605,0,0,-0.020566,0.043852,-0.047185,20.166667
605,0,1,0.018798,0.045629,-0.016559,20.166667
605,0,2,0.058991,0.047460,0.012927,20.166667
605,0,3,0.098668,0.050541,0.043797,20.166667
605,0,6,0.059984,0.097744,0.008150,20.166667
605,0,7,0.098377,0.099936,0.039162,20.166667
605,0,10,0.059407,0.147489,0.004401,20.166667
605,0,11,0.100601,0.149715,0.032769,20.166667
605,0,14,0.061161,0.196857,-0.002310,20.166667
605,0,15,0.101145,0.199542,0.027788,20.166667
605,0,20,-0.015463,0.292643,-0.071697,20.166667
615,0,1,0.059190,0.034209,-0.005227,20.500000
615,0,2,0.101829,0.036230,0.020936,20.500000
615,0,6,0.104230,0.085718,0.018205,20.500000
615,0,11,0.147611,0.135467,0.042523,20.500000
615,0,12,0.023882,0.184886,-0.045999,20.500000
615,0,15,0.150471,0.184758,0.039582,20.500000
615,0,16,0.026595,0.234748,-0.043473,20.500000
620,0,0,0.033854,0.033510,-0.034952,20.666667
620,0,1,0.075966,0.033179,-0.007238,20.666667
620,0,2,0.117855,0.032444,0.019037,20.666667
620,0,3,0.161580,0.032125,0.044818,20.666667
620,0,4,0.035132,0.083487,-0.035004,20.666667
620,0,5,0.078091,0.082780,-0.010159,20.666667
620,0,6,0.120415,0.082445,0.016934,20.666667
620,0,7,0.164246,0.081542,0.040723,20.666667
620,0,8,0.037074,0.133444,-0.037242,20.666667
620,0,9,0.079820,0.132838,-0.011409,20.666667
620,0,10,0.122645,0.131975,0.014516,20.666667
620,0,11,0.165218,0.131813,0.040704,20.666667
620,0,12,0.039606,0.183580,-0.039789,20.666667
620,0,13,0.082418,0.182747,-0.014151,20.666667
620,0,14,0.124794,0.182358,0.012520,20.666667
620,0,15,0.166861,0.181894,0.038294,20.666667
620,0,16,0.042567,0.233433,-0.044095,20.666667
620,0,17,0.084146,0.232896,-0.015721,20.666667
620,0,18,0.126604,0.232159,0.010545,20.666667
620,0,19,0.169221,0.231742,0.035996,20.666667
620,0,20,0.043936,0.283455,-0.044256,20.666667
620,0,21,0.085235,0.282693,-0.016533,20.666667
620,0,22,0.128624,0.282129,0.008168,20.666667
620,0,23,0.171657,0.281675,0.033786,20.666667
625,0,2,0.127181,0.031974,0.024049,20.833333
625,0,3,0.169985,0.032074,0.049424,20.833333
625,0,4,0.041954,0.083134,-0.026784,20.833333
625,0,5,0.084956,0.082450,-0.002222,20.833333
625,0,6,0.128735,0.082430,0.022418,20.833333
625,0,7,0.172284,0.081643,0.046319,20.833333
625,0,8,0.044163,0.132678,-0.030124,20.833333
625,0,9,0.086984,0.132675,-0.004402,20.833333
625,0,10,0.129934,0.132091,0.020339,20.833333
625,0,11,0.173493,0.131584,0.044210,20.833333
625,0,12,0.045630,0.182980,-0.031641,20.833333
625,0,13,0.090009,0.182098,-0.008796,20.833333
625,0,14,0.132241,0.182444,0.017849,20.833333
625,0,15,0.175312,0.181907,0.042215,20.833333
625,0,16,0.047116,0.232884,-0.034756,20.833333
625,0,17,0.090576,0.232631,-0.009335,20.833333
625,0,18,0.134710,0.232307,0.014097,20.833333
625,0,19,0.177732,0.232265,0.040178,20.833333
625,0,20,0.049014,0.282923,-0.036778,20.833333
625,0,21,0.091525,0.282633,-0.010906,20.833333
625,0,22,0.135904,0.282642,0.012821,20.833333
625,0,23,0.179783,0.282238,0.036508,20.833333
630,0,0,0.042281,0.030822,-0.021114,21.000000
630,0,1,0.085201,0.031077,0.004028,21.000000
630,0,2,0.128974,0.030652,0.028025,21.000000
630,0,3,0.173028,0.030548,0.051857,21.000000
630,0,4,0.043050,0.081117,-0.022721,21.000000
630,0,5,0.086832,0.081113,0.001073,21.000000
630,0,6,0.130782,0.080651,0.025307,21.000000
630,0,7,0.174426,0.080411,0.049584,21.000000
630,0,8,0.044609,0.131196,-0.025537,21.000000
630,0,9,0.088455,0.131089,-0.000716,21.000000
630,0,10,0.131845,0.130670,0.023870,21.000000
630,0,11,0.175939,0.130604,0.047490,21.000000
630,0,12,0.046494,0.181623,-0.027217,21.000000
630,0,13,0.089926,0.181056,-0.003261,21.000000
630,0,14,0.133757,0.180746,0.020824,21.000000
630,0,15,0.177303,0.180602,0.045290,21.000000
630,0,16,0.047714,0.231431,-0.030396,21.000000
630,0,17,0.091461,0.231471,-0.005001,21.000000
630,0,18,0.135368,0.231009,0.018231,21.000000
630,0,19,0.179097,0.230821,0.042824,21.000000
630,0,20,0.049176,0.281414,-0.031880,21.000000
630,0,21,0.092338,0.281233,-0.007310,21.000000
630,0,22,0.136533,0.281217,0.016982,21.000000
630,0,23,0.180639,0.280496,0.040470,21.000000
635,0,0,0.041478,0.031367,-0.017313,21.166667
635,0,1,0.085086,0.030729,0.006538,21.166667
635,0,2,0.130385,0.029363,0.028442,21.166667
635,0,3,0.174084,0.028853,0.052102,21.166667
635,0,4,0.042440,0.081764,-0.017020,21.166667
635,0,5,0.087243,0.080578,0.004830,21.166667
635,0,6,0.131499,0.079981,0.028508,21.166667
635,0,7,0.175682,0.078620,0.051069,21.166667
635,0,8,0.044546,0.131459,-0.018861,21.166667
635,0,9,0.088694,0.130577,0.004234,21.166667
635,0,10,0.133368,0.129657,0.026505,21.166667
635,0,11,0.177469,0.128745,0.049818,21.166667
635,0,12,0.046517,0.181692,-0.020087,21.166667
635,0,13,0.090085,0.180391,0.003863,21.166667
635,0,14,0.135069,0.179822,0.026075,21.166667
635,0,15,0.178896,0.178371,0.049308,21.166667
635,0,16,0.048681,0.231099,-0.021360,21.166667
635,0,17,0.092698,0.230620,0.001497,21.166667
635,0,18,0.136999,0.229647,0.023715,21.166667
635,0,19,0.181504,0.228626,0.047144,21.166667
635,0,20,0.050272,0.281651,-0.023042,21.166667
635,0,21,0.094747,0.280479,-0.000450,21.166667
635,0,22,0.138797,0.279701,0.023064,21.166667
635,0,23,0.183110,0.278647,0.045327,21.166667
640,0,0,0.044100,0.034099,-0.014992,21.333333
640,0,1,0.088812,0.032266,0.007983,21.333333
640,0,2,0.133367,0.031046,0.031172,21.333333
640,0,3,0.177363,0.030235,0.055156,21.333333
640,0,4,0.047111,0.084006,-0.016599,21.333333
640,0,5,0.090813,0.082632,0.006902,21.333333
640,0,6,0.135231,0.081293,0.030325,21.333333
640,0,7,0.179281,0.080277,0.053478,21.333333
640,0,8,0.048527,0.133621,-0.016649,21.333333
640,0,9,0.093060,0.132630,0.005665,21.333333
640,0,10,0.137954,0.131205,0.028598,21.333333
640,0,11,0.181747,0.130207,0.052327,21.333333
640,0,12,0.051340,0.184123,-0.019506,21.333333
640,0,13,0.095202,0.182803,0.004621,21.333333
640,0,14,0.139598,0.181529,0.027617,21.333333
640,0,15,0.184996,0.179876,0.050122,21.333333
640,0,16,0.053860,0.234094,-0.021459,21.333333
640,0,17,0.097678,0.233292,0.003388,21.333333
640,0,18,0.141706,0.231575,0.026805,21.333333
640,0,19,0.185911,0.230349,0.049964,21.333333
640,0,20,0.055440,0.284296,-0.021799,21.333333
640,0,21,0.099552,0.283017,0.001931,21.333333
640,0,22,0.143831,0.281900,0.025265,21.333333
640,0,23,0.187392,0.280608,0.049197,21.333333
645,0,0,0.047649,0.037431,-0.019569,21.500000
645,0,1,0.091375,0.036403,0.005448,21.500000
645,0,2,0.135313,0.034542,0.029257,21.500000
645,0,3,0.179659,0.033637,0.052412,21.500000
645,0,4,0.048382,0.087510,-0.018375,21.500000
645,0,5,0.093070,0.085989,0.004969,21.500000
645,0,6,0.137228,0.085041,0.028852,21.500000
645,0,7,0.180054,0.083814,0.053497,21.500000
645,0,8,0.050114,0.137556,-0.017705,21.500000
645,0,9,0.094366,0.136251,0.004866,21.500000
645,0,10,0.139243,0.135039,0.027839,21.500000
645,0,11,0.182895,0.133744,0.052540,21.500000
645,0,12,0.052061,0.188060,-0.018615,21.500000
645,0,13,0.096260,0.186731,0.004430,21.500000
645,0,14,0.140273,0.185215,0.028808,21.500000
645,0,15,0.184064,0.183420,0.053422,21.500000
645,0,16,0.053702,0.238151,-0.019326,21.500000
645,0,17,0.097951,0.236995,0.004971,21.500000
645,0,18,0.141356,0.235419,0.029104,21.500000
645,0,19,0.185993,0.233937,0.052573,21.500000
645,0,20,0.055902,0.288697,-0.019174,21.500000
645,0,21,0.099201,0.286935,0.005097,21.500000
645,0,22,0.143911,0.285959,0.029130,21.500000
645,0,23,0.186943,0.283958,0.052927,21.500000
650,0,0,0.051411,0.041389,-0.027869,21.666667
650,0,1,0.095720,0.040011,-0.004443,21.666667
650,0,2,0.139082,0.038371,0.020211,21.666667
650,0,3,0.182972,0.036931,0.044459,21.666667
650,0,4,0.052133,0.091498,-0.026066,21.666667
650,0,5,0.095067,0.089957,-0.000828,21.666667
650,0,6,0.139591,0.088520,0.022923,21.666667
650,0,7,0.183221,0.086963,0.046856,21.666667
650,0,8,0.051829,0.141741,-0.023509,21.666667
650,0,9,0.096447,0.140276,0.000942,21.666667
650,0,10,0.139152,0.138425,0.026123,21.666667
650,0,11,0.183270,0.136983,0.049929,21.666667
650,0,12,0.052654,0.191634,-0.020747,21.666667
650,0,13,0.096907,0.190209,0.001925,21.666667
650,0,14,0.139617,0.188371,0.028049,21.666667
650,0,15,0.184328,0.187171,0.051063,21.666667
650,0,16,0.053310,0.241498,-0.019226,21.666667
650,0,17,0.096533,0.240247,0.006298,21.666667
650,0,18,0.139471,0.238266,0.031986,21.666667
650,0,19,0.183548,0.237102,0.055201,21.666667
650,0,20,0.053335,0.291756,-0.015805,21.666667
650,0,21,0.096914,0.289862,0.008443,21.666667
650,0,22,0.140120,0.288651,0.033422,21.666667
650,0,23,0.183240,0.287228,0.058546,21.666667
655,0,0,0.059944,0.051035,-0.037459,21.833333
655,0,1,0.101813,0.047102,-0.011856,21.833333
655,0,2,0.146835,0.046833,0.012006,21.833333
655,0,3,0.194655,0.047986,0.025721,21.833333
655,0,4,0.058482,0.099805,-0.032949,21.833333
655,0,5,0.102024,0.098253,-0.008588,21.833333
655,0,6,0.144700,0.096486,0.016304,21.833333
655,0,7,0.188644,0.095808,0.042112,21.833333
655,0,8,0.056946,0.149846,-0.028476,21.833333
655,0,9,0.100250,0.148540,-0.002790,21.833333
655,0,10,0.144030,0.147305,0.021679,21.833333
655,0,11,0.187443,0.146231,0.047168,21.833333
655,0,12,0.056108,0.200191,-0.023769,21.833333
655,0,13,0.099296,0.198445,0.001823,21.833333
655,0,14,0.142683,0.197399,0.026781,21.833333
655,0,15,0.186276,0.196575,0.051237,21.833333
655,0,16,0.055019,0.249726,-0.019327,21.833333
655,0,17,0.097845,0.249017,0.006615,21.833333
655,0,18,0.140268,0.247695,0.032837,21.833333
655,0,19,0.184376,0.246690,0.057796,21.833333
655,0,20,0.052924,0.300177,-0.013863,21.833333
655,0,21,0.095531,0.299088,0.011945,21.833333
655,0,22,0.139768,0.298089,0.036563,21.833333
655,0,23,0.183050,0.296414,0.061878,21.833333
660,0,0,0.060496,0.060151,-0.031637,22.000000
660,0,1,0.105021,0.059845,-0.008293,22.000000
660,0,2,0.145533,0.059580,0.020134,22.000000
660,0,3,0.191157,0.059497,0.043535,22.000000
660,0,4,0.059176,0.109941,-0.028177,22.000000
660,0,5,0.102157,0.109364,-0.003080,22.000000
660,0,6,0.144667,0.108794,0.023252,22.000000
660,0,7,0.188192,0.108437,0.048202,22.000000
660,0,8,0.056216,0.159563,-0.023117,22.000000
660,0,9,0.099921,0.159707,0.002583,22.000000
660,0,10,0.141937,0.158573,0.028904,22.000000
660,0,11,0.185083,0.158492,0.054301,22.000000
660,0,12,0.053474,0.209548,-0.016960,22.000000
660,0,13,0.095422,0.209109,0.009573,22.000000
660,0,14,0.139169,0.208492,0.034054,22.000000
660,0,15,0.181576,0.208169,0.060478,22.000000
660,0,16,0.049913,0.259343,-0.011575,22.000000
660,0,17,0.093628,0.259307,0.014058,22.000000
660,0,18,0.136370,0.258549,0.039685,22.000000
660,0,19,0.179054,0.258360,0.066251,22.000000
660,0,20,0.047687,0.309213,-0.005912,22.000000
660,0,21,0.090287,0.308784,0.019619,22.000000
660,0,22,0.133147,0.308489,0.045733,22.000000
660,0,23,0.176918,0.307930,0.070373,22.000000
665,0,0,0.067714,0.067390,-0.036237,22.166667
665,0,1,0.111109,0.067875,-0.010752,22.166667
665,0,2,0.151669,0.068809,0.017095,22.166667
665,0,3,0.196097,0.068950,0.042615,22.166667
665,0,4,0.063209,0.116509,-0.029350,22.166667
665,0,5,0.106899,0.116409,-0.004121,22.166667
665,0,6,0.148378,0.117376,0.023720,22.166667
665,0,7,0.190807,0.117328,0.050494,22.166667
665,0,8,0.058014,0.165529,-0.021264,22.166667
665,0,9,0.100737,0.166141,0.004874,22.166667
665,0,10,0.143294,0.166158,0.031318,22.166667
665,0,11,0.186053,0.167476,0.057888,22.166667
665,0,12,0.053117,0.215335,-0.014020,22.166667
665,0,13,0.095235,0.215275,0.012509,22.166667
665,0,14,0.137924,0.215813,0.038789,22.166667
665,0,15,0.181621,0.216113,0.063854,22.166667
665,0,16,0.047792,0.264289,-0.006794,22.166667
665,0,17,0.090101,0.264974,0.020630,22.166667
665,0,18,0.132433,0.264893,0.046956,22.166667
665,0,19,0.175301,0.265769,0.073375,22.166667
665,0,20,0.042627,0.313564,0.000861,22.166667
665,0,21,0.085240,0.313949,0.027057,22.166667
665,0,22,0.127149,0.314443,0.054712,22.166667
665,0,23,0.169844,0.314681,0.080788,22.166667
670,0,0,0.066108,0.065997,-0.034627,22.333333
670,0,1,0.108718,0.066770,-0.008676,22.333333
670,0,2,0.151479,0.067350,0.017428,22.333333
670,0,3,0.194248,0.068602,0.043814,22.333333
670,0,4,0.060659,0.115558,-0.026938,22.333333
670,0,5,0.103476,0.115997,-0.001468,22.333333
670,0,6,0.146222,0.116635,0.024543,22.333333
670,0,7,0.188974,0.117597,0.049975,22.333333
670,0,8,0.055603,0.164964,-0.020645,22.333333
670,0,9,0.097745,0.165181,0.006734,22.333333
670,0,10,0.141546,0.165695,0.031440,22.333333
670,0,11,0.183524,0.166495,0.058348,22.333333
670,0,12,0.050085,0.214446,-0.011786,22.333333
670,0,13,0.092709,0.214486,0.014003,22.333333
670,0,14,0.135297,0.215056,0.040147,22.333333
670,0,15,0.179033,0.215743,0.064716,22.333333
670,0,16,0.044925,0.263282,-0.004982,22.333333
670,0,17,0.087259,0.263924,0.022189,22.333333
670,0,18,0.130704,0.264446,0.046718,22.333333
670,0,19,0.173117,0.265315,0.073597,22.333333
670,0,20,0.039111,0.312315,0.003115,22.333333
670,0,21,0.082317,0.313297,0.028454,22.333333
670,0,22,0.124589,0.313822,0.055707,22.333333
670,0,23,0.167521,0.314218,0.080739,22.333333
675,0,0,0.055591,0.060882,-0.027203,22.500000
675,0,1,0.100561,0.062375,-0.004948,22.500000
675,0,2,0.143866,0.062838,0.019009,22.500000
675,0,3,0.189578,0.064013,0.039603,22.500000
675,0,4,0.051622,0.110431,-0.022209,22.500000
675,0,5,0.095590,0.111844,0.000875,22.500000
675,0,6,0.141588,0.113484,0.024980,22.500000
675,0,7,0.184462,0.113265,0.049998,22.500000
675,0,8,0.047601,0.159810,-0.016213,22.500000
675,0,9,0.092366,0.161375,0.006484,22.500000
675,0,10,0.137131,0.161926,0.028587,22.500000
675,0,12,0.044140,0.210023,-0.010948,22.500000
675,0,13,0.088189,0.210844,0.011953,22.500000
675,0,14,0.133049,0.212159,0.035162,22.500000
675,0,16,0.039598,0.259538,-0.005175,22.500000
675,0,17,0.083897,0.260432,0.018387,22.500000
675,0,18,0.128187,0.261371,0.041362,22.500000
675,0,19,0.172183,0.261939,0.067966,22.500000
675,0,20,0.035801,0.309311,0.001102,22.500000
675,0,21,0.080209,0.310179,0.023456,22.500000
675,0,22,0.124206,0.310780,0.050116,22.500000
675,0,23,0.167944,0.310727,0.074706,22.500000
680,0,0,0.048530,0.057492,-0.020034,22.666667
680,0,1,0.095345,0.059752,-0.002120,22.666667
680,0,2,0.141959,0.061121,0.015455,22.666667
680,0,3,0.188663,0.063818,0.033637,22.666667
680,0,4,0.045403,0.107317,-0.017237,22.666667
680,0,5,0.092051,0.109156,0.000432,22.666667
680,0,6,0.138794,0.111411,0.018301,22.666667
680,0,7,0.185328,0.113339,0.036063,22.666667
680,0,8,0.042665,0.156846,-0.014889,22.666667
680,0,9,0.088857,0.159328,0.004163,22.666667
680,0,10,0.135902,0.161540,0.020595,22.666667
680,0,11,0.182179,0.163466,0.039193,22.666667
680,0,12,0.038838,0.207316,-0.010980,22.666667
680,0,13,0.085219,0.209531,0.006436,22.666667
680,0,14,0.132214,0.211592,0.024949,22.666667
680,0,15,0.178852,0.213725,0.041949,22.666667
680,0,16,0.034614,0.257190,-0.007239,22.666667
680,0,17,0.082019,0.259498,0.010769,22.666667
680,0,18,0.128562,0.261616,0.027566,22.666667
680,0,19,0.175464,0.263648,0.045875,22.666667
680,0,20,0.032227,0.307226,-0.004624,22.666667
680,0,21,0.078394,0.309278,0.013201,22.666667
680,0,22,0.125396,0.311466,0.031206,22.666667
680,0,23,0.173778,0.313567,0.046184,22.666667
685,0,0,0.045878,0.055081,-0.013073,22.833333
685,0,1,0.094254,0.057731,-0.000791,22.833333
685,0,2,0.142710,0.059988,0.011601,22.833333
685,0,3,0.190957,0.062782,0.023565,22.833333
685,0,4,0.043044,0.104978,-0.011196,22.833333
685,0,5,0.091589,0.107419,0.000929,22.833333
685,0,6,0.139814,0.110341,0.014182,22.833333
685,0,7,0.188997,0.112519,0.024855,22.833333
685,0,8,0.040497,0.154835,-0.010232,22.833333
685,0,9,0.088295,0.157526,0.003671,22.833333
685,0,10,0.137592,0.159861,0.014709,22.833333
685,0,11,0.183401,0.161881,0.035898,22.833333
685,0,12,0.037024,0.204680,-0.006390,22.833333
685,0,13,0.084891,0.207127,0.006738,22.833333
685,0,14,0.133409,0.209721,0.018376,22.833333
685,0,15,0.181387,0.211769,0.035427,22.833333
685,0,16,0.033888,0.254569,-0.004420,22.833333
685,0,17,0.082003,0.257178,0.008452,22.833333
685,0,18,0.130466,0.259687,0.020791,22.833333
685,0,19,0.177136,0.261409,0.039930,22.833333
685,0,20,0.031036,0.304733,-0.002038,22.833333
685,0,21,0.079141,0.307001,0.010422,22.833333
685,0,22,0.127160,0.309701,0.023905,22.833333
685,0,23,0.174148,0.311201,0.042266,22.833333
690,0,0,0.047278,0.050754,-0.014332,23.000000
690,0,1,0.096010,0.052575,-0.004967,23.000000
690,0,2,0.145217,0.054292,0.003918,23.000000
690,0,3,0.194317,0.055796,0.013002,23.000000
690,0,4,0.044962,0.100928,-0.012246,23.000000
690,0,5,0.094304,0.102774,-0.003582,23.000000
690,0,6,0.143583,0.104210,0.005709,23.000000
690,0,7,0.193053,0.105766,0.014195,23.000000
690,0,8,0.043382,0.150995,-0.010750,23.000000
690,0,9,0.092434,0.152619,-0.001132,23.000000
690,0,10,0.141747,0.154376,0.007493,23.000000
690,0,11,0.190943,0.156030,0.016393,23.000000
690,0,12,0.041326,0.201163,-0.008534,23.000000
690,0,13,0.090387,0.202441,0.001442,23.000000
690,0,14,0.139685,0.204339,0.009599,23.000000
690,0,15,0.189147,0.205709,0.018547,23.000000
690,0,16,0.039564,0.251047,-0.006932,23.000000
690,0,17,0.088654,0.252733,0.002568,23.000000
690,0,18,0.138062,0.254342,0.011539,23.000000
690,0,19,0.187042,0.255881,0.020626,23.000000
690,0,20,0.037506,0.300953,-0.005229,23.000000
690,0,21,0.085999,0.302762,0.005837,23.000000
690,0,22,0.136055,0.304532,0.013407,23.000000
690,0,23,0.186478,0.305294,0.021548,23.000000
695,0,0,0.048098,0.050058,-0.010688,23.166667
695,0,1,0.097571,0.051676,-0.003234,23.166667
695,0,2,0.147351,0.052295,0.002808,23.166667
695,0,3,0.196890,0.054435,0.009264,23.166667
695,0,4,0.046459,0.100193,-0.008272,23.166667
695,0,5,0.096201,0.101223,-0.002295,23.166667
695,0,6,0.145859,0.102956,0.004263,23.166667
695,0,7,0.195588,0.104133,0.009728,23.166667
695,0,8,0.045371,0.150226,-0.008276,23.166667
695,0,9,0.094919,0.151776,-0.000791,23.166667
695,0,10,0.144658,0.152563,0.005054,23.166667
695,0,11,0.194276,0.154254,0.011025,23.166667
695,0,12,0.043732,0.200440,-0.006209,23.166667
695,0,13,0.093193,0.201729,0.000254,23.166667
695,0,14,0.142970,0.203141,0.007183,23.166667
695,0,15,0.192680,0.204243,0.012840,23.166667
695,0,16,0.041503,0.250439,-0.003898,23.166667
695,0,17,0.091928,0.251977,0.001760,23.166667
695,0,18,0.141297,0.253268,0.008355,23.166667
695,0,19,0.191167,0.254497,0.014221,23.166667
695,0,20,0.040756,0.300416,-0.004158,23.166667
695,0,21,0.090507,0.301829,0.002846,23.166667
695,0,22,0.139897,0.303289,0.009332,23.166667
695,0,23,0.189930,0.304496,0.015190,23.166667
700,0,0,0.051117,0.049044,-0.003839,23.333333
700,0,1,0.101415,0.050431,-0.002362,23.333333
700,0,2,0.151794,0.051228,0.001215,23.333333
700,0,3,0.200881,0.053133,0.004725,23.333333
700,0,4,0.050410,0.099756,-0.004043,23.333333
700,0,5,0.100223,0.100210,-0.001148,23.333333
700,0,6,0.150132,0.102114,0.002644,23.333333
700,0,7,0.199564,0.103220,0.005166,23.333333
700,0,8,0.049427,0.149067,-0.005072,23.333333
700,0,9,0.099055,0.150823,-0.001157,23.333333
700,0,10,0.148506,0.152154,0.003022,23.333333
700,0,11,0.198784,0.153468,0.005538,23.333333
700,0,12,0.047688,0.199437,-0.003845,23.333333
700,0,13,0.097567,0.200869,-0.000423,23.333333
700,0,14,0.147766,0.202508,0.003313,23.333333
700,0,15,0.197051,0.203714,0.006203,23.333333
700,0,16,0.045937,0.249478,-0.002709,23.333333
700,0,17,0.096558,0.251237,0.000788,23.333333
700,0,18,0.146640,0.252000,0.003754,23.333333
700,0,19,0.196475,0.254142,0.006792,23.333333
700,0,20,0.045206,0.299831,-0.002902,23.333333
700,0,21,0.094881,0.301279,0.000843,23.333333
700,0,22,0.145052,0.302627,0.004305,23.333333
700,0,23,0.194879,0.303364,0.007625,23.333333
705,0,0,0.052697,0.048272,-0.003056,23.500000
705,0,1,0.102679,0.049011,-0.001409,23.500000
705,0,2,0.153021,0.049890,0.000462,23.500000
705,0,3,0.202811,0.051787,0.002210,23.500000
705,0,4,0.052050,0.098576,-0.002740,23.500000
705,0,5,0.101970,0.099110,-0.001413,23.500000
705,0,6,0.151738,0.100606,0.001077,23.500000
705,0,7,0.201281,0.101307,0.002703,23.500000
705,0,8,0.050577,0.148359,-0.002778,23.500000
705,0,9,0.100756,0.149405,-0.001052,23.500000
705,0,10,0.150842,0.150526,0.000106,23.500000
705,0,11,0.200673,0.151377,0.001898,23.500000
705,0,12,0.049845,0.198639,-0.002956,23.500000
705,0,13,0.100073,0.199131,-0.001254,23.500000
705,0,14,0.149751,0.200723,0.001079,23.500000
705,0,15,0.199554,0.201643,0.002245,23.500000
705,0,16,0.048419,0.248551,-0.003006,23.500000
705,0,17,0.098582,0.249852,-0.000185,23.500000
705,0,18,0.147922,0.250890,0.001717,23.500000
705,0,19,0.198528,0.252001,0.002645,23.500000
705,0,20,0.047598,0.298724,-0.002704,23.500000
705,0,21,0.097986,0.299660,-0.001798,23.500000
705,0,22,0.147518,0.300945,0.000865,23.500000
705,0,23,0.197703,0.301771,0.001991,23.500000
710,0,0,0.049763,0.049867,0.000116,23.666667
710,0,1,0.099819,0.049858,0.000172,23.666667
710,0,2,0.149914,0.049396,0.000168,23.666667
710,0,3,0.199489,0.049783,-0.000330,23.666667
710,0,4,0.049972,0.100125,0.000947,23.666667
710,0,5,0.100229,0.099466,-0.000385,23.666667
710,0,6,0.150086,0.099877,-0.000057,23.666667
710,0,7,0.199699,0.099718,-0.000045,23.666667
710,0,8,0.050384,0.149458,-0.000760,23.666667
710,0,9,0.100042,0.149781,-0.000307,23.666667
710,0,10,0.150318,0.149646,-0.000062,23.666667
710,0,11,0.200075,0.150273,0.000108,23.666667
710,0,12,0.049848,0.200125,0.000204,23.666667
710,0,13,0.100221,0.199574,0.000333,23.666667
710,0,14,0.149941,0.200160,0.000256,23.666667
710,0,15,0.200174,0.200067,-0.000495,23.666667
710,0,16,0.050432,0.249856,-0.000936,23.666667
710,0,17,0.100013,0.250397,0.000680,23.666667
710,0,18,0.149973,0.250283,-0.000113,23.666667
710,0,19,0.199973,0.250609,0.000371,23.666667
710,0,20,0.049833,0.300382,0.000033,23.666667
710,0,21,0.100079,0.300294,-0.000063,23.666667
710,0,22,0.149999,0.300547,0.000137,23.666667
710,0,23,0.199723,0.300457,0.000030,23.666667
715,0,0,0.049615,0.051386,0.002056,23.833333
715,0,1,0.099643,0.051257,0.001943,23.833333
715,0,2,0.149340,0.050912,0.002690,23.833333
715,0,3,0.199715,0.051182,0.001324,23.833333
715,0,4,0.049814,0.101587,0.001603,23.833333
715,0,5,0.100126,0.100813,0.001213,23.833333
715,0,6,0.150052,0.101209,0.000886,23.833333
715,0,7,0.199861,0.101007,0.000053,23.833333
715,0,8,0.049662,0.151359,0.000587,23.833333
715,0,9,0.100024,0.151724,0.000892,23.833333
715,0,10,0.149927,0.151293,-0.000324,23.833333
715,0,11,0.200252,0.151102,-0.000873,23.833333
715,0,12,0.050001,0.201645,0.000132,23.833333
715,0,13,0.099824,0.201321,-0.000368,23.833333
715,0,14,0.150004,0.201234,-0.000808,23.833333
715,0,15,0.200386,0.200571,-0.001196,23.833333
715,0,16,0.050329,0.251570,-0.002753,23.833333
715,0,17,0.099901,0.251457,-0.000831,23.833333
715,0,18,0.149481,0.250832,0.000049,23.833333
715,0,19,0.199911,0.251181,-0.001592,23.833333
715,0,20,0.049955,0.301411,-0.002322,23.833333
715,0,21,0.100410,0.301133,-0.002805,23.833333
715,0,22,0.150103,0.301173,-0.002281,23.833333
715,0,23,0.200398,0.301157,-0.004118,23.833333
720,0,0,0.046097,0.048381,0.019288,24.000000
720,0,1,0.096180,0.048000,0.019259,24.000000
720,0,2,0.145851,0.048122,0.018577,24.000000
720,0,3,0.196007,0.048118,0.018513,24.000000
720,0,4,0.046686,0.097947,0.012147,24.000000
720,0,5,0.096602,0.097609,0.011419,24.000000
720,0,6,0.146389,0.097677,0.011832,24.000000
720,0,7,0.196577,0.097508,0.010184,24.000000
720,0,8,0.046854,0.147383,0.004956,24.000000
720,0,9,0.096802,0.147775,0.004580,24.000000
720,0,10,0.146776,0.147282,0.004540,24.000000
720,0,11,0.196515,0.147303,0.003517,24.000000
720,0,12,0.046682,0.197584,-0.001567,24.000000
720,0,13,0.096393,0.197621,-0.001918,24.000000
720,0,14,0.146950,0.197400,-0.003093,24.000000
720,0,15,0.197086,0.197073,-0.003583,24.000000
720,0,16,0.046052,0.247233,-0.008345,24.000000
720,0,17,0.096795,0.247550,-0.008887,24.000000
720,0,18,0.146597,0.247241,-0.009593,24.000000
720,0,19,0.197381,0.247578,-0.010510,24.000000
720,0,20,0.046546,0.296915,-0.016078,24.000000
720,0,21,0.097142,0.296839,-0.017196,24.000000
720,0,22,0.146965,0.297169,-0.017351,24.000000
720,0,23,0.196645,0.295733,-0.019799,24.000000
725,0,0,0.045655,0.050063,0.024196,24.166667
725,0,1,0.095466,0.050146,0.023556,24.166667
725,0,2,0.145278,0.049413,0.022435,24.166667
725,0,3,0.195013,0.049172,0.020805,24.166667
725,0,4,0.045714,0.100021,0.015894,24.166667
725,0,5,0.095341,0.099385,0.013947,24.166667
725,0,6,0.145703,0.099233,0.013330,24.166667
725,0,7,0.195854,0.098172,0.011687,24.166667
725,0,8,0.045549,0.148872,0.005965,24.166667
725,0,9,0.095823,0.148779,0.005001,24.166667
725,0,10,0.145632,0.148185,0.004202,24.166667
725,0,11,0.195738,0.147960,0.003165,24.166667
725,0,12,0.045895,0.198239,-0.003476,24.166667
725,0,13,0.095620,0.197778,-0.003483,24.166667
725,0,14,0.146168,0.197819,-0.005074,24.166667
725,0,15,0.196258,0.196886,-0.006958,24.166667
725,0,16,0.046029,0.247431,-0.013026,24.166667
725,0,17,0.096153,0.247461,-0.013037,24.166667
725,0,18,0.146002,0.246874,-0.014438,24.166667
725,0,19,0.196281,0.246770,-0.015696,24.166667
725,0,22,0.146463,0.296450,-0.023924,24.166667
725,0,23,0.196562,0.295509,-0.025192,24.166667
730,0,0,0.042796,0.055824,0.034432,24.333333
730,0,1,0.092529,0.054570,0.032760,24.333333
730,0,2,0.142965,0.053833,0.031561,24.333333
730,0,3,0.192850,0.053220,0.029734,24.333333
730,0,4,0.043369,0.104808,0.023504,24.333333
730,0,5,0.093685,0.103549,0.021039,24.333333
730,0,6,0.143205,0.102785,0.020505,24.333333
730,0,7,0.193948,0.101504,0.018016,24.333333
730,0,8,0.043672,0.153013,0.011369,24.333333
730,0,9,0.094016,0.152544,0.010697,24.333333
730,0,10,0.144544,0.151020,0.008481,24.333333
730,0,11,0.193785,0.150841,0.007043,24.333333
730,0,12,0.044494,0.202266,0.000548,24.333333
730,0,13,0.093979,0.200919,-0.000555,24.333333
730,0,14,0.144441,0.200405,-0.002242,24.333333
730,0,15,0.194956,0.199523,-0.005623,24.333333
730,0,16,0.045170,0.249932,-0.012430,24.333333
730,0,17,0.094933,0.249660,-0.012738,24.333333
730,0,18,0.145780,0.248320,-0.014900,24.333333
730,0,19,0.195020,0.248468,-0.015867,24.333333
730,0,20,0.045187,0.299162,-0.023044,24.333333
730,0,21,0.095920,0.297812,-0.024735,24.333333
730,0,22,0.145393,0.297852,-0.025575,24.333333
730,0,23,0.195264,0.297096,-0.027622,24.333333
735,0,0,0.042748,0.058777,0.038325,24.500000
735,0,1,0.092785,0.057882,0.036643,24.500000
735,0,2,0.143332,0.056490,0.035309,24.500000
735,0,3,0.192590,0.056059,0.034420,24.500000
735,0,4,0.043435,0.107813,0.026344,24.500000
735,0,5,0.093394,0.106453,0.024764,24.500000
735,0,6,0.143700,0.105931,0.023809,24.500000
735,0,7,0.193664,0.104494,0.022008,24.500000
735,0,8,0.043894,0.156166,0.014049,24.500000
735,0,9,0.094198,0.155340,0.012958,24.500000
735,0,10,0.144743,0.153990,0.011187,24.500000
735,0,11,0.194393,0.153499,0.010220,24.500000
735,0,12,0.044741,0.205053,0.001443,24.500000
735,0,13,0.094647,0.204105,0.000404,24.500000
735,0,14,0.144575,0.202956,-0.000956,24.500000
735,0,15,0.194781,0.202168,-0.001518,24.500000
735,0,16,0.045667,0.253324,-0.011383,24.500000
735,0,17,0.095411,0.252932,-0.011146,24.500000
735,0,18,0.145783,0.251739,-0.012627,24.500000
735,0,20,0.045791,0.302174,-0.022655,24.500000
735,0,21,0.096095,0.301306,-0.023677,24.500000
735,0,22,0.145828,0.300590,-0.024638,24.500000
740,0,0,0.042826,0.059513,0.038975,24.666667
740,0,1,0.092828,0.058964,0.039475,24.666667
740,0,2,0.142524,0.057847,0.039165,24.666667
740,0,3,0.192639,0.057676,0.038154,24.666667
740,0,4,0.043585,0.108223,0.026617,24.666667
740,0,5,0.094137,0.106945,0.025177,24.666667
740,0,6,0.143453,0.106624,0.026074,24.666667
740,0,7,0.193189,0.105496,0.025610,24.666667
740,0,8,0.044504,0.156211,0.013280,24.666667
740,0,9,0.094260,0.156451,0.013974,24.666667
740,0,10,0.143999,0.154931,0.013686,24.666667
740,0,11,0.193927,0.154389,0.012988,24.666667
740,0,12,0.044245,0.205010,0.000510,24.666667
740,0,13,0.094974,0.204153,0.000805,24.666667
740,0,14,0.144759,0.203877,0.000621,24.666667
740,0,15,0.194654,0.202720,0.000343,24.666667
740,0,16,0.045263,0.253299,-0.012208,24.666667
740,0,17,0.095059,0.253166,-0.011541,24.666667
740,0,18,0.145235,0.252059,-0.011637,24.666667
740,0,19,0.195092,0.251539,-0.012514,24.666667
740,0,20,0.045048,0.301834,-0.024447,24.666667
740,0,21,0.095627,0.301184,-0.023674,24.666667
745,0,0,0.039987,0.058998,0.040055,24.833333
745,0,1,0.090223,0.058005,0.040021,24.833333
745,0,2,0.140155,0.057261,0.040404,24.833333
745,0,3,0.190021,0.056761,0.040380,24.833333
745,0,4,0.040890,0.106921,0.026782,24.833333
745,0,5,0.091167,0.106226,0.026717,24.833333
745,0,6,0.141336,0.105833,0.026962,24.833333
745,0,7,0.191514,0.104654,0.026405,24.833333
745,0,8,0.041832,0.155105,0.014126,24.833333
745,0,9,0.091993,0.154898,0.013645,24.833333
745,0,10,0.142839,0.153774,0.012701,24.833333
745,0,12,0.042245,0.204276,-0.000073,24.833333
745,0,13,0.092388,0.203354,-0.000529,24.833333
745,0,14,0.142478,0.203157,0.001064,24.833333
745,0,16,0.042487,0.252562,-0.013440,24.833333
745,0,17,0.093103,0.252196,-0.012472,24.833333
745,0,18,0.142437,0.251246,-0.011196,24.833333
745,0,20,0.043231,0.300540,-0.026083,24.833333
745,0,21,0.093623,0.300183,-0.025860,24.833333
750,0,0,0.037118,0.056347,0.038697,25.000000
750,0,3,0.187247,0.055471,0.038482,25.000000
750,0,4,0.037330,0.105615,0.024907,25.000000
750,0,7,0.187356,0.103034,0.026249,25.000000
750,0,8,0.037914,0.153390,0.012343,25.000000
750,0,9,0.088062,0.153113,0.012081,25.000000
750,0,10,0.138454,0.152126,0.012787,25.000000
750,0,12,0.038835,0.202349,-0.001319,25.000000
750,0,13,0.088672,0.201308,-0.000592,25.000000
750,0,14,0.138805,0.201134,0.000094,25.000000
750,0,16,0.039804,0.250360,-0.015903,25.000000
750,0,17,0.089660,0.250271,-0.013191,25.000000
750,0,18,0.139073,0.249083,-0.012345,25.000000
750,0,20,0.039907,0.298648,-0.027426,25.000000
750,0,21,0.090204,0.298185,-0.027122,25.000000
750,0,22,0.140111,0.297924,-0.025609,25.000000
755,0,0,0.032590,0.057117,0.014185,25.166667
755,0,1,0.082529,0.056407,0.017928,25.166667
755,0,2,0.132576,0.056964,0.021774,25.166667
755,0,3,0.183436,0.056549,0.025331,25.166667
755,0,4,0.033389,0.106905,0.008469,25.166667
755,0,5,0.083494,0.106426,0.011118,25.166667
755,0,6,0.134126,0.106971,0.015592,25.166667
755,0,7,0.183603,0.105914,0.019341,25.166667
755,0,8,0.033965,0.156154,0.000988,25.166667
755,0,9,0.084019,0.156157,0.005534,25.166667
755,0,10,0.135403,0.155599,0.007250,25.166667
755,0,11,0.184698,0.155742,0.011666,25.166667
755,0,12,0.034502,0.205992,-0.004991,25.166667
755,0,13,0.084061,0.205816,-0.000520,25.166667
760,0,0,0.031168,0.061415,-0.003968,25.333333
760,0,1,0.080820,0.062823,0.002207,25.333333
760,0,2,0.130905,0.064478,0.008203,25.333333
760,0,3,0.182674,0.066738,0.012786,25.333333
760,0,4,0.029371,0.111682,-0.002693,25.333333
760,0,5,0.079361,0.112865,0.003130,25.333333
760,0,6,0.130419,0.114843,0.008969,25.333333
760,0,7,0.180826,0.115306,0.013597,25.333333
760,0,8,0.028020,0.161044,-0.001769,25.333333
760,0,9,0.077926,0.162935,0.004943,25.333333
760,0,10,0.127532,0.164335,0.010990,25.333333
760,0,11,0.178708,0.165786,0.016518,25.333333
760,0,12,0.026345,0.211197,-0.000592,25.333333
760,0,13,0.075971,0.212425,0.006510,25.333333
760,0,16,0.024086,0.260983,0.001477,25.333333
760,0,17,0.074560,0.262310,0.007803,25.333333
760,0,20,0.023188,0.310712,0.001134,25.333333
760,0,21,0.073239,0.312128,0.008446,25.333333
765,0,0,0.037421,0.054544,-0.044565,25.500000
765,0,1,0.085200,0.058782,-0.033018,25.500000
765,0,2,0.133761,0.062534,-0.021750,25.500000
765,0,3,0.183094,0.066670,-0.011852,25.500000
765,0,14,0.115486,0.206426,0.015143,25.500000
765,0,15,0.164679,0.209661,0.024982,25.500000
765,0,19,0.158230,0.258631,0.038015,25.500000
765,0,20,0.004788,0.294930,0.018774,25.500000
765,0,23,0.150019,0.305189,0.052586,25.500000
770,0,0,0.043635,0.045781,-0.070308,25.666667
770,0,1,0.091794,0.050283,-0.056536,25.666667
770,0,2,0.139844,0.053948,-0.043944,25.666667
770,0,3,0.187954,0.058707,-0.030040,25.666667
770,0,4,0.034451,0.091330,-0.050954,25.666667
770,0,5,0.082619,0.095226,-0.038120,25.666667
770,0,6,0.130618,0.099611,-0.024226,25.666667
770,0,7,0.178888,0.103856,-0.012206,25.666667
770,0,8,0.025207,0.136542,-0.032678,25.666667
770,0,9,0.073227,0.140798,-0.018665,25.666667
770,0,10,0.121453,0.144815,-0.005879,25.666667
770,0,11,0.169563,0.149454,0.008296,25.666667
770,0,12,0.015913,0.182023,-0.013378,25.666667
770,0,13,0.063978,0.185597,0.000393,25.666667
770,0,14,0.112077,0.190269,0.014294,25.666667
770,0,15,0.160021,0.194188,0.026948,25.666667
770,0,16,0.006202,0.227103,0.006101,25.666667
770,0,17,0.054354,0.230931,0.019756,25.666667
770,0,18,0.102707,0.235168,0.032743,25.666667
770,0,19,0.150916,0.239910,0.046845,25.666667
770,0,20,-0.002611,0.272471,0.025466,25.666667
770,0,21,0.045316,0.275874,0.038783,25.666667
770,0,22,0.093597,0.280684,0.052069,25.666667
770,0,23,0.141009,0.284490,0.065854,25.666667
775,0,0,0.050817,0.052401,-0.085096,25.833333
775,0,1,0.099087,0.057237,-0.069819,25.833333
775,0,2,0.144790,0.061094,-0.053344,25.833333
775,0,4,0.040403,0.096316,-0.062884,25.833333
775,0,5,0.087135,0.100136,-0.047445,25.833333
775,0,6,0.135212,0.104556,-0.031995,25.833333
775,0,8,0.028601,0.139189,-0.040361,25.833333
775,0,9,0.076486,0.143504,-0.025214,25.833333
775,0,10,0.123552,0.147640,-0.009452,25.833333
775,0,11,0.172334,0.152345,0.004829,25.833333
775,0,12,0.018089,0.182996,-0.018461,25.833333
775,0,13,0.065337,0.186780,-0.003020,25.833333
775,0,14,0.113534,0.191615,0.012231,25.833333
775,0,15,0.161010,0.195569,0.026425,25.833333
775,0,16,0.006875,0.226385,0.002830,25.833333
775,0,17,0.054582,0.230527,0.019395,25.833333
775,0,18,0.101959,0.234481,0.034370,25.833333
775,0,19,0.149949,0.239449,0.049870,25.833333
775,0,20,-0.004237,0.269660,0.025651,25.833333
775,0,21,0.042882,0.273684,0.041632,25.833333
775,0,22,0.090857,0.278289,0.057086,25.833333
775,0,23,0.138415,0.282511,0.071193,25.833333
780,0,0,0.062830,0.062235,-0.093078,26.000000
780,0,1,0.112174,0.069705,-0.096142,26.000000
780,0,12,0.019906,0.187225,-0.020442,26.000000
780,0,13,0.066103,0.192190,-0.002740,26.000000
780,0,14,0.114153,0.198173,0.014036,26.000000
780,0,15,0.159522,0.203291,0.031316,26.000000
780,0,16,0.006206,0.229164,0.002423,26.000000
780,0,17,0.053156,0.234002,0.020924,26.000000
780,0,18,0.100382,0.239184,0.037541,26.000000
780,0,19,0.147535,0.245326,0.055179,26.000000
780,0,20,-0.007380,0.270298,0.026961,26.000000
780,0,21,0.039547,0.275304,0.044941,26.000000
780,0,22,0.086840,0.281406,0.061869,26.000000
780,0,23,0.133123,0.286179,0.079245,26.000000
785,0,0,0.063319,0.068445,-0.095362,26.166667
785,0,1,0.110629,0.074496,-0.077279,26.166667
785,0,2,0.156938,0.079595,-0.059701,26.166667
785,0,3,0.202965,0.086037,-0.040231,26.166667
785,0,4,0.049057,0.109543,-0.071232,26.166667
785,0,5,0.095079,0.115103,-0.052690,26.166667
785,0,6,0.141876,0.120784,-0.034360,26.166667
785,0,7,0.187924,0.126351,-0.015442,26.166667
785,0,8,0.034098,0.150437,-0.046535,26.166667
785,0,9,0.080921,0.156499,-0.027920,26.166667
785,0,10,0.126713,0.161474,-0.009233,26.166667
785,0,12,0.019196,0.191639,-0.021937,26.166667
785,0,13,0.065529,0.197292,-0.003863,26.166667
785,0,14,0.112029,0.202777,0.015768,26.166667
785,0,16,0.004154,0.232945,0.002659,26.166667
785,0,17,0.050874,0.238408,0.021683,26.166667
785,0,18,0.096426,0.243632,0.040648,26.166667
785,0,19,0.143219,0.249773,0.059157,26.166667
785,0,20,-0.010125,0.274219,0.027242,26.166667
785,0,21,0.035802,0.279495,0.045865,26.166667
785,0,22,0.082298,0.285180,0.065071,26.166667
785,0,23,0.128254,0.290433,0.083458,26.166667
790,0,0,0.053942,0.070353,-0.090281,26.333333
790,0,2,0.147000,0.081293,-0.055080,26.333333
790,0,3,0.193898,0.086816,-0.036662,26.333333
790,0,4,0.041923,0.113580,-0.069088,26.333333
790,0,5,0.086377,0.115915,-0.046294,26.333333
790,0,7,0.179458,0.127159,-0.011550,26.333333
790,0,8,0.026268,0.153203,-0.043266,26.333333
790,0,9,0.073211,0.159314,-0.025306,26.333333
790,0,10,0.118584,0.161708,-0.002879,26.333333
790,0,11,0.165260,0.168956,0.012046,26.333333
790,0,12,0.010651,0.193700,-0.019253,26.333333
790,0,13,0.057848,0.199301,0.000154,26.333333
790,0,14,0.104297,0.204799,0.017615,26.333333
790,0,15,0.151101,0.211006,0.035231,26.333333
790,0,16,-0.003453,0.235305,0.004446,26.333333
790,0,17,0.043249,0.240722,0.023753,26.333333
790,0,18,0.090272,0.245795,0.043171,26.333333
790,0,19,0.137668,0.252608,0.059519,26.333333
790,0,20,-0.017263,0.277019,0.030123,26.333333
790,0,21,0.028755,0.282278,0.046728,26.333333
790,0,22,0.077346,0.289421,0.064161,26.333333
790,0,23,0.122665,0.292764,0.085506,26.333333
810,0,12,-0.132009,0.187195,-0.061495,27.000000
810,0,15,0.010072,0.197046,-0.017547,27.000000
810,0,16,-0.141487,0.232891,-0.042390,27.000000
810,0,17,-0.093005,0.235877,-0.028742,27.000000
810,0,18,-0.046164,0.239642,-0.014830,27.000000
810,0,20,-0.149365,0.278577,-0.025134,27.000000
810,0,21,-0.101990,0.281299,-0.009952,27.000000
810,0,22,-0.053857,0.284752,0.003035,27.000000
815,0,12,-0.151200,0.190843,-0.056972,27.166667
815,0,16,-0.162883,0.235252,-0.036667,27.166667
820,0,2,-0.030193,0.080965,-0.088179,27.333333
820,0,3,0.016808,0.085678,-0.070722,27.333333
820,0,4,-0.134428,0.116204,-0.104688,27.333333
820,0,5,-0.088585,0.119945,-0.086094,27.333333
820,0,6,-0.041748,0.124755,-0.066938,27.333333
820,0,7,0.003844,0.128451,-0.049359,27.333333
820,0,8,-0.147670,0.159287,-0.082730,27.333333
820,0,9,-0.101154,0.162984,-0.063845,27.333333
820,0,10,-0.055141,0.167124,-0.045800,27.333333
820,0,11,-0.008292,0.171690,-0.026756,27.333333
820,0,12,-0.159874,0.202232,-0.061044,27.333333
820,0,13,-0.113932,0.205872,-0.042112,27.333333
820,0,14,-0.067629,0.210102,-0.023315,27.333333
820,0,15,-0.021420,0.214157,-0.005159,27.333333
820,0,16,-0.172752,0.245368,-0.039499,27.333333
820,0,17,-0.126618,0.248964,-0.020100,27.333333
820,0,18,-0.080389,0.252738,-0.001141,27.333333
820,0,19,-0.033876,0.257578,0.017630,27.333333
820,0,20,-0.185681,0.288093,-0.016787,27.333333
820,0,21,-0.139037,0.291863,0.001463,27.333333
820,0,22,-0.092840,0.296478,0.020682,27.333333
820,0,23,-0.047683,0.299956,0.040271,27.333333
825,0,0,-0.119174,0.071140,-0.136137,27.500000
825,0,1,-0.073087,0.075843,-0.116364,27.500000
825,0,2,-0.027374,0.079344,-0.096865,27.500000
825,0,3,0.018758,0.084089,-0.077454,27.500000
825,0,4,-0.132988,0.112967,-0.112614,27.500000
825,0,5,-0.087792,0.117160,-0.092471,27.500000
825,0,6,-0.041363,0.121388,-0.073211,27.500000
825,0,7,0.004293,0.125512,-0.053839,27.500000
825,0,8,-0.147230,0.154393,-0.088773,27.500000
825,0,9,-0.101500,0.158533,-0.068766,27.500000
825,0,10,-0.056092,0.162781,-0.048805,27.500000
825,0,11,-0.009790,0.167135,-0.029867,27.500000
825,0,12,-0.160643,0.196571,-0.065404,27.500000
825,0,13,-0.115671,0.199982,-0.044951,27.500000
825,0,14,-0.069499,0.204535,-0.025697,27.500000
825,0,15,-0.024143,0.208827,-0.006254,27.500000
825,0,16,-0.175135,0.238146,-0.042490,27.500000
825,0,17,-0.129797,0.241964,-0.021366,27.500000
825,0,18,-0.083969,0.246063,-0.002252,27.500000
825,0,19,-0.037760,0.250673,0.017560,27.500000
825,0,20,-0.189246,0.279725,-0.018275,27.500000
825,0,21,-0.144218,0.283359,0.003166,27.500000
825,0,22,-0.097958,0.287707,0.021406,27.500000
825,0,23,-0.052232,0.292370,0.041078,27.500000
830,0,1,-0.081306,0.069773,-0.120178,27.666667
830,0,2,-0.037108,0.073512,-0.099804,27.666667
830,0,12,-0.167656,0.190578,-0.068695,27.666667
830,0,16,-0.182466,0.232732,-0.044578,27.666667
830,0,20,-0.194784,0.273875,-0.020898,27.666667
835,0,16,-0.193152,0.225294,-0.052857,27.833333
835,0,17,-0.147697,0.226321,-0.035661,27.833333
835,0,20,-0.205452,0.266014,-0.026695,27.833333
835,0,21,-0.157835,0.268507,-0.009664,27.833333
835,0,22,-0.111163,0.269506,0.004477,27.833333
835,0,23,-0.065151,0.274133,0.024747,27.833333
840,0,0,-0.164508,0.060092,-0.174680,28.000000
840,0,1,-0.116662,0.061901,-0.158897,28.000000
840,0,2,-0.069371,0.063310,-0.144737,28.000000
840,0,3,-0.020813,0.065055,-0.130117,28.000000
840,0,4,-0.174061,0.100612,-0.146621,28.000000
840,0,5,-0.127071,0.102024,-0.131342,28.000000
840,0,6,-0.078770,0.103511,-0.116325,28.000000
840,0,7,-0.031494,0.105112,-0.102355,28.000000
840,0,8,-0.184712,0.140958,-0.119542,28.000000
840,0,9,-0.136642,0.142158,-0.104073,28.000000
840,0,10,-0.088905,0.143745,-0.089613,28.000000
840,0,11,-0.040765,0.145588,-0.074697,28.000000
840,0,12,-0.194031,0.181166,-0.092164,28.000000
840,0,13,-0.146484,0.182379,-0.077321,28.000000
840,0,14,-0.098496,0.184070,-0.062047,28.000000
840,0,15,-0.051024,0.185301,-0.046299,28.000000
840,0,16,-0.204036,0.221531,-0.065115,28.000000
840,0,17,-0.156157,0.222633,-0.049381,28.000000
840,0,18,-0.108580,0.223955,-0.034750,28.000000
840,0,19,-0.060204,0.226518,-0.020025,28.000000
840,0,20,-0.213609,0.262042,-0.036722,28.000000
840,0,21,-0.166249,0.262893,-0.022280,28.000000
840,0,22,-0.118201,0.264649,-0.006969,28.000000
840,0,23,-0.070884,0.266529,0.007020,28.000000
845,0,0,-0.163978,0.057818,-0.190459,28.166667
845,0,1,-0.116227,0.059615,-0.175179,28.166667
845,0,2,-0.068527,0.060971,-0.160576,28.166667
845,0,3,-0.020928,0.062902,-0.144856,28.166667
845,0,4,-0.174043,0.097632,-0.161775,28.166667
845,0,5,-0.126818,0.098887,-0.146750,28.166667
845,0,6,-0.078848,0.100809,-0.131246,28.166667
845,0,7,-0.031496,0.102256,-0.116654,28.166667
845,0,8,-0.184963,0.136732,-0.133001,28.166667
845,0,9,-0.137241,0.138334,-0.117433,28.166667
845,0,10,-0.089945,0.139809,-0.102325,28.166667
845,0,11,-0.042328,0.141400,-0.086969,28.166667
845,0,12,-0.195234,0.176506,-0.104087,28.166667
845,0,13,-0.148382,0.177459,-0.087791,28.166667
845,0,14,-0.100538,0.179155,-0.073046,28.166667
845,0,15,-0.053037,0.180941,-0.058175,28.166667
845,0,16,-0.206845,0.216040,-0.074971,28.166667
845,0,17,-0.158869,0.217022,-0.059461,28.166667
845,0,18,-0.111723,0.218495,-0.043605,28.166667
845,0,19,-0.063416,0.220581,-0.028920,28.166667
845,0,20,-0.216736,0.255246,-0.046760,28.166667
845,0,21,-0.169824,0.256323,-0.030133,28.166667
845,0,22,-0.121664,0.258238,-0.015087,28.166667
845,0,23,-0.074859,0.259517,0.000655,28.166667
850,0,0,-0.162920,0.055444,-0.189063,28.333333
850,0,1,-0.115993,0.057250,-0.171719,28.333333
850,0,2,-0.069212,0.058445,-0.154999,28.333333
850,0,3,-0.021425,0.060262,-0.139547,28.333333
850,0,4,-0.174070,0.095311,-0.160602,28.333333
850,0,5,-0.127455,0.096927,-0.143875,28.333333
850,0,6,-0.079777,0.098453,-0.127189,28.333333
850,0,7,-0.032823,0.099561,-0.110986,28.333333
850,0,8,-0.185699,0.135184,-0.132964,28.333333
850,0,9,-0.138219,0.136422,-0.115738,28.333333
850,0,10,-0.090970,0.137556,-0.099558,28.333333
850,0,11,-0.043762,0.139639,-0.082681,28.333333
850,0,12,-0.196577,0.174550,-0.104415,28.333333
850,0,13,-0.149474,0.175671,-0.087883,28.333333
850,0,14,-0.102353,0.177411,-0.070950,28.333333
850,0,15,-0.055283,0.178833,-0.054760,28.333333
850,0,16,-0.207575,0.214349,-0.076991,28.333333
850,0,17,-0.160580,0.215414,-0.059296,28.333333
850,0,18,-0.113921,0.216580,-0.041835,28.333333
850,0,19,-0.066141,0.218714,-0.026468,28.333333
850,0,20,-0.218963,0.253784,-0.048265,28.333333
850,0,21,-0.172077,0.255109,-0.031473,28.333333
850,0,22,-0.125245,0.256228,-0.014271,28.333333
850,0,23,-0.077533,0.258073,0.001630,28.333333
855,0,0,-0.170505,0.055556,-0.192178,28.500000
855,0,1,-0.122929,0.057390,-0.176156,28.500000
855,0,2,-0.075932,0.058869,-0.160092,28.500000
855,0,3,-0.028168,0.060513,-0.145222,28.500000
855,0,4,-0.181179,0.094525,-0.163153,28.500000
855,0,5,-0.134401,0.096114,-0.147162,28.500000
855,0,6,-0.086906,0.097437,-0.131029,28.500000
855,0,7,-0.039572,0.099254,-0.115551,28.500000
855,0,8,-0.192778,0.133533,-0.134833,28.500000
855,0,9,-0.145258,0.134645,-0.118250,28.500000
855,0,10,-0.098244,0.136242,-0.102346,28.500000
855,0,11,-0.050323,0.138014,-0.086675,28.500000
855,0,12,-0.203304,0.172262,-0.105593,28.500000
855,0,13,-0.156239,0.173284,-0.089783,28.500000
855,0,14,-0.108857,0.175001,-0.073531,28.500000
855,0,15,-0.061522,0.176569,-0.058190,28.500000
855,0,16,-0.214748,0.210890,-0.077130,28.500000
855,0,17,-0.167358,0.212083,-0.060671,28.500000
855,0,18,-0.120309,0.213798,-0.044860,28.500000
855,0,19,-0.071986,0.215844,-0.028823,28.500000
855,0,20,-0.226226,0.249630,-0.047397,28.500000
855,0,21,-0.178677,0.250942,-0.031925,28.500000
855,0,22,-0.130899,0.252887,-0.015797,28.500000
855,0,23,-0.084214,0.254259,0.000988,28.500000
860,0,0,-0.173823,0.056755,-0.197247,28.666667
860,0,1,-0.126075,0.058223,-0.181487,28.666667
860,0,2,-0.078564,0.058981,-0.166035,28.666667
860,0,3,-0.030748,0.060761,-0.151139,28.666667
860,0,4,-0.184376,0.095090,-0.167000,28.666667
860,0,5,-0.137058,0.096159,-0.151405,28.666667
860,0,6,-0.089434,0.097497,-0.135983,28.666667
860,0,7,-0.041926,0.099018,-0.120872,28.666667
860,0,8,-0.195521,0.133607,-0.137809,28.666667
860,0,9,-0.147828,0.134475,-0.121565,28.666667
860,0,10,-0.100588,0.135684,-0.105665,28.666667
860,0,11,-0.052607,0.137365,-0.090787,28.666667
860,0,12,-0.206023,0.171772,-0.107322,28.666667
860,0,13,-0.158545,0.172545,-0.091986,28.666667
860,0,14,-0.110901,0.174222,-0.076161,28.666667
860,0,15,-0.063811,0.175712,-0.061019,28.666667
860,0,16,-0.217083,0.210028,-0.076920,28.666667
860,0,17,-0.169271,0.211129,-0.061462,28.666667
860,0,18,-0.122142,0.212248,-0.046326,28.666667
860,0,19,-0.074058,0.214158,-0.030915,28.666667
860,0,20,-0.227484,0.248918,-0.046966,28.666667
860,0,21,-0.180760,0.249315,-0.031052,28.666667
860,0,22,-0.132495,0.251078,-0.016365,28.666667
860,0,23,-0.085308,0.252130,-0.000851,28.666667
865,0,0,-0.175722,0.062810,-0.194992,28.833333
865,0,1,-0.128182,0.064472,-0.179810,28.833333
865,0,2,-0.080637,0.065583,-0.165078,28.833333
865,0,3,-0.032672,0.066715,-0.150623,28.833333
865,0,4,-0.186265,0.100585,-0.163874,28.833333
865,0,5,-0.139061,0.101844,-0.149033,28.833333
865,0,6,-0.090894,0.103330,-0.134058,28.833333
865,0,7,-0.043300,0.104381,-0.119712,28.833333
865,0,8,-0.197431,0.138052,-0.133053,28.833333
865,0,9,-0.149324,0.139490,-0.118270,28.833333
865,0,10,-0.102105,0.140459,-0.103065,28.833333
865,0,11,-0.054291,0.142007,-0.088484,28.833333
865,0,12,-0.207742,0.175749,-0.102293,28.833333
865,0,13,-0.160509,0.176675,-0.087340,28.833333
865,0,14,-0.112649,0.178090,-0.072187,28.833333
865,0,15,-0.065120,0.179394,-0.057317,28.833333
865,0,16,-0.218977,0.213384,-0.071385,28.833333
865,0,17,-0.171006,0.214345,-0.056150,28.833333
865,0,18,-0.123533,0.215463,-0.041480,28.833333
865,0,19,-0.075401,0.217225,-0.026572,28.833333
865,0,20,-0.229758,0.250834,-0.040515,28.833333
865,0,21,-0.182125,0.251854,-0.025500,28.833333
865,0,22,-0.133922,0.253304,-0.010600,28.833333
865,0,23,-0.086680,0.254688,0.004210,28.833333
870,0,0,-0.176914,0.063953,-0.193560,29.000000
870,0,1,-0.129008,0.065369,-0.179098,29.000000
870,0,2,-0.081138,0.066179,-0.164494,29.000000
870,0,3,-0.032892,0.067991,-0.150142,29.000000
870,0,4,-0.187147,0.101979,-0.162962,29.000000
870,0,5,-0.139383,0.103268,-0.148861,29.000000
870,0,6,-0.091210,0.104348,-0.133546,29.000000
870,0,7,-0.043709,0.105722,-0.120148,29.000000
870,0,8,-0.197728,0.140008,-0.132224,29.000000
870,0,9,-0.149499,0.141157,-0.117652,29.000000
870,0,10,-0.101987,0.141826,-0.102791,29.000000
870,0,11,-0.054022,0.143499,-0.088550,29.000000
870,0,12,-0.207711,0.178012,-0.101399,29.000000
870,0,13,-0.160197,0.178655,-0.086659,29.000000
870,0,14,-0.112287,0.179987,-0.071728,29.000000
870,0,15,-0.064570,0.181232,-0.057834,29.000000
870,0,16,-0.218552,0.215760,-0.070422,29.000000
870,0,17,-0.170626,0.216735,-0.055573,29.000000
870,0,18,-0.123022,0.217646,-0.041035,29.000000
870,0,19,-0.074727,0.219438,-0.026183,29.000000
870,0,20,-0.228504,0.253915,-0.039483,29.000000
870,0,21,-0.181480,0.254493,-0.024052,29.000000
870,0,22,-0.133386,0.255688,-0.010038,29.000000
870,0,23,-0.085818,0.257018,0.004623,29.000000
875,0,5,-0.145244,0.095781,-0.145411,29.166667
875,0,8,-0.200733,0.136045,-0.130851,29.166667
875,0,9,-0.150611,0.137714,-0.118246,29.166667
875,0,12,-0.209046,0.175754,-0.102826,29.166667
875,0,13,-0.161373,0.176183,-0.088641,29.166667
875,0,14,-0.113360,0.177189,-0.074272,29.166667
875,0,15,-0.065255,0.178418,-0.060609,29.166667
875,0,16,-0.218820,0.215191,-0.073800,29.166667
875,0,17,-0.170468,0.216110,-0.059291,29.166667
875,0,18,-0.122940,0.216802,-0.045262,29.166667
875,0,20,-0.227979,0.254874,-0.044734,29.166667
875,0,21,-0.180276,0.255325,-0.029893,29.166667
875,0,22,-0.131918,0.256807,-0.015852,29.166667
880,0,12,-0.211697,0.166567,-0.109257,29.333333
880,0,16,-0.219045,0.209154,-0.084864,29.333333
880,0,17,-0.171020,0.209890,-0.070444,29.333333
880,0,18,-0.123100,0.211161,-0.058557,29.333333
880,0,19,-0.073711,0.212397,-0.044972,29.333333
880,0,20,-0.226700,0.251872,-0.059439,29.333333
880,0,21,-0.179072,0.252382,-0.044912,29.333333
885,0,0,-0.192463,0.019515,-0.186081,29.500000
885,0,6,-0.106250,0.061065,-0.129691,29.500000
885,0,11,-0.063844,0.106593,-0.096091,29.500000
885,0,12,-0.211941,0.152798,-0.120249,29.500000
885,0,13,-0.164068,0.153032,-0.107078,29.500000
885,0,14,-0.115491,0.154063,-0.095614,29.500000
885,0,15,-0.070907,0.150490,-0.073454,29.500000
885,0,16,-0.219051,0.197534,-0.098440,29.500000
885,0,19,-0.075482,0.196309,-0.055246,29.500000
885,0,20,-0.224408,0.242121,-0.076874,29.500000
890,0,0,-0.203406,0.006574,-0.175355,29.666667
890,0,1,-0.153940,0.007411,-0.163356,29.666667
890,0,2,-0.105674,0.008062,-0.152024,29.666667
890,0,3,-0.057224,0.008616,-0.139379,29.666667
890,0,6,-0.111059,0.054397,-0.134537,29.666667
890,0,7,-0.062284,0.055612,-0.123685,29.666667
890,0,10,-0.115642,0.101375,-0.118596,29.666667
890,0,11,-0.067499,0.102474,-0.105974,29.666667
890,0,12,-0.217267,0.146841,-0.127246,29.666667
890,0,13,-0.169109,0.147304,-0.114650,29.666667
890,0,14,-0.120783,0.148585,-0.102333,29.666667
890,0,15,-0.073097,0.149532,-0.089024,29.666667
890,0,16,-0.222160,0.193455,-0.111939,29.666667
890,0,17,-0.174082,0.194632,-0.098304,29.666667
890,0,18,-0.126226,0.195476,-0.085617,29.666667
890,0,19,-0.077528,0.196466,-0.073487,29.666667
890,0,20,-0.227439,0.240995,-0.095668,29.666667
890,0,21,-0.179289,0.241708,-0.082959,29.666667
890,0,22,-0.131058,0.242475,-0.069708,29.666667
890,0,23,-0.082535,0.244044,-0.059184,29.666667
895,0,0,-0.210476,-0.004407,-0.172581,29.833333
895,0,1,-0.163379,-0.002676,-0.156010,29.833333
895,0,2,-0.117914,-0.001959,-0.138448,29.833333
895,0,3,-0.070196,-0.000165,-0.124917,29.833333
895,0,5,-0.169781,0.045332,-0.143569,29.833333
895,0,6,-0.122093,0.047526,-0.128638,29.833333
895,0,7,-0.074236,0.048596,-0.115683,29.833333
895,0,9,-0.176493,0.092445,-0.129017,29.833333
895,0,11,-0.081404,0.094417,-0.095713,29.833333
895,0,19,-0.088816,0.193440,-0.086470,29.833333
895,0,22,-0.140302,0.241493,-0.092797,29.833333
900,0,0,-0.220919,-0.010069,-0.159880,30.000000
900,0,1,-0.172931,-0.007604,-0.145404,30.000000
900,0,2,-0.125351,-0.005592,-0.131052,30.000000
900,0,3,-0.077132,-0.003390,-0.117755,30.000000
900,0,4,-0.224808,0.039565,-0.154233,30.000000
900,0,5,-0.176971,0.041945,-0.140706,30.000000
900,0,6,-0.128836,0.044118,-0.126392,30.000000
900,0,7,-0.080661,0.046013,-0.113190,30.000000
900,0,8,-0.228137,0.088821,-0.150985,30.000000
900,0,9,-0.180229,0.091439,-0.136269,30.000000
900,0,10,-0.132858,0.093108,-0.120416,30.000000
900,0,11,-0.084448,0.096033,-0.108191,30.000000
900,0,12,-0.231700,0.138572,-0.146970,30.000000
900,0,13,-0.183844,0.140562,-0.131965,30.000000
900,0,14,-0.135849,0.143294,-0.118072,30.000000
900,0,15,-0.088129,0.145201,-0.104243,30.000000
900,0,16,-0.235392,0.188126,-0.143057,30.000000
900,0,17,-0.187393,0.190551,-0.128641,30.000000
900,0,18,-0.139817,0.192364,-0.113908,30.000000
900,0,19,-0.092021,0.194857,-0.099753,30.000000
900,0,20,-0.238677,0.238197,-0.138774,30.000000
900,0,21,-0.190826,0.239656,-0.124581,30.000000
900,0,22,-0.143339,0.242224,-0.110342,30.000000
900,0,23,-0.095250,0.244454,-0.096005,30.000000
905,0,0,-0.226548,-0.009041,-0.148804,30.166667
905,0,1,-0.178624,-0.006690,-0.135049,30.166667
905,0,2,-0.130205,-0.004913,-0.122698,30.166667
905,0,3,-0.082249,-0.002509,-0.109376,30.166667
905,0,4,-0.228451,0.041089,-0.148617,30.166667
905,0,5,-0.180663,0.042990,-0.135688,30.166667
905,0,6,-0.132609,0.045346,-0.122035,30.166667
905,0,7,-0.084114,0.047117,-0.110054,30.166667
905,0,8,-0.230677,0.090365,-0.150432,30.166667
905,0,9,-0.183075,0.092566,-0.135537,30.166667
905,0,10,-0.135319,0.094855,-0.121494,30.166667
905,0,11,-0.086978,0.097000,-0.109104,30.166667
905,0,12,-0.232698,0.140119,-0.150487,30.166667
905,0,13,-0.184972,0.142052,-0.136181,30.166667
905,0,14,-0.137169,0.144381,-0.123123,30.166667
905,0,15,-0.088827,0.146680,-0.110224,30.166667
905,0,16,-0.234669,0.189584,-0.152277,30.166667
905,0,17,-0.186895,0.192135,-0.137372,30.166667
905,0,18,-0.139012,0.194304,-0.124011,30.166667
905,0,19,-0.090903,0.196727,-0.110181,30.166667
905,0,20,-0.236988,0.239791,-0.152327,30.166667
905,0,21,-0.189277,0.241842,-0.137601,30.166667
905,0,22,-0.140888,0.244409,-0.124580,30.166667
905,0,23,-0.093517,0.246666,-0.110433,30.166667
910,0,0,-0.233049,-0.006041,-0.141146,30.333333
910,0,1,-0.184743,-0.004650,-0.129826,30.333333
910,0,2,-0.136393,-0.002851,-0.116649,30.333333
910,0,3,-0.088186,-0.000618,-0.103338,30.333333
910,0,4,-0.233714,0.043760,-0.145437,30.333333
910,0,5,-0.185685,0.045372,-0.133103,30.333333
910,0,6,-0.137634,0.047014,-0.120296,30.333333
910,0,7,-0.088867,0.048542,-0.108010,30.333333
910,0,8,-0.234988,0.093358,-0.149083,30.333333
910,0,9,-0.186964,0.095071,-0.136377,30.333333
910,0,10,-0.138176,0.096948,-0.124725,30.333333
910,0,11,-0.090597,0.098815,-0.110018,30.333333
910,0,12,-0.235847,0.143319,-0.152424,30.333333
910,0,13,-0.187944,0.144912,-0.139316,30.333333
910,0,14,-0.139703,0.146835,-0.126300,30.333333
910,0,15,-0.091524,0.148638,-0.113817,30.333333
910,0,16,-0.236841,0.193146,-0.156701,30.333333
910,0,17,-0.188762,0.195054,-0.142806,30.333333
910,0,18,-0.140639,0.196522,-0.129677,30.333333
910,0,19,-0.092218,0.198912,-0.116752,30.333333
910,0,20,-0.237980,0.243035,-0.159502,30.333333
910,0,21,-0.189255,0.244884,-0.148075,30.333333
910,0,22,-0.141484,0.246772,-0.133206,30.333333
910,0,23,-0.093220,0.248205,-0.119893,30.333333
915,0,0,-0.236070,-0.004310,-0.143344,30.500000
915,0,1,-0.187950,-0.002694,-0.130796,30.500000
915,0,2,-0.140068,-0.000854,-0.116641,30.500000
915,0,3,-0.090978,0.000879,-0.105546,30.500000
915,0,4,-0.236634,0.045455,-0.148141,30.500000
915,0,5,-0.188223,0.046910,-0.135599,30.500000
915,0,6,-0.140238,0.048766,-0.121816,30.500000
915,0,7,-0.091662,0.050286,-0.110776,30.500000
915,0,8,-0.237369,0.095275,-0.150931,30.500000
915,0,9,-0.189393,0.096595,-0.139271,30.500000
915,0,10,-0.140957,0.098627,-0.126336,30.500000
915,0,11,-0.092502,0.099997,-0.114096,30.500000
915,0,12,-0.237885,0.145361,-0.156340,30.500000
915,0,13,-0.190122,0.146862,-0.141451,30.500000
915,0,14,-0.141338,0.148622,-0.129906,30.500000
915,0,15,-0.093130,0.150019,-0.118151,30.500000
915,0,16,-0.238501,0.195258,-0.160617,30.500000
915,0,17,-0.190358,0.197024,-0.146883,30.500000
915,0,18,-0.141863,0.198319,-0.134767,30.500000
915,0,19,-0.093421,0.200337,-0.121588,30.500000
915,0,20,-0.239685,0.244989,-0.163628,30.500000
915,0,21,-0.191475,0.246708,-0.150379,30.500000
915,0,22,-0.143075,0.248393,-0.137932,30.500000
915,0,23,-0.095148,0.250293,-0.124538,30.500000
920,0,0,-0.236381,-0.003662,-0.141580,30.666667
920,0,1,-0.188091,-0.002023,-0.128800,30.666667
920,0,2,-0.140085,-0.000372,-0.115593,30.666667
920,0,3,-0.091114,0.001237,-0.103864,30.666667
920,0,4,-0.236745,0.046230,-0.146155,30.666667
920,0,5,-0.188582,0.047606,-0.133732,30.666667
920,0,6,-0.140064,0.049322,-0.120787,30.666667
920,0,7,-0.092223,0.050776,-0.107771,30.666667
920,0,8,-0.237241,0.095822,-0.150532,30.666667
920,0,9,-0.188826,0.097442,-0.138329,30.666667
920,0,10,-0.140387,0.098791,-0.126209,30.666667
920,0,11,-0.092023,0.100354,-0.113676,30.666667
920,0,12,-0.237295,0.145510,-0.156606,30.666667
920,0,13,-0.189128,0.146937,-0.143285,30.666667
920,0,14,-0.140698,0.148768,-0.131016,30.666667
920,0,15,-0.092691,0.150077,-0.117804,30.666667
920,0,16,-0.237509,0.195166,-0.162068,30.666667
920,0,17,-0.189484,0.196981,-0.148623,30.666667
920,0,18,-0.141015,0.198424,-0.136465,30.666667
920,0,19,-0.092785,0.200023,-0.123257,30.666667
920,0,20,-0.237846,0.245326,-0.166796,30.666667
920,0,21,-0.189836,0.246815,-0.153704,30.666667
920,0,22,-0.141315,0.248434,-0.141033,30.666667
920,0,23,-0.092710,0.249782,-0.129066,30.666667
925,0,0,-0.240084,-0.002141,-0.132861,30.833333
925,0,1,-0.191792,-0.000439,-0.119992,30.833333
925,0,2,-0.143929,0.000589,-0.107226,30.833333
925,0,3,-0.095412,0.001511,-0.096099,30.833333
925,0,4,-0.239427,0.047100,-0.140366,30.833333
925,0,5,-0.191383,0.048500,-0.128567,30.833333
925,0,6,-0.143125,0.049886,-0.114920,30.833333
925,0,7,-0.094567,0.051069,-0.103822,30.833333
925,0,8,-0.238612,0.096062,-0.148522,30.833333
925,0,9,-0.190759,0.097547,-0.135148,30.833333
925,0,10,-0.142466,0.098986,-0.122761,30.833333
925,0,11,-0.093905,0.100451,-0.110203,30.833333
925,0,12,-0.237746,0.145464,-0.156409,30.833333
925,0,13,-0.189863,0.146839,-0.142896,30.833333
925,0,14,-0.141429,0.148307,-0.130446,30.833333
925,0,15,-0.093455,0.149498,-0.117230,30.833333
925,0,16,-0.237182,0.194844,-0.164273,30.833333
925,0,17,-0.188899,0.196321,-0.151366,30.833333
925,0,18,-0.140713,0.197575,-0.138557,30.833333
925,0,19,-0.092316,0.198984,-0.125491,30.833333
925,0,20,-0.236288,0.244282,-0.173034,30.833333
925,0,21,-0.187384,0.245434,-0.161439,30.833333
925,0,22,-0.139721,0.246984,-0.146699,30.833333
925,0,23,-0.091348,0.248226,-0.134229,30.833333
930,0,0,-0.250025,-0.000877,-0.116018,31.000000
930,0,1,-0.202005,0.000727,-0.103247,31.000000
930,0,2,-0.154248,0.003006,-0.088988,31.000000
930,0,3,-0.104959,0.004641,-0.077052,31.000000
930,0,4,-0.248506,0.047425,-0.130107,31.000000
930,0,5,-0.200410,0.049355,-0.116492,31.000000
930,0,6,-0.151620,0.051131,-0.103871,31.000000
930,0,7,-0.102870,0.052220,-0.092135,31.000000
930,0,8,-0.246335,0.095862,-0.144464,31.000000
930,0,9,-0.198331,0.097710,-0.131047,31.000000
930,0,10,-0.150005,0.099375,-0.117799,31.000000
930,0,11,-0.101692,0.101395,-0.104260,31.000000
930,0,12,-0.244630,0.142611,-0.162028,31.000000
930,0,13,-0.196523,0.145888,-0.144916,31.000000
930,0,14,-0.147269,0.146245,-0.135840,31.000000
930,0,15,-0.099726,0.149634,-0.119503,31.000000
930,0,17,-0.195096,0.194179,-0.157920,31.000000
930,0,18,-0.147210,0.196513,-0.144076,31.000000
930,0,19,-0.097676,0.198735,-0.131091,31.000000
930,0,20,-0.242545,0.239221,-0.185310,31.000000
930,0,22,-0.143948,0.242495,-0.163694,31.000000
930,0,23,-0.096743,0.246025,-0.145296,31.000000
935,0,1,-0.217856,0.006282,-0.085224,31.166667
935,0,2,-0.169655,0.009144,-0.072948,31.166667
935,0,3,-0.120805,0.011361,-0.061667,31.166667
935,0,5,-0.215639,0.052040,-0.105402,31.166667
935,0,6,-0.166766,0.055107,-0.093204,31.166667
935,0,7,-0.118436,0.057062,-0.082412,31.166667
935,0,8,-0.261656,0.095127,-0.137160,31.166667
935,0,9,-0.213306,0.097785,-0.125344,31.166667
935,0,10,-0.164766,0.100349,-0.114095,31.166667
935,0,11,-0.116259,0.103235,-0.101909,31.166667
935,0,12,-0.259072,0.141000,-0.157459,31.166667
935,0,13,-0.210522,0.143345,-0.146959,31.166667
935,0,14,-0.162229,0.146364,-0.133939,31.166667
935,0,15,-0.113518,0.148796,-0.123202,31.166667
940,0,0,-0.271086,0.006362,-0.087377,31.333333
940,0,1,-0.222476,0.009077,-0.075398,31.333333
940,0,2,-0.174478,0.011385,-0.063020,31.333333
940,0,3,-0.125834,0.013651,-0.051801,31.333333
940,0,4,-0.267878,0.050670,-0.110423,31.333333
940,0,5,-0.219515,0.052795,-0.099064,31.333333
940,0,6,-0.171109,0.055500,-0.086467,31.333333
940,0,7,-0.122916,0.057873,-0.075599,31.333333
940,0,8,-0.264463,0.093917,-0.134890,31.333333
940,0,9,-0.216354,0.096816,-0.122162,31.333333
940,0,10,-0.167781,0.099171,-0.110597,31.333333
940,0,11,-0.119416,0.101498,-0.098953,31.333333
940,0,12,-0.261293,0.138064,-0.157774,31.333333
940,0,13,-0.212457,0.140355,-0.147014,31.333333
940,0,14,-0.164573,0.143387,-0.133601,31.333333
940,0,15,-0.116095,0.145308,-0.122255,31.333333
945,0,3,-0.131956,0.019934,-0.040776,31.500000
945,0,4,-0.272885,0.055915,-0.103488,31.500000
945,0,9,-0.219745,0.099261,-0.118846,31.500000
945,0,14,-0.166499,0.143086,-0.134244,31.500000
945,0,15,-0.118945,0.144902,-0.120209,31.500000
950,0,0,-0.287135,0.020483,-0.066378,31.666667
950,0,1,-0.238722,0.021947,-0.054752,31.666667
950,0,2,-0.190261,0.022902,-0.043222,31.666667
950,0,3,-0.141656,0.024184,-0.031137,31.666667
950,0,4,-0.281525,0.061036,-0.095040,31.666667
950,0,5,-0.233323,0.062647,-0.082238,31.666667
950,0,6,-0.184155,0.063609,-0.071523,31.666667
950,0,7,-0.136026,0.064868,-0.059331,31.666667
950,0,8,-0.274455,0.100957,-0.124897,31.666667
950,0,9,-0.226910,0.103227,-0.111398,31.666667
950,0,10,-0.178908,0.104309,-0.099344,31.666667
950,0,11,-0.130240,0.105601,-0.087883,31.666667
950,0,12,-0.269443,0.142067,-0.152345,31.666667
950,0,13,-0.220399,0.143009,-0.141543,31.666667
950,0,16,-0.263437,0.182221,-0.180808,31.666667
955,0,0,-0.284876,0.019771,-0.062042,31.833333
955,0,1,-0.236063,0.020573,-0.052426,31.833333
955,0,2,-0.187802,0.021845,-0.040379,31.833333
955,0,3,-0.139068,0.022841,-0.029284,31.833333
955,0,6,-0.181818,0.062425,-0.069108,31.833333
955,0,7,-0.133330,0.063408,-0.057579,31.833333
955,0,10,-0.175446,0.102987,-0.098872,31.833333
955,0,11,-0.127806,0.104213,-0.085504,31.833333
955,0,12,-0.267037,0.141596,-0.149559,31.833333
955,0,13,-0.217990,0.142582,-0.139361,31.833333
960,0,0,-0.281343,0.015951,-0.061011,32.000000
960,0,1,-0.233326,0.017404,-0.049408,32.000000
960,0,2,-0.185169,0.018942,-0.038765,32.000000
960,0,3,-0.136335,0.019796,-0.027760,32.000000
960,0,4,-0.276435,0.057072,-0.089027,32.000000
960,0,5,-0.228121,0.058451,-0.078013,32.000000
960,0,6,-0.179350,0.059420,-0.067011,32.000000
960,0,7,-0.131516,0.060871,-0.054488,32.000000
960,0,9,-0.222636,0.099454,-0.105994,32.000000
960,0,10,-0.174231,0.100702,-0.094514,32.000000
960,0,13,-0.217527,0.140330,-0.134183,32.000000
960,0,14,-0.168671,0.141633,-0.123522,32.000000
965,0,0,-0.286908,0.010568,-0.055412,32.166667
965,0,1,-0.237173,0.010060,-0.050296,32.166667
975,0,2,-0.200524,-0.005575,-0.052586,32.500000
975,0,3,-0.150775,-0.007888,-0.051688,32.500000
975,0,4,-0.297203,0.041025,-0.083280,32.500000
975,0,5,-0.247539,0.038341,-0.082102,32.500000
975,0,6,-0.198194,0.036408,-0.079696,32.500000
975,0,7,-0.148784,0.034738,-0.077365,32.500000
975,0,8,-0.294824,0.082719,-0.111287,32.500000
975,0,9,-0.245242,0.080858,-0.108533,32.500000
975,0,10,-0.195149,0.078417,-0.107143,32.500000
975,0,11,-0.145766,0.077172,-0.104252,32.500000
975,0,14,-0.192823,0.121468,-0.133003,32.500000
975,0,15,-0.143784,0.119441,-0.131002,32.500000
980,0,1,-0.255061,-0.000408,-0.060187,32.666667
980,0,2,-0.204874,-0.003311,-0.062651,32.666667
980,0,3,-0.154359,-0.005842,-0.061193,32.666667
980,0,6,-0.202231,0.039573,-0.087450,32.666667
980,0,7,-0.152448,0.036136,-0.087023,32.666667
1080,0,1,-0.417509,0.016498,0.001477,36.000000
1080,0,2,-0.368005,0.011635,-0.001755,36.000000
1080,0,3,-0.318189,0.005587,-0.005343,36.000000
1080,0,6,-0.365702,0.049055,-0.034400,36.000000
1080,0,7,-0.315712,0.042813,-0.038884,36.000000
1080,0,11,-0.314924,0.081347,-0.070131,36.000000
1090,0,3,-0.315581,0.005209,-0.002839,36.333333
1090,0,7,-0.314132,0.043769,-0.035299,36.333333
1095,0,1,-0.410130,0.009044,0.003027,36.500000
1100,0,0,-0.455955,0.012060,0.008963,36.666667
1100,0,1,-0.406755,0.007991,0.005943,36.666667
1100,0,2,-0.357619,0.003286,0.001024,36.666667
1100,0,3,-0.307810,-0.001397,-0.004062,36.666667
1100,0,6,-0.356601,0.042711,-0.029504,36.666667
1100,0,7,-0.307021,0.037358,-0.035979,36.666667
1100,0,10,-0.355509,0.081766,-0.060727,36.666667
1100,0,11,-0.306674,0.077472,-0.065021,36.666667
1105,0,0,-0.455173,0.010449,0.010318,36.833333
1105,0,1,-0.405752,0.006168,0.005579,36.833333
1105,0,2,-0.356083,0.001528,0.001157,36.833333
1105,0,3,-0.306508,-0.002570,-0.003380,36.833333
1105,0,4,-0.454600,0.050215,-0.019891,36.833333
1105,0,5,-0.405113,0.045778,-0.024366,36.833333
1105,0,6,-0.355557,0.041659,-0.029038,36.833333
1105,0,7,-0.306136,0.036712,-0.033830,36.833333
1105,0,8,-0.453627,0.089301,-0.051219,36.833333
1105,0,9,-0.404279,0.085759,-0.054391,36.833333
1105,0,10,-0.354959,0.081004,-0.059775,36.833333
1105,0,11,-0.305606,0.076863,-0.063969,36.833333
1110,0,1,-0.402687,0.004620,0.007599,37.000000
1110,0,2,-0.353326,-0.000261,0.002139,37.000000
1110,0,3,-0.304045,-0.004114,-0.003230,37.000000
1110,0,5,-0.402126,0.044273,-0.022924,37.000000
1110,0,6,-0.352825,0.040323,-0.027281,37.000000
1110,0,7,-0.303565,0.035243,-0.033669,37.000000
1110,0,9,-0.401867,0.084511,-0.051911,37.000000
1110,0,10,-0.352225,0.079955,-0.058337,37.000000
1115,0,0,-0.450110,0.009177,0.013289,37.166667
1115,0,1,-0.400774,0.004965,0.008291,37.166667
1115,0,2,-0.351441,0.000175,0.002350,37.166667
1115,0,3,-0.301812,-0.004405,-0.003152,37.166667
1115,0,6,-0.350883,0.040777,-0.026602,37.166667
1115,0,7,-0.301226,0.035297,-0.033323,37.166667
1115,0,10,-0.351086,0.081266,-0.054933,37.166667
1115,0,11,-0.301478,0.076476,-0.061551,37.166667
1120,0,1,-0.400931,0.007163,0.012900,37.333333
1120,0,2,-0.351652,0.002007,0.006384,37.333333
1120,0,3,-0.302363,-0.002502,0.000928,37.333333
1120,0,6,-0.351317,0.042635,-0.022177,37.333333
1120,0,7,-0.301888,0.037295,-0.028308,37.333333
1120,0,10,-0.350925,0.082876,-0.051438,37.333333
1120,0,11,-0.301437,0.077971,-0.057241,37.333333
1125,0,0,-0.450775,0.011570,0.015685,37.500000
1125,0,1,-0.401692,0.007429,0.010943,37.500000
1125,0,2,-0.352216,0.002432,0.004757,37.500000
1125,0,3,-0.303100,-0.001634,-0.000971,37.500000
1125,0,6,-0.352268,0.043547,-0.023941,37.500000
1125,0,7,-0.303061,0.038550,-0.030611,37.500000
1125,0,10,-0.351952,0.083613,-0.054362,37.500000
1125,0,11,-0.302879,0.079371,-0.059308,37.500000
1130,0,1,-0.398967,0.005056,0.008042,37.666667
1130,0,2,-0.349908,0.000500,0.002008,37.666667
1130,0,3,-0.300661,-0.004336,-0.003283,37.666667
1130,0,5,-0.399133,0.046126,-0.020196,37.666667
1130,0,6,-0.349182,0.041849,-0.026675,37.666667
1130,0,7,-0.299920,0.036515,-0.032424,37.666667
1130,0,8,-0.447407,0.090642,-0.046384,37.666667
1130,0,12,-0.447596,0.132004,-0.073548,37.666667
1140,0,2,-0.332479,-0.012464,-0.003589,38.000000
1140,0,6,-0.330656,0.031261,-0.028351,38.000000
1140,0,11,-0.279370,0.069640,-0.058862,38.000000
1140,0,15,-0.278000,0.115545,-0.080805,38.000000
1150,0,0,-0.398121,-0.011090,-0.032181,38.333333
1150,0,1,-0.348638,-0.011853,-0.035726,38.333333
1150,0,2,-0.298967,-0.012799,-0.038057,38.333333
1150,0,3,-0.249019,-0.013960,-0.043626,38.333333
1150,0,6,-0.298787,0.035060,-0.054375,38.333333
1150,0,7,-0.249227,0.033615,-0.060527,38.333333
1150,0,10,-0.298998,0.082607,-0.070165,38.333333
1150,0,11,-0.249715,0.081473,-0.073610,38.333333
1150,0,12,-0.399238,0.132387,-0.077162,38.333333
1150,0,13,-0.348957,0.131583,-0.082586,38.333333
1150,0,14,-0.299226,0.131043,-0.083882,38.333333
1150,0,15,-0.249951,0.129686,-0.088474,38.333333
1150,0,16,-0.399234,0.180556,-0.093263,38.333333
1150,0,19,-0.249568,0.175538,-0.107746,38.333333
1155,0,0,-0.390216,-0.008784,-0.044111,38.500000
1155,0,1,-0.340530,-0.009277,-0.045981,38.500000
1155,0,2,-0.290942,-0.010485,-0.050544,38.500000
1155,0,3,-0.241576,-0.011442,-0.053566,38.500000
1155,0,6,-0.290948,0.038896,-0.060857,38.500000
1155,0,7,-0.241390,0.037719,-0.065475,38.500000
1155,0,10,-0.291309,0.087742,-0.071315,38.500000
1155,0,11,-0.241599,0.086652,-0.075508,38.500000
1155,0,12,-0.390480,0.138843,-0.073066,38.500000
1155,0,13,-0.341101,0.137658,-0.077817,38.500000
1160,0,0,-0.380287,-0.003529,-0.063764,38.666667
1160,0,2,-0.280764,-0.003809,-0.075583,38.666667
1160,0,3,-0.230190,-0.001341,-0.070394,38.666667
1160,0,4,-0.380947,0.046315,-0.070511,38.666667
1160,0,5,-0.331330,0.046279,-0.075106,38.666667
1160,0,6,-0.281917,0.045805,-0.079849,38.666667
1160,0,7,-0.232086,0.046136,-0.085766,38.666667
1160,0,8,-0.381144,0.096378,-0.073694,38.666667
1160,0,9,-0.331416,0.096710,-0.080121,38.666667
1160,0,10,-0.282057,0.095949,-0.085831,38.666667
1160,0,11,-0.232384,0.096027,-0.090364,38.666667
1160,0,12,-0.381673,0.146501,-0.080470,38.666667
1160,0,13,-0.331929,0.146227,-0.084558,38.666667
1160,0,14,-0.282142,0.146101,-0.090666,38.666667
1160,0,15,-0.232477,0.145813,-0.095098,38.666667
1160,0,16,-0.381962,0.196327,-0.088989,38.666667
1160,0,17,-0.332326,0.195593,-0.092715,38.666667
1160,0,18,-0.282457,0.195875,-0.094214,38.666667
1160,0,22,-0.283282,0.245934,-0.100785,38.666667
1165,0,0,-0.373390,0.000741,-0.072741,38.833333
1165,0,1,-0.324138,0.001208,-0.079610,38.833333
1165,0,2,-0.274557,0.001233,-0.087016,38.833333
1165,0,3,-0.225089,0.001585,-0.092088,38.833333
1165,0,4,-0.373931,0.050755,-0.073659,38.833333
1165,0,5,-0.324457,0.051066,-0.080417,38.833333
1165,0,6,-0.274630,0.051338,-0.086919,38.833333
1165,0,7,-0.225170,0.051203,-0.093401,38.833333
1165,0,8,-0.374144,0.100292,-0.075022,38.833333
1165,0,9,-0.324468,0.101393,-0.080623,38.833333
1165,0,10,-0.275311,0.101157,-0.087575,38.833333
1165,0,11,-0.225633,0.101444,-0.093769,38.833333
1165,0,12,-0.374742,0.150610,-0.075035,38.833333
1165,0,13,-0.325373,0.151095,-0.080398,38.833333
1165,0,14,-0.275422,0.151509,-0.087521,38.833333
1165,0,15,-0.225999,0.151686,-0.094395,38.833333
1165,0,16,-0.375125,0.200604,-0.075789,38.833333
1165,0,17,-0.325414,0.201240,-0.081285,38.833333
1165,0,18,-0.276010,0.201318,-0.087626,38.833333
1165,0,19,-0.226442,0.201869,-0.094036,38.833333
1165,0,20,-0.375750,0.250704,-0.075407,38.833333
1165,0,21,-0.325770,0.250924,-0.081712,38.833333
1165,0,22,-0.276126,0.251665,-0.087804,38.833333
1165,0,23,-0.226634,0.251904,-0.095453,38.833333
1170,0,0,-0.366560,-0.003854,-0.081735,39.000000
1170,0,1,-0.316555,-0.002706,-0.087971,39.000000
1170,0,2,-0.267010,-0.001665,-0.094031,39.000000
1170,0,3,-0.217911,0.000335,-0.098635,39.000000
1170,0,4,-0.367071,0.046096,-0.079717,39.000000
1170,0,5,-0.317684,0.046982,-0.086316,39.000000
1170,0,6,-0.268141,0.048852,-0.090787,39.000000
1170,0,7,-0.218980,0.050308,-0.097855,39.000000
1170,0,8,-0.368431,0.095680,-0.075468,39.000000
1170,0,9,-0.318931,0.097534,-0.083144,39.000000
1170,0,10,-0.269699,0.098820,-0.089274,39.000000
1170,0,11,-0.220229,0.100077,-0.094428,39.000000
1170,0,12,-0.369601,0.146433,-0.075419,39.000000
1170,0,13,-0.320051,0.147341,-0.081856,39.000000
1170,0,14,-0.270809,0.149017,-0.085527,39.000000
1170,0,15,-0.221438,0.150338,-0.091554,39.000000
1170,0,16,-0.371430,0.196302,-0.071741,39.000000
1170,0,17,-0.321556,0.197778,-0.077142,39.000000
1170,0,18,-0.272267,0.199179,-0.083885,39.000000
1170,0,19,-0.222355,0.200998,-0.088223,39.000000
1170,0,20,-0.372361,0.246550,-0.067908,39.000000
1170,0,21,-0.323108,0.247894,-0.075011,39.000000
1170,0,22,-0.273622,0.249337,-0.080099,39.000000
1170,0,23,-0.224208,0.250828,-0.085419,39.000000
1175,0,0,-0.358734,-0.004546,-0.096273,39.166667
1175,0,1,-0.308939,-0.000217,-0.103017,39.166667
1175,0,2,-0.259603,0.001730,-0.110663,39.166667
1175,0,3,-0.210801,0.004845,-0.117875,39.166667
1175,0,4,-0.360376,0.044736,-0.084847,39.166667
1175,0,5,-0.311424,0.047553,-0.092919,39.166667
1175,0,6,-0.261827,0.050867,-0.099690,39.166667
1175,0,7,-0.212347,0.054070,-0.109246,39.166667
1175,0,8,-0.362574,0.092877,-0.073873,39.166667
1175,0,9,-0.313322,0.096007,-0.082290,39.166667
1175,0,10,-0.263808,0.099259,-0.090601,39.166667
1175,0,11,-0.214267,0.102755,-0.096878,39.166667
1175,0,12,-0.364408,0.141509,-0.065529,39.166667
1175,0,13,-0.314935,0.144526,-0.072817,39.166667
1175,0,14,-0.265688,0.147860,-0.079098,39.166667
1175,0,15,-0.216278,0.151517,-0.087617,39.166667
1175,0,16,-0.365864,0.189273,-0.052773,39.166667
1175,0,17,-0.317160,0.192973,-0.061854,39.166667
1175,0,18,-0.267770,0.196830,-0.070347,39.166667
1175,0,19,-0.217676,0.200439,-0.075775,39.166667
1175,0,20,-0.367322,0.239318,-0.045087,39.166667
1175,0,21,-0.318834,0.242250,-0.055267,39.166667
1175,0,22,-0.270026,0.244614,-0.059018,39.166667
1175,0,23,-0.219990,0.248588,-0.065246,39.166667
1180,0,0,-0.347866,-0.005497,-0.120834,39.333333
1180,0,1,-0.299227,0.000329,-0.129345,39.333333
1180,0,2,-0.249783,0.005566,-0.138040,39.333333
1180,0,3,-0.200384,0.012200,-0.146761,39.333333
1180,0,6,-0.252621,0.052230,-0.119389,39.333333
1180,0,7,-0.203682,0.058052,-0.128364,39.333333
1180,0,10,-0.255121,0.098417,-0.101181,39.333333
1180,0,11,-0.205937,0.104376,-0.109363,39.333333
1180,0,12,-0.355512,0.134204,-0.066060,39.333333
1180,0,13,-0.306776,0.139044,-0.073228,39.333333
1180,0,14,-0.257573,0.144893,-0.082578,39.333333
1180,0,15,-0.208778,0.150774,-0.091747,39.333333
1180,0,16,-0.358454,0.179687,-0.046740,39.333333
1180,0,17,-0.309056,0.185864,-0.055787,39.333333
1180,0,18,-0.260580,0.191572,-0.065533,39.333333
1180,0,19,-0.211235,0.197152,-0.072459,39.333333
1180,0,20,-0.360934,0.226185,-0.029682,39.333333
1180,0,21,-0.311842,0.231627,-0.037915,39.333333
1180,0,22,-0.262680,0.237855,-0.045701,39.333333
1180,0,23,-0.213819,0.242991,-0.053385,39.333333
1185,0,0,-0.340866,-0.008023,-0.134659,39.500000
1185,0,1,-0.292020,-0.001087,-0.142499,39.500000
1185,0,2,-0.243509,0.006032,-0.150480,39.500000
1185,0,3,-0.194334,0.013245,-0.159180,39.500000
1185,0,4,-0.343498,0.037075,-0.113004,39.500000
1185,0,5,-0.294967,0.044033,-0.121667,39.500000
1185,0,6,-0.245865,0.051145,-0.129401,39.500000
1185,0,7,-0.197291,0.058021,-0.138095,39.500000
1185,0,8,-0.346475,0.082086,-0.092124,39.500000
1185,0,9,-0.297706,0.088750,-0.100351,39.500000
1185,0,10,-0.249231,0.096046,-0.108227,39.500000
1185,0,11,-0.200189,0.103003,-0.116978,39.500000
1185,0,12,-0.348906,0.127670,-0.071416,39.500000
1185,0,13,-0.300648,0.134311,-0.080404,39.500000
1185,0,14,-0.251281,0.141428,-0.087332,39.500000
1185,0,15,-0.202940,0.148126,-0.096063,39.500000
1185,0,16,-0.352575,0.172715,-0.050975,39.500000
1185,0,17,-0.303242,0.179312,-0.058271,39.500000
1185,0,18,-0.254639,0.185972,-0.065956,39.500000
1185,0,19,-0.205333,0.193753,-0.074811,39.500000
1185,0,20,-0.355124,0.217776,-0.028947,39.500000
1185,0,21,-0.306176,0.223796,-0.036329,39.500000
1190,0,0,-0.336373,-0.012566,-0.137249,39.666667
1190,0,1,-0.287725,-0.004415,-0.144879,39.666667
1190,0,2,-0.239413,0.002640,-0.151882,39.666667
1190,0,3,-0.190493,0.010346,-0.162010,39.666667
1190,0,4,-0.339317,0.031577,-0.113166,39.666667
1190,0,5,-0.291014,0.039143,-0.121580,39.666667
1190,0,6,-0.241945,0.046662,-0.129848,39.666667
1190,0,7,-0.193860,0.054486,-0.138966,39.666667
1190,0,8,-0.342058,0.075396,-0.091264,39.666667
1190,0,9,-0.293293,0.083006,-0.098421,39.666667
1190,0,10,-0.244991,0.090382,-0.106823,39.666667
1190,0,11,-0.196253,0.098107,-0.115294,39.666667
1190,0,12,-0.345008,0.119760,-0.067528,39.666667
1190,0,13,-0.296421,0.126596,-0.075274,39.666667
1190,0,14,-0.247678,0.134440,-0.083430,39.666667
1190,0,15,-0.199223,0.142306,-0.092676,39.666667
1190,0,16,-0.348399,0.163591,-0.044543,39.666667
1190,0,17,-0.299423,0.170841,-0.051605,39.666667
1190,0,18,-0.250746,0.178437,-0.060801,39.666667
1190,0,19,-0.201478,0.186846,-0.068736,39.666667
1190,0,20,-0.351403,0.207365,-0.020542,39.666667
1190,0,21,-0.302618,0.215074,-0.029048,39.666667
1190,0,22,-0.254028,0.222269,-0.036584,39.666667
1190,0,23,-0.205265,0.230365,-0.045283,39.666667
1195,0,0,-0.335238,-0.013172,-0.136670,39.833333
1195,0,1,-0.286132,-0.005259,-0.143867,39.833333
1195,0,2,-0.237694,0.001742,-0.151981,39.833333
1195,0,3,-0.189132,0.009701,-0.161604,39.833333
1195,0,4,-0.337673,0.030579,-0.111741,39.833333
1195,0,5,-0.289153,0.037956,-0.120515,39.833333
1195,0,6,-0.240455,0.045775,-0.128752,39.833333
1195,0,7,-0.192169,0.053446,-0.138456,39.833333
1195,0,8,-0.340482,0.074216,-0.088725,39.833333
1195,0,9,-0.291651,0.081771,-0.096352,39.833333
1195,0,10,-0.243211,0.089368,-0.105418,39.833333
1195,0,11,-0.194357,0.097170,-0.113526,39.833333
1195,0,12,-0.343465,0.117912,-0.064764,39.833333
1195,0,13,-0.294429,0.125356,-0.072987,39.833333
1195,0,14,-0.245734,0.133284,-0.081108,39.833333
1195,0,15,-0.197490,0.140997,-0.090754,39.833333
1195,0,16,-0.346182,0.161801,-0.041684,39.833333
1195,0,17,-0.297213,0.169397,-0.048916,39.833333
1195,0,18,-0.248794,0.177038,-0.057392,39.833333
1195,0,19,-0.199874,0.184857,-0.066027,39.833333
1195,0,20,-0.348512,0.206149,-0.017087,39.833333
1195,0,21,-0.300269,0.213132,-0.025432,39.833333
1195,0,22,-0.251264,0.221071,-0.033491,39.833333
1195,0,23,-0.202516,0.228630,-0.043117,39.833333
1200,0,0,-0.334341,-0.012319,-0.131313,40.000000
1200,0,1,-0.285469,-0.004778,-0.139909,40.000000
1200,0,2,-0.237113,0.002190,-0.149077,40.000000
1200,0,3,-0.188367,0.009833,-0.158195,40.000000
1200,0,4,-0.336271,0.031783,-0.107579,40.000000
1200,0,5,-0.288150,0.039044,-0.117239,40.000000
1200,0,6,-0.239342,0.046231,-0.125652,40.000000
1200,0,7,-0.191398,0.053905,-0.134639,40.000000
1200,0,8,-0.338989,0.075400,-0.084625,40.000000
1200,0,9,-0.290478,0.082615,-0.093300,40.000000
1200,0,10,-0.242081,0.090159,-0.102697,40.000000
1200,0,11,-0.193227,0.097744,-0.111461,40.000000
1200,0,12,-0.341273,0.119716,-0.061100,40.000000
1200,0,13,-0.292767,0.126653,-0.069951,40.000000
1200,0,14,-0.243989,0.134112,-0.078755,40.000000
1200,0,15,-0.195878,0.141690,-0.088282,40.000000
1200,0,16,-0.344062,0.163614,-0.038641,40.000000
1200,0,17,-0.295007,0.170833,-0.046311,40.000000
1200,0,18,-0.246595,0.177947,-0.055187,40.000000
1200,0,19,-0.197927,0.185645,-0.064816,40.000000
1200,0,20,-0.346258,0.207878,-0.014444,40.000000
1200,0,21,-0.297616,0.214782,-0.024415,40.000000
1200,0,22,-0.248894,0.222377,-0.032375,40.000000
1200,0,23,-0.200282,0.229422,-0.041475,40.000000
1205,0,0,-0.336310,-0.013744,-0.126795,40.166667
1205,0,1,-0.287968,-0.006710,-0.137121,40.166667
1205,0,2,-0.239162,0.000631,-0.147087,40.166667
1205,0,3,-0.190749,0.008173,-0.156582,40.166667
1205,0,4,-0.338030,0.030668,-0.104356,40.166667
1205,0,5,-0.290092,0.037906,-0.114705,40.166667
1205,0,6,-0.241537,0.044811,-0.124051,40.166667
1205,0,7,-0.192881,0.052278,-0.133764,40.166667
1205,0,8,-0.340621,0.074886,-0.082289,40.166667
1205,0,9,-0.291871,0.082121,-0.091203,40.166667
1205,0,10,-0.243717,0.089283,-0.101250,40.166667
1205,0,11,-0.194916,0.096551,-0.111102,40.166667
1205,0,12,-0.342900,0.118943,-0.059346,40.166667
1205,0,13,-0.294604,0.126430,-0.069018,40.166667
1205,0,14,-0.245858,0.133402,-0.078540,40.166667
1205,0,15,-0.197380,0.140858,-0.088465,40.166667
1205,0,16,-0.344856,0.163368,-0.036491,40.166667
1205,0,17,-0.296383,0.170696,-0.046050,40.166667
1205,0,18,-0.247977,0.177694,-0.055966,40.166667
1205,0,19,-0.199061,0.185735,-0.065801,40.166667
1205,0,20,-0.346913,0.208449,-0.014032,40.166667
1205,0,21,-0.298704,0.215160,-0.023923,40.166667
1205,0,22,-0.250085,0.222461,-0.033061,40.166667
1205,0,23,-0.201990,0.230123,-0.043515,40.166667
1210,0,0,-0.337739,-0.022584,-0.123665,40.333333
1210,0,1,-0.289722,-0.014914,-0.134502,40.333333
1210,0,2,-0.241529,-0.007464,-0.146578,40.333333
1210,0,3,-0.192666,0.000114,-0.156384,40.333333
1210,0,4,-0.340068,0.022761,-0.102519,40.333333
1210,0,5,-0.291717,0.029854,-0.113099,40.333333
1210,0,6,-0.243110,0.037767,-0.124124,40.333333
1210,0,7,-0.195005,0.044400,-0.133980,40.333333
1210,0,8,-0.342181,0.067475,-0.080872,40.333333
1210,0,9,-0.293899,0.075116,-0.091775,40.333333
1210,0,10,-0.245712,0.082400,-0.102765,40.333333
1210,0,11,-0.197372,0.089920,-0.113224,40.333333
1210,0,12,-0.344728,0.113050,-0.059930,40.333333
1210,0,13,-0.296485,0.119896,-0.069889,40.333333
1210,0,14,-0.247926,0.127454,-0.080434,40.333333
1210,0,15,-0.199891,0.134883,-0.091477,40.333333
1210,0,16,-0.347385,0.158241,-0.038951,40.333333
1210,0,17,-0.298845,0.164928,-0.048329,40.333333
1210,0,18,-0.250487,0.172490,-0.059064,40.333333
1210,0,19,-0.201985,0.180088,-0.069900,40.333333
1210,0,20,-0.349633,0.202960,-0.016894,40.333333
1210,0,21,-0.301204,0.210413,-0.028289,40.333333
1210,0,22,-0.252559,0.217919,-0.037864,40.333333
1210,0,23,-0.204246,0.224676,-0.047984,40.333333
1215,0,0,-0.340461,-0.023882,-0.112757,40.500000
1215,0,1,-0.291814,-0.017471,-0.121530,40.500000
1215,0,2,-0.243213,-0.011767,-0.131799,40.500000
1215,0,3,-0.194118,-0.004716,-0.140726,40.500000
1215,0,4,-0.343126,0.022305,-0.094051,40.500000
1215,0,5,-0.294057,0.028434,-0.102812,40.500000
1215,0,6,-0.245491,0.034721,-0.112544,40.500000
1215,0,7,-0.197059,0.040502,-0.121651,40.500000
1215,0,8,-0.345138,0.068824,-0.075947,40.500000
1215,0,9,-0.296348,0.074874,-0.084793,40.500000
1215,0,10,-0.247761,0.080823,-0.094358,40.500000
1215,0,11,-0.198936,0.087154,-0.104022,40.500000
1215,0,12,-0.347167,0.115626,-0.058142,40.500000
1215,0,13,-0.298343,0.120777,-0.065976,40.500000
1215,0,14,-0.249922,0.127167,-0.075904,40.500000
1215,0,15,-0.200795,0.132927,-0.085969,40.500000
1215,0,16,-0.349760,0.161939,-0.040251,40.500000
1215,0,17,-0.301015,0.167643,-0.048123,40.500000
1215,0,18,-0.252153,0.173374,-0.057386,40.500000
1215,0,19,-0.203497,0.180083,-0.067373,40.500000
1215,0,20,-0.352126,0.208707,-0.021451,40.500000
1215,0,21,-0.303380,0.214544,-0.031436,40.500000
1215,0,22,-0.254688,0.220276,-0.039292,40.500000
1215,0,23,-0.205910,0.226242,-0.048272,40.500000
1235,0,0,-0.509648,-0.016902,-0.127094,41.166667
1235,0,1,-0.460404,-0.015344,-0.137650,41.166667
1235,0,2,-0.412354,-0.015144,-0.150796,41.166667
1235,0,3,-0.363908,-0.013977,-0.160817,41.166667
1235,0,4,-0.509047,0.032775,-0.120592,41.166667
1235,0,5,-0.459855,0.033140,-0.130506,41.166667
1235,0,6,-0.411797,0.034638,-0.143003,41.166667
1235,0,7,-0.363607,0.035500,-0.155776,41.166667
1235,0,8,-0.508470,0.082067,-0.114254,41.166667
1235,0,11,-0.363155,0.084760,-0.148839,41.166667
1235,0,12,-0.508451,0.131787,-0.109184,41.166667
1235,0,15,-0.362940,0.134305,-0.141673,41.166667
1235,0,16,-0.508703,0.181463,-0.104219,41.166667
1235,0,19,-0.362381,0.184196,-0.136559,41.166667
1235,0,20,-0.508147,0.230706,-0.096350,41.166667
1240,0,0,-0.516024,-0.019141,-0.117140,41.333333
1240,0,1,-0.467994,-0.017734,-0.130405,41.333333
1240,0,2,-0.419981,-0.017243,-0.142802,41.333333
1240,0,3,-0.370893,-0.016635,-0.155397,41.333333
1240,0,4,-0.516156,0.031115,-0.114282,41.333333
1240,0,5,-0.467953,0.031663,-0.125303,41.333333
1240,0,6,-0.419183,0.032373,-0.138136,41.333333
1240,0,7,-0.370917,0.032650,-0.149595,41.333333
1240,0,8,-0.516592,0.080527,-0.110666,41.333333
1240,0,9,-0.467509,0.081101,-0.121983,41.333333
1240,0,10,-0.419089,0.081568,-0.134938,41.333333
1240,0,11,-0.370299,0.082942,-0.146519,41.333333
1240,0,12,-0.516002,0.130041,-0.106794,41.333333
1240,0,13,-0.467081,0.130334,-0.118394,41.333333
1240,0,14,-0.418973,0.131354,-0.129336,41.333333
1240,0,15,-0.370757,0.132255,-0.142056,41.333333
1240,0,16,-0.515959,0.179460,-0.101339,41.333333
1240,0,17,-0.467404,0.180247,-0.113457,41.333333
1240,0,18,-0.418770,0.181064,-0.126417,41.333333
1240,0,19,-0.370387,0.182077,-0.137408,41.333333
1240,0,20,-0.516065,0.229204,-0.097657,41.333333
1240,0,21,-0.467564,0.230053,-0.109492,41.333333
1240,0,22,-0.418933,0.230601,-0.120930,41.333333
1240,0,23,-0.370332,0.231734,-0.133168,41.333333
1245,0,0,-0.521764,-0.021052,-0.117343,41.500000
1245,0,1,-0.472742,-0.020682,-0.126253,41.500000
1245,0,2,-0.423792,-0.019916,-0.137500,41.500000
1245,0,3,-0.375215,-0.019051,-0.149158,41.500000
1245,0,4,-0.520800,0.028758,-0.111850,41.500000
1245,0,5,-0.472581,0.029265,-0.124622,41.500000
1245,0,6,-0.423894,0.029681,-0.134559,41.500000
1245,0,7,-0.375198,0.030337,-0.146615,41.500000
1245,0,8,-0.520619,0.078140,-0.108378,41.500000
1245,0,9,-0.472459,0.078969,-0.120158,41.500000
1245,0,10,-0.423593,0.079433,-0.130710,41.500000
1245,0,11,-0.375480,0.079966,-0.142103,41.500000
1245,0,12,-0.520799,0.128461,-0.105656,41.500000
1245,0,13,-0.472230,0.128837,-0.116521,41.500000
1245,0,14,-0.423541,0.129542,-0.127215,41.500000
1245,0,15,-0.375138,0.129707,-0.138665,41.500000
1245,0,16,-0.520910,0.178147,-0.102380,41.500000
1245,0,17,-0.471993,0.178773,-0.113249,41.500000
1245,0,18,-0.423458,0.179049,-0.124408,41.500000
1245,0,19,-0.374985,0.179815,-0.135839,41.500000
1245,0,20,-0.520633,0.227917,-0.098416,41.500000
1245,0,21,-0.472087,0.228160,-0.110626,41.500000
1245,0,22,-0.423420,0.229142,-0.120533,41.500000
1245,0,23,-0.374836,0.229500,-0.133881,41.500000
1250,0,0,-0.525322,-0.018191,-0.112524,41.666667
1250,0,1,-0.476217,-0.017123,-0.122249,41.666667
1250,0,2,-0.427717,-0.017839,-0.134586,41.666667
1250,0,3,-0.379459,-0.017314,-0.146262,41.666667
1250,0,4,-0.524659,0.032082,-0.108412,41.666667
1250,0,5,-0.476162,0.031994,-0.119946,41.666667
1250,0,6,-0.427463,0.032420,-0.131301,41.666667
1250,0,7,-0.379268,0.032460,-0.143479,41.666667
1250,0,8,-0.524239,0.081413,-0.105789,41.666667
1250,0,9,-0.475853,0.081651,-0.117527,41.666667
1250,0,10,-0.426915,0.081684,-0.128672,41.666667
1250,0,11,-0.378959,0.082066,-0.141015,41.666667
1250,0,12,-0.523977,0.131346,-0.103233,41.666667
1250,0,13,-0.475683,0.131602,-0.114453,41.666667
1250,0,14,-0.426748,0.131859,-0.126211,41.666667
1250,0,15,-0.378390,0.131763,-0.138946,41.666667
1250,0,16,-0.523732,0.180971,-0.099582,41.666667
1250,0,17,-0.474858,0.181403,-0.111542,41.666667
1250,0,18,-0.426542,0.181430,-0.124032,41.666667
1250,0,19,-0.377889,0.182160,-0.135244,41.666667
1250,0,20,-0.523540,0.230872,-0.097988,41.666667
1250,0,21,-0.474923,0.231048,-0.109239,41.666667
1250,0,22,-0.426303,0.231600,-0.120771,41.666667
1250,0,23,-0.377834,0.231729,-0.133455,41.666667
1255,0,0,-0.526693,-0.014923,-0.106752,41.833333
1255,0,1,-0.478084,-0.014709,-0.118490,41.833333
1255,0,2,-0.429558,-0.015663,-0.130718,41.833333
1255,0,3,-0.380995,-0.015583,-0.141984,41.833333
1255,0,4,-0.525913,0.035415,-0.105846,41.833333
1255,0,5,-0.477535,0.034750,-0.118240,41.833333
1255,0,6,-0.428956,0.034584,-0.128520,41.833333
1255,0,7,-0.380680,0.034136,-0.140269,41.833333
1255,0,8,-0.525266,0.084974,-0.106099,41.833333
1255,0,9,-0.476708,0.084954,-0.115987,41.833333
1255,0,10,-0.428260,0.084327,-0.127781,41.833333
1255,0,11,-0.379853,0.084071,-0.139367,41.833333
1255,0,12,-0.525157,0.134996,-0.103903,41.833333
1255,0,13,-0.476216,0.134729,-0.113628,41.833333
1255,0,14,-0.427495,0.134575,-0.126343,41.833333
1255,0,15,-0.379134,0.133720,-0.138959,41.833333
1255,0,16,-0.524424,0.185042,-0.101880,41.833333
1255,0,17,-0.475577,0.184743,-0.113704,41.833333
1255,0,18,-0.426846,0.183849,-0.124980,41.833333
1255,0,19,-0.378512,0.184148,-0.136843,41.833333
1255,0,20,-0.523773,0.235056,-0.101495,41.833333
1255,0,21,-0.475130,0.234579,-0.112067,41.833333
1255,0,22,-0.426700,0.234137,-0.123688,41.833333
1255,0,23,-0.377933,0.233868,-0.135602,41.833333
1260,0,0,-0.526853,-0.010362,-0.105807,42.000000
1260,0,1,-0.477629,-0.008363,-0.114349,42.000000
1260,0,2,-0.428407,-0.009380,-0.123804,42.000000
1260,0,12,-0.524816,0.141253,-0.102031,42.000000
1280,0,3,-0.355362,0.119619,-0.173206,42.666667
1280,0,7,-0.357864,0.167953,-0.162608,42.666667
1280,0,11,-0.359733,0.216341,-0.146996,42.666667
1280,0,17,-0.462863,0.305165,-0.110528,42.666667
1280,0,21,-0.466239,0.353867,-0.097328,42.666667
1280,0,22,-0.416521,0.356054,-0.102717,42.666667
1285,0,0,-0.500100,0.120791,-0.164602,42.833333
1285,0,1,-0.450898,0.125270,-0.170775,42.833333
1285,0,2,-0.401987,0.129023,-0.176035,42.833333
1285,0,3,-0.352117,0.132988,-0.180862,42.833333
1285,0,4,-0.502581,0.169261,-0.151431,42.833333
1285,0,5,-0.453233,0.172627,-0.155681,42.833333
1285,0,6,-0.403876,0.176834,-0.161396,42.833333
1285,0,7,-0.354834,0.180855,-0.167599,42.833333
1285,0,8,-0.505021,0.216861,-0.136823,42.833333
1285,0,9,-0.455774,0.220804,-0.141662,42.833333
1285,0,10,-0.406477,0.224652,-0.146937,42.833333
1285,0,11,-0.356967,0.228437,-0.151692,42.833333
1285,0,12,-0.507693,0.264597,-0.122167,42.833333
1285,0,13,-0.458482,0.268564,-0.126289,42.833333
1285,0,14,-0.408644,0.272408,-0.132065,42.833333
1285,0,15,-0.359496,0.276400,-0.138409,42.833333
1285,0,16,-0.509698,0.312354,-0.108218,42.833333
1285,0,17,-0.460651,0.315918,-0.112352,42.833333
1285,0,18,-0.411021,0.319926,-0.116702,42.833333
1285,0,19,-0.361696,0.324188,-0.122451,42.833333
1285,0,20,-0.512114,0.360351,-0.093001,42.833333
1285,0,21,-0.463030,0.363929,-0.097102,42.833333
1285,0,22,-0.413583,0.367735,-0.102392,42.833333
1285,0,23,-0.364036,0.372180,-0.110092,42.833333
1290,0,0,-0.493439,0.121531,-0.177686,43.000000
1290,0,1,-0.443869,0.126640,-0.183207,43.000000
1290,0,2,-0.394014,0.131570,-0.187440,43.000000
1290,0,3,-0.344599,0.137514,-0.192238,43.000000
1290,0,4,-0.496373,0.168571,-0.161632,43.000000
1290,0,5,-0.446809,0.173311,-0.166333,43.000000
1290,0,6,-0.397222,0.179085,-0.169932,43.000000
1290,0,7,-0.347776,0.183641,-0.174866,43.000000
1290,0,8,-0.499945,0.215194,-0.142786,43.000000
1290,0,9,-0.450357,0.220473,-0.148622,43.000000
1290,0,10,-0.400943,0.225646,-0.153004,43.000000
1290,0,11,-0.351448,0.231035,-0.157380,43.000000
1290,0,12,-0.503189,0.262397,-0.126478,43.000000
1290,0,13,-0.454444,0.267989,-0.133273,43.000000
1290,0,14,-0.404379,0.272131,-0.134453,43.000000
1290,0,15,-0.354817,0.277871,-0.140317,43.000000
1290,0,16,-0.506726,0.309165,-0.109011,43.000000
1290,0,17,-0.457236,0.313998,-0.113199,43.000000
1290,0,18,-0.407626,0.319488,-0.118311,43.000000
1290,0,19,-0.358259,0.324617,-0.121562,43.000000
1290,0,20,-0.510023,0.355897,-0.091411,43.000000
1290,0,21,-0.460666,0.361071,-0.094950,43.000000
1290,0,22,-0.410987,0.365933,-0.098749,43.000000
1290,0,23,-0.361200,0.371031,-0.104083,43.000000
1295,0,3,-0.336062,0.136988,-0.198609,43.166667
1295,0,7,-0.340340,0.182188,-0.177265,43.166667
1295,0,11,-0.343961,0.226859,-0.155857,43.166667
1295,0,12,-0.495801,0.252244,-0.121022,43.166667
1295,0,15,-0.348315,0.272324,-0.136790,43.166667
1295,0,16,-0.499889,0.297341,-0.099917,43.166667
1295,0,17,-0.450301,0.303684,-0.103817,43.166667
1295,0,18,-0.401531,0.310714,-0.110650,43.166667
1295,0,19,-0.351103,0.317596,-0.113082,43.166667
1295,0,20,-0.503958,0.341536,-0.077762,43.166667
1295,0,21,-0.454890,0.348414,-0.081994,43.166667
1295,0,22,-0.405190,0.354732,-0.086193,43.166667
1295,0,23,-0.356636,0.362266,-0.092708,43.166667
1300,0,0,-0.474511,0.118724,-0.192715,43.333333
1300,0,1,-0.425578,0.126995,-0.198410,43.333333
1300,0,2,-0.376830,0.133405,-0.202896,43.333333
1300,0,3,-0.327149,0.140796,-0.206987,43.333333
1300,0,6,-0.380978,0.177394,-0.179165,43.333333
1300,0,7,-0.332001,0.183984,-0.182562,43.333333
1300,0,10,-0.385678,0.220891,-0.154760,43.333333
1300,0,11,-0.336257,0.228473,-0.159700,43.333333
1300,0,12,-0.488069,0.251446,-0.124577,43.333333
1300,0,13,-0.439121,0.257985,-0.128004,43.333333
1300,0,14,-0.389680,0.265332,-0.132205,43.333333
1300,0,15,-0.340696,0.272058,-0.136236,43.333333
1300,0,16,-0.492808,0.295072,-0.100688,43.333333
1300,0,17,-0.443574,0.301766,-0.104824,43.333333
1300,0,18,-0.394936,0.309535,-0.110566,43.333333
1300,0,19,-0.344730,0.316490,-0.113194,43.333333
1300,0,20,-0.497113,0.339054,-0.077889,43.333333
1300,0,21,-0.448165,0.345690,-0.080729,43.333333
1300,0,22,-0.398769,0.352708,-0.085311,43.333333
1300,0,23,-0.349815,0.360070,-0.089684,43.333333
1305,0,0,-0.468911,0.130202,-0.198699,43.500000
1305,0,1,-0.418616,0.137261,-0.202002,43.500000
1305,0,2,-0.369652,0.144023,-0.206145,43.500000
1305,0,4,-0.472538,0.173869,-0.174205,43.500000
1305,0,5,-0.423717,0.180793,-0.179347,43.500000
1305,0,6,-0.374253,0.187999,-0.182045,43.500000
1305,0,8,-0.477481,0.216685,-0.149939,43.500000
1305,0,9,-0.428164,0.224263,-0.153862,43.500000
1305,0,10,-0.379598,0.232049,-0.159552,43.500000
1305,0,11,-0.330133,0.239065,-0.161526,43.500000
1305,0,12,-0.481742,0.261078,-0.126387,43.500000
1305,0,13,-0.432918,0.267710,-0.129371,43.500000
1305,0,14,-0.383855,0.275245,-0.133696,43.500000
1305,0,15,-0.334687,0.282436,-0.138066,43.500000
1305,0,16,-0.487095,0.304638,-0.103573,43.500000
1305,0,17,-0.437376,0.311679,-0.105022,43.500000
1305,0,18,-0.388616,0.318682,-0.109599,43.500000
1305,0,19,-0.339260,0.326529,-0.113296,43.500000
1305,0,20,-0.491367,0.348303,-0.078129,43.500000
1305,0,21,-0.442361,0.354995,-0.081658,43.500000
1305,0,22,-0.393156,0.362460,-0.085015,43.500000
1305,0,23,-0.344550,0.369579,-0.088025,43.500000
1310,0,0,-0.467547,0.137875,-0.196849,43.666667
1310,0,1,-0.418080,0.145492,-0.200368,43.666667
1310,0,2,-0.369128,0.151793,-0.203360,43.666667
1310,0,3,-0.319688,0.159518,-0.208283,43.666667
1310,0,4,-0.471528,0.181508,-0.171999,43.666667
1310,0,5,-0.422652,0.188021,-0.175275,43.666667
1310,0,6,-0.373716,0.194953,-0.179013,43.666667
1310,0,7,-0.324509,0.202325,-0.183983,43.666667
1310,0,8,-0.477130,0.224695,-0.148210,43.666667
1310,0,9,-0.427209,0.231054,-0.150487,43.666667
1310,0,10,-0.377930,0.237955,-0.154728,43.666667
1310,0,11,-0.328910,0.245564,-0.158713,43.666667
1310,0,12,-0.480924,0.267261,-0.122672,43.666667
1310,0,13,-0.431925,0.274395,-0.126836,43.666667
1310,0,14,-0.382348,0.281541,-0.129560,43.666667
1310,0,15,-0.333760,0.288272,-0.133027,43.666667
1310,0,16,-0.485556,0.310548,-0.098448,43.666667
1310,0,17,-0.436201,0.317372,-0.100538,43.666667
1310,0,18,-0.387268,0.324162,-0.104557,43.666667
1310,0,19,-0.337789,0.331873,-0.108462,43.666667
1310,0,20,-0.489981,0.353362,-0.072731,43.666667
1310,0,21,-0.441083,0.360199,-0.075022,43.666667
1310,0,22,-0.391632,0.367316,-0.079206,43.666667
1310,0,23,-0.342620,0.374518,-0.083219,43.666667
1315,0,0,-0.467697,0.140024,-0.195879,43.833333
1315,0,1,-0.418450,0.147386,-0.199664,43.833333
1315,0,2,-0.369546,0.153774,-0.202606,43.833333
1315,0,3,-0.319982,0.160969,-0.207694,43.833333
1315,0,4,-0.471934,0.183665,-0.170977,43.833333
1315,0,5,-0.422950,0.190165,-0.174693,43.833333
1315,0,6,-0.373435,0.197103,-0.178336,43.833333
1315,0,7,-0.324257,0.203928,-0.183748,43.833333
1315,0,8,-0.476595,0.226701,-0.145358,43.833333
1315,0,9,-0.426893,0.233340,-0.149731,43.833333
1315,0,10,-0.377692,0.239992,-0.153795,43.833333
1315,0,11,-0.328413,0.247151,-0.157856,43.833333
1315,0,12,-0.480395,0.269962,-0.121348,43.833333
1315,0,13,-0.431221,0.276341,-0.125031,43.833333
1315,0,14,-0.381883,0.283446,-0.128635,43.833333
1315,0,15,-0.332703,0.290055,-0.132865,43.833333
1315,0,16,-0.484841,0.313035,-0.097021,43.833333
1315,0,17,-0.435075,0.319776,-0.099865,43.833333
1315,0,18,-0.386124,0.326077,-0.103220,43.833333
1315,0,19,-0.336489,0.333867,-0.108159,43.833333
1315,0,20,-0.488673,0.356125,-0.071510,43.833333
1315,0,21,-0.439822,0.362799,-0.075198,43.833333
1315,0,22,-0.390123,0.369676,-0.078844,43.833333
1315,0,23,-0.341155,0.376352,-0.083090,43.833333
1320,0,0,-0.468361,0.140591,-0.191710,44.000000
1320,0,1,-0.418940,0.147749,-0.194960,44.000000
1320,0,2,-0.370160,0.154148,-0.199358,44.000000
1320,0,3,-0.320569,0.161091,-0.203532,44.000000
1320,0,4,-0.472317,0.184253,-0.166913,44.000000
1320,0,5,-0.423364,0.190867,-0.170520,44.000000
1320,0,6,-0.373750,0.197816,-0.174857,44.000000
1320,0,7,-0.324828,0.204514,-0.180052,44.000000
1320,0,8,-0.476118,0.227327,-0.142956,44.000000
1320,0,9,-0.427183,0.234523,-0.146143,44.000000
1320,0,10,-0.377991,0.240978,-0.151236,44.000000
1320,0,11,-0.328740,0.248233,-0.154949,44.000000
1320,0,12,-0.480587,0.271290,-0.118100,44.000000
1320,0,13,-0.431600,0.277740,-0.122269,44.000000
1320,0,14,-0.381962,0.284726,-0.126021,44.000000
1320,0,15,-0.332900,0.291300,-0.130968,44.000000
1320,0,16,-0.484853,0.314742,-0.095022,44.000000
1320,0,17,-0.435288,0.321332,-0.097547,44.000000
1320,0,18,-0.386407,0.327888,-0.102245,44.000000
1320,0,19,-0.336865,0.335393,-0.106129,44.000000
1320,0,20,-0.488871,0.357986,-0.069717,44.000000
1320,0,21,-0.439754,0.364529,-0.073555,44.000000
1320,0,22,-0.390523,0.371270,-0.077509,44.000000
1320,0,23,-0.341426,0.378751,-0.083013,44.000000
1325,0,0,-0.471217,0.138565,-0.189163,44.166667
1325,0,1,-0.422019,0.145600,-0.193057,44.166667
1325,0,2,-0.372884,0.151441,-0.197196,44.166667
1325,0,3,-0.323518,0.158351,-0.201921,44.166667
1325,0,4,-0.474951,0.182736,-0.164813,44.166667
1325,0,5,-0.426177,0.189384,-0.170228,44.166667
1325,0,6,-0.376601,0.195614,-0.173874,44.166667
1325,0,7,-0.327728,0.202101,-0.178362,44.166667
1325,0,8,-0.479265,0.226590,-0.142891,44.166667
1325,0,9,-0.429503,0.233125,-0.145584,44.166667
1325,0,10,-0.380698,0.239021,-0.149573,44.166667
1325,0,11,-0.331387,0.245766,-0.154389,44.166667
1325,0,12,-0.482812,0.270357,-0.118352,44.166667
1325,0,13,-0.433591,0.276491,-0.122548,44.166667
1325,0,14,-0.384100,0.283361,-0.126299,44.166667
1325,0,15,-0.335166,0.289782,-0.132401,44.166667
1325,0,16,-0.487193,0.314266,-0.096215,44.166667
1325,0,17,-0.437613,0.320147,-0.098339,44.166667
1325,0,18,-0.388040,0.326677,-0.103666,44.166667
1325,0,19,-0.338757,0.333788,-0.107211,44.166667
1325,0,20,-0.490705,0.357549,-0.070414,44.166667
1325,0,21,-0.441397,0.363915,-0.075677,44.166667
1325,0,22,-0.392142,0.370466,-0.078608,44.166667
1325,0,23,-0.343127,0.376724,-0.082362,44.166667
1330,0,0,-0.479467,0.137196,-0.190040,44.333333
1330,0,1,-0.430224,0.143095,-0.193179,44.333333
1330,0,2,-0.381073,0.149341,-0.198500,44.333333
1330,0,3,-0.331445,0.155569,-0.202654,44.333333
1330,0,4,-0.482233,0.181170,-0.165057,44.333333
1330,0,5,-0.432937,0.187853,-0.171047,44.333333
1330,0,6,-0.383632,0.193432,-0.173995,44.333333
1330,0,7,-0.334171,0.199970,-0.179647,44.333333
1330,0,8,-0.484274,0.224993,-0.140557,44.333333
1330,0,9,-0.436557,0.230953,-0.145945,44.333333
1330,0,10,-0.386987,0.237536,-0.150433,44.333333
1330,0,11,-0.338805,0.243082,-0.155153,44.333333
1330,0,12,-0.488152,0.269558,-0.118896,44.333333
1330,0,13,-0.439626,0.275419,-0.123070,44.333333
1330,0,14,-0.389974,0.281719,-0.126692,44.333333
1330,0,15,-0.341179,0.287723,-0.132311,44.333333
1330,0,16,-0.493347,0.312680,-0.095581,44.333333
1330,0,17,-0.443682,0.318474,-0.098354,44.333333
1330,0,18,-0.394133,0.325194,-0.102948,44.333333
1330,0,19,-0.345353,0.331086,-0.108036,44.333333
1330,0,20,-0.496517,0.356147,-0.070997,44.333333
1330,0,21,-0.447598,0.362116,-0.075124,44.333333
1330,0,22,-0.397922,0.368700,-0.078914,44.333333
1330,0,23,-0.348646,0.375560,-0.085165,44.333333
1335,0,0,-0.489143,0.136654,-0.195449,44.500000
1335,0,1,-0.439101,0.142942,-0.198622,44.500000
1335,0,2,-0.390496,0.148126,-0.204030,44.500000
1335,0,3,-0.340630,0.154216,-0.207527,44.500000
1335,0,4,-0.491871,0.181276,-0.171359,44.500000
1335,0,5,-0.443402,0.186807,-0.177138,44.500000
1335,0,8,-0.495269,0.224908,-0.148322,44.500000
1335,0,15,-0.351714,0.286743,-0.138936,44.500000
1335,0,18,-0.403505,0.324334,-0.110148,44.500000
1335,0,19,-0.353810,0.331281,-0.115496,44.500000
1335,0,20,-0.505179,0.358084,-0.079809,44.500000
1335,0,21,-0.456652,0.363290,-0.084573,44.500000
1335,0,22,-0.406979,0.368892,-0.087703,44.500000
1335,0,23,-0.357810,0.374809,-0.092217,44.500000
1340,0,0,-0.498074,0.138017,-0.197697,44.666667
1340,0,1,-0.448187,0.143876,-0.200322,44.666667
1340,0,2,-0.399272,0.148978,-0.203820,44.666667
1340,0,3,-0.349568,0.155182,-0.207589,44.666667
1340,0,4,-0.500450,0.182902,-0.173558,44.666667
1340,0,5,-0.452044,0.187855,-0.177393,44.666667
1340,0,6,-0.402268,0.193855,-0.180866,44.666667
1340,0,7,-0.353824,0.198979,-0.184376,44.666667
1340,0,8,-0.505551,0.227167,-0.151404,44.666667
1340,0,9,-0.455518,0.231971,-0.154336,44.666667
1340,0,10,-0.406210,0.237041,-0.156919,44.666667
1340,0,11,-0.356736,0.243368,-0.161275,44.666667
1340,0,12,-0.507720,0.270963,-0.127798,44.666667
1340,0,13,-0.458921,0.276007,-0.132168,44.666667
1340,0,14,-0.409477,0.281579,-0.134324,44.666667
1340,0,15,-0.361210,0.287775,-0.139480,44.666667
1340,0,16,-0.511592,0.314822,-0.106368,44.666667
1340,0,17,-0.462251,0.320000,-0.107842,44.666667
1340,0,18,-0.413712,0.325961,-0.112587,44.666667
1340,0,19,-0.364076,0.331586,-0.115242,44.666667
1340,0,20,-0.515127,0.359005,-0.082105,44.666667
1340,0,21,-0.466254,0.364516,-0.085936,44.666667
1340,0,22,-0.417050,0.369547,-0.088601,44.666667
1340,0,23,-0.368106,0.376057,-0.093485,44.666667
1345,0,1,-0.455252,0.151253,-0.201382,44.833333
1345,0,2,-0.406228,0.157225,-0.206966,44.833333
1345,0,6,-0.410167,0.200465,-0.181684,44.833333
1345,0,12,-0.515528,0.278375,-0.130586,44.833333
1345,0,16,-0.518634,0.322243,-0.107032,44.833333
1345,0,17,-0.469080,0.329015,-0.111446,44.833333
1345,0,18,-0.420724,0.334462,-0.117175,44.833333
1345,0,19,-0.370977,0.340445,-0.118876,44.833333
1345,0,20,-0.522122,0.367926,-0.086701,44.833333
1345,0,21,-0.473349,0.372274,-0.088392,44.833333
1350,0,0,-0.516268,0.157576,-0.206337,45.000000
1350,0,1,-0.466461,0.162487,-0.207678,45.000000
1350,0,2,-0.417104,0.166958,-0.210173,45.000000
1350,0,3,-0.367694,0.172007,-0.215672,45.000000
1350,0,4,-0.518413,0.202533,-0.182728,45.000000
1350,0,5,-0.469893,0.207264,-0.186186,45.000000
1350,0,6,-0.419948,0.211862,-0.188811,45.000000
1350,0,7,-0.370886,0.216676,-0.193490,45.000000
1350,0,8,-0.521129,0.246001,-0.157567,45.000000
1350,0,9,-0.472455,0.251657,-0.163538,45.000000
1350,0,10,-0.423612,0.256458,-0.167004,45.000000
1350,0,11,-0.373914,0.261090,-0.170028,45.000000
1350,0,12,-0.524943,0.291276,-0.138168,45.000000
1350,0,13,-0.475231,0.295542,-0.141353,45.000000
1350,0,14,-0.425934,0.300904,-0.144014,45.000000
1350,0,15,-0.377147,0.305618,-0.147561,45.000000
1350,0,16,-0.528275,0.336088,-0.117539,45.000000
1350,0,17,-0.478102,0.340644,-0.119134,45.000000
1350,0,18,-0.429212,0.344911,-0.121380,45.000000
1350,0,19,-0.379564,0.350407,-0.125487,45.000000
1350,0,20,-0.531089,0.380294,-0.094307,45.000000
1350,0,21,-0.481650,0.385125,-0.098038,45.000000
1350,0,22,-0.432440,0.389550,-0.099920,45.000000
1350,0,23,-0.382855,0.394290,-0.103198,45.000000
1355,0,0,-0.519245,0.164457,-0.206327,45.166667
1355,0,1,-0.469232,0.169286,-0.209609,45.166667
1355,0,2,-0.419962,0.173136,-0.211077,45.166667
1355,0,3,-0.370338,0.177735,-0.215040,45.166667
1355,0,6,-0.422248,0.218618,-0.190124,45.166667
1355,0,7,-0.373566,0.222904,-0.193697,45.166667
1355,0,11,-0.376390,0.267234,-0.170789,45.166667
1355,0,12,-0.527320,0.299331,-0.142007,45.166667
1355,0,15,-0.379031,0.312003,-0.149441,45.166667
1355,0,16,-0.530273,0.344184,-0.121227,45.166667
1355,0,17,-0.480691,0.348154,-0.121784,45.166667
1355,0,18,-0.431367,0.351987,-0.123547,45.166667
1355,0,19,-0.381787,0.357254,-0.127532,45.166667
1355,0,20,-0.533431,0.388143,-0.097127,45.166667
1355,0,21,-0.484067,0.392858,-0.099760,45.166667
1355,0,22,-0.434539,0.396877,-0.101304,45.166667
1355,0,23,-0.384969,0.401413,-0.104974,45.166667
1360,0,3,-0.373151,0.192682,-0.213059,45.333333
1360,0,7,-0.375821,0.238238,-0.192571,45.333333
1360,0,8,-0.526774,0.271864,-0.163338,45.333333
1360,0,9,-0.476452,0.276460,-0.166493,45.333333
1360,0,10,-0.427827,0.279626,-0.168951,45.333333
1360,0,11,-0.378069,0.283448,-0.171478,45.333333
1360,0,12,-0.529206,0.317163,-0.143238,45.333333
1360,0,13,-0.479827,0.320858,-0.145425,45.333333
1360,0,14,-0.429798,0.324983,-0.147755,45.333333
1360,0,15,-0.380709,0.328999,-0.152700,45.333333
1360,0,16,-0.531926,0.362268,-0.123299,45.333333
1360,0,17,-0.482234,0.366152,-0.124201,45.333333
1360,0,18,-0.432628,0.369625,-0.127582,45.333333
1360,0,19,-0.383309,0.374037,-0.129797,45.333333
1360,0,20,-0.534733,0.407456,-0.101329,45.333333
1360,0,21,-0.485191,0.411574,-0.105964,45.333333
1360,0,22,-0.435681,0.414920,-0.105608,45.333333
1360,0,23,-0.386193,0.418846,-0.108338,45.333333
1365,0,0,-0.521451,0.185432,-0.208192,45.500000
1365,0,1,-0.471458,0.188726,-0.209361,45.500000
1365,0,2,-0.421593,0.192188,-0.211127,45.500000
1365,0,3,-0.371890,0.196371,-0.213606,45.500000
1365,0,4,-0.523164,0.230723,-0.186919,45.500000
1365,0,5,-0.474060,0.234053,-0.188015,45.500000
1365,0,6,-0.424161,0.237897,-0.190340,45.500000
1365,0,7,-0.374762,0.241655,-0.193486,45.500000
1365,0,8,-0.526271,0.275613,-0.165575,45.500000
1365,0,9,-0.476681,0.279331,-0.167530,45.500000
1365,0,10,-0.427233,0.283253,-0.169978,45.500000
1365,0,11,-0.377292,0.287077,-0.171458,45.500000
1365,0,12,-0.528850,0.321258,-0.145224,45.500000
1365,0,13,-0.479162,0.324424,-0.147070,45.500000
1365,0,14,-0.429697,0.328503,-0.148095,45.500000
1365,0,15,-0.380320,0.331999,-0.149935,45.500000
1365,0,16,-0.531719,0.366274,-0.125125,45.500000
1365,0,17,-0.482093,0.369784,-0.125421,45.500000
1365,0,18,-0.432606,0.373003,-0.125652,45.500000
1365,0,19,-0.382845,0.377592,-0.129765,45.500000
1365,0,20,-0.534746,0.411475,-0.103582,45.500000
1365,0,21,-0.484636,0.414828,-0.105457,45.500000
1365,0,22,-0.435192,0.418805,-0.105951,45.500000
1365,0,23,-0.385678,0.422538,-0.108413,45.500000
1370,0,0,-0.519381,0.184745,-0.208730,45.666667
1370,0,1,-0.469483,0.189003,-0.212127,45.666667
1370,0,2,-0.420067,0.192751,-0.214588,45.666667
1370,0,3,-0.370014,0.196954,-0.216980,45.666667
1370,0,4,-0.522104,0.230403,-0.188432,45.666667
1370,0,5,-0.472482,0.234091,-0.190478,45.666667
1370,0,6,-0.422606,0.238067,-0.193325,45.666667
1370,0,7,-0.373102,0.242182,-0.196612,45.666667
1370,0,8,-0.525258,0.275935,-0.168450,45.666667
1370,0,9,-0.474791,0.279795,-0.170326,45.666667
1370,0,10,-0.425422,0.283228,-0.172302,45.666667
1370,0,11,-0.375583,0.287504,-0.175125,45.666667
1370,0,12,-0.527504,0.321251,-0.147697,45.666667
1370,0,13,-0.477984,0.324790,-0.149659,45.666667
1370,0,14,-0.428001,0.328840,-0.151554,45.666667
1370,0,15,-0.378487,0.332933,-0.154705,45.666667
1370,0,16,-0.530544,0.366428,-0.127441,45.666667
1370,0,17,-0.480541,0.370204,-0.128625,45.666667
1370,0,18,-0.431013,0.373849,-0.130591,45.666667
1370,0,19,-0.381011,0.378342,-0.133267,45.666667
1370,0,20,-0.533199,0.411780,-0.105780,45.666667
1370,0,21,-0.483770,0.415602,-0.107469,45.666667
1370,0,22,-0.433507,0.419487,-0.109363,45.666667
1370,0,23,-0.383923,0.423228,-0.112002,45.666667
1375,0,12,-0.523894,0.307434,-0.145074,45.833333
1390,0,2,-0.390183,0.074617,-0.179418,46.333333
1390,0,3,-0.340946,0.075453,-0.186136,46.333333
1395,0,0,-0.482348,0.059427,-0.146138,46.500000
1395,0,1,-0.433922,0.061195,-0.154467,46.500000
1395,0,2,-0.383836,0.062780,-0.160076,46.500000
1395,0,3,-0.334548,0.065096,-0.171984,46.500000
1395,0,4,-0.485474,0.109308,-0.152261,46.500000
1395,0,5,-0.436588,0.111412,-0.162672,46.500000
1395,0,6,-0.386472,0.112758,-0.169287,46.500000
1395,0,7,-0.337294,0.113699,-0.177660,46.500000
1400,0,0,-0.479010,0.048034,-0.131871,46.666667
1400,0,1,-0.430226,0.048993,-0.140159,46.666667
1400,0,2,-0.380561,0.049016,-0.149054,46.666667
1400,0,3,-0.331712,0.050957,-0.160168,46.666667
1400,0,4,-0.482579,0.096290,-0.145001,46.666667
1400,0,5,-0.433523,0.097241,-0.154932,46.666667
1400,0,8,-0.485442,0.144265,-0.159625,46.666667
1400,0,9,-0.436446,0.145395,-0.166756,46.666667
1400,0,12,-0.488592,0.192922,-0.171386,46.666667
1400,0,13,-0.439313,0.193483,-0.180217,46.666667
1400,0,14,-0.390397,0.194449,-0.188934,46.666667
1400,0,15,-0.341227,0.194620,-0.198129,46.666667
1400,0,17,-0.442716,0.241986,-0.193007,46.666667
1400,0,18,-0.393325,0.242235,-0.201096,46.666667
1405,0,0,-0.475916,0.048142,-0.134184,46.833333
1405,0,1,-0.427202,0.050050,-0.142942,46.833333
1405,0,2,-0.378501,0.050807,-0.152594,46.833333
1405,0,3,-0.329779,0.051954,-0.162880,46.833333
1405,0,4,-0.479666,0.097099,-0.145787,46.833333
1405,0,5,-0.430885,0.097864,-0.156438,46.833333
1405,0,6,-0.382096,0.099366,-0.164860,46.833333
1405,0,7,-0.333848,0.100355,-0.173978,46.833333
1405,0,8,-0.483782,0.144874,-0.158487,46.833333
1405,0,9,-0.434401,0.146906,-0.167304,46.833333
1405,0,10,-0.386012,0.147364,-0.178571,46.833333
1405,0,11,-0.337152,0.148892,-0.187783,46.833333
1405,0,12,-0.487621,0.193151,-0.171419,46.833333
1405,0,13,-0.438698,0.194548,-0.179445,46.833333
1405,0,14,-0.389789,0.195869,-0.189782,46.833333
1405,0,15,-0.341222,0.196812,-0.200120,46.833333
1405,0,16,-0.491428,0.240863,-0.185013,46.833333
1405,0,17,-0.442500,0.242916,-0.193008,46.833333
1405,0,18,-0.393764,0.243808,-0.201746,46.833333
1405,0,19,-0.345425,0.244554,-0.213055,46.833333
1405,0,20,-0.495460,0.289302,-0.195631,46.833333
1405,0,21,-0.446414,0.290996,-0.205256,46.833333
1405,0,22,-0.397596,0.292269,-0.214286,46.833333
1405,0,23,-0.348545,0.292888,-0.225459,46.833333
1410,0,0,-0.471446,0.048570,-0.136632,47.000000
1410,0,1,-0.422963,0.051016,-0.147294,47.000000
1410,0,2,-0.374229,0.053583,-0.156419,47.000000
1410,0,3,-0.325573,0.055391,-0.167739,47.000000
1410,0,4,-0.476541,0.096670,-0.149136,47.000000
1410,0,5,-0.428160,0.099053,-0.160768,47.000000
1410,0,6,-0.379052,0.101274,-0.169611,47.000000
1410,0,7,-0.330283,0.103557,-0.182176,47.000000
1410,0,8,-0.481033,0.144546,-0.162793,47.000000
1410,0,9,-0.432409,0.147775,-0.171064,47.000000
1410,0,10,-0.384071,0.149871,-0.181419,47.000000
1410,0,11,-0.335537,0.152045,-0.191973,47.000000
1410,0,12,-0.486084,0.193382,-0.173316,47.000000
1410,0,13,-0.437731,0.195771,-0.184404,47.000000
1410,0,14,-0.388825,0.198362,-0.193349,47.000000
1410,0,15,-0.340679,0.200833,-0.203201,47.000000
1410,0,16,-0.491416,0.241240,-0.186796,47.000000
1410,0,17,-0.442401,0.243846,-0.195201,47.000000
1410,0,18,-0.393641,0.246324,-0.206716,47.000000
1410,0,19,-0.344898,0.248966,-0.216257,47.000000
1410,0,20,-0.495991,0.289832,-0.196996,47.000000
1410,0,21,-0.447009,0.291931,-0.206133,47.000000
1410,0,22,-0.398561,0.294832,-0.217025,47.000000
1410,0,23,-0.350054,0.297227,-0.229055,47.000000
1415,0,0,-0.472498,0.049583,-0.134335,47.166667
1415,0,1,-0.423522,0.051891,-0.143525,47.166667
1415,0,2,-0.374668,0.053680,-0.153760,47.166667
1415,0,3,-0.325825,0.056223,-0.164352,47.166667
1415,0,4,-0.476813,0.097961,-0.145514,47.166667
1415,0,5,-0.428144,0.099874,-0.156202,47.166667
1415,0,6,-0.379284,0.102285,-0.165045,47.166667
1415,0,7,-0.330586,0.104174,-0.175325,47.166667
1415,0,8,-0.481551,0.146100,-0.157425,47.166667
1415,0,9,-0.432586,0.148598,-0.166972,47.166667
1415,0,10,-0.383926,0.150435,-0.178844,47.166667
1415,0,11,-0.335123,0.152801,-0.187286,47.166667
1415,0,12,-0.486160,0.194454,-0.169717,47.166667
1415,0,13,-0.437514,0.196830,-0.179694,47.166667
1415,0,14,-0.388513,0.199027,-0.188803,47.166667
1415,0,15,-0.339958,0.201164,-0.198635,47.166667
1415,0,16,-0.490668,0.242629,-0.183424,47.166667
1415,0,17,-0.441775,0.245346,-0.190780,47.166667
1415,0,18,-0.393115,0.247485,-0.201189,47.166667
1415,0,19,-0.344375,0.249683,-0.210750,47.166667
1415,0,20,-0.495422,0.291319,-0.192941,47.166667
1415,0,21,-0.446287,0.293446,-0.204863,47.166667
1415,0,22,-0.397544,0.296185,-0.211837,47.166667
1415,0,23,-0.348672,0.297895,-0.222898,47.166667
1420,0,0,-0.473449,0.048576,-0.132926,47.333333
1420,0,1,-0.425197,0.052328,-0.142656,47.333333
1420,0,2,-0.377295,0.056268,-0.153574,47.333333
1420,0,3,-0.328666,0.059122,-0.165638,47.333333
1420,0,4,-0.479183,0.097809,-0.140961,47.333333
1420,0,5,-0.431611,0.100898,-0.153550,47.333333
1420,0,6,-0.382970,0.104509,-0.164074,47.333333
1420,0,7,-0.335065,0.107979,-0.176557,47.333333
1420,0,9,-0.437766,0.149180,-0.162742,47.333333
1420,0,10,-0.389203,0.152749,-0.174110,47.333333
1420,0,11,-0.341166,0.156799,-0.185671,47.333333
1420,0,13,-0.443342,0.197335,-0.175932,47.333333
1420,0,14,-0.395665,0.201290,-0.182805,47.333333
1420,0,15,-0.347548,0.204836,-0.194465,47.333333
1420,0,17,-0.449336,0.247714,-0.178658,47.333333
1420,0,18,-0.401350,0.249685,-0.192966,47.333333
1420,0,21,-0.457297,0.294992,-0.191880,47.333333
1420,0,22,-0.407477,0.299885,-0.199448,47.333333
1425,0,0,-0.468691,0.042208,-0.137184,47.500000
1425,0,1,-0.421493,0.049970,-0.150583,47.500000
1425,0,2,-0.374678,0.057073,-0.168355,47.500000
1425,0,3,-0.326859,0.065441,-0.183893,47.500000
1425,0,4,-0.477764,0.090897,-0.141507,47.500000
1425,0,5,-0.430813,0.098032,-0.157950,47.500000
1425,0,6,-0.383639,0.106059,-0.173012,47.500000
1425,0,7,-0.337680,0.113589,-0.191807,47.500000
1425,0,8,-0.487231,0.139162,-0.148402,47.500000
1425,0,9,-0.440005,0.147123,-0.162520,47.500000
1425,0,10,-0.393366,0.154319,-0.180160,47.500000
1425,0,11,-0.345855,0.162035,-0.196421,47.500000
1425,0,12,-0.496776,0.187812,-0.154128,47.500000
1425,0,13,-0.449628,0.195452,-0.168346,47.500000
1430,0,0,-0.458758,0.040572,-0.137731,47.666667
1430,0,1,-0.414626,0.050894,-0.156820,47.666667
1430,0,2,-0.369557,0.060432,-0.177665,47.666667
1430,0,3,-0.324620,0.070703,-0.195887,47.666667
1430,0,4,-0.470918,0.089859,-0.139116,47.666667
1430,0,5,-0.425560,0.099149,-0.158458,47.666667
1430,0,6,-0.380893,0.109773,-0.177399,47.666667
1430,0,7,-0.336176,0.119085,-0.196986,47.666667
1430,0,9,-0.437508,0.148120,-0.159877,47.666667
1430,0,10,-0.392724,0.157845,-0.180231,47.666667
1430,0,11,-0.347492,0.168297,-0.198877,47.666667
1430,0,13,-0.449221,0.196718,-0.162951,47.666667
1430,0,14,-0.404009,0.206780,-0.180738,47.666667
1430,0,15,-0.359699,0.216813,-0.200969,47.666667
1430,0,17,-0.459910,0.246285,-0.163233,47.666667
1430,0,18,-0.415220,0.254968,-0.183966,47.666667
1430,0,19,-0.370277,0.265989,-0.202453,47.666667
1430,0,21,-0.472623,0.294282,-0.166554,47.666667
1435,0,0,-0.455821,0.043920,-0.121431,47.833333
1435,0,1,-0.412698,0.052374,-0.144447,47.833333
1435,0,2,-0.368426,0.059552,-0.166416,47.833333
1435,0,4,-0.466194,0.093226,-0.122896,47.833333
1435,0,5,-0.422645,0.100934,-0.146267,47.833333
1435,0,6,-0.379360,0.108561,-0.169776,47.833333
1435,0,9,-0.432722,0.149871,-0.148905,47.833333
1435,0,10,-0.388908,0.157216,-0.174181,47.833333
1435,0,11,-0.345463,0.166530,-0.197107,47.833333
1435,0,13,-0.443424,0.198776,-0.153541,47.833333
1435,0,14,-0.399267,0.206432,-0.174489,47.833333
1435,0,15,-0.355819,0.214360,-0.198244,47.833333
1435,0,17,-0.452498,0.247805,-0.152912,47.833333
1435,0,18,-0.408815,0.255233,-0.176595,47.833333
1435,0,22,-0.418587,0.305195,-0.179516,47.833333
1440,0,0,-0.457079,0.046422,-0.105354,48.000000
1440,0,1,-0.415633,0.052690,-0.132044,48.000000
1440,0,2,-0.374085,0.057546,-0.159475,48.000000
1440,0,3,-0.332617,0.063081,-0.186781,48.000000
1440,0,4,-0.465582,0.096060,-0.108128,48.000000
1440,0,5,-0.423966,0.101504,-0.135326,48.000000
1440,0,6,-0.381712,0.107409,-0.161052,48.000000
1440,0,7,-0.340504,0.112357,-0.189161,48.000000
1440,0,8,-0.473775,0.145182,-0.111385,48.000000
1440,0,11,-0.348410,0.161494,-0.189531,48.000000
1440,0,12,-0.481545,0.194506,-0.112829,48.000000
1440,0,15,-0.355877,0.210830,-0.194095,48.000000
1440,0,17,-0.447654,0.248946,-0.141759,48.000000
1440,0,18,-0.405536,0.254702,-0.168981,48.000000
1440,0,19,-0.364008,0.260957,-0.196234,48.000000
1440,0,21,-0.455337,0.298156,-0.143386,48.000000
1440,0,22,-0.413698,0.304356,-0.170909,48.000000
1440,0,23,-0.371915,0.309524,-0.198965,48.000000
1445,0,0,-0.454979,0.046283,-0.104080,48.166667
1445,0,1,-0.413812,0.052334,-0.130541,48.166667
1445,0,2,-0.372507,0.057475,-0.159266,48.166667
1445,0,3,-0.331469,0.063499,-0.187267,48.166667
1445,0,6,-0.380109,0.107180,-0.160302,48.166667
1445,0,7,-0.339295,0.112521,-0.188904,48.166667
1445,0,10,-0.387744,0.155877,-0.163030,48.166667
1445,0,11,-0.346866,0.162369,-0.189847,48.166667
1445,0,12,-0.478426,0.194483,-0.108449,48.166667
1445,0,13,-0.437398,0.200075,-0.137894,48.166667
1445,0,14,-0.395620,0.205824,-0.163179,48.166667
1445,0,15,-0.354339,0.210762,-0.191457,48.166667
1445,0,16,-0.486277,0.243491,-0.110146,48.166667
1445,0,17,-0.444548,0.249378,-0.136859,48.166667
1445,0,18,-0.403404,0.254925,-0.165059,48.166667
1445,0,19,-0.363070,0.260100,-0.193052,48.166667
1445,0,20,-0.494321,0.292747,-0.111687,48.166667
1445,0,21,-0.452933,0.298947,-0.139220,48.166667
1445,0,22,-0.411321,0.304967,-0.166618,48.166667
1445,0,23,-0.370257,0.309955,-0.194571,48.166667
1450,0,0,-0.453719,0.045223,-0.101135,48.333333
1450,0,1,-0.412454,0.050839,-0.129158,48.333333
1450,0,2,-0.371296,0.056054,-0.157155,48.333333
1450,0,3,-0.330215,0.061659,-0.185017,48.333333
1450,0,4,-0.461620,0.094398,-0.103534,48.333333
1450,0,5,-0.420188,0.099893,-0.130383,48.333333
1450,0,6,-0.378828,0.105650,-0.158595,48.333333
1450,0,7,-0.337911,0.110718,-0.187294,48.333333
1450,0,8,-0.469041,0.143632,-0.104685,48.333333
1450,0,9,-0.427979,0.149482,-0.132579,48.333333
1450,0,10,-0.386576,0.154415,-0.161530,48.333333
1450,0,11,-0.345255,0.161152,-0.188397,48.333333
1450,0,12,-0.477370,0.193103,-0.106734,48.333333
1450,0,13,-0.435504,0.198447,-0.134155,48.333333
1450,0,14,-0.394716,0.203892,-0.162373,48.333333
1450,0,15,-0.353205,0.209664,-0.191486,48.333333
1450,0,16,-0.485218,0.242338,-0.109653,48.333333
1450,0,17,-0.443795,0.248080,-0.137424,48.333333
1450,0,18,-0.402413,0.253470,-0.164834,48.333333
1450,0,19,-0.361033,0.259943,-0.192243,48.333333
1450,0,22,-0.410418,0.303462,-0.165964,48.333333
1450,0,23,-0.369190,0.308602,-0.192461,48.333333
1455,0,0,-0.452628,0.044387,-0.099929,48.500000
1455,0,1,-0.411760,0.050094,-0.127620,48.500000
1455,0,2,-0.370544,0.055386,-0.156087,48.500000
1455,0,3,-0.329220,0.060365,-0.182945,48.500000
1455,0,4,-0.460671,0.093994,-0.101948,48.500000
1455,0,5,-0.419518,0.099460,-0.129627,48.500000
1455,0,6,-0.377628,0.105238,-0.156136,48.500000
1455,0,7,-0.336678,0.109964,-0.184992,48.500000
1455,0,8,-0.468166,0.142934,-0.104492,48.500000
1455,0,9,-0.426867,0.148787,-0.131054,48.500000
1455,0,10,-0.385549,0.154161,-0.157991,48.500000
1455,0,11,-0.344115,0.159513,-0.185399,48.500000
1455,0,12,-0.476285,0.192421,-0.105872,48.500000
1455,0,13,-0.434559,0.197767,-0.133343,48.500000
1455,0,14,-0.393232,0.203618,-0.160726,48.500000
1455,0,15,-0.352193,0.208918,-0.189282,48.500000
1455,0,16,-0.483968,0.241662,-0.106695,48.500000
1455,0,17,-0.442574,0.247015,-0.135043,48.500000
1455,0,18,-0.400980,0.252798,-0.162730,48.500000
1455,0,19,-0.359587,0.258741,-0.190198,48.500000
1460,0,0,-0.451078,0.045850,-0.098173,48.666667
1460,0,1,-0.409744,0.051374,-0.125388,48.666667
1460,0,2,-0.368245,0.056450,-0.153048,48.666667
1460,0,3,-0.327008,0.062158,-0.181111,48.666667
1460,0,4,-0.458710,0.095003,-0.099886,48.666667
1460,0,5,-0.417843,0.100643,-0.127754,48.666667
1460,0,6,-0.375778,0.106039,-0.154997,48.666667
1460,0,7,-0.334771,0.110880,-0.184231,48.666667
1460,0,8,-0.466828,0.144292,-0.102585,48.666667
1460,0,9,-0.425541,0.149496,-0.130276,48.666667
1460,0,10,-0.383740,0.154867,-0.157864,48.666667
1460,0,11,-0.342535,0.160829,-0.185209,48.666667
1460,0,12,-0.474338,0.193874,-0.103990,48.666667
1460,0,13,-0.432875,0.198760,-0.131304,48.666667
1460,0,16,-0.482206,0.242554,-0.107728,48.666667
1460,0,17,-0.440666,0.248632,-0.133657,48.666667
1460,0,20,-0.490444,0.291990,-0.108500,48.666667
1460,0,21,-0.448766,0.297727,-0.136168,48.666667
1460,0,22,-0.407796,0.302522,-0.163696,48.666667
1460,0,23,-0.365818,0.308516,-0.190759,48.666667
1465,0,0,-0.449721,0.045487,-0.097486,48.833333
1465,0,1,-0.408030,0.050923,-0.123402,48.833333
1465,0,2,-0.365954,0.056073,-0.150333,48.833333
1465,0,3,-0.324160,0.062325,-0.178048,48.833333
1465,0,4,-0.456991,0.095371,-0.097509,48.833333
1465,0,5,-0.415597,0.100405,-0.125014,48.833333
1465,0,6,-0.373660,0.105744,-0.151976,48.833333
1465,0,7,-0.332112,0.111086,-0.179774,48.833333
1465,0,8,-0.464846,0.144347,-0.100151,48.833333
1465,0,9,-0.423049,0.149568,-0.127168,48.833333
1465,0,10,-0.381336,0.155000,-0.154354,48.833333
1465,0,12,-0.472086,0.193974,-0.101611,48.833333
1465,0,13,-0.430739,0.199069,-0.128806,48.833333
1465,0,14,-0.388481,0.204565,-0.155004,48.833333
1465,0,17,-0.437854,0.248444,-0.130259,48.833333
1465,0,18,-0.395962,0.253935,-0.156966,48.833333
1465,0,21,-0.445468,0.297739,-0.132981,48.833333
1465,0,22,-0.403378,0.303874,-0.159929,48.833333
1470,0,0,-0.446452,0.042173,-0.098162,49.000000
1470,0,1,-0.402496,0.047734,-0.121596,49.000000
1470,0,4,-0.452736,0.091968,-0.099909,49.000000
1470,0,5,-0.409583,0.097387,-0.126571,49.000000
1470,0,8,-0.459263,0.141517,-0.100820,49.000000
1470,0,9,-0.415103,0.146632,-0.123651,49.000000
1470,0,12,-0.465561,0.191021,-0.101612,49.000000
1470,0,13,-0.420846,0.195997,-0.122951,49.000000
1475,0,0,-0.441221,0.041299,-0.097043,49.166667
1475,0,1,-0.395457,0.046290,-0.116158,49.166667
1475,0,2,-0.349080,0.052048,-0.132661,49.166667
1475,0,12,-0.457811,0.190161,-0.098852,49.166667
1475,0,16,-0.463385,0.240098,-0.097833,49.166667
1505,0,0,-0.279092,0.041032,-0.066029,50.166667
1505,0,1,-0.230944,0.045812,-0.057011,50.166667
1505,0,2,-0.181455,0.050097,-0.050319,50.166667
1505,0,3,-0.133291,0.054745,-0.037997,50.166667
1505,0,4,-0.282593,0.091620,-0.072154,50.166667
1505,0,5,-0.233696,0.095041,-0.063185,50.166667
1505,0,6,-0.185424,0.100051,-0.052649,50.166667
1505,0,7,-0.136311,0.103979,-0.043707,50.166667
1505,0,8,-0.286173,0.140770,-0.078191,50.166667
1505,0,12,-0.289416,0.190796,-0.083259,50.166667
1505,0,17,-0.243873,0.245192,-0.079002,50.166667
1505,0,18,-0.195250,0.249949,-0.072602,50.166667
1505,0,19,-0.146004,0.254333,-0.060054,50.166667
1505,0,21,-0.247318,0.293890,-0.082665,50.166667
1505,0,22,-0.198622,0.299028,-0.075238,50.166667
1505,0,23,-0.150113,0.303281,-0.065035,50.166667
1510,0,0,-0.274058,0.053095,-0.058387,50.333333
1510,0,1,-0.224972,0.057442,-0.051324,50.333333
1510,0,2,-0.176330,0.059699,-0.043417,50.333333
1510,0,3,-0.127239,0.063070,-0.033436,50.333333
1510,0,4,-0.276485,0.103124,-0.066756,50.333333
1510,0,5,-0.226732,0.106058,-0.060768,50.333333
1510,0,8,-0.277920,0.152266,-0.073489,50.333333
1510,0,9,-0.229171,0.156064,-0.064476,50.333333
1510,0,12,-0.279932,0.201432,-0.083234,50.333333
1510,0,13,-0.230723,0.205280,-0.071281,50.333333
1510,0,14,-0.181279,0.209465,-0.061335,50.333333
1510,0,15,-0.132639,0.211875,-0.053488,50.333333
1510,0,16,-0.281651,0.251422,-0.085300,50.333333
1510,0,17,-0.232329,0.255360,-0.073553,50.333333
1510,0,18,-0.183730,0.257982,-0.066188,50.333333
1510,0,19,-0.134762,0.261866,-0.058837,50.333333
1510,0,22,-0.186365,0.307993,-0.074107,50.333333
1510,0,23,-0.136550,0.311090,-0.065171,50.333333
1515,0,0,-0.266960,0.056925,-0.061550,50.500000
1515,0,1,-0.218194,0.060375,-0.051575,50.500000
1515,0,2,-0.169128,0.062780,-0.042042,50.500000
1515,0,3,-0.120358,0.066517,-0.031471,50.500000
1515,0,4,-0.269080,0.107098,-0.067007,50.500000
1515,0,5,-0.220069,0.109784,-0.058023,50.500000
1515,0,6,-0.171542,0.112975,-0.046348,50.500000
1515,0,7,-0.122651,0.115863,-0.036392,50.500000
1515,0,8,-0.270892,0.156533,-0.073260,50.500000
1515,0,9,-0.222403,0.159710,-0.062058,50.500000
1515,0,10,-0.173400,0.162825,-0.052955,50.500000
1515,0,11,-0.124887,0.165810,-0.041209,50.500000
1515,0,12,-0.272682,0.206683,-0.077767,50.500000
1515,0,13,-0.224122,0.209423,-0.067679,50.500000
1515,0,16,-0.274496,0.256092,-0.085039,50.500000
1515,0,17,-0.225986,0.259610,-0.072506,50.500000
1515,0,20,-0.276986,0.306035,-0.088107,50.500000
1515,0,21,-0.228113,0.309278,-0.078910,50.500000
1515,0,22,-0.179527,0.312614,-0.067103,50.500000
1515,0,23,-0.131062,0.315593,-0.057437,50.500000
1520,0,0,-0.257601,0.050007,-0.055314,50.666667
1520,0,1,-0.209245,0.054049,-0.042396,50.666667
1520,0,2,-0.161815,0.057090,-0.028563,50.666667
1520,0,3,-0.113727,0.060667,-0.014470,50.666667
1520,0,4,-0.259221,0.100194,-0.062081,50.666667
1520,0,5,-0.211722,0.103312,-0.048990,50.666667
1520,0,6,-0.163219,0.107347,-0.034297,50.666667
1520,0,7,-0.115799,0.110128,-0.020197,50.666667
1520,0,8,-0.262010,0.149704,-0.067749,50.666667
1520,0,9,-0.213445,0.153132,-0.053791,50.666667
1520,0,10,-0.166170,0.156575,-0.039092,50.666667
1520,0,11,-0.117611,0.159964,-0.025805,50.666667
1520,0,12,-0.263065,0.199688,-0.073734,50.666667
1520,0,13,-0.215241,0.202296,-0.059547,50.666667
1520,0,14,-0.167398,0.206568,-0.045115,50.666667
1520,0,15,-0.119243,0.209343,-0.032219,50.666667
1520,0,16,-0.265485,0.248803,-0.079361,50.666667
1520,0,17,-0.217727,0.252487,-0.064037,50.666667
1520,0,18,-0.170102,0.255934,-0.049963,50.666667
1520,0,19,-0.121746,0.259471,-0.036965,50.666667
1520,0,20,-0.267431,0.298593,-0.084689,50.666667
1520,0,21,-0.219308,0.301717,-0.070668,50.666667
1520,0,22,-0.171833,0.305965,-0.055859,50.666667
1520,0,23,-0.123506,0.308868,-0.042481,50.666667
1525,0,0,-0.255998,0.043458,-0.054440,50.833333
1525,0,1,-0.208522,0.048400,-0.039642,50.833333
1525,0,2,-0.160679,0.052688,-0.026364,50.833333
1525,0,3,-0.112878,0.057170,-0.012774,50.833333
1525,0,4,-0.259072,0.093100,-0.060900,50.833333
1525,0,5,-0.211436,0.097713,-0.046920,50.833333
1525,0,6,-0.163145,0.102469,-0.032786,50.833333
1525,0,7,-0.115189,0.106507,-0.020558,50.833333
1525,0,8,-0.261939,0.142568,-0.067608,50.833333
1525,0,9,-0.214447,0.146875,-0.053580,50.833333
1525,0,10,-0.166319,0.151603,-0.039975,50.833333
1525,0,11,-0.118482,0.156057,-0.026385,50.833333
1525,0,12,-0.264656,0.192299,-0.073939,50.833333
1525,0,13,-0.217595,0.196968,-0.059404,50.833333
1525,0,14,-0.169482,0.200897,-0.046925,50.833333
1525,0,15,-0.120834,0.205669,-0.034232,50.833333
1525,0,16,-0.267612,0.241549,-0.080660,50.833333
1525,0,17,-0.220023,0.246451,-0.066549,50.833333
1525,0,18,-0.172422,0.250873,-0.053032,50.833333
1525,0,19,-0.124281,0.255645,-0.039206,50.833333
1525,0,20,-0.270511,0.291492,-0.087161,50.833333
1525,0,21,-0.222809,0.295419,-0.072565,50.833333
1525,0,22,-0.175112,0.300348,-0.059780,50.833333
1525,0,23,-0.126620,0.304757,-0.047632,50.833333
1530,0,0,-0.253417,0.046041,-0.068427,51.000000
1530,0,1,-0.206488,0.051338,-0.053292,51.000000
1530,0,2,-0.158178,0.056885,-0.042664,51.000000
1530,0,3,-0.109731,0.062384,-0.030484,51.000000
1530,0,4,-0.259095,0.096164,-0.068919,51.000000
1530,0,5,-0.211168,0.101319,-0.055903,51.000000
1530,0,6,-0.163034,0.106600,-0.044595,51.000000
1530,0,7,-0.114951,0.111684,-0.031674,51.000000
1530,0,8,-0.263932,0.146059,-0.072137,51.000000
1530,0,9,-0.216448,0.151105,-0.057180,51.000000
1530,0,10,-0.168075,0.156516,-0.046481,51.000000
1530,0,12,-0.269606,0.195521,-0.071964,51.000000
1530,0,13,-0.221780,0.201436,-0.059865,51.000000
1535,0,0,-0.242806,0.070131,-0.113023,51.166667
1535,0,12,-0.273074,0.218286,-0.084139,51.166667
1540,0,0,-0.249812,0.084550,-0.108249,51.333333
1540,0,1,-0.201459,0.090974,-0.095689,51.333333
1540,0,2,-0.153000,0.097965,-0.086090,51.333333
1540,0,3,-0.104900,0.104823,-0.073474,51.333333
1540,0,4,-0.259350,0.131481,-0.094245,51.333333
1540,0,5,-0.211415,0.138397,-0.082624,51.333333
1540,0,6,-0.162727,0.145375,-0.071757,51.333333
1540,0,7,-0.114658,0.152222,-0.061245,51.333333
1540,0,8,-0.269168,0.178774,-0.081418,51.333333
1540,0,9,-0.220839,0.185743,-0.069787,51.333333
1540,0,10,-0.172778,0.192443,-0.058685,51.333333
1540,0,11,-0.124426,0.199663,-0.047726,51.333333
1540,0,12,-0.278934,0.226253,-0.068559,51.333333
1540,0,13,-0.230857,0.233140,-0.057784,51.333333
1540,0,14,-0.182514,0.239955,-0.045825,51.333333
1540,0,15,-0.134016,0.246965,-0.035590,51.333333
1540,0,16,-0.289049,0.273612,-0.055312,51.333333
1540,0,17,-0.240634,0.280331,-0.044260,51.333333
1540,0,18,-0.192236,0.287146,-0.033251,51.333333
1540,0,19,-0.143901,0.294347,-0.022549,51.333333
1540,0,20,-0.298514,0.320802,-0.043659,51.333333
1540,0,21,-0.250175,0.327554,-0.031862,51.333333
1540,0,22,-0.201740,0.334845,-0.021126,51.333333
1540,0,23,-0.153760,0.341618,-0.009917,51.333333
1545,0,0,-0.248369,0.097101,-0.121664,51.500000
1545,0,1,-0.200290,0.105313,-0.109935,51.500000
1545,0,4,-0.259643,0.142902,-0.103271,51.500000
1545,0,5,-0.212063,0.150206,-0.093944,51.500000
1545,0,6,-0.164267,0.157913,-0.080250,51.500000
1545,0,8,-0.271656,0.187656,-0.085723,51.500000
1545,0,11,-0.127665,0.210442,-0.051023,51.500000
1545,0,12,-0.282593,0.233229,-0.067607,51.500000
1545,0,15,-0.140127,0.255330,-0.032303,51.500000
1545,0,16,-0.294953,0.277305,-0.046998,51.500000
1545,0,17,-0.246342,0.285540,-0.037289,51.500000
1545,0,18,-0.199240,0.292475,-0.024891,51.500000
1545,0,19,-0.150366,0.300969,-0.014808,51.500000
1545,0,20,-0.306124,0.322744,-0.029911,51.500000
1545,0,21,-0.257852,0.329600,-0.018943,51.500000
1545,0,22,-0.210321,0.337905,-0.007125,51.500000
1545,0,23,-0.162782,0.345060,0.004533,51.500000
1550,0,2,-0.156529,0.121485,-0.108298,51.666667
1550,0,3,-0.108105,0.129464,-0.097629,51.666667
1550,0,4,-0.263619,0.152052,-0.112167,51.666667
1550,0,5,-0.216084,0.159191,-0.101484,51.666667
1550,0,6,-0.167570,0.166574,-0.089437,51.666667
1550,0,7,-0.120182,0.173433,-0.077383,51.666667
1550,0,8,-0.275123,0.195986,-0.092210,51.666667
1550,0,9,-0.227067,0.203690,-0.080994,51.666667
1550,0,10,-0.179095,0.210271,-0.069465,51.666667
1550,0,11,-0.131088,0.217939,-0.058095,51.666667
1550,0,12,-0.286702,0.240875,-0.072542,51.666667
1550,0,13,-0.238677,0.247721,-0.061795,51.666667
1550,0,14,-0.190586,0.255140,-0.049682,51.666667
1550,0,15,-0.142275,0.262377,-0.039824,51.666667
1550,0,16,-0.298668,0.285557,-0.053673,51.666667
1550,0,17,-0.250226,0.292232,-0.041080,51.666667
1550,0,18,-0.202309,0.299242,-0.029730,51.666667
1550,0,19,-0.153952,0.306988,-0.018250,51.666667
1550,0,20,-0.309630,0.329793,-0.032970,51.666667
1550,0,21,-0.261836,0.336476,-0.021439,51.666667
1550,0,22,-0.213749,0.343818,-0.009752,51.666667
1550,0,23,-0.165689,0.351002,0.001316,51.666667
1555,0,0,-0.253357,0.108529,-0.138075,51.833333
1555,0,1,-0.205266,0.115810,-0.125731,51.833333
1555,0,2,-0.157893,0.122795,-0.112964,51.833333
1555,0,3,-0.109571,0.130042,-0.101392,51.833333
1555,0,4,-0.264560,0.153029,-0.117632,51.833333
1555,0,5,-0.216969,0.159973,-0.106638,51.833333
1555,0,6,-0.168954,0.167095,-0.093504,51.833333
1555,0,7,-0.121016,0.174153,-0.081930,51.833333
1555,0,8,-0.276344,0.196661,-0.097899,51.833333
1555,0,9,-0.228460,0.204076,-0.085367,51.833333
1555,0,10,-0.180471,0.210932,-0.073798,51.833333
1555,0,11,-0.132679,0.218459,-0.061185,51.833333
1555,0,12,-0.288210,0.241069,-0.077538,51.833333
1555,0,13,-0.240325,0.247732,-0.064495,51.833333
1555,0,14,-0.192172,0.255392,-0.052997,51.833333
1555,0,15,-0.144261,0.262674,-0.041802,51.833333
1555,0,16,-0.300168,0.285530,-0.058248,51.833333
1555,0,17,-0.252059,0.292226,-0.044559,51.833333
1555,0,18,-0.203900,0.299158,-0.032767,51.833333
1555,0,19,-0.156084,0.306773,-0.020608,51.833333
1555,0,20,-0.311603,0.329508,-0.036197,51.833333
1555,0,21,-0.263601,0.335837,-0.023815,51.833333
1555,0,22,-0.216067,0.343246,-0.011759,51.833333
1555,0,23,-0.167667,0.350663,-0.000447,51.833333
1560,0,0,-0.252064,0.108933,-0.143628,52.000000
1560,0,1,-0.204285,0.116829,-0.131215,52.000000
1560,0,2,-0.156570,0.124190,-0.119833,52.000000
1560,0,3,-0.108217,0.132185,-0.107849,52.000000
1560,0,4,-0.264396,0.152602,-0.121934,52.000000
1560,0,5,-0.216966,0.160208,-0.109775,52.000000
1560,0,6,-0.168493,0.167828,-0.098180,52.000000
1560,0,7,-0.120582,0.175420,-0.086957,52.000000
1560,0,8,-0.276747,0.196121,-0.100857,52.000000
1560,0,9,-0.228698,0.203737,-0.088642,52.000000
1560,0,10,-0.180746,0.211131,-0.077335,52.000000
1560,0,11,-0.132744,0.219164,-0.065289,52.000000
1560,0,12,-0.288765,0.239836,-0.079109,52.000000
1560,0,13,-0.241019,0.247153,-0.068115,52.000000
1560,0,14,-0.193004,0.254761,-0.055490,52.000000
1560,0,15,-0.145190,0.262523,-0.044321,52.000000
1560,0,16,-0.301300,0.283129,-0.057316,52.000000
1560,0,17,-0.253168,0.290705,-0.045898,52.000000
1560,0,18,-0.205419,0.298462,-0.035108,52.000000
1560,0,19,-0.157299,0.306235,-0.022571,52.000000
1560,0,20,-0.313253,0.326697,-0.036564,52.000000
1560,0,21,-0.265590,0.333923,-0.024357,52.000000
1560,0,22,-0.217497,0.341974,-0.012376,52.000000
1560,0,23,-0.169665,0.349439,-0.001353,52.000000
1565,0,0,-0.253288,0.107891,-0.144179,52.166667
1565,0,1,-0.205290,0.116014,-0.131792,52.166667
1565,0,2,-0.157871,0.122980,-0.119389,52.166667
1565,0,3,-0.109401,0.130870,-0.108403,52.166667
1565,0,4,-0.265619,0.151922,-0.122738,52.166667
1565,0,5,-0.217747,0.159415,-0.111427,52.166667
1565,0,6,-0.169641,0.166923,-0.099039,52.166667
1565,0,7,-0.121755,0.174453,-0.087279,52.166667
1565,0,8,-0.277699,0.195667,-0.102173,52.166667
1565,0,9,-0.229722,0.203060,-0.090105,52.166667
1565,0,10,-0.181743,0.210554,-0.078567,52.166667
1565,0,11,-0.133634,0.218299,-0.066618,52.166667
1565,0,12,-0.289627,0.239652,-0.081149,52.166667
1565,0,13,-0.241594,0.246657,-0.069405,52.166667
1565,0,14,-0.193750,0.254473,-0.057055,52.166667
1565,0,15,-0.145691,0.261938,-0.046388,52.166667
1565,0,16,-0.301905,0.283537,-0.061457,52.166667
1565,0,17,-0.253944,0.290595,-0.048213,52.166667
1565,0,18,-0.206339,0.298125,-0.035904,52.166667
1565,0,19,-0.157666,0.306082,-0.024663,52.166667
1565,0,20,-0.313814,0.326943,-0.039249,52.166667
1565,0,21,-0.266066,0.334265,-0.027397,52.166667
1565,0,22,-0.218045,0.342039,-0.014870,52.166667
1565,0,23,-0.169549,0.349451,-0.004455,52.166667
1570,0,12,-0.288700,0.235211,-0.087304,52.333333
1570,0,16,-0.301058,0.278976,-0.065553,52.333333
1590,0,0,-0.273903,-0.015195,-0.124296,53.000000
1590,0,1,-0.225207,-0.002905,-0.123435,53.000000
1590,0,2,-0.176660,0.010298,-0.123599,53.000000
1590,0,3,-0.128678,0.024210,-0.120465,53.000000
1595,0,0,-0.275469,-0.026064,-0.125889,53.166667
1595,0,1,-0.227373,-0.013032,-0.125629,53.166667
1595,0,2,-0.179291,0.001334,-0.122905,53.166667
1595,0,3,-0.130822,0.015315,-0.127490,53.166667
1600,0,0,-0.276221,-0.037601,-0.116195,53.333333
1600,0,1,-0.228980,-0.022872,-0.120550,53.333333
1600,0,2,-0.181111,-0.008731,-0.123977,53.333333
1600,0,3,-0.133657,0.005516,-0.129244,53.333333
1600,0,6,-0.196272,0.034656,-0.144299,53.333333
1600,0,7,-0.148239,0.049048,-0.150859,53.333333
1605,0,0,-0.272472,-0.046534,-0.117945,53.500000
1605,0,1,-0.225063,-0.031724,-0.123561,53.500000
1605,0,2,-0.177333,-0.016880,-0.130634,53.500000
1605,0,3,-0.130739,-0.001276,-0.134251,53.500000
1605,0,6,-0.194005,0.025984,-0.148687,53.500000
1605,0,7,-0.146559,0.041365,-0.157215,53.500000
1605,0,10,-0.210775,0.069652,-0.167922,53.500000
1605,0,11,-0.163233,0.084371,-0.172700,53.500000
1605,0,13,-0.273530,0.097177,-0.181239,53.500000
1610,0,0,-0.266764,-0.055835,-0.117399,53.666667
1610,0,1,-0.220170,-0.039694,-0.122824,53.666667
1610,0,2,-0.172658,-0.023815,-0.128400,53.666667
1610,0,3,-0.126259,-0.007818,-0.134395,53.666667
1610,0,4,-0.284005,-0.012526,-0.135332,53.666667
1610,0,5,-0.236728,0.002825,-0.142653,53.666667
1610,0,6,-0.190154,0.019418,-0.147819,53.666667
1610,0,7,-0.142555,0.034799,-0.153405,53.666667
1610,0,8,-0.301029,0.029690,-0.156017,53.666667
1610,0,9,-0.254016,0.045935,-0.161589,53.666667
1610,0,10,-0.206895,0.061430,-0.169514,53.666667
1610,0,11,-0.160221,0.077876,-0.173589,53.666667
1610,0,12,-0.317943,0.072431,-0.175821,53.666667
1610,0,13,-0.271276,0.088441,-0.181991,53.666667
1610,0,14,-0.223997,0.104475,-0.188584,53.666667
1610,0,15,-0.176696,0.120193,-0.195861,53.666667
1610,0,16,-0.334737,0.114529,-0.197377,53.666667
1610,0,17,-0.288053,0.131138,-0.201411,53.666667
1610,0,18,-0.241026,0.146990,-0.208645,53.666667
1610,0,19,-0.193962,0.163335,-0.214802,53.666667
1610,0,20,-0.351684,0.158135,-0.216495,53.666667
1610,0,21,-0.304679,0.173564,-0.222311,53.666667
1610,0,22,-0.258104,0.190170,-0.228569,53.666667
1610,0,23,-0.210376,0.205553,-0.233860,53.666667
1615,0,0,-0.261966,-0.062719,-0.119341,53.833333
1615,0,1,-0.216502,-0.045334,-0.122360,53.833333
1615,0,2,-0.169594,-0.028716,-0.127419,53.833333
1615,0,3,-0.122358,-0.011675,-0.135359,53.833333
1615,0,4,-0.280815,-0.018564,-0.135875,53.833333
1615,0,5,-0.233225,-0.003082,-0.143240,53.833333
1615,0,6,-0.186856,0.014074,-0.148127,53.833333
1615,0,7,-0.139937,0.029952,-0.155844,53.833333
1615,0,8,-0.297974,0.023150,-0.157262,53.833333
1615,0,9,-0.251344,0.040031,-0.162260,53.833333
1615,0,10,-0.204034,0.056173,-0.168331,53.833333
1615,0,11,-0.157466,0.073162,-0.174089,53.833333
1615,0,12,-0.315621,0.065952,-0.176462,53.833333
1615,0,13,-0.268439,0.082478,-0.182598,53.833333
1615,0,14,-0.221925,0.099133,-0.187558,53.833333
1615,0,15,-0.174408,0.115429,-0.193598,53.833333
1615,0,16,-0.332208,0.107826,-0.198977,53.833333
1615,0,17,-0.286258,0.125512,-0.201315,53.833333
1615,0,18,-0.238557,0.141428,-0.208904,53.833333
1615,0,19,-0.192535,0.158878,-0.213513,53.833333
1615,0,20,-0.350553,0.151417,-0.215762,53.833333
1615,0,21,-0.303738,0.167929,-0.221444,53.833333
1620,0,0,-0.259226,-0.067218,-0.109906,54.000000
1620,0,1,-0.212740,-0.050141,-0.116195,54.000000
1620,0,2,-0.165870,-0.033513,-0.122065,54.000000
1620,0,3,-0.119458,-0.016134,-0.128013,54.000000
1620,0,4,-0.277338,-0.024950,-0.129931,54.000000
1620,0,5,-0.230241,-0.008117,-0.135482,54.000000
1620,0,6,-0.184134,0.009436,-0.141434,54.000000
1620,0,7,-0.137788,0.026167,-0.146090,54.000000
1620,0,8,-0.295442,0.017383,-0.149723,54.000000
1620,0,9,-0.248863,0.033951,-0.156196,54.000000
1620,0,10,-0.201570,0.050830,-0.163385,54.000000
1620,0,11,-0.155389,0.067955,-0.168266,54.000000
1620,0,12,-0.313331,0.059594,-0.169769,54.000000
1620,0,13,-0.266850,0.076492,-0.176503,54.000000
1620,0,14,-0.220187,0.093352,-0.181888,54.000000
1620,0,15,-0.172956,0.110368,-0.186819,54.000000
1620,0,16,-0.330787,0.101234,-0.191263,54.000000
1620,0,17,-0.284760,0.118855,-0.195722,54.000000
1620,0,18,-0.237849,0.135875,-0.202152,54.000000
1620,0,19,-0.191222,0.152925,-0.207024,54.000000
1620,0,20,-0.349298,0.143668,-0.209169,54.000000
1620,0,21,-0.302702,0.161324,-0.215323,54.000000
1620,0,22,-0.255871,0.178163,-0.221538,54.000000
1620,0,23,-0.208541,0.194845,-0.227622,54.000000
1625,0,0,-0.254074,-0.071230,-0.099440,54.166667
1625,0,1,-0.208467,-0.054429,-0.108622,54.166667
1625,0,2,-0.161169,-0.037803,-0.115368,54.166667
1625,0,3,-0.115442,-0.020344,-0.121014,54.166667
1625,0,4,-0.273245,-0.029309,-0.121435,54.166667
1625,0,5,-0.226685,-0.012522,-0.129213,54.166667
1625,0,6,-0.180111,0.004754,-0.134716,54.166667
1625,0,7,-0.132898,0.021498,-0.140837,54.166667
1625,0,8,-0.290966,0.012610,-0.142260,54.166667
1625,0,11,-0.151755,0.064078,-0.161322,54.166667
1625,0,12,-0.309312,0.054984,-0.161467,54.166667
1625,0,15,-0.169728,0.105983,-0.182605,54.166667
1625,0,16,-0.326805,0.096364,-0.183500,54.166667
1625,0,17,-0.280901,0.114075,-0.187797,54.166667
1625,0,18,-0.234523,0.131105,-0.195341,54.166667
1625,0,19,-0.187603,0.148946,-0.201804,54.166667
1625,0,20,-0.345520,0.139009,-0.201643,54.166667
1625,0,21,-0.298894,0.156073,-0.208508,54.166667
1625,0,22,-0.252273,0.173868,-0.215170,54.166667
1625,0,23,-0.205499,0.190191,-0.220754,54.166667
1630,0,0,-0.253697,-0.068021,-0.097539,54.333333
1630,0,1,-0.207009,-0.051527,-0.104978,54.333333
1630,0,2,-0.159992,-0.035086,-0.113052,54.333333
1630,0,3,-0.113854,-0.017978,-0.119281,54.333333
1630,0,4,-0.271520,-0.025907,-0.117688,54.333333
1630,0,5,-0.224769,-0.009871,-0.125967,54.333333
1630,0,6,-0.178373,0.007441,-0.132258,54.333333
1630,0,7,-0.132131,0.024291,-0.138135,54.333333
1630,0,8,-0.289787,0.015511,-0.139354,54.333333
1630,0,9,-0.243107,0.032276,-0.146436,54.333333
1630,0,10,-0.196303,0.048984,-0.153061,54.333333
1630,0,11,-0.149721,0.066304,-0.159465,54.333333
1630,0,12,-0.307512,0.057337,-0.159939,54.333333
1630,0,13,-0.261078,0.074050,-0.167768,54.333333
1630,0,14,-0.214238,0.091833,-0.172734,54.333333
1630,0,15,-0.167576,0.107880,-0.179893,54.333333
1630,0,16,-0.325136,0.098878,-0.181923,54.333333
1630,0,17,-0.278913,0.116880,-0.186863,54.333333
1630,0,18,-0.232169,0.133383,-0.193331,54.333333
1630,0,19,-0.185730,0.150463,-0.201100,54.333333
1630,0,20,-0.343400,0.141482,-0.200596,54.333333
1630,0,21,-0.297561,0.158549,-0.207173,54.333333
1630,0,22,-0.250746,0.175040,-0.213645,54.333333
1630,0,23,-0.203990,0.192071,-0.221698,54.333333
1635,0,0,-0.255443,-0.065163,-0.092765,54.500000
1635,0,1,-0.209512,-0.047900,-0.097866,54.500000
1635,0,2,-0.163291,-0.031829,-0.104438,54.500000
1635,0,3,-0.115913,-0.015788,-0.113316,54.500000
1635,0,4,-0.273673,-0.022894,-0.112459,54.500000
1635,0,5,-0.227203,-0.006636,-0.119726,54.500000
1635,0,6,-0.180249,0.009501,-0.126977,54.500000
1635,0,7,-0.133350,0.025453,-0.135528,54.500000
1635,0,8,-0.290529,0.018432,-0.135322,54.500000
1635,0,9,-0.244508,0.035052,-0.140786,54.500000
1635,0,10,-0.197324,0.050869,-0.149532,54.500000
1635,0,11,-0.151102,0.067785,-0.154704,54.500000
1635,0,12,-0.308643,0.060759,-0.154952,54.500000
1635,0,13,-0.262181,0.076795,-0.162181,54.500000
1635,0,14,-0.215512,0.092670,-0.168533,54.500000
1635,0,15,-0.168797,0.109578,-0.176651,54.500000
1635,0,16,-0.326263,0.102029,-0.176854,54.500000
1635,0,17,-0.279580,0.118940,-0.182417,54.500000
1635,0,18,-0.232788,0.135076,-0.188859,54.500000
1635,0,20,-0.344110,0.144089,-0.197114,54.500000
1635,0,21,-0.297530,0.160774,-0.202701,54.500000
1640,0,0,-0.256044,-0.063156,-0.090501,54.666667
1640,0,1,-0.210009,-0.046444,-0.095889,54.666667
1640,0,2,-0.162941,-0.030971,-0.103182,54.666667
1640,0,3,-0.116242,-0.015063,-0.110714,54.666667
1640,0,4,-0.273926,-0.020586,-0.110116,54.666667
1640,0,5,-0.226776,-0.005131,-0.117503,54.666667
1640,0,6,-0.180376,0.011329,-0.123788,54.666667
1640,0,7,-0.133590,0.026772,-0.132113,54.666667
1640,0,8,-0.291180,0.021047,-0.131898,54.666667
1640,0,9,-0.244464,0.037021,-0.138804,54.666667
1640,0,10,-0.197777,0.053026,-0.145396,54.666667
1640,0,11,-0.150845,0.069138,-0.152912,54.666667
1640,0,12,-0.308442,0.062828,-0.152987,54.666667
1640,0,13,-0.261153,0.078494,-0.161140,54.666667
1640,0,14,-0.214846,0.095367,-0.167008,54.666667
1640,0,15,-0.168320,0.110939,-0.174819,54.666667
1640,0,16,-0.325826,0.104405,-0.174253,54.666667
1640,0,17,-0.279056,0.121467,-0.180338,54.666667
1640,0,18,-0.232831,0.137271,-0.187242,54.666667
1640,0,19,-0.185095,0.153669,-0.194930,54.666667
1640,0,20,-0.343418,0.146227,-0.194488,54.666667
1640,0,21,-0.296349,0.162702,-0.202401,54.666667
1640,0,22,-0.249247,0.179715,-0.209202,54.666667
1640,0,23,-0.202029,0.194617,-0.216388,54.666667
1645,0,0,-0.253332,-0.059254,-0.096964,54.833333
1645,0,1,-0.207183,-0.040446,-0.098318,54.833333
1645,0,2,-0.158824,-0.024732,-0.103600,54.833333
1645,0,3,-0.112641,-0.010175,-0.112592,54.833333
1645,0,4,-0.270418,-0.016085,-0.116893,54.833333
1645,0,5,-0.223833,0.001662,-0.120075,54.833333
1645,0,6,-0.176358,0.016956,-0.126384,54.833333
1645,0,7,-0.129198,0.032007,-0.133018,54.833333
1645,0,8,-0.287365,0.025991,-0.138251,54.833333
1645,0,9,-0.240232,0.043834,-0.140643,54.833333
1645,0,10,-0.191807,0.058740,-0.148188,54.833333
1645,0,11,-0.145610,0.074654,-0.156153,54.833333
1645,0,12,-0.303585,0.070986,-0.154837,54.833333
1645,0,14,-0.209562,0.101298,-0.169747,54.833333
1645,0,15,-0.162911,0.114707,-0.181369,54.833333
1645,0,17,-0.273364,0.128632,-0.182872,54.833333
1645,0,18,-0.226245,0.143669,-0.189505,54.833333
1645,0,19,-0.178585,0.159463,-0.198387,54.833333
1645,0,22,-0.242763,0.182431,-0.216726,54.833333
1645,0,23,-0.196207,0.200401,-0.218506,54.833333
1650,0,0,-0.250848,-0.051577,-0.102017,55.000000
1650,0,1,-0.204345,-0.036340,-0.108576,55.000000
1650,0,2,-0.157031,-0.022012,-0.116444,55.000000
1650,0,3,-0.110239,-0.007267,-0.122578,55.000000
1650,0,4,-0.268069,-0.008274,-0.121442,55.000000
1650,0,5,-0.221184,0.006118,-0.129913,55.000000
1650,0,6,-0.173612,0.021026,-0.135829,55.000000
1650,0,7,-0.126123,0.035422,-0.141794,55.000000
1650,0,8,-0.283946,0.033740,-0.143982,55.000000
1650,0,9,-0.237139,0.048971,-0.149229,55.000000
1650,0,10,-0.189495,0.063063,-0.157652,55.000000
1650,0,11,-0.142864,0.078052,-0.163269,55.000000
1650,0,12,-0.300499,0.076605,-0.162985,55.000000
1650,0,13,-0.252903,0.090929,-0.171156,55.000000
1650,0,14,-0.206160,0.106464,-0.176277,55.000000
1650,0,15,-0.159408,0.121041,-0.183550,55.000000
1650,0,16,-0.316313,0.118622,-0.185491,55.000000
1650,0,17,-0.269738,0.134520,-0.190080,55.000000
1650,0,18,-0.223013,0.149118,-0.197327,55.000000
1650,0,19,-0.175579,0.163167,-0.204250,55.000000
1650,0,20,-0.333089,0.162086,-0.204713,55.000000
1650,0,21,-0.285878,0.176703,-0.211346,55.000000
1650,0,22,-0.239013,0.191425,-0.217871,55.000000
1650,0,23,-0.191355,0.206021,-0.226523,55.000000
1655,0,12,-0.304351,0.073027,-0.164463,55.166667
1655,0,16,-0.320134,0.116769,-0.186338,55.166667
1660,0,0,-0.262791,-0.062116,-0.100134,55.333333
1660,0,1,-0.214961,-0.048697,-0.103924,55.333333
1660,0,2,-0.167632,-0.035313,-0.106788,55.333333
1660,0,3,-0.118732,-0.022604,-0.112567,55.333333
1660,0,4,-0.276841,-0.018218,-0.119342,55.333333
1660,0,5,-0.228499,-0.005083,-0.122920,55.333333
1660,0,6,-0.180389,0.007933,-0.128688,55.333333
1660,0,7,-0.132215,0.020654,-0.132337,55.333333
1660,0,8,-0.290142,0.025364,-0.140139,55.333333
1660,0,9,-0.242126,0.038834,-0.143709,55.333333
1660,0,10,-0.194222,0.051626,-0.148340,55.333333
1660,0,12,-0.303536,0.069331,-0.160915,55.333333
1660,0,13,-0.256000,0.082391,-0.164412,55.333333
1660,0,14,-0.208071,0.094940,-0.167682,55.333333
1660,0,16,-0.317138,0.112554,-0.182447,55.333333
1660,0,17,-0.268608,0.127631,-0.185002,55.333333
1660,0,18,-0.220784,0.139123,-0.188301,55.333333
1660,0,19,-0.173781,0.151821,-0.191943,55.333333
1660,0,20,-0.330894,0.156887,-0.201355,55.333333
1660,0,21,-0.282901,0.169976,-0.206619,55.333333
1660,0,22,-0.234735,0.183325,-0.210051,55.333333
1660,0,23,-0.187752,0.196274,-0.212297,55.333333
1665,0,0,-0.254312,-0.058530,-0.108487,55.500000
1665,0,1,-0.206782,-0.044249,-0.112403,55.500000
1665,0,2,-0.159382,-0.030502,-0.118361,55.500000
1665,0,3,-0.111294,-0.016544,-0.122663,55.500000
1665,0,4,-0.269242,-0.014182,-0.125711,55.500000
1665,0,5,-0.221298,-0.000704,-0.131933,55.500000
1665,0,6,-0.173731,0.013609,-0.136713,55.500000
1665,0,7,-0.125791,0.026904,-0.141204,55.500000
1665,0,8,-0.283653,0.028815,-0.146795,55.500000
1665,0,9,-0.236117,0.043110,-0.150671,55.500000
1665,0,10,-0.188397,0.056778,-0.156660,55.500000
1665,0,11,-0.140805,0.071036,-0.160452,55.500000
1665,0,12,-0.298592,0.072667,-0.165012,55.500000
1665,0,13,-0.250602,0.086416,-0.171630,55.500000
1665,0,14,-0.203402,0.100340,-0.175445,55.500000
1665,0,15,-0.155786,0.114556,-0.181555,55.500000
1665,0,16,-0.312855,0.116215,-0.184868,55.500000
1665,0,17,-0.265354,0.130839,-0.189920,55.500000
1665,0,18,-0.217331,0.143965,-0.197535,55.500000
1665,0,19,-0.170440,0.158014,-0.199155,55.500000
1665,0,20,-0.328134,0.159919,-0.203612,55.500000
1665,0,21,-0.280975,0.174343,-0.209103,55.500000
1665,0,22,-0.232351,0.188861,-0.214240,55.500000
1665,0,23,-0.184789,0.201932,-0.219777,55.500000
1670,0,0,-0.251420,-0.058791,-0.110238,55.666667
1670,0,1,-0.204418,-0.044686,-0.116172,55.666667
1670,0,2,-0.156459,-0.030929,-0.123555,55.666667
1670,0,3,-0.109110,-0.015831,-0.126154,55.666667
1670,0,4,-0.267094,-0.014783,-0.129391,55.666667
1670,0,5,-0.219937,-0.000773,-0.135265,55.666667
1670,0,6,-0.171794,0.013892,-0.138776,55.666667
1670,0,7,-0.125027,0.028059,-0.144514,55.666667
1670,0,8,-0.281607,0.028916,-0.149281,55.666667
1670,0,9,-0.234277,0.043301,-0.153035,55.666667
1670,0,10,-0.186646,0.057763,-0.157522,55.666667
1670,0,11,-0.138752,0.072196,-0.163976,55.666667
1670,0,12,-0.296674,0.072762,-0.167430,55.666667
1670,0,13,-0.249119,0.087174,-0.171816,55.666667
1670,0,14,-0.201703,0.101346,-0.175665,55.666667
1670,0,15,-0.153689,0.115491,-0.183958,55.666667
1670,0,16,-0.311347,0.116610,-0.187719,55.666667
1670,0,17,-0.264022,0.131761,-0.189965,55.666667
1670,0,18,-0.216603,0.145638,-0.192628,55.666667
1670,0,19,-0.168429,0.160464,-0.200368,55.666667
1670,0,20,-0.326473,0.161201,-0.204770,55.666667
1670,0,21,-0.278831,0.174978,-0.210068,55.666667
1670,0,22,-0.231650,0.189034,-0.213147,55.666667
1670,0,23,-0.183851,0.203755,-0.218140,55.666667
1675,0,0,-0.254169,-0.056480,-0.117860,55.833333
1675,0,1,-0.207023,-0.042027,-0.122204,55.833333
1675,0,2,-0.159298,-0.028256,-0.124437,55.833333
1675,0,3,-0.111524,-0.013876,-0.130934,55.833333
1675,0,4,-0.269155,-0.011423,-0.134652,55.833333
1675,0,5,-0.221366,0.002234,-0.139590,55.833333
1675,0,6,-0.173914,0.016418,-0.144572,55.833333
1675,0,7,-0.126327,0.030302,-0.147708,55.833333
1675,0,8,-0.283586,0.031841,-0.155678,55.833333
1675,0,9,-0.236100,0.046667,-0.158927,55.833333
1675,0,10,-0.188339,0.060371,-0.163971,55.833333
1675,0,11,-0.140243,0.075456,-0.167423,55.833333
1675,0,12,-0.298680,0.076695,-0.172246,55.833333
1675,0,13,-0.250913,0.090778,-0.177225,55.833333
1675,0,14,-0.203026,0.105308,-0.179973,55.833333
1675,0,15,-0.155446,0.119025,-0.186668,55.833333
1675,0,16,-0.312765,0.120448,-0.192435,55.833333
1675,0,17,-0.265503,0.135200,-0.194007,55.833333
1675,0,18,-0.218043,0.149514,-0.198440,55.833333
1675,0,19,-0.169942,0.163801,-0.203292,55.833333
1675,0,20,-0.327754,0.165350,-0.207612,55.833333
1675,0,21,-0.279659,0.179511,-0.212259,55.833333
1675,0,22,-0.232151,0.194103,-0.217653,55.833333
1675,0,23,-0.183852,0.207508,-0.220789,55.833333
1680,0,0,-0.258543,-0.055973,-0.122247,56.000000
1680,0,1,-0.210603,-0.042754,-0.126534,56.000000
1680,0,2,-0.161307,-0.030209,-0.131801,56.000000
1680,0,3,-0.114424,-0.015600,-0.135928,56.000000
1680,0,4,-0.272523,-0.011541,-0.139582,56.000000
1680,0,5,-0.224499,0.001220,-0.147300,56.000000
1680,0,6,-0.176727,0.015108,-0.148988,56.000000
1680,0,7,-0.128176,0.028127,-0.153823,56.000000
1680,0,8,-0.286420,0.032305,-0.158703,56.000000
1680,0,9,-0.238803,0.046159,-0.163393,56.000000
1680,0,10,-0.190651,0.059442,-0.168291,56.000000
1680,0,11,-0.143015,0.072826,-0.171580,56.000000
1680,0,12,-0.300924,0.076712,-0.177071,56.000000
1680,0,13,-0.252666,0.090240,-0.181088,56.000000
1680,0,14,-0.204891,0.103943,-0.186887,56.000000
1680,0,15,-0.156620,0.117191,-0.190368,56.000000
1680,0,16,-0.314823,0.121068,-0.195038,56.000000
1680,0,17,-0.267153,0.134779,-0.199103,56.000000
1680,0,18,-0.219087,0.148581,-0.203516,56.000000
1680,0,19,-0.170969,0.162457,-0.209445,56.000000
1680,0,20,-0.329229,0.165546,-0.213099,56.000000
1680,0,21,-0.281528,0.179329,-0.218312,56.000000
1680,0,22,-0.233178,0.193797,-0.222167,56.000000
1680,0,23,-0.184980,0.206097,-0.227777,56.000000
1685,0,0,-0.254820,-0.056836,-0.121980,56.166667
1685,0,1,-0.207446,-0.042583,-0.126243,56.166667
1685,0,2,-0.159479,-0.029523,-0.133860,56.166667
1685,0,3,-0.112115,-0.015429,-0.135565,56.166667
1685,0,4,-0.269794,-0.012056,-0.139182,56.166667
1685,0,5,-0.222104,0.001068,-0.146350,56.166667
1685,0,6,-0.174369,0.015209,-0.148721,56.166667
1685,0,7,-0.126506,0.029096,-0.152999,56.166667
1685,0,8,-0.284061,0.031471,-0.158813,56.166667
1685,0,9,-0.236740,0.045586,-0.163242,56.166667
1685,0,10,-0.188718,0.059451,-0.166841,56.166667
1685,0,11,-0.141146,0.073625,-0.172773,56.166667
1685,0,12,-0.298910,0.075823,-0.176974,56.166667
1685,0,13,-0.251469,0.089726,-0.182312,56.166667
1685,0,14,-0.203419,0.104023,-0.186182,56.166667
1685,0,15,-0.155972,0.117728,-0.190706,56.166667
1685,0,16,-0.313425,0.119592,-0.197563,56.166667
1685,0,17,-0.265647,0.134804,-0.199264,56.166667
1685,0,18,-0.217663,0.147860,-0.204372,56.166667
1685,0,19,-0.170014,0.162632,-0.209422,56.166667
1685,0,20,-0.328082,0.164654,-0.213952,56.166667
1685,0,21,-0.280128,0.178394,-0.217202,56.166667
1685,0,22,-0.232742,0.192081,-0.222067,56.166667
1685,0,23,-0.184957,0.206223,-0.228205,56.166667
1690,0,0,-0.253688,-0.056591,-0.118903,56.333333
1690,0,1,-0.207049,-0.042235,-0.123050,56.333333
1690,0,2,-0.160638,-0.027366,-0.126268,56.333333
1690,0,3,-0.111515,-0.014025,-0.132347,56.333333
1690,0,4,-0.269291,-0.012321,-0.136999,56.333333
1690,0,5,-0.221400,0.001416,-0.143906,56.333333
1690,0,6,-0.173920,0.015879,-0.146146,56.333333
1690,0,7,-0.126157,0.029838,-0.151638,56.333333
1690,0,8,-0.283688,0.031632,-0.156161,56.333333
1690,0,9,-0.236299,0.046147,-0.160364,56.333333
1690,0,10,-0.187890,0.059884,-0.164951,56.333333
1690,0,11,-0.140599,0.074513,-0.169387,56.333333
1690,0,12,-0.298673,0.075944,-0.173843,56.333333
1690,0,13,-0.250729,0.089806,-0.180039,56.333333
1690,0,14,-0.203158,0.104272,-0.183723,56.333333
1690,0,15,-0.155390,0.118339,-0.188809,56.333333
1690,0,16,-0.313250,0.119709,-0.192952,56.333333
1690,0,17,-0.265590,0.134619,-0.197046,56.333333
1690,0,18,-0.217771,0.148350,-0.202793,56.333333
1690,0,19,-0.170009,0.163286,-0.206377,56.333333
1690,0,20,-0.328144,0.164110,-0.211348,56.333333
1690,0,21,-0.280354,0.178328,-0.215302,56.333333
1690,0,22,-0.232683,0.193198,-0.220467,56.333333
1690,0,23,-0.184696,0.206569,-0.225967,56.333333
1695,0,0,-0.252228,-0.056866,-0.116373,56.500000
1695,0,1,-0.204966,-0.042461,-0.120521,56.500000
1695,0,2,-0.157043,-0.028466,-0.124224,56.500000
1695,0,3,-0.109477,-0.014288,-0.130193,56.500000
1695,0,4,-0.267377,-0.011872,-0.133341,56.500000
1695,0,5,-0.219750,0.001414,-0.139612,56.500000
1695,0,6,-0.171889,0.016412,-0.143436,56.500000
1695,0,7,-0.124018,0.029651,-0.146819,56.500000
1695,0,8,-0.282306,0.031441,-0.152519,56.500000
1695,0,9,-0.234456,0.046442,-0.157549,56.500000
1695,0,10,-0.186400,0.059981,-0.160986,56.500000
1695,0,11,-0.138978,0.074484,-0.166780,56.500000
1695,0,12,-0.297350,0.075427,-0.171270,56.500000
1695,0,13,-0.249776,0.089918,-0.176149,56.500000
1695,0,14,-0.201539,0.104349,-0.180654,56.500000
1695,0,15,-0.153595,0.117884,-0.187884,56.500000
1695,0,16,-0.311627,0.119310,-0.190544,56.500000
1695,0,17,-0.264204,0.134453,-0.193255,56.500000
1695,0,18,-0.216608,0.148083,-0.199931,56.500000
1695,0,19,-0.168682,0.162954,-0.203980,56.500000
1695,0,20,-0.326784,0.164359,-0.207706,56.500000
1695,0,21,-0.279126,0.178021,-0.211979,56.500000
1695,0,22,-0.231667,0.191818,-0.216653,56.500000
1695,0,23,-0.183433,0.206303,-0.221063,56.500000
1700,0,0,-0.250070,-0.056975,-0.113754,56.666667
1700,0,1,-0.202665,-0.042377,-0.116643,56.666667
1700,0,2,-0.154834,-0.028222,-0.120476,56.666667
1700,0,3,-0.107193,-0.014298,-0.127407,56.666667
1700,0,4,-0.265430,-0.012397,-0.129734,56.666667
1700,0,5,-0.218112,0.001525,-0.136113,56.666667
1700,0,6,-0.169908,0.015632,-0.140149,56.666667
1700,0,7,-0.121547,0.029491,-0.145234,56.666667
1700,0,8,-0.279903,0.031197,-0.148748,56.666667
1700,0,9,-0.232634,0.045764,-0.153408,56.666667
1700,0,10,-0.184170,0.059459,-0.158837,56.666667
1700,0,11,-0.137292,0.073821,-0.163720,56.666667
1700,0,12,-0.295168,0.075081,-0.167401,56.666667
1700,0,13,-0.247372,0.089551,-0.171902,56.666667
1700,0,14,-0.199591,0.104205,-0.177805,56.666667
1700,0,15,-0.152137,0.118061,-0.184659,56.666667
1700,0,16,-0.309896,0.119057,-0.186714,56.666667
1700,0,17,-0.262476,0.134362,-0.190255,56.666667
1700,0,18,-0.214724,0.147984,-0.196332,56.666667
1700,0,19,-0.166741,0.162968,-0.201440,56.666667
1700,0,20,-0.325302,0.163439,-0.203026,56.666667
1700,0,21,-0.277496,0.177918,-0.207867,56.666667
1700,0,22,-0.230002,0.192173,-0.212684,56.666667
1700,0,23,-0.182663,0.206552,-0.219765,56.666667
1705,0,0,-0.249195,-0.054723,-0.106995,56.833333
1705,0,1,-0.202497,-0.040600,-0.112256,56.833333
1705,0,2,-0.154895,-0.026301,-0.117612,56.833333
1705,0,3,-0.107114,-0.012447,-0.123150,56.833333
1705,0,4,-0.264919,-0.010393,-0.125094,56.833333
1705,0,5,-0.216594,0.003264,-0.130777,56.833333
1705,0,8,-0.279970,0.033715,-0.143097,56.833333
1705,0,9,-0.232268,0.047920,-0.148304,56.833333
1705,0,12,-0.294685,0.077745,-0.163088,56.833333
1705,0,13,-0.247252,0.091258,-0.169324,56.833333
1705,0,14,-0.199686,0.106030,-0.173715,56.833333
1705,0,15,-0.152445,0.119598,-0.180194,56.833333
1705,0,16,-0.310195,0.121382,-0.180980,56.833333
1705,0,17,-0.262211,0.136053,-0.186827,56.833333
1705,0,18,-0.214857,0.149716,-0.193063,56.833333
1705,0,19,-0.166754,0.164381,-0.198494,56.833333
1705,0,20,-0.325224,0.165226,-0.198573,56.833333
1705,0,21,-0.278368,0.179917,-0.204257,56.833333
1705,0,22,-0.229655,0.194585,-0.210415,56.833333
1705,0,23,-0.182080,0.207562,-0.217491,56.833333
1710,0,0,-0.248687,-0.052525,-0.099955,57.000000
1710,0,1,-0.201658,-0.039242,-0.107855,57.000000
1710,0,2,-0.153338,-0.025261,-0.113295,57.000000
1710,0,3,-0.105954,-0.011185,-0.120451,57.000000
1710,0,4,-0.264240,-0.008354,-0.119697,57.000000
1710,0,5,-0.216261,0.005110,-0.125211,57.000000
1710,0,6,-0.168808,0.018949,-0.131357,57.000000
1710,0,7,-0.121410,0.032433,-0.139745,57.000000
1710,0,8,-0.279403,0.035297,-0.139518,57.000000
1710,0,9,-0.231314,0.049452,-0.143957,57.000000
1710,0,10,-0.183483,0.062775,-0.150090,57.000000
1710,0,11,-0.136316,0.076144,-0.156735,57.000000
1710,0,12,-0.293877,0.079690,-0.157426,57.000000
1710,0,13,-0.246016,0.092956,-0.162990,57.000000
1710,0,14,-0.198578,0.107408,-0.168778,57.000000
1710,0,15,-0.150759,0.120497,-0.175765,57.000000
1710,0,16,-0.308861,0.123254,-0.175624,57.000000
1710,0,17,-0.261475,0.137013,-0.180683,57.000000
1710,0,18,-0.214155,0.151265,-0.187080,57.000000
1710,0,19,-0.165747,0.165355,-0.193710,57.000000
1710,0,20,-0.324345,0.166946,-0.192895,57.000000
1710,0,21,-0.276228,0.181116,-0.198941,57.000000
1710,0,22,-0.229019,0.194747,-0.205627,57.000000
1710,0,23,-0.181140,0.208788,-0.213106,57.000000
1715,0,0,-0.250787,-0.049480,-0.094860,57.166667
1715,0,1,-0.203038,-0.036504,-0.102462,57.166667
1715,0,2,-0.154571,-0.023960,-0.109569,57.166667
1715,0,3,-0.107518,-0.010552,-0.116244,57.166667
1715,0,4,-0.265569,-0.005428,-0.113579,57.166667
1715,0,5,-0.217191,0.007213,-0.120646,57.166667
1715,0,6,-0.169959,0.020562,-0.127738,57.166667
1715,0,7,-0.121896,0.033055,-0.136465,57.166667
1715,0,8,-0.279502,0.038170,-0.132914,57.166667
1715,0,9,-0.232270,0.051714,-0.138904,57.166667
1715,0,10,-0.184369,0.064268,-0.147465,57.166667
1715,0,11,-0.136462,0.078020,-0.153741,57.166667
1715,0,12,-0.294634,0.082633,-0.151129,57.166667
1715,0,13,-0.246887,0.095800,-0.156426,57.166667
1715,0,14,-0.199172,0.108842,-0.163778,57.166667
1715,0,15,-0.151044,0.121454,-0.173928,57.166667
1715,0,16,-0.309122,0.126340,-0.170029,57.166667
1715,0,17,-0.261731,0.139707,-0.175068,57.166667
1715,0,18,-0.214410,0.152999,-0.183505,57.166667
1715,0,19,-0.166095,0.166578,-0.190076,57.166667
1715,0,20,-0.324018,0.170859,-0.187052,57.166667
1715,0,21,-0.276558,0.184124,-0.193598,57.166667
1715,0,22,-0.228797,0.196880,-0.200768,57.166667
1715,0,23,-0.180400,0.209880,-0.208921,57.166667
1745,0,7,-0.275681,0.029762,-0.123726,58.166667
1745,0,17,-0.408276,0.148638,-0.150433,58.166667
1745,0,18,-0.360574,0.157838,-0.160167,58.166667
1770,0,2,-0.421368,-0.011120,-0.046477,59.000000
1770,0,3,-0.373164,-0.004954,-0.057581,59.000000
1770,0,4,-0.527764,0.022007,-0.041952,59.000000
1770,0,5,-0.479375,0.027638,-0.054263,59.000000
1770,0,6,-0.431324,0.034558,-0.064172,59.000000
1770,0,7,-0.383061,0.040600,-0.074982,59.000000
1775,0,0,-0.518569,-0.027129,-0.032256,59.166667
1775,0,1,-0.469520,-0.016357,-0.036825,59.166667
1775,0,2,-0.420876,-0.009040,-0.046513,59.166667
1775,0,3,-0.372769,-0.001194,-0.054410,59.166667
1775,0,6,-0.431694,0.036960,-0.063355,59.166667
1775,0,7,-0.382755,0.044613,-0.072433,59.166667
1775,0,10,-0.442009,0.082808,-0.080447,59.166667
1775,0,11,-0.393548,0.090650,-0.088886,59.166667
1775,0,12,-0.549256,0.112425,-0.082566,59.166667
1775,0,13,-0.500719,0.120599,-0.089740,59.166667
1785,0,3,-0.340574,-0.006922,-0.041484,59.500000
1785,0,7,-0.348543,0.038107,-0.061706,59.500000
1790,0,3,-0.321115,-0.011539,-0.044885,59.666667
1795,0,3,-0.299213,-0.012177,-0.033274,59.833333
1795,0,7,-0.304028,0.032937,-0.054467,59.833333
1800,0,1,-0.376382,-0.038272,-0.054871,60.000000
1800,0,2,-0.329897,-0.026365,-0.042386,60.000000
1800,0,3,-0.282843,-0.014727,-0.030615,60.000000
1800,0,6,-0.337766,0.020178,-0.058596,60.000000
1800,0,7,-0.290799,0.032092,-0.046173,60.000000
1800,0,11,-0.299046,0.079447,-0.060472,60.000000
1800,0,15,-0.306981,0.126409,-0.078911,60.000000
1800,0,16,-0.454528,0.136871,-0.130538,60.000000
1800,0,17,-0.408479,0.149398,-0.115627,60.000000
1800,0,18,-0.361362,0.161477,-0.102968,60.000000
1800,0,19,-0.314806,0.174222,-0.090319,60.000000
1800,0,20,-0.463049,0.184126,-0.143935,60.000000
1800,0,21,-0.416340,0.196516,-0.132327,60.000000
1800,0,22,-0.369750,0.208727,-0.117644,60.000000
1800,0,23,-0.323359,0.220926,-0.105128,60.000000
1805,0,0,-0.412340,-0.051261,-0.066269,60.166667
1805,0,1,-0.366095,-0.039095,-0.052123,60.166667
1805,0,2,-0.321246,-0.025393,-0.035351,60.166667
1805,0,3,-0.274780,-0.012916,-0.020375,60.166667
1805,0,6,-0.327930,0.020555,-0.052463,60.166667
1805,0,7,-0.284254,0.034788,-0.032979,60.166667
1805,0,10,-0.333550,0.065686,-0.072791,60.166667
1805,0,11,-0.288700,0.079398,-0.055266,60.166667
1805,0,12,-0.435613,0.089613,-0.111798,60.166667
1805,0,13,-0.388982,0.101564,-0.098734,60.166667
1805,0,14,-0.342196,0.113502,-0.086208,60.166667
1805,0,15,-0.296352,0.125724,-0.072743,60.166667
1805,0,16,-0.443728,0.137146,-0.126267,60.166667
1805,0,17,-0.396955,0.148877,-0.113961,60.166667
1805,0,18,-0.352670,0.162123,-0.095276,60.166667
1805,0,19,-0.307026,0.174208,-0.077995,60.166667
1805,0,20,-0.451134,0.183508,-0.143432,60.166667
1805,0,21,-0.404079,0.195612,-0.130515,60.166667
1810,0,0,-0.399400,-0.051587,-0.063714,60.333333
1810,0,1,-0.353267,-0.038935,-0.047732,60.333333
1810,0,2,-0.307758,-0.027001,-0.032170,60.333333
1810,0,3,-0.261701,-0.014440,-0.017223,60.333333
1810,0,4,-0.407210,-0.004075,-0.077388,60.333333
1810,0,5,-0.361508,0.008009,-0.062244,60.333333
1810,0,6,-0.315544,0.020530,-0.046531,60.333333
1810,0,7,-0.269588,0.032425,-0.032278,60.333333
1810,0,8,-0.414950,0.042950,-0.091561,60.333333
1810,0,11,-0.277758,0.079629,-0.045642,60.333333
1810,0,12,-0.422801,0.089813,-0.107006,60.333333
1810,0,15,-0.285177,0.126859,-0.060913,60.333333
1810,0,16,-0.430584,0.137058,-0.121336,60.333333
1810,0,17,-0.385161,0.149476,-0.104737,60.333333
1810,0,18,-0.339298,0.162025,-0.090908,60.333333
1810,0,19,-0.293421,0.174832,-0.074511,60.333333
1810,0,22,-0.347425,0.209582,-0.103491,60.333333
1810,0,23,-0.301270,0.221774,-0.089906,60.333333
1815,0,0,-0.394557,-0.054047,-0.064455,60.500000
1815,0,1,-0.349214,-0.040915,-0.048254,60.500000
1815,0,2,-0.303726,-0.027959,-0.032781,60.500000
1815,0,3,-0.258420,-0.014558,-0.015580,60.500000
1815,0,4,-0.402994,-0.006909,-0.078684,60.500000
1815,0,5,-0.357470,0.006046,-0.063220,60.500000
1815,0,6,-0.312149,0.019439,-0.046137,60.500000
1815,0,7,-0.266554,0.031980,-0.031331,60.500000
1815,0,8,-0.410832,0.039691,-0.094790,60.500000
1815,0,9,-0.366094,0.053214,-0.077489,60.500000
1815,0,10,-0.320730,0.066087,-0.061438,60.500000
1815,0,11,-0.275340,0.079480,-0.044738,60.500000
1815,0,12,-0.419589,0.086969,-0.108504,60.500000
1815,0,13,-0.374045,0.099877,-0.093140,60.500000
1815,0,14,-0.329246,0.113326,-0.075606,60.500000
1815,0,15,-0.283459,0.126108,-0.059970,60.500000
1815,0,16,-0.427975,0.133971,-0.123352,60.500000
1815,0,17,-0.382889,0.147142,-0.106259,60.500000
1815,0,18,-0.337986,0.160268,-0.089123,60.500000
1815,0,19,-0.292141,0.173745,-0.074076,60.500000
1815,0,20,-0.436096,0.181136,-0.138356,60.500000
1815,0,21,-0.391025,0.194046,-0.121512,60.500000
1815,0,22,-0.346239,0.207187,-0.104465,60.500000
1815,0,23,-0.300545,0.220266,-0.088972,60.500000
1820,0,2,-0.313397,-0.027063,-0.032040,60.666667
1820,0,6,-0.321162,0.019757,-0.045464,60.666667
1820,0,10,-0.327238,0.065345,-0.066087,60.666667
1820,0,11,-0.282331,0.079080,-0.048205,60.666667
1820,0,12,-0.426855,0.086712,-0.110406,60.666667
1820,0,13,-0.381769,0.099760,-0.092908,60.666667
1820,0,14,-0.337572,0.113634,-0.076024,60.666667
1820,0,15,-0.293084,0.126450,-0.060787,60.666667
1820,0,16,-0.434834,0.133121,-0.126640,60.666667
1820,0,17,-0.390515,0.146989,-0.108234,60.666667
1820,0,18,-0.343644,0.159470,-0.097141,60.666667
1820,0,19,-0.301548,0.173487,-0.074239,60.666667
1820,0,20,-0.443051,0.180128,-0.142706,60.666667
1820,0,21,-0.399270,0.193757,-0.123778,60.666667
1820,0,22,-0.352061,0.207139,-0.111156,60.666667
1820,0,23,-0.309625,0.220358,-0.089271,60.666667
1825,0,0,-0.417969,-0.055370,-0.081673,60.833333
1825,0,1,-0.374404,-0.041847,-0.061856,60.833333
1825,0,2,-0.330770,-0.029166,-0.043198,60.833333
1825,0,3,-0.284560,-0.016659,-0.025462,60.833333
1825,0,6,-0.338113,0.017912,-0.056886,60.833333
1825,0,7,-0.294826,0.031029,-0.037599,60.833333
1825,0,10,-0.345622,0.064945,-0.072611,60.833333
1825,0,11,-0.302403,0.077529,-0.051739,60.833333
1825,0,12,-0.440028,0.085373,-0.127401,60.833333
1825,0,13,-0.396705,0.099148,-0.108386,60.833333
1825,0,14,-0.353071,0.111987,-0.087317,60.833333
1825,0,15,-0.309107,0.124916,-0.067884,60.833333
1825,0,17,-0.400977,0.146477,-0.127078,60.833333
1825,0,18,-0.356961,0.158188,-0.107609,60.833333
1825,0,19,-0.316894,0.171936,-0.081715,60.833333
1825,0,21,-0.409627,0.194002,-0.138372,60.833333
1830,0,0,-0.431468,-0.057842,-0.096760,61.000000
1830,0,1,-0.388927,-0.043655,-0.074117,61.000000
1830,0,2,-0.346308,-0.030267,-0.053776,61.000000
1830,0,3,-0.302352,-0.016552,-0.032489,61.000000
1830,0,6,-0.353997,0.016620,-0.068410,61.000000
1830,0,7,-0.310807,0.029883,-0.049324,61.000000
1850,0,0,-0.504243,-0.041726,-0.077404,61.666667
1850,0,1,-0.459766,-0.029066,-0.057449,61.666667
1850,0,2,-0.415269,-0.016947,-0.039252,61.666667
1850,0,3,-0.370642,-0.004872,-0.020831,61.666667
1850,0,4,-0.511568,0.005934,-0.090321,61.666667
1850,0,5,-0.466629,0.017925,-0.072803,61.666667
1850,0,6,-0.422311,0.030376,-0.053644,61.666667
1850,0,7,-0.377495,0.042418,-0.035842,61.666667
1850,0,8,-0.517700,0.052501,-0.107785,61.666667
1850,0,9,-0.474145,0.065617,-0.086257,61.666667
1850,0,10,-0.429450,0.077527,-0.068380,61.666667
1850,0,11,-0.384922,0.090397,-0.049059,61.666667
1850,0,12,-0.525373,0.100298,-0.120419,61.666667
1850,0,13,-0.479973,0.112044,-0.104526,61.666667
1850,0,14,-0.436846,0.124784,-0.082514,61.666667
1850,0,15,-0.391850,0.137099,-0.064720,61.666667
1850,0,17,-0.488358,0.160156,-0.115643,61.666667
1850,0,18,-0.443566,0.172496,-0.096779,61.666667
1850,0,19,-0.399256,0.185019,-0.077200,61.666667
1850,0,22,-0.450930,0.219824,-0.110256,61.666667
1850,0,23,-0.406427,0.232150,-0.092029,61.666667
1855,0,0,-0.507703,-0.040869,-0.070260,61.833333
1855,0,1,-0.462777,-0.028391,-0.052304,61.833333
1855,0,2,-0.418074,-0.015903,-0.033991,61.833333
1855,0,3,-0.373149,-0.003557,-0.016315,61.833333
1855,0,4,-0.515098,0.006773,-0.083831,61.833333
1855,0,5,-0.469813,0.018532,-0.067580,61.833333
1855,0,6,-0.425726,0.031473,-0.047966,61.833333
1855,0,7,-0.380473,0.043409,-0.031124,61.833333
1855,0,8,-0.521767,0.053117,-0.101059,61.833333
1855,0,9,-0.477841,0.066453,-0.079707,61.833333
1855,0,10,-0.433130,0.078612,-0.062037,61.833333
1855,0,11,-0.388586,0.091172,-0.043320,61.833333
1855,0,12,-0.529718,0.101128,-0.112563,61.833333
1855,0,13,-0.485764,0.113818,-0.092350,61.833333
1855,0,14,-0.440564,0.126066,-0.075545,61.833333
1855,0,15,-0.395989,0.138275,-0.058083,61.833333
1855,0,16,-0.537144,0.148303,-0.127202,61.833333
1855,0,17,-0.492716,0.160972,-0.107629,61.833333
1855,0,18,-0.448273,0.173310,-0.089858,61.833333
1855,0,19,-0.403779,0.185772,-0.070817,61.833333
1855,0,22,-0.455622,0.220943,-0.103389,61.833333
1855,0,23,-0.411187,0.233126,-0.085388,61.833333
1860,0,0,-0.509997,-0.041051,-0.067330,62.000000
1860,0,1,-0.465135,-0.027910,-0.048418,62.000000
1860,0,2,-0.420324,-0.015746,-0.031073,62.000000
1860,0,3,-0.375508,-0.003180,-0.013075,62.000000
1860,0,4,-0.517604,0.006863,-0.080306,62.000000
1860,0,5,-0.472551,0.019069,-0.063057,62.000000
1860,0,6,-0.428094,0.031502,-0.044767,62.000000
1860,0,7,-0.383226,0.044007,-0.027292,62.000000
1860,0,8,-0.524835,0.053409,-0.096341,62.000000
1860,0,9,-0.480322,0.066633,-0.076889,62.000000
1860,0,10,-0.435559,0.078831,-0.059243,62.000000
1860,0,11,-0.390971,0.091541,-0.040536,62.000000
1860,0,12,-0.532667,0.101157,-0.109527,62.000000
1860,0,13,-0.487581,0.113221,-0.092943,62.000000
1860,0,14,-0.443290,0.126481,-0.072478,62.000000
1860,0,15,-0.398504,0.138583,-0.055413,62.000000
1860,0,16,-0.539857,0.147888,-0.125338,62.000000
1860,0,17,-0.495657,0.161258,-0.104694,62.000000
1860,0,18,-0.450758,0.173404,-0.087781,62.000000
1860,0,19,-0.406221,0.186309,-0.068807,62.000000
1860,0,20,-0.547967,0.195511,-0.137985,62.000000
1860,0,21,-0.503394,0.208357,-0.119355,62.000000
1860,0,22,-0.458711,0.221087,-0.100494,62.000000
1860,0,23,-0.414063,0.233322,-0.082856,62.000000
1865,0,0,-0.510914,-0.040424,-0.063530,62.166667
1865,0,1,-0.466163,-0.027117,-0.044455,62.166667
1865,0,2,-0.421298,-0.015435,-0.027375,62.166667
1865,0,3,-0.376672,-0.002566,-0.008840,62.166667
1865,0,4,-0.518467,0.007167,-0.077112,62.166667
1865,0,5,-0.473583,0.019722,-0.059152,62.166667
1865,0,6,-0.428975,0.032227,-0.040792,62.166667
1865,0,7,-0.384234,0.044449,-0.023416,62.166667
1865,0,8,-0.525370,0.054114,-0.092679,62.166667
1865,0,9,-0.481376,0.066938,-0.072841,62.166667
1865,0,10,-0.436679,0.079364,-0.055016,62.166667
1865,0,11,-0.392170,0.092030,-0.036391,62.166667
1865,0,12,-0.533187,0.101861,-0.105478,62.166667
1865,0,13,-0.488412,0.113933,-0.087995,62.166667
1865,0,14,-0.444360,0.127149,-0.067933,62.166667
1865,0,15,-0.399698,0.139214,-0.050888,62.166667
1865,0,16,-0.540553,0.148826,-0.120106,62.166667
1865,0,17,-0.496330,0.161713,-0.100511,62.166667
1865,0,18,-0.451523,0.173994,-0.083661,62.166667
1865,0,19,-0.407378,0.186537,-0.064471,62.166667
1865,0,20,-0.548270,0.196493,-0.133364,62.166667
1865,0,21,-0.503792,0.208821,-0.115070,62.166667
1865,0,22,-0.459612,0.221356,-0.096413,62.166667
1865,0,23,-0.414889,0.233948,-0.078582,62.166667
1870,0,0,-0.513377,-0.038469,-0.059447,62.333333
1870,0,1,-0.468601,-0.026194,-0.041688,62.333333
1870,0,2,-0.423955,-0.013756,-0.023685,62.333333
1870,0,3,-0.379878,-0.001021,-0.004376,62.333333
1870,0,4,-0.520647,0.008761,-0.073614,62.333333
1870,0,5,-0.476466,0.021382,-0.055286,62.333333
1870,0,6,-0.431910,0.033413,-0.037182,62.333333
1870,0,7,-0.387213,0.046145,-0.019222,62.333333
1870,0,8,-0.527315,0.055201,-0.090424,62.333333
1870,0,9,-0.483511,0.068692,-0.068943,62.333333
1870,0,10,-0.439080,0.080754,-0.051711,62.333333
1870,0,11,-0.394914,0.093627,-0.032467,62.333333
1870,0,12,-0.535290,0.102876,-0.102510,62.333333
1870,0,13,-0.490534,0.115094,-0.085639,62.333333
1870,0,14,-0.446981,0.128221,-0.064564,62.333333
1870,0,15,-0.402319,0.140596,-0.046995,62.333333
1870,0,16,-0.542788,0.149843,-0.117491,62.333333
1870,0,17,-0.498647,0.162854,-0.097510,62.333333
1870,0,18,-0.454294,0.175175,-0.079530,62.333333
1870,0,19,-0.410224,0.187891,-0.060396,62.333333
1870,0,20,-0.550126,0.197347,-0.131597,62.333333
1870,0,21,-0.505789,0.209585,-0.113453,62.333333
1870,0,22,-0.461996,0.222520,-0.093283,62.333333
1870,0,23,-0.417274,0.235032,-0.075988,62.333333
1875,0,0,-0.518552,-0.037407,-0.061168,62.500000
1875,0,1,-0.473879,-0.024334,-0.042004,62.500000
1875,0,2,-0.429519,-0.012265,-0.023588,62.500000
1875,0,3,-0.385084,0.000191,-0.004790,62.500000
1875,0,4,-0.525734,0.010293,-0.075384,62.500000
1875,0,5,-0.481125,0.022520,-0.056958,62.500000
1875,0,6,-0.436644,0.035287,-0.037719,62.500000
1875,0,7,-0.392318,0.047310,-0.019453,62.500000
1875,0,8,-0.532127,0.056970,-0.091545,62.500000
1875,0,9,-0.488097,0.070140,-0.070518,62.500000
1875,0,10,-0.443984,0.082347,-0.051717,62.500000
1875,0,11,-0.399576,0.094706,-0.033756,62.500000
1875,0,12,-0.539632,0.104628,-0.104365,62.500000
1875,0,13,-0.494918,0.116798,-0.086465,62.500000
1875,0,14,-0.451267,0.129327,-0.066618,62.500000
1875,0,15,-0.406815,0.142061,-0.047613,62.500000
1875,0,17,-0.502397,0.164632,-0.099433,62.500000
1875,0,18,-0.458091,0.176595,-0.081182,62.500000
1875,0,19,-0.413774,0.189344,-0.061915,62.500000
1875,0,21,-0.509494,0.211536,-0.114659,62.500000
1875,0,22,-0.465380,0.224218,-0.095188,62.500000
1875,0,23,-0.420851,0.236365,-0.076924,62.500000
1880,0,0,-0.520491,-0.036230,-0.060660,62.666667
1880,0,1,-0.475752,-0.023850,-0.041750,62.666667
1880,0,2,-0.431173,-0.011434,-0.023418,62.666667
1880,0,3,-0.386683,0.000733,-0.004847,62.666667
1880,0,4,-0.527355,0.011424,-0.074664,62.666667
1880,0,5,-0.482818,0.023547,-0.055997,62.666667
1880,0,6,-0.438405,0.036133,-0.037027,62.666667
1880,0,7,-0.393725,0.048079,-0.019182,62.666667
1880,0,8,-0.534060,0.058093,-0.090654,62.666667
1880,0,9,-0.490066,0.070846,-0.070454,62.666667
1880,0,10,-0.445714,0.083153,-0.051923,62.666667
1880,0,11,-0.401198,0.095529,-0.032928,62.666667
1880,0,12,-0.541627,0.105636,-0.103331,62.666667
1880,0,13,-0.496711,0.117932,-0.086015,62.666667
1880,0,14,-0.452854,0.130466,-0.065731,62.666667
1880,0,15,-0.408069,0.142694,-0.048055,62.666667
1880,0,16,-0.548602,0.152922,-0.118073,62.666667
1880,0,17,-0.504531,0.165570,-0.098363,62.666667
1880,0,18,-0.459726,0.177679,-0.080546,62.666667
1880,0,19,-0.415444,0.190330,-0.061213,62.666667
1880,0,20,-0.555854,0.200290,-0.132239,62.666667
1880,0,21,-0.511518,0.212970,-0.112162,62.666667
1880,0,22,-0.467261,0.225004,-0.093880,62.666667
1880,0,23,-0.422549,0.237424,-0.075927,62.666667
1885,0,0,-0.520719,-0.036507,-0.059763,62.833333
1885,0,1,-0.475906,-0.024034,-0.041160,62.833333
1885,0,2,-0.431165,-0.011655,-0.023036,62.833333
1885,0,3,-0.386135,0.001121,-0.004426,62.833333
1885,0,4,-0.527669,0.011016,-0.073702,62.833333
1885,0,5,-0.483029,0.023350,-0.055659,62.833333
1885,0,6,-0.438288,0.035705,-0.037118,62.833333
1885,0,7,-0.393853,0.047993,-0.018786,62.833333
1885,0,8,-0.534504,0.057866,-0.089835,62.833333
1885,0,9,-0.490240,0.070513,-0.070157,62.833333
1885,0,10,-0.445588,0.082853,-0.051952,62.833333
1885,0,11,-0.401076,0.095265,-0.032884,62.833333
1885,0,12,-0.541838,0.105474,-0.102768,62.833333
1885,0,13,-0.497003,0.117477,-0.085604,62.833333
1885,0,14,-0.452981,0.130111,-0.065809,62.833333
1885,0,15,-0.407879,0.142215,-0.048848,62.833333
1885,0,16,-0.548883,0.152485,-0.117888,62.833333
1885,0,17,-0.504657,0.165158,-0.098393,62.833333
1885,0,18,-0.459975,0.177319,-0.080447,62.833333
1885,0,19,-0.415518,0.189677,-0.062027,62.833333
1885,0,20,-0.556298,0.199922,-0.131696,62.833333
1885,0,21,-0.511931,0.212369,-0.112684,62.833333
1885,0,22,-0.467348,0.224774,-0.094701,62.833333
1885,0,23,-0.422729,0.237177,-0.076272,62.833333
1890,0,1,-0.477878,-0.023469,-0.037657,63.000000
1890,0,2,-0.432614,-0.011273,-0.021062,63.000000
1890,0,3,-0.387148,0.001233,-0.004372,63.000000
1890,0,5,-0.484011,0.022738,-0.055612,63.000000
1890,0,6,-0.439072,0.035529,-0.037355,63.000000
1890,0,7,-0.393966,0.047523,-0.021118,63.000000
1890,0,8,-0.536029,0.057168,-0.088499,63.000000
1890,0,9,-0.491101,0.069920,-0.070431,63.000000
1890,0,10,-0.445907,0.082155,-0.053670,63.000000
1890,0,11,-0.400598,0.094294,-0.037432,63.000000
1890,0,12,-0.543065,0.104080,-0.104125,63.000000
1890,0,13,-0.497247,0.116408,-0.088353,63.000000
1890,0,14,-0.452706,0.128633,-0.069995,63.000000
1890,0,15,-0.406773,0.140718,-0.054869,63.000000
1895,0,0,-0.524428,-0.042202,-0.053537,63.166667
1895,0,1,-0.478537,-0.028921,-0.037809,63.166667
1895,0,2,-0.432554,-0.015605,-0.022521,63.166667
1895,0,3,-0.385887,-0.003298,-0.009721,63.166667
1895,0,6,-0.438472,0.028952,-0.044283,63.166667
1895,0,7,-0.391860,0.041203,-0.030866,63.166667
1900,0,0,-0.518782,-0.045682,-0.045917,63.333333
1900,0,1,-0.472072,-0.032431,-0.033956,63.333333
1900,0,2,-0.425318,-0.019164,-0.022045,63.333333
1900,0,3,-0.378962,-0.005876,-0.009700,63.333333
1900,0,6,-0.432217,0.024757,-0.044477,63.333333
1900,0,7,-0.385015,0.037811,-0.032700,63.333333
1900,0,10,-0.438802,0.069100,-0.066872,63.333333
1900,0,11,-0.392178,0.081753,-0.055356,63.333333
1905,0,0,-0.512889,-0.044948,-0.037657,63.500000
1905,0,1,-0.465696,-0.031785,-0.027346,63.500000
1905,0,2,-0.418483,-0.019084,-0.016856,63.500000
1905,0,3,-0.371707,-0.005954,-0.005994,63.500000
1905,0,4,-0.519051,-0.002080,-0.062503,63.500000
1905,0,5,-0.471762,0.011101,-0.052190,63.500000
1905,0,6,-0.424873,0.024306,-0.041163,63.500000
1905,0,7,-0.377723,0.036843,-0.031276,63.500000
1905,0,8,-0.525364,0.040503,-0.087767,63.500000
1905,0,9,-0.478128,0.053930,-0.076880,63.500000
1905,0,10,-0.431112,0.067019,-0.066758,63.500000
1905,0,11,-0.384166,0.080005,-0.055598,63.500000
1905,0,12,-0.531061,0.083817,-0.112572,63.500000
1905,0,13,-0.483588,0.096511,-0.103353,63.500000
1905,0,14,-0.437464,0.110168,-0.090725,63.500000
1905,0,15,-0.390555,0.122829,-0.080676,63.500000
1905,0,16,-0.536902,0.126202,-0.139087,63.500000
1905,0,19,-0.397045,0.165978,-0.105325,63.500000
1910,0,0,-0.510629,-0.040617,-0.038279,63.666667
1910,0,1,-0.463592,-0.027174,-0.026360,63.666667
1910,0,2,-0.416705,-0.014424,-0.016019,63.666667
1910,0,3,-0.369377,-0.001853,-0.006735,63.666667
1910,0,4,-0.516640,0.002349,-0.062819,63.666667
1910,0,5,-0.469304,0.014934,-0.052975,63.666667
1910,0,6,-0.422244,0.028095,-0.041875,63.666667
1910,0,7,-0.375166,0.040283,-0.032598,63.666667
1910,0,8,-0.521844,0.044470,-0.089613,63.666667
1910,0,9,-0.475287,0.057804,-0.077995,63.666667
1910,0,10,-0.428107,0.070132,-0.068177,63.666667
1910,0,11,-0.381377,0.082967,-0.057881,63.666667
1910,0,12,-0.528007,0.087242,-0.114636,63.666667
1910,0,13,-0.480454,0.099312,-0.106590,63.666667
1910,0,14,-0.434157,0.112762,-0.093690,63.666667
1910,0,15,-0.386890,0.125290,-0.084127,63.666667
1910,0,16,-0.533431,0.128686,-0.142228,63.666667
1910,0,17,-0.487136,0.142449,-0.129669,63.666667
1910,0,18,-0.439853,0.155152,-0.120065,63.666667
1910,0,19,-0.392926,0.167952,-0.108947,63.666667
1910,0,20,-0.539536,0.172176,-0.166454,63.666667
1910,0,21,-0.492639,0.184824,-0.155899,63.666667
1915,0,0,-0.509992,-0.039829,-0.038229,63.833333
1915,0,1,-0.462704,-0.027061,-0.027460,63.833333
1915,0,2,-0.415569,-0.014679,-0.017192,63.833333
1915,0,3,-0.368320,-0.002539,-0.007671,63.833333
1915,0,4,-0.515601,0.002982,-0.063539,63.833333
1915,0,5,-0.467992,0.015147,-0.053788,63.833333
1915,0,6,-0.421266,0.027647,-0.043168,63.833333
1915,0,7,-0.374249,0.040220,-0.032864,63.833333
1915,0,8,-0.520746,0.045254,-0.089753,63.833333
1915,0,9,-0.474108,0.058242,-0.078187,63.833333
1915,0,10,-0.426794,0.070245,-0.068952,63.833333
1915,0,11,-0.379922,0.082910,-0.058053,63.833333
1915,0,14,-0.432885,0.113177,-0.093490,63.833333
1915,0,15,-0.385434,0.125443,-0.084087,63.833333
1915,0,18,-0.438467,0.155778,-0.118717,63.833333
1915,0,22,-0.444217,0.198482,-0.143551,63.833333
1920,0,0,-0.510885,-0.038421,-0.037496,64.000000
1920,0,1,-0.463578,-0.025801,-0.026959,64.000000
1920,0,2,-0.416528,-0.013462,-0.017376,64.000000
1920,0,3,-0.369224,-0.000880,-0.007066,64.000000
1920,0,6,-0.422448,0.029281,-0.042397,64.000000
1920,0,7,-0.375125,0.041379,-0.032527,64.000000
1920,0,11,-0.381166,0.084372,-0.057037,64.000000
1920,0,12,-0.528159,0.089568,-0.113347,64.000000
1920,0,15,-0.386534,0.126862,-0.083323,64.000000
1920,0,19,-0.392620,0.170142,-0.107078,64.000000
1925,0,3,-0.372083,0.006238,-0.000245,64.166667
1935,0,3,-0.367552,0.041685,-0.018758,64.500000
1940,0,0,-0.504576,0.017167,-0.085104,64.666667
1940,0,1,-0.457206,0.031241,-0.074473,64.666667
1940,0,2,-0.410128,0.044160,-0.065094,64.666667
1940,0,3,-0.363001,0.057820,-0.057117,64.666667
1940,0,4,-0.516162,0.065166,-0.094323,64.666667
1940,0,5,-0.469266,0.078456,-0.085124,64.666667
1945,0,0,-0.499976,0.031469,-0.106061,64.833333
1945,0,1,-0.451522,0.045419,-0.104196,64.833333
1945,0,6,-0.421497,0.106318,-0.084619,64.833333
1945,0,7,-0.374822,0.120202,-0.075115,64.833333
1945,0,11,-0.389171,0.168005,-0.072307,64.833333
1945,0,12,-0.540772,0.175278,-0.107243,64.833333
1945,0,15,-0.402736,0.216127,-0.071835,64.833333
1950,0,1,-0.445897,0.059701,-0.126222,65.000000
1950,0,6,-0.413376,0.119205,-0.108317,65.000000
1950,0,7,-0.366029,0.132697,-0.099744,65.000000
1950,0,10,-0.427661,0.167036,-0.102517,65.000000
1950,0,11,-0.380514,0.179682,-0.093216,65.000000
1950,0,12,-0.536934,0.187975,-0.112457,65.000000
1950,0,13,-0.488732,0.201207,-0.105363,65.000000
1950,0,14,-0.441547,0.214826,-0.095716,65.000000
1950,0,15,-0.394316,0.227079,-0.087625,65.000000
1950,0,17,-0.504234,0.248004,-0.094857,65.000000
1950,0,18,-0.455893,0.261837,-0.089547,65.000000
1950,0,19,-0.409120,0.274206,-0.077679,65.000000
1950,0,21,-0.517337,0.296014,-0.089586,65.000000
1950,0,22,-0.470368,0.308607,-0.078958,65.000000
1950,0,23,-0.422652,0.321880,-0.073667,65.000000
1955,0,12,-0.531210,0.206384,-0.115412,65.166667
1955,0,15,-0.390274,0.244369,-0.084074,65.166667
1955,0,16,-0.546019,0.253559,-0.105161,65.166667
1955,0,19,-0.406795,0.289668,-0.070529,65.166667
1955,0,20,-0.561003,0.299446,-0.093004,65.166667
1955,0,23,-0.419716,0.337375,-0.062246,65.166667
1960,0,0,-0.482531,0.096420,-0.165357,65.333333
1960,0,1,-0.435893,0.108423,-0.153747,65.333333
1960,0,2,-0.388527,0.120058,-0.142733,65.333333
1960,0,3,-0.341367,0.132497,-0.135536,65.333333
1960,0,4,-0.497207,0.143071,-0.150505,65.333333
1960,0,5,-0.450418,0.153918,-0.139619,65.333333
1960,0,6,-0.403489,0.166296,-0.128658,65.333333
1960,0,7,-0.356157,0.178150,-0.123581,65.333333
1960,0,8,-0.512159,0.187711,-0.133400,65.333333
1960,0,11,-0.370632,0.223819,-0.106910,65.333333
1960,0,12,-0.525829,0.234465,-0.121859,65.333333
1960,0,15,-0.385722,0.268987,-0.091644,65.333333
1960,0,17,-0.493369,0.291587,-0.097204,65.333333
1960,0,18,-0.446952,0.302199,-0.086947,65.333333
1960,0,19,-0.399925,0.314221,-0.076853,65.333333
1960,0,21,-0.508517,0.336309,-0.083950,65.333333
1960,0,22,-0.462886,0.346890,-0.068675,65.333333
1960,0,23,-0.414305,0.359927,-0.063838,65.333333
1965,0,0,-0.486186,0.111794,-0.173183,65.500000
1965,0,1,-0.438769,0.122954,-0.162788,65.500000
1965,0,2,-0.390991,0.133358,-0.149992,65.500000
1965,0,3,-0.343303,0.145747,-0.142788,65.500000
1965,0,6,-0.405031,0.180261,-0.138436,65.500000
1965,0,7,-0.357578,0.190402,-0.126323,65.500000
1965,0,11,-0.371896,0.236818,-0.112657,65.500000
1965,0,12,-0.527691,0.250141,-0.131777,65.500000
1965,0,15,-0.386139,0.282906,-0.098466,65.500000
1965,0,17,-0.493973,0.307400,-0.105524,65.500000
1965,0,18,-0.446755,0.317489,-0.095098,65.500000
1965,0,19,-0.399408,0.329054,-0.083831,65.500000
1965,0,21,-0.508095,0.352580,-0.090360,65.500000
1965,0,22,-0.460852,0.363418,-0.080405,65.500000
1965,0,23,-0.413376,0.374486,-0.069874,65.500000
1970,0,0,-0.490010,0.119102,-0.174488,65.666667
1970,0,1,-0.442506,0.129839,-0.162557,65.666667
1970,0,2,-0.395226,0.139602,-0.150661,65.666667
1970,0,3,-0.347716,0.150305,-0.141008,65.666667
1970,0,4,-0.503365,0.165485,-0.160161,65.666667
1970,0,5,-0.455962,0.175719,-0.149419,65.666667
1970,0,6,-0.408342,0.186129,-0.138096,65.666667
1970,0,7,-0.361124,0.196349,-0.127737,65.666667
1970,0,8,-0.516454,0.211425,-0.145940,65.666667
1970,0,9,-0.469078,0.221957,-0.135024,65.666667
1970,0,10,-0.421765,0.232135,-0.124151,65.666667
1970,0,11,-0.374444,0.242338,-0.113646,65.666667
1970,0,12,-0.529568,0.258065,-0.133729,65.666667
1970,0,13,-0.482379,0.267914,-0.121037,65.666667
1970,0,14,-0.435040,0.278262,-0.109981,65.666667
1970,0,15,-0.387753,0.288581,-0.099692,65.666667
1970,0,16,-0.542764,0.303764,-0.120487,65.666667
1970,0,17,-0.495639,0.313896,-0.107341,65.666667
1970,0,18,-0.448204,0.324182,-0.096447,65.666667
1970,0,19,-0.400616,0.335182,-0.085960,65.666667
1970,0,20,-0.556226,0.349992,-0.105662,65.666667
1970,0,21,-0.508593,0.359904,-0.094819,65.666667
1970,0,22,-0.461552,0.370142,-0.082115,65.666667
1970,0,23,-0.414361,0.380510,-0.070601,65.666667
1975,0,0,-0.490494,0.118624,-0.175966,65.833333
1975,0,1,-0.443146,0.128619,-0.163824,65.833333
1975,0,2,-0.395537,0.138675,-0.151755,65.833333
1975,0,3,-0.347733,0.149257,-0.142310,65.833333
1975,0,4,-0.503169,0.165359,-0.162211,65.833333
1975,0,5,-0.456033,0.175021,-0.150863,65.833333
1975,0,6,-0.408421,0.185266,-0.139480,65.833333
1975,0,7,-0.361261,0.195228,-0.128602,65.833333
1975,0,8,-0.516592,0.211083,-0.149005,65.833333
1975,0,9,-0.469203,0.221164,-0.136808,65.833333
1975,0,10,-0.421761,0.231222,-0.125466,65.833333
1975,0,11,-0.373922,0.241864,-0.115086,65.833333
1975,0,12,-0.529545,0.257424,-0.135156,65.833333
1975,0,13,-0.481753,0.267383,-0.124869,65.833333
1975,0,14,-0.434644,0.277618,-0.112440,65.833333
1975,0,15,-0.387069,0.287737,-0.101771,65.833333
1975,0,16,-0.542399,0.303731,-0.122473,65.833333
1975,0,17,-0.495192,0.313492,-0.109195,65.833333
1975,0,18,-0.447622,0.323640,-0.098836,65.833333
1975,0,19,-0.400189,0.334141,-0.087354,65.833333
1975,0,20,-0.555786,0.349929,-0.107793,65.833333
1975,0,21,-0.508091,0.359839,-0.097028,65.833333
1975,0,22,-0.460804,0.370082,-0.084311,65.833333
1975,0,23,-0.413021,0.380248,-0.075010,65.833333
1980,0,0,-0.490160,0.112659,-0.174606,66.000000
1980,0,1,-0.442146,0.123216,-0.164204,66.000000
1980,0,2,-0.394587,0.132525,-0.156285,66.000000
1980,0,3,-0.346709,0.142566,-0.144970,66.000000
1980,0,4,-0.502464,0.159768,-0.162401,66.000000
1980,0,5,-0.454877,0.169380,-0.151768,66.000000
1980,0,6,-0.406895,0.179309,-0.141975,66.000000
1980,0,7,-0.358774,0.188747,-0.131078,66.000000
1980,0,8,-0.515094,0.205881,-0.148852,66.000000
1980,0,9,-0.467361,0.215926,-0.139113,66.000000
1980,0,10,-0.419193,0.225590,-0.130889,66.000000
1980,0,11,-0.371817,0.235933,-0.118835,66.000000
1980,0,14,-0.432364,0.271976,-0.115356,66.000000
1980,0,15,-0.384589,0.282626,-0.107475,66.000000
1980,0,18,-0.444772,0.318592,-0.102338,66.000000
1980,0,19,-0.396680,0.329365,-0.093581,66.000000
1980,0,20,-0.552548,0.345838,-0.111889,66.000000
1980,0,21,-0.504798,0.355484,-0.101709,66.000000
1980,0,22,-0.457322,0.365353,-0.090221,66.000000
1980,0,23,-0.409129,0.375774,-0.081404,66.000000
1985,0,0,-0.491194,0.104434,-0.167606,66.166667
1985,0,4,-0.502930,0.151751,-0.156822,66.166667
1985,0,8,-0.514597,0.199566,-0.147245,66.166667
1985,0,9,-0.465795,0.209358,-0.139055,66.166667
1985,0,10,-0.418104,0.218314,-0.128831,66.166667
1985,0,11,-0.369846,0.228583,-0.120338,66.166667
1985,0,12,-0.525348,0.246937,-0.137426,66.166667
1985,0,13,-0.477382,0.256087,-0.128555,66.166667
1985,0,14,-0.429368,0.266327,-0.119568,66.166667
1985,0,15,-0.381603,0.275518,-0.111330,66.166667
1985,0,16,-0.536983,0.294370,-0.128117,66.166667
1985,0,17,-0.488841,0.303921,-0.118310,66.166667
1985,0,18,-0.441228,0.313187,-0.108114,66.166667
1985,0,19,-0.393161,0.322488,-0.099708,66.166667
1985,0,20,-0.548357,0.341878,-0.117725,66.166667
1985,0,21,-0.500522,0.351200,-0.107352,66.166667
1990,0,0,-0.492502,0.089844,-0.163649,66.333333
1990,0,3,-0.344975,0.114945,-0.153370,66.333333
2010,0,1,-0.442149,-0.001353,-0.108322,67.000000
2010,0,2,-0.392890,0.007918,-0.100777,67.000000
2010,0,3,-0.344874,0.017400,-0.095100,67.000000
2010,0,6,-0.399319,0.054064,-0.120830,67.000000
2010,0,7,-0.350210,0.062855,-0.115802,67.000000
2010,0,11,-0.356919,0.109186,-0.134460,67.000000
2015,0,0,-0.489634,-0.012707,-0.104928,67.166667
2015,0,1,-0.440925,-0.003438,-0.096966,67.166667
2015,0,2,-0.392319,0.005292,-0.090861,67.166667
2015,0,3,-0.343899,0.014111,-0.084539,67.166667
2015,0,4,-0.494722,0.031262,-0.127670,67.166667
2015,0,5,-0.446005,0.040193,-0.121054,67.166667
2015,0,6,-0.397557,0.049076,-0.114636,67.166667
2015,0,7,-0.348782,0.058168,-0.107381,67.166667
2015,0,8,-0.498469,0.074297,-0.154743,67.166667
2015,0,9,-0.451169,0.084044,-0.144208,67.166667
2015,0,10,-0.401773,0.092474,-0.140631,67.166667
2020,0,10,-0.402190,0.092936,-0.140614,67.333333
2020,0,11,-0.353758,0.101012,-0.132564,67.333333
2020,0,12,-0.502812,0.117568,-0.179924,67.333333
2020,0,13,-0.454387,0.125269,-0.175419,67.333333
2055,0,11,-0.339937,0.100640,-0.137139,68.500000
2060,0,2,-0.370204,0.000828,-0.082710,68.666667
2060,0,3,-0.321754,0.010965,-0.078384,68.666667
2060,0,5,-0.425671,0.032874,-0.113269,68.666667
2060,0,6,-0.376935,0.043515,-0.108847,68.666667
2060,0,7,-0.328307,0.053639,-0.103954,68.666667
2060,0,8,-0.480373,0.064599,-0.144934,68.666667
2060,0,9,-0.431971,0.075748,-0.138733,68.666667
2060,0,10,-0.383951,0.085838,-0.134353,68.666667
2060,0,11,-0.335188,0.096933,-0.128983,68.666667
2060,0,12,-0.487125,0.106913,-0.168433,68.666667
2060,0,13,-0.437353,0.117192,-0.166228,68.666667
2065,0,2,-0.361175,0.000685,-0.087030,68.833333
2070,0,0,-0.441779,-0.006573,-0.115030,69.000000
2070,0,1,-0.394700,0.004725,-0.102542,69.000000
2080,0,0,-0.435232,0.023135,-0.115218,69.333333
2080,0,1,-0.387731,0.031703,-0.103286,69.333333
2080,0,2,-0.339841,0.039936,-0.094686,69.333333
2080,0,3,-0.291451,0.048822,-0.083815,69.333333
2080,0,4,-0.443506,0.072522,-0.117795,69.333333
2080,0,5,-0.395975,0.081008,-0.107449,69.333333
2080,0,6,-0.347961,0.089356,-0.096116,69.333333
2080,0,7,-0.300210,0.097876,-0.085230,69.333333
2080,0,8,-0.451556,0.121641,-0.121922,69.333333
2080,0,9,-0.403919,0.130315,-0.110476,69.333333
2080,0,10,-0.356063,0.138618,-0.099543,69.333333
2080,0,11,-0.308002,0.147586,-0.088713,69.333333
2080,0,12,-0.459496,0.171160,-0.124036,69.333333
2080,0,13,-0.411872,0.179352,-0.112660,69.333333
2080,0,14,-0.364532,0.187787,-0.102186,69.333333
2080,0,15,-0.316644,0.196733,-0.091182,69.333333
2080,0,16,-0.467731,0.220077,-0.127789,69.333333
2080,0,17,-0.420353,0.228563,-0.114587,69.333333
2080,0,18,-0.372300,0.237090,-0.104235,69.333333
2080,0,19,-0.324534,0.246278,-0.094511,69.333333
2080,0,20,-0.475808,0.269825,-0.129375,69.333333
2080,0,21,-0.428353,0.277926,-0.118895,69.333333
2080,0,22,-0.380671,0.286705,-0.107518,69.333333
2080,0,23,-0.332701,0.295108,-0.096595,69.333333
2085,0,0,-0.434984,0.023309,-0.117066,69.500000
2085,0,1,-0.386293,0.031231,-0.106935,69.500000
2085,0,2,-0.338154,0.038010,-0.097167,69.500000
2085,0,3,-0.290182,0.045713,-0.086915,69.500000
2085,0,4,-0.441970,0.072832,-0.118355,69.500000
2085,0,5,-0.394200,0.080286,-0.107592,69.500000
2085,0,6,-0.345667,0.087629,-0.099148,69.500000
2085,0,7,-0.297479,0.095103,-0.089142,69.500000
2085,0,8,-0.449252,0.121697,-0.122402,69.500000
2085,0,9,-0.401376,0.129468,-0.110993,69.500000
2085,0,10,-0.353079,0.137003,-0.100960,69.500000
2085,0,11,-0.304922,0.144499,-0.091297,69.500000
2085,0,12,-0.456955,0.171104,-0.123770,69.500000
2085,0,13,-0.408559,0.178654,-0.113487,69.500000
2085,0,14,-0.360555,0.186439,-0.103828,69.500000
2085,0,15,-0.312342,0.193993,-0.094318,69.500000
2085,0,16,-0.464336,0.220587,-0.126330,69.500000
2085,0,17,-0.416098,0.228039,-0.115228,69.500000
2085,0,18,-0.367667,0.235428,-0.106634,69.500000
2085,0,19,-0.319526,0.243238,-0.096320,69.500000
2085,0,20,-0.471132,0.270216,-0.127781,69.500000
2085,0,21,-0.423459,0.277348,-0.118064,69.500000
2085,0,22,-0.374919,0.285259,-0.108394,69.500000
2085,0,23,-0.326415,0.292228,-0.096642,69.500000
2090,0,0,-0.435086,0.019638,-0.117497,69.666667
2090,0,1,-0.386335,0.026462,-0.106198,69.666667
2090,0,2,-0.338114,0.032885,-0.098908,69.666667
2090,0,3,-0.289034,0.039370,-0.089645,69.666667
2090,0,4,-0.441416,0.069242,-0.116120,69.666667
2090,0,5,-0.392806,0.075700,-0.110688,69.666667
2090,0,6,-0.344199,0.082289,-0.098778,69.666667
2090,0,7,-0.295494,0.088840,-0.093165,69.666667
2090,0,8,-0.448119,0.118517,-0.119954,69.666667
2090,0,9,-0.399472,0.124686,-0.109691,69.666667
2090,0,10,-0.350905,0.131278,-0.099914,69.666667
2090,0,11,-0.302233,0.138324,-0.092057,69.666667
2090,0,12,-0.454228,0.167618,-0.120485,69.666667
2090,0,13,-0.405380,0.174012,-0.110557,69.666667
2090,0,14,-0.357531,0.180699,-0.101092,69.666667
2090,0,15,-0.309031,0.187646,-0.093341,69.666667
2090,0,16,-0.460434,0.216984,-0.122270,69.666667
2090,0,17,-0.412139,0.223800,-0.112820,69.666667
2090,0,18,-0.363606,0.230304,-0.103739,69.666667
2090,0,19,-0.314753,0.237388,-0.095208,69.666667
2090,0,20,-0.467167,0.266593,-0.123745,69.666667
2090,0,21,-0.418549,0.273153,-0.115405,69.666667
2090,0,22,-0.369995,0.279780,-0.105049,69.666667
2090,0,23,-0.321390,0.286865,-0.098323,69.666667
2095,0,0,-0.434313,0.013700,-0.109253,69.833333
2095,0,1,-0.385558,0.019604,-0.099754,69.833333
2095,0,2,-0.336916,0.025315,-0.088598,69.833333
2095,0,3,-0.287660,0.031367,-0.081579,69.833333
2095,0,4,-0.440254,0.063597,-0.108167,69.833333
2095,0,5,-0.391129,0.068930,-0.099991,69.833333
2095,0,6,-0.342590,0.074992,-0.090565,69.833333
2095,0,7,-0.293936,0.080346,-0.079695,69.833333
2095,0,8,-0.446198,0.113112,-0.108531,69.833333
2095,0,9,-0.396947,0.119434,-0.099485,69.833333
2095,0,10,-0.348680,0.124362,-0.088194,69.833333
2095,0,11,-0.300197,0.130158,-0.080428,69.833333
2095,0,12,-0.451949,0.162551,-0.107562,69.833333
2095,0,13,-0.402813,0.168171,-0.101031,69.833333
2095,0,14,-0.354750,0.174294,-0.089478,69.833333
2095,0,15,-0.305801,0.179902,-0.082074,69.833333
2095,0,16,-0.457604,0.212308,-0.110921,69.833333
2095,0,17,-0.409240,0.217864,-0.098169,69.833333
2095,0,18,-0.360540,0.223962,-0.091825,69.833333
2095,0,19,-0.311735,0.230086,-0.080963,69.833333
2095,0,20,-0.463464,0.262053,-0.107540,69.833333
2095,0,21,-0.415057,0.267623,-0.098585,69.833333
2095,0,22,-0.366476,0.273671,-0.088540,69.833333
2095,0,23,-0.317593,0.279187,-0.081249,69.833333
2100,0,0,-0.431033,0.012374,-0.088558,70.000000
2100,0,1,-0.382903,0.019333,-0.080075,70.000000
2100,0,2,-0.334385,0.025671,-0.070017,70.000000
2100,0,3,-0.285482,0.032775,-0.062327,70.000000
2100,0,4,-0.438036,0.062148,-0.090879,70.000000
2100,0,5,-0.389492,0.068485,-0.081475,70.000000
2100,0,6,-0.341134,0.075488,-0.071956,70.000000
2100,0,7,-0.292785,0.082004,-0.064264,70.000000
2100,0,8,-0.444741,0.111603,-0.090924,70.000000
2100,0,9,-0.396380,0.118214,-0.082162,70.000000
2100,0,10,-0.348298,0.124995,-0.073337,70.000000
2100,0,11,-0.299351,0.131584,-0.063404,70.000000
2100,0,12,-0.451570,0.161109,-0.092057,70.000000
2100,0,13,-0.403228,0.167643,-0.082908,70.000000
2100,0,14,-0.354654,0.174399,-0.073242,70.000000
2100,0,15,-0.305937,0.180976,-0.065696,70.000000
2100,0,16,-0.457812,0.210442,-0.094302,70.000000
2100,0,17,-0.409973,0.217023,-0.082548,70.000000
2100,0,18,-0.361118,0.223612,-0.074541,70.000000
2100,0,19,-0.312959,0.230613,-0.064450,70.000000
2100,0,20,-0.464720,0.260071,-0.093342,70.000000
2100,0,21,-0.416515,0.266593,-0.083619,70.000000
2100,0,22,-0.368107,0.273539,-0.074713,70.000000
2100,0,23,-0.319609,0.280240,-0.066250,70.000000
2105,0,0,-0.428880,0.013918,-0.078322,70.166667
2105,0,1,-0.380583,0.021472,-0.069317,70.166667
2105,0,2,-0.332420,0.028780,-0.060350,70.166667
2105,0,3,-0.283684,0.036184,-0.050016,70.166667
2105,0,4,-0.436422,0.063486,-0.078292,70.166667
2105,0,5,-0.388361,0.070806,-0.069147,70.166667
2105,0,6,-0.339671,0.078312,-0.059891,70.166667
2105,0,7,-0.291147,0.085244,-0.050257,70.166667
2105,0,8,-0.443817,0.112769,-0.079332,70.166667
2105,0,9,-0.395455,0.120308,-0.069916,70.166667
2105,0,10,-0.347179,0.127501,-0.060341,70.166667
2105,0,11,-0.298730,0.135149,-0.051268,70.166667
2105,0,12,-0.451297,0.162169,-0.079018,70.166667
2105,0,13,-0.403113,0.169531,-0.071723,70.166667
2105,0,14,-0.354843,0.176640,-0.059933,70.166667
2105,0,15,-0.306588,0.184188,-0.050223,70.166667
2105,0,16,-0.458618,0.211493,-0.081320,70.166667
2105,0,17,-0.410525,0.218976,-0.070390,70.166667
2105,0,18,-0.362115,0.226108,-0.061052,70.166667
2105,0,19,-0.313813,0.234032,-0.052131,70.166667
2105,0,20,-0.465968,0.261260,-0.081281,70.166667
2105,0,21,-0.417551,0.268249,-0.073345,70.166667
2105,0,22,-0.369668,0.275818,-0.061513,70.166667
2105,0,23,-0.321378,0.283253,-0.053127,70.166667
2110,0,0,-0.428259,0.014135,-0.073785,70.333333
2110,0,1,-0.379895,0.020962,-0.064529,70.333333
2110,0,2,-0.331816,0.028468,-0.054528,70.333333
2110,0,3,-0.282478,0.035303,-0.047659,70.333333
2110,0,4,-0.435297,0.063626,-0.074907,70.333333
2110,0,5,-0.386823,0.070467,-0.066084,70.333333
2110,0,6,-0.338232,0.077982,-0.056580,70.333333
2110,0,7,-0.290098,0.084648,-0.046164,70.333333
2110,0,8,-0.442392,0.112963,-0.076638,70.333333
2110,0,9,-0.394281,0.119852,-0.066051,70.333333
2110,0,10,-0.345374,0.127000,-0.057042,70.333333
2110,0,11,-0.296995,0.134401,-0.048281,70.333333
2110,0,12,-0.449818,0.162463,-0.075716,70.333333
2110,0,13,-0.401254,0.169389,-0.067689,70.333333
2110,0,14,-0.352911,0.176852,-0.058001,70.333333
2110,0,15,-0.304535,0.184079,-0.049318,70.333333
2110,0,16,-0.456939,0.212061,-0.076787,70.333333
2110,0,17,-0.408405,0.219179,-0.067778,70.333333
2110,0,18,-0.360340,0.226238,-0.058777,70.333333
2110,0,19,-0.311410,0.233684,-0.050473,70.333333
2110,0,20,-0.463822,0.261578,-0.077811,70.333333
2110,0,21,-0.415642,0.268631,-0.069119,70.333333
2110,0,22,-0.367279,0.275886,-0.059893,70.333333
2110,0,23,-0.318243,0.282813,-0.051387,70.333333
2115,0,0,-0.430467,0.013679,-0.074716,70.500000
2115,0,1,-0.381266,0.019945,-0.065963,70.500000
2115,0,2,-0.332606,0.026034,-0.056834,70.500000
2115,0,3,-0.283767,0.032076,-0.049464,70.500000
2115,0,4,-0.436215,0.063178,-0.074888,70.500000
2115,0,5,-0.387343,0.069258,-0.067116,70.500000
2115,0,6,-0.338589,0.075641,-0.058937,70.500000
2115,0,7,-0.289844,0.081679,-0.050512,70.500000
2115,0,8,-0.442227,0.112399,-0.077490,70.500000
2115,0,9,-0.393723,0.118907,-0.067617,70.500000
2115,0,10,-0.344782,0.124825,-0.060765,70.500000
2115,0,11,-0.296092,0.131558,-0.051576,70.500000
2115,0,12,-0.448461,0.162307,-0.077696,70.500000
2115,0,13,-0.399992,0.168399,-0.068664,70.500000
2115,0,14,-0.351447,0.174731,-0.059854,70.500000
2115,0,15,-0.302584,0.180999,-0.053229,70.500000
2115,0,16,-0.455037,0.211682,-0.078045,70.500000
2115,0,17,-0.406259,0.218197,-0.068927,70.500000
2115,0,18,-0.357941,0.224327,-0.059775,70.500000
2115,0,19,-0.308879,0.230864,-0.053046,70.500000
2115,0,20,-0.461148,0.261590,-0.079044,70.500000
2115,0,21,-0.412662,0.267499,-0.069753,70.500000
2115,0,22,-0.363941,0.274314,-0.061471,70.500000
2115,0,23,-0.315253,0.280324,-0.053939,70.500000
2120,0,0,-0.428065,0.011674,-0.078750,70.666667
2120,0,1,-0.380123,0.018304,-0.068204,70.666667
2120,0,2,-0.331869,0.024570,-0.056617,70.666667
2120,0,3,-0.283157,0.030964,-0.049263,70.666667
2120,0,4,-0.434499,0.061761,-0.080385,70.666667
2120,0,5,-0.386375,0.067772,-0.068976,70.666667
2120,0,6,-0.337896,0.074189,-0.059697,70.666667
2120,0,7,-0.289200,0.080237,-0.050051,70.666667
2120,0,8,-0.440291,0.110538,-0.083534,70.666667
2120,0,9,-0.392560,0.117531,-0.070776,70.666667
2120,0,10,-0.344003,0.123382,-0.060859,70.666667
2120,0,11,-0.296105,0.129836,-0.049471,70.666667
2120,0,12,-0.446970,0.160311,-0.082390,70.666667
2120,0,13,-0.398807,0.166850,-0.072997,70.666667
2120,0,14,-0.350607,0.173288,-0.061178,70.666667
2120,0,15,-0.301761,0.179292,-0.052177,70.666667
2120,0,16,-0.452915,0.209784,-0.085095,70.666667
2120,0,17,-0.405035,0.216355,-0.072478,70.666667
2120,0,18,-0.356603,0.222552,-0.062228,70.666667
2120,0,19,-0.308397,0.229432,-0.051558,70.666667
2120,0,20,-0.459398,0.259570,-0.084599,70.666667
2120,0,21,-0.411118,0.265658,-0.073935,70.666667
2120,0,22,-0.363181,0.272242,-0.062401,70.666667
2120,0,23,-0.314918,0.278514,-0.051769,70.666667
2125,0,0,-0.415873,0.010079,-0.094593,70.833333
2125,0,1,-0.368124,0.017165,-0.081565,70.833333
2125,0,2,-0.320537,0.023914,-0.069801,70.833333
2125,0,6,-0.326760,0.073552,-0.070841,70.833333
2125,0,11,-0.281642,0.128345,-0.068836,70.833333
2125,0,15,-0.285704,0.177624,-0.076253,70.833333
2130,0,1,-0.357093,0.024009,-0.072244,71.000000
2130,0,2,-0.307992,0.030345,-0.060345,71.000000
2160,0,12,-0.234026,0.178181,-0.099716,72.000000
2160,0,13,-0.196041,0.187168,-0.067441,72.000000
2160,0,14,-0.157147,0.195741,-0.037525,72.000000
2160,0,15,-0.118340,0.204853,-0.006349,72.000000
2160,0,17,-0.199796,0.236706,-0.077199,72.000000
2160,0,18,-0.161932,0.245337,-0.045614,72.000000
2160,0,19,-0.122652,0.254391,-0.014924,72.000000
2160,0,21,-0.204407,0.285458,-0.085564,72.000000
2160,0,22,-0.165979,0.294027,-0.054099,72.000000
2160,0,23,-0.127443,0.303462,-0.023466,72.000000
2175,0,6,-0.094608,0.102140,0.014528,72.500000
2175,0,11,-0.065260,0.161683,0.041176,72.500000
2175,0,12,-0.172870,0.180410,-0.073897,72.500000
2175,0,15,-0.071239,0.210405,0.031959,72.500000
2175,0,16,-0.178515,0.229320,-0.082902,72.500000
2175,0,17,-0.144602,0.238750,-0.047567,72.500000
2175,0,18,-0.110419,0.249231,-0.012622,72.500000
2175,0,19,-0.075655,0.258976,0.021474,72.500000
2175,0,20,-0.183517,0.278400,-0.091495,72.500000
2175,0,21,-0.149255,0.288022,-0.056743,72.500000
2175,0,22,-0.115921,0.297839,-0.020968,72.500000
2175,0,23,-0.081212,0.308108,0.013260,72.500000
2180,0,6,-0.100573,0.097075,-0.013315,72.666667
2180,0,11,-0.070466,0.153456,0.016929,72.666667
2180,0,12,-0.180458,0.177852,-0.088335,72.666667
2180,0,15,-0.074052,0.203201,0.013380,72.666667
2180,0,16,-0.184864,0.227276,-0.098023,72.666667
2180,0,17,-0.149371,0.236317,-0.062301,72.666667
2180,0,18,-0.114876,0.244353,-0.028251,72.666667
2180,0,19,-0.078678,0.253188,0.006448,72.666667
2180,0,22,-0.119180,0.293717,-0.035513,72.666667
2180,0,23,-0.083734,0.302623,-0.003193,72.666667
2185,0,0,-0.158730,0.029360,-0.063137,72.833333
2185,0,1,-0.127948,0.038862,-0.025708,72.833333
2185,0,2,-0.099915,0.047484,0.015337,72.833333
2185,0,3,-0.069679,0.057107,0.054036,72.833333
2185,0,4,-0.160574,0.078193,-0.074957,72.833333
2185,0,5,-0.131506,0.087509,-0.035259,72.833333
2185,0,6,-0.103083,0.096581,0.005637,72.833333
2185,0,7,-0.072397,0.105570,0.044429,72.833333
2185,0,8,-0.160921,0.125957,-0.085913,72.833333
2185,0,11,-0.074171,0.154326,0.034211,72.833333
2185,0,12,-0.164648,0.176338,-0.095640,72.833333
2185,0,15,-0.076987,0.202812,0.025222,72.833333
2185,0,16,-0.166534,0.225401,-0.107549,72.833333
2185,0,17,-0.137648,0.234613,-0.065577,72.833333
2185,0,18,-0.108982,0.243335,-0.024945,72.833333
2185,0,19,-0.079177,0.252178,0.014956,72.833333
2185,0,20,-0.169712,0.274061,-0.114830,72.833333
2185,0,21,-0.139040,0.282953,-0.076371,72.833333
2185,0,22,-0.110607,0.293115,-0.034460,72.833333
2185,0,23,-0.081267,0.301125,0.004444,72.833333
2190,0,3,-0.076433,0.056877,0.033593,73.000000
2190,0,23,-0.085728,0.301923,-0.017522,73.000000
2195,0,3,-0.079343,0.046174,0.008537,73.166667
2195,0,12,-0.178942,0.170566,-0.128607,73.166667
2195,0,15,-0.085113,0.193761,-0.014853,73.166667
2195,0,16,-0.180711,0.219410,-0.135166,73.166667
2195,0,19,-0.087357,0.244583,-0.022418,73.166667
2195,0,20,-0.182964,0.270149,-0.145876,73.166667
2195,0,23,-0.090202,0.293382,-0.032005,73.166667
2200,0,0,-0.178724,0.018507,-0.110170,73.333333
2200,0,1,-0.147372,0.025553,-0.071668,73.333333
2200,0,2,-0.116141,0.031962,-0.034001,73.333333
2200,0,3,-0.084349,0.039193,0.004685,73.333333
2200,0,4,-0.180258,0.067955,-0.118115,73.333333
2200,0,5,-0.149011,0.074613,-0.079537,73.333333
2200,0,6,-0.117364,0.082096,-0.040668,73.333333
2200,0,7,-0.086440,0.088106,-0.002234,73.333333
2200,0,8,-0.180815,0.117215,-0.127249,73.333333
2200,0,9,-0.150485,0.124149,-0.087487,73.333333
2200,0,10,-0.118465,0.130513,-0.049927,73.333333
2200,0,11,-0.087508,0.137382,-0.011273,73.333333
2200,0,12,-0.183156,0.167027,-0.133536,73.333333
2200,0,13,-0.152244,0.173670,-0.094963,73.333333
2200,0,14,-0.120607,0.180318,-0.056980,73.333333
2200,0,15,-0.089702,0.187208,-0.018476,73.333333
2200,0,16,-0.184528,0.216463,-0.142047,73.333333
2200,0,17,-0.153441,0.223302,-0.103114,73.333333
2200,0,18,-0.122259,0.229952,-0.064386,73.333333
2200,0,19,-0.090281,0.237046,-0.026240,73.333333
2200,0,20,-0.186285,0.265784,-0.149173,73.333333
2200,0,21,-0.154609,0.272720,-0.111706,73.333333
2200,0,22,-0.123640,0.279523,-0.072451,73.333333
2200,0,23,-0.091823,0.286158,-0.034414,73.333333
2205,0,0,-0.181514,0.016534,-0.111408,73.500000
2205,0,1,-0.150231,0.023286,-0.073253,73.500000
2205,0,2,-0.119263,0.029712,-0.035047,73.500000
2205,0,3,-0.089076,0.037376,0.004726,73.500000
2205,0,4,-0.182292,0.065554,-0.119946,73.500000
2205,0,5,-0.152503,0.072860,-0.080060,73.500000
2205,0,6,-0.120992,0.079458,-0.042111,73.500000
2205,0,7,-0.090250,0.086350,-0.003385,73.500000
2205,0,8,-0.181765,0.114345,-0.130521,73.500000
2205,0,9,-0.152451,0.121827,-0.089981,73.500000
2205,0,10,-0.121801,0.128680,-0.050875,73.500000
2205,0,11,-0.091295,0.136284,-0.011174,73.500000
2205,0,12,-0.183836,0.164880,-0.136798,73.500000
2205,0,13,-0.153136,0.171139,-0.098625,73.500000
2205,0,14,-0.123111,0.178278,-0.058818,73.500000
2205,0,15,-0.093047,0.185281,-0.019557,73.500000
2205,0,17,-0.155146,0.220831,-0.105475,73.500000
2205,0,18,-0.124668,0.227874,-0.066620,73.500000
2205,0,19,-0.093642,0.234753,-0.027869,73.500000
2205,0,21,-0.155122,0.269900,-0.115748,73.500000
2205,0,22,-0.125547,0.277215,-0.075012,73.500000
2205,0,23,-0.094663,0.284141,-0.036279,73.500000
2210,0,0,-0.179347,0.018133,-0.107610,73.666667
2210,0,1,-0.149583,0.025071,-0.067812,73.666667
2210,0,2,-0.121485,0.032142,-0.027127,73.666667
2210,0,3,-0.091698,0.039435,0.012316,73.666667
2210,0,4,-0.178912,0.066960,-0.116873,73.666667
2210,0,5,-0.150393,0.074411,-0.076107,73.666667
2210,0,6,-0.121023,0.081568,-0.036417,73.666667
2210,0,7,-0.091411,0.088197,0.002810,73.666667
2210,0,8,-0.178288,0.115929,-0.126655,73.666667
2210,0,9,-0.150146,0.123582,-0.085362,73.666667
2210,0,10,-0.121319,0.130742,-0.045063,73.666667
2210,0,11,-0.092313,0.138019,-0.004570,73.666667
2210,0,12,-0.179047,0.165861,-0.134396,73.666667
2210,0,13,-0.149365,0.172362,-0.095130,73.666667
2210,0,14,-0.121552,0.180061,-0.053739,73.666667
2210,0,15,-0.092920,0.187228,-0.013340,73.666667
2210,0,16,-0.178953,0.214995,-0.144101,73.666667
2210,0,17,-0.150708,0.222505,-0.102772,73.666667
2210,0,18,-0.121486,0.229134,-0.063171,73.666667
2210,0,19,-0.092445,0.236692,-0.022445,73.666667
2210,0,20,-0.179496,0.264257,-0.152332,73.666667
2210,0,21,-0.150031,0.271338,-0.112870,73.666667
2210,0,22,-0.121932,0.278703,-0.071372,73.666667
2210,0,23,-0.092225,0.285733,-0.032017,73.666667
2220,0,0,-0.159618,0.013105,-0.095884,74.000000
2220,0,1,-0.130509,0.020189,-0.055852,74.000000
2220,0,2,-0.101923,0.027684,-0.015877,74.000000
2220,0,3,-0.073433,0.036227,0.025296,74.000000
2220,0,4,-0.159734,0.062109,-0.104990,74.000000
2220,0,5,-0.132673,0.069764,-0.063793,74.000000
2220,0,6,-0.103319,0.077209,-0.024126,74.000000
2220,0,7,-0.074352,0.084601,0.015508,74.000000
2220,0,8,-0.160363,0.110613,-0.115514,74.000000
2220,0,9,-0.132682,0.118640,-0.073757,74.000000
2220,0,10,-0.104727,0.126412,-0.033253,74.000000
2220,0,11,-0.075742,0.134094,0.007070,74.000000
2220,0,12,-0.162332,0.160266,-0.122703,74.000000
2220,0,13,-0.133713,0.167822,-0.082763,74.000000
2220,0,14,-0.105862,0.175659,-0.041831,74.000000
2220,0,15,-0.078045,0.183362,-0.000560,74.000000
2220,0,16,-0.163327,0.209510,-0.131346,74.000000
2220,0,17,-0.135446,0.217396,-0.090804,74.000000
2220,0,18,-0.106967,0.225052,-0.050544,74.000000
2220,0,19,-0.078320,0.232654,-0.010569,74.000000
2220,0,20,-0.164500,0.259378,-0.139862,74.000000
2220,0,21,-0.135842,0.266423,-0.100331,74.000000
2220,0,22,-0.108160,0.274700,-0.058809,74.000000
2220,0,23,-0.079664,0.282183,-0.018732,74.000000
2225,0,0,-0.161377,0.014948,-0.094065,74.166667
2225,0,1,-0.131970,0.022474,-0.054562,74.166667
2225,0,2,-0.103448,0.029578,-0.014496,74.166667
2225,0,3,-0.075734,0.037848,0.026183,74.166667
2225,0,4,-0.161289,0.063919,-0.103817,74.166667
2225,0,5,-0.133857,0.071608,-0.062584,74.166667
2225,0,6,-0.104979,0.079390,-0.022875,74.166667
2225,0,7,-0.075456,0.086783,0.015733,74.166667
2225,0,8,-0.161444,0.112635,-0.114027,74.166667
2225,0,9,-0.134172,0.120911,-0.072297,74.166667
2225,0,10,-0.105884,0.128592,-0.032318,74.166667
2225,0,11,-0.077561,0.136428,0.008201,74.166667
2225,0,12,-0.163081,0.162367,-0.121994,74.166667
2225,0,13,-0.134762,0.169997,-0.082044,74.166667
2225,0,14,-0.106946,0.178052,-0.040719,74.166667
2225,0,15,-0.078648,0.185607,-0.000656,74.166667
2225,0,16,-0.163884,0.211325,-0.131466,74.166667
2225,0,17,-0.136511,0.219293,-0.090129,74.166667
2225,0,18,-0.107838,0.227133,-0.050168,74.166667
2225,0,19,-0.079595,0.235234,-0.009265,74.166667
2225,0,20,-0.165067,0.260848,-0.139913,74.166667
2225,0,21,-0.136679,0.268397,-0.099926,74.166667
2225,0,22,-0.108963,0.276744,-0.058472,74.166667
2225,0,23,-0.081034,0.284339,-0.017975,74.166667
2230,0,1,-0.137095,0.023505,-0.052630,74.333333
2230,0,2,-0.106800,0.030736,-0.014272,74.333333
2230,0,3,-0.077655,0.039415,0.026237,74.333333
2230,0,6,-0.109099,0.080371,-0.022129,74.333333
2230,0,7,-0.078994,0.087965,0.016853,74.333333
2230,0,10,-0.109864,0.129477,-0.031561,74.333333
2230,0,11,-0.080817,0.137719,0.009065,74.333333
2230,0,14,-0.111614,0.179210,-0.039244,74.333333
2230,0,15,-0.082353,0.186564,-0.000113,74.333333
2230,0,19,-0.083853,0.236005,-0.008387,74.333333
2235,0,23,-0.093775,0.277548,-0.017133,74.500000
2240,0,0,-0.184434,0.014299,-0.090516,74.666667
2240,0,1,-0.151786,0.020564,-0.053390,74.666667
2240,0,2,-0.119658,0.026864,-0.015175,74.666667
2240,0,3,-0.086468,0.033893,0.021605,74.666667
2240,0,4,-0.185397,0.063444,-0.098793,74.666667
2240,0,5,-0.153879,0.070227,-0.060177,74.666667
2240,0,6,-0.120994,0.076006,-0.023689,74.666667
2240,0,7,-0.088325,0.082684,0.014592,74.666667
2240,0,8,-0.186290,0.112747,-0.107705,74.666667
2240,0,9,-0.154727,0.119587,-0.068418,74.666667
2240,0,10,-0.122077,0.125873,-0.031026,74.666667
2240,0,11,-0.089840,0.132510,0.007017,74.666667
2240,0,12,-0.188370,0.162692,-0.113416,74.666667
2240,0,13,-0.155755,0.168800,-0.076449,74.666667
2240,0,14,-0.124031,0.175683,-0.037607,74.666667
2240,0,15,-0.091216,0.182009,-0.001065,74.666667
2240,0,16,-0.189500,0.211955,-0.121388,74.666667
2240,0,17,-0.158092,0.218607,-0.082562,74.666667
2240,0,18,-0.125158,0.224890,-0.045677,74.666667
2240,0,19,-0.092935,0.231588,-0.007915,74.666667
2240,0,20,-0.191217,0.261876,-0.127867,74.666667
2240,0,21,-0.159161,0.267947,-0.090981,74.666667
2240,0,22,-0.127134,0.274518,-0.052569,74.666667
2240,0,23,-0.094584,0.281087,-0.014819,74.666667
2245,0,3,-0.092983,0.041675,0.028370,74.833333
2245,0,7,-0.093561,0.090541,0.018419,74.833333
2245,0,11,-0.094083,0.140528,0.012172,74.833333
2245,0,22,-0.128095,0.282967,-0.049764,74.833333
2245,0,23,-0.095571,0.288439,-0.013659,74.833333
2250,0,23,-0.103281,0.293783,-0.016423,75.000000
2255,0,0,-0.221347,0.043215,-0.096081,75.166667
2255,0,1,-0.185493,0.046981,-0.061099,75.166667
2255,0,2,-0.151710,0.052768,-0.023485,75.166667
2255,0,3,-0.113686,0.056502,0.008363,75.166667
2255,0,4,-0.219038,0.091793,-0.104415,75.166667
2255,0,5,-0.183717,0.096768,-0.068732,75.166667
2255,0,6,-0.147516,0.101026,-0.034908,75.166667
2255,0,7,-0.112435,0.105725,0.000600,75.166667
2255,0,8,-0.215486,0.140967,-0.114953,75.166667
2255,0,9,-0.180867,0.145813,-0.078849,75.166667
2255,0,10,-0.146086,0.150571,-0.042584,75.166667
2255,0,11,-0.109287,0.154996,-0.009056,75.166667
2255,0,12,-0.213902,0.191088,-0.122361,75.166667
2255,0,13,-0.178481,0.194987,-0.087857,75.166667
2255,0,14,-0.143039,0.199699,-0.052701,75.166667
2255,0,15,-0.108531,0.204409,-0.016552,75.166667
2255,0,16,-0.211466,0.239888,-0.132444,75.166667
2255,0,17,-0.176707,0.244673,-0.096107,75.166667
2255,0,18,-0.141056,0.249054,-0.061567,75.166667
2255,0,19,-0.105248,0.253812,-0.026423,75.166667
2255,0,20,-0.209977,0.289564,-0.139463,75.166667
2255,0,21,-0.174685,0.293801,-0.104770,75.166667
2255,0,22,-0.138941,0.298496,-0.069836,75.166667
2255,0,23,-0.103534,0.302836,-0.034773,75.166667
2270,0,3,-0.105184,0.000509,-0.070246,75.666667
2270,0,15,-0.104556,0.151105,-0.076033,75.666667
2270,0,19,-0.104093,0.201052,-0.073792,75.666667
2270,0,20,-0.219259,0.250270,-0.167573,75.666667
2270,0,23,-0.103007,0.251029,-0.072710,75.666667
2290,0,8,-0.407963,0.090113,-0.165128,76.333333
2290,0,12,-0.400485,0.139923,-0.170897,76.333333
2290,0,16,-0.397084,0.190090,-0.172139,76.333333
2290,0,20,-0.389163,0.239426,-0.177142,76.333333
2295,0,0,-0.427133,-0.005665,-0.168103,76.500000
2295,0,1,-0.384489,-0.007830,-0.141507,76.500000
2295,0,2,-0.342967,-0.010061,-0.114275,76.500000
2295,0,3,-0.301478,-0.012657,-0.086944,76.500000
2295,0,4,-0.422421,0.043661,-0.171566,76.500000
2295,0,5,-0.380390,0.041565,-0.144014,76.500000
2295,0,6,-0.338431,0.039453,-0.117297,76.500000
2295,0,7,-0.295757,0.036771,-0.091913,76.500000
2295,0,8,-0.416750,0.092640,-0.177983,76.500000
2295,0,9,-0.376171,0.090863,-0.147943,76.500000
2295,0,10,-0.334115,0.089324,-0.120881,76.500000
2295,0,11,-0.291810,0.087095,-0.094365,76.500000
2295,0,12,-0.412426,0.143053,-0.179348,76.500000
2295,0,13,-0.370883,0.140648,-0.152993,76.500000
2295,0,14,-0.329214,0.138930,-0.125069,76.500000
2295,0,15,-0.287909,0.136951,-0.096687,76.500000
2295,0,16,-0.407653,0.192280,-0.184425,76.500000
2295,0,17,-0.366657,0.190719,-0.155299,76.500000
2295,0,18,-0.325147,0.188480,-0.127399,76.500000
2295,0,19,-0.282481,0.186863,-0.101082,76.500000
2295,0,20,-0.403552,0.242022,-0.186797,76.500000
2295,0,21,-0.361828,0.240081,-0.160007,76.500000
2295,0,22,-0.320324,0.238209,-0.131600,76.500000
2295,0,23,-0.278219,0.236005,-0.104203,76.500000
2300,0,0,-0.428308,-0.007785,-0.163851,76.666667
2300,0,1,-0.386159,-0.009153,-0.137170,76.666667
2300,0,2,-0.344754,-0.011245,-0.110122,76.666667
2300,0,3,-0.302998,-0.012332,-0.082352,76.666667
2300,0,4,-0.424121,0.041836,-0.167817,76.666667
2300,0,5,-0.382484,0.040234,-0.140062,76.666667
2300,0,6,-0.340630,0.038658,-0.113703,76.666667
2300,0,7,-0.299092,0.037195,-0.087447,76.666667
2300,0,8,-0.419389,0.090704,-0.174618,76.666667
2300,0,9,-0.377798,0.090067,-0.145408,76.666667
2300,0,10,-0.337377,0.088792,-0.117462,76.666667
2300,0,11,-0.295009,0.086690,-0.090527,76.666667
2300,0,12,-0.415411,0.140759,-0.176980,76.666667
2300,0,13,-0.373293,0.138890,-0.151867,76.666667
2300,0,14,-0.332636,0.138181,-0.121854,76.666667
2300,0,15,-0.291221,0.136332,-0.094319,76.666667
2300,0,16,-0.411284,0.190129,-0.181595,76.666667
2300,0,17,-0.370035,0.189181,-0.153115,76.666667
2300,0,18,-0.328641,0.187266,-0.126091,76.666667
2300,0,19,-0.287020,0.186202,-0.098273,76.666667
2300,0,20,-0.407298,0.240065,-0.185306,76.666667
2300,0,21,-0.365150,0.238242,-0.160496,76.666667
2300,0,22,-0.324901,0.237137,-0.129455,76.666667
2300,0,23,-0.283084,0.235865,-0.102235,76.666667
2305,0,0,-0.430909,-0.007302,-0.166565,76.833333
2305,0,1,-0.389183,-0.009089,-0.138879,76.833333
2305,0,2,-0.347873,-0.011205,-0.111984,76.833333
2305,0,3,-0.307573,-0.011944,-0.081245,76.833333
2305,0,4,-0.426307,0.041679,-0.170902,76.833333
2305,0,5,-0.385571,0.040629,-0.142336,76.833333
2305,0,6,-0.344177,0.038751,-0.113762,76.833333
2305,0,7,-0.303807,0.037572,-0.084312,76.833333
2305,0,8,-0.421002,0.090270,-0.177831,76.833333
2305,0,9,-0.381047,0.089890,-0.146250,76.833333
2305,0,10,-0.339881,0.087853,-0.117720,76.833333
2305,0,11,-0.299587,0.087123,-0.088634,76.833333
2305,0,12,-0.417546,0.140662,-0.179113,76.833333
2305,0,13,-0.376436,0.139171,-0.151241,76.833333
2305,0,14,-0.336306,0.137996,-0.121126,76.833333
2305,0,15,-0.296117,0.137223,-0.092017,76.833333
2305,0,16,-0.412739,0.190141,-0.184142,76.833333
2305,0,17,-0.372364,0.189241,-0.154420,76.833333
2305,0,18,-0.332242,0.187909,-0.125376,76.833333
2305,0,19,-0.291520,0.186264,-0.096146,76.833333
2305,0,20,-0.408472,0.240208,-0.187660,76.833333
2305,0,21,-0.368008,0.238422,-0.159525,76.833333
2305,0,22,-0.327529,0.237713,-0.128931,76.833333
2305,0,23,-0.287633,0.236421,-0.099546,76.833333
2345,0,3,-0.200455,-0.044002,-0.100359,78.166667
2345,0,7,-0.200850,0.004824,-0.106812,78.166667
2345,0,11,-0.201154,0.054360,-0.114932,78.166667
2345,0,15,-0.200911,0.103791,-0.121880,78.166667
2345,0,19,-0.201362,0.153814,-0.129576,78.166667
2345,0,23,-0.201265,0.203287,-0.138422,78.166667
2350,0,2,-0.270213,-0.040508,-0.101471,78.333333
2350,0,3,-0.220955,-0.039272,-0.092915,78.333333
2355,0,7,-0.238208,0.015039,-0.113559,78.500000
2355,0,11,-0.237804,0.064737,-0.119654,78.500000
2355,0,15,-0.236107,0.114531,-0.128477,78.500000
2355,0,19,-0.235006,0.164024,-0.135030,78.500000
2360,0,2,-0.308514,-0.024439,-0.100046,78.666667
2360,0,6,-0.306941,0.025007,-0.108059,78.666667
2360,0,11,-0.255539,0.071707,-0.114470,78.666667
2360,0,12,-0.402188,0.127084,-0.127960,78.666667
2360,0,17,-0.350758,0.174343,-0.134166,78.666667
2360,0,22,-0.299471,0.221575,-0.139211,78.666667
2360,0,23,-0.249559,0.219359,-0.136897,78.666667
2365,0,2,-0.320058,-0.020554,-0.097357,78.833333
2365,0,3,-0.270734,-0.021759,-0.098223,78.833333
2365,0,6,-0.319067,0.029182,-0.105660,78.833333
2365,0,7,-0.268861,0.026886,-0.107828,78.833333
2365,0,11,-0.267293,0.076364,-0.114560,78.833333
2365,0,12,-0.414520,0.132561,-0.120039,78.833333
2365,0,15,-0.265023,0.125143,-0.124078,78.833333
2365,0,19,-0.263049,0.175429,-0.130293,78.833333
2365,0,23,-0.262172,0.224310,-0.140175,78.833333
2385,0,1,-0.471790,-0.010063,-0.077001,79.500000
2385,0,2,-0.423883,-0.017136,-0.086907,79.500000
2385,0,3,-0.376376,-0.023838,-0.100109,79.500000
2385,0,5,-0.466363,0.038986,-0.080374,79.500000
2385,0,6,-0.418228,0.032528,-0.091821,79.500000
2385,0,7,-0.370367,0.025743,-0.103896,79.500000
2385,0,8,-0.508538,0.094590,-0.072162,79.500000
2385,0,9,-0.460577,0.088462,-0.083498,79.500000
2385,0,10,-0.412720,0.081800,-0.097095,79.500000
2385,0,11,-0.364587,0.075398,-0.107111,79.500000
2385,0,12,-0.503560,0.144248,-0.076990,79.500000
2385,0,13,-0.455192,0.137923,-0.087506,79.500000
2385,0,14,-0.407020,0.131383,-0.098734,79.500000
2385,0,15,-0.358954,0.124700,-0.111106,79.500000
2385,0,16,-0.497882,0.194056,-0.081633,79.500000
2385,0,17,-0.449192,0.187447,-0.090329,79.500000
2385,0,18,-0.401324,0.180749,-0.102978,79.500000
2385,0,19,-0.352962,0.174561,-0.113966,79.500000
2385,0,20,-0.492123,0.243258,-0.083235,79.500000
2385,0,21,-0.443634,0.236623,-0.093634,79.500000
2385,0,22,-0.395481,0.230571,-0.105521,79.500000
2385,0,23,-0.347424,0.223662,-0.117375,79.500000
2390,0,0,-0.521087,0.001117,-0.050685,79.666667
2390,0,1,-0.473281,-0.005283,-0.062827,79.666667
2390,0,2,-0.424821,-0.012221,-0.074175,79.666667
2390,0,3,-0.376821,-0.018995,-0.085404,79.666667
2390,0,4,-0.516252,0.050385,-0.055984,79.666667
2390,0,5,-0.467347,0.044313,-0.066459,79.666667
2390,0,6,-0.419418,0.037136,-0.078699,79.666667
2390,0,7,-0.371203,0.030972,-0.089654,79.666667
2390,0,8,-0.509604,0.099977,-0.061180,79.666667
2390,0,11,-0.365336,0.079945,-0.094562,79.666667
2390,0,12,-0.503901,0.149468,-0.065496,79.666667
2390,0,15,-0.358912,0.129226,-0.099222,79.666667
2390,0,16,-0.498057,0.198445,-0.071798,79.666667
2390,0,17,-0.449557,0.192273,-0.081287,79.666667
2390,0,18,-0.401392,0.185121,-0.091633,79.666667
2390,0,19,-0.353364,0.178824,-0.103177,79.666667
2390,0,20,-0.492940,0.247489,-0.076625,79.666667
2390,0,21,-0.444034,0.241682,-0.087956,79.666667
2390,0,22,-0.396113,0.234065,-0.099127,79.666667
2390,0,23,-0.348168,0.227506,-0.111254,79.666667
2395,0,17,-0.430769,0.186724,-0.067023,79.833333
2420,0,3,-0.178808,-0.018950,0.054122,80.666667
2420,0,7,-0.176597,0.030554,0.048156,80.666667
2420,0,11,-0.171487,0.079150,0.036829,80.666667
2445,0,11,-0.082122,0.082567,0.030311,81.500000
2445,0,12,-0.162481,0.105728,-0.103351,81.500000
2445,0,15,-0.080548,0.132267,0.020744,81.500000
2445,0,16,-0.160550,0.154191,-0.115553,81.500000
2445,0,17,-0.133191,0.163222,-0.074163,81.500000
2445,0,18,-0.105268,0.171944,-0.033319,81.500000
2445,0,19,-0.077757,0.180671,0.006558,81.500000
2445,0,20,-0.158036,0.203307,-0.126915,81.500000
2445,0,21,-0.132223,0.211777,-0.085198,81.500000
2445,0,22,-0.102601,0.221411,-0.046226,81.500000
2445,0,23,-0.075287,0.229208,-0.003893,81.500000
2450,0,0,-0.167048,-0.033502,-0.075437,81.666667
2450,0,1,-0.139119,-0.024827,-0.035744,81.666667
2450,0,2,-0.111886,-0.015732,0.005164,81.666667
2450,0,3,-0.083291,-0.006185,0.045578,81.666667
2450,0,4,-0.165023,0.015286,-0.088290,81.666667
2450,0,5,-0.137812,0.023966,-0.046989,81.666667
2450,0,6,-0.109755,0.032720,-0.006986,81.666667
2450,0,7,-0.081965,0.041250,0.034294,81.666667
2450,0,8,-0.162235,0.063012,-0.101635,81.666667
2450,0,9,-0.135918,0.072491,-0.059747,81.666667
2450,0,10,-0.108579,0.081731,-0.018641,81.666667
2450,0,11,-0.080260,0.090542,0.022096,81.666667
2450,0,12,-0.161488,0.112620,-0.111943,81.666667
2450,0,13,-0.134916,0.121592,-0.070848,81.666667
2450,0,14,-0.106213,0.130344,-0.030625,81.666667
2450,0,15,-0.079521,0.139303,0.010711,81.666667
2450,0,16,-0.159988,0.160969,-0.123884,81.666667
2450,0,17,-0.132357,0.170311,-0.083102,81.666667
2450,0,18,-0.104455,0.178923,-0.043040,81.666667
2450,0,19,-0.076421,0.188051,-0.002389,81.666667
2450,0,20,-0.158085,0.209736,-0.135847,81.666667
2450,0,21,-0.129811,0.218247,-0.095939,81.666667
2450,0,22,-0.102884,0.228020,-0.054182,81.666667
2450,0,23,-0.074795,0.236429,-0.014184,81.666667
2475,0,0,-0.087260,-0.029438,-0.055708,82.500000
2475,0,1,-0.058389,-0.018492,-0.016285,82.500000
2475,0,2,-0.029855,-0.009374,0.023129,82.500000
2475,0,3,-0.001058,0.001665,0.063132,82.500000
2475,0,4,-0.089671,0.019571,-0.067227,82.500000
2475,0,5,-0.060873,0.029650,-0.027233,82.500000
2475,0,6,-0.031637,0.040389,0.012322,82.500000
2475,0,7,-0.002425,0.049717,0.050723,82.500000
2475,0,8,-0.091052,0.068011,-0.078834,82.500000
2475,0,9,-0.062911,0.078807,-0.038175,82.500000
2475,0,10,-0.033858,0.088734,0.000939,82.500000
2475,0,11,-0.004373,0.099468,0.040556,82.500000
2475,0,12,-0.093741,0.116950,-0.089753,82.500000
2475,0,13,-0.063284,0.127047,-0.051461,82.500000
2475,0,14,-0.035743,0.137524,-0.010529,82.500000
2475,0,15,-0.006819,0.147655,0.029090,82.500000
2475,0,16,-0.095333,0.166032,-0.101170,82.500000
2475,0,17,-0.066826,0.176324,-0.060943,82.500000
2475,0,18,-0.038305,0.186421,-0.020965,82.500000
2475,0,19,-0.008662,0.196748,0.018276,82.500000
2475,0,20,-0.097453,0.214738,-0.111428,82.500000
2475,0,21,-0.068028,0.224982,-0.072888,82.500000
2475,0,22,-0.039871,0.235482,-0.032034,82.500000
2475,0,23,-0.010813,0.245429,0.007181,82.500000
2480,0,0,-0.085658,-0.028819,-0.051693,82.666667
2480,0,1,-0.056538,-0.018572,-0.013090,82.666667
2480,0,2,-0.028035,-0.008196,0.026809,82.666667
2480,0,3,0.001441,0.001573,0.065207,82.666667
2480,0,4,-0.088338,0.020138,-0.063030,82.666667
2480,0,5,-0.059553,0.030377,-0.023119,82.666667
2480,0,6,-0.030065,0.041110,0.016042,82.666667
2480,0,7,-0.000823,0.050670,0.054472,82.666667
2480,0,8,-0.090275,0.068756,-0.074644,82.666667
2480,0,9,-0.061877,0.079190,-0.034447,82.666667
2480,0,10,-0.032651,0.089219,0.004629,82.666667
2480,0,11,-0.003264,0.099767,0.043687,82.666667
2480,0,12,-0.092783,0.118424,-0.084477,82.666667
2480,0,13,-0.063840,0.127773,-0.045765,82.666667
2480,0,14,-0.034862,0.138249,-0.006589,82.666667
2480,0,15,-0.005871,0.148360,0.032807,82.666667
2480,0,17,-0.066870,0.176807,-0.056471,82.666667
2480,0,18,-0.037343,0.186973,-0.017758,82.666667
2480,0,19,-0.008282,0.197556,0.022207,82.666667
2480,0,21,-0.068298,0.225427,-0.068580,82.666667
2480,0,22,-0.039816,0.236132,-0.028269,82.666667
2480,0,23,-0.010553,0.245800,0.010845,82.666667
2515,0,0,-0.288468,-0.009565,-0.118913,83.833333
2515,0,12,-0.286509,0.137032,-0.146895,83.833333
2515,0,13,-0.262368,0.145011,-0.102926,83.833333
2515,0,16,-0.287009,0.186650,-0.154661,83.833333
2515,0,20,-0.285394,0.235860,-0.165040,83.833333
2525,0,20,-0.277526,0.237881,-0.158576,84.166667
2530,0,0,0.072794,-0.029460,-0.140582,84.333333
2530,0,3,0.143499,-0.014126,-0.009177,84.333333
2530,0,7,0.148786,0.034840,-0.017679,84.333333
2530,0,11,0.153230,0.083706,-0.027193,84.333333
2530,0,12,0.088947,0.122477,-0.173802,84.333333
2530,0,14,0.134605,0.128896,-0.078112,84.333333
2530,0,15,0.156544,0.133462,-0.033251,84.333333
2530,0,16,0.092639,0.171932,-0.180171,84.333333
2530,0,23,0.166548,0.231392,-0.050340,84.333333
2535,0,0,-0.277779,-0.017167,-0.137925,84.500000
2535,0,1,-0.237887,-0.011781,-0.109476,84.500000
2535,0,2,-0.203505,-0.006473,-0.072957,84.500000
2535,0,3,-0.168602,0.001427,-0.037408,84.500000
2535,0,4,-0.280980,0.032403,-0.144309,84.500000
2535,0,8,-0.283250,0.081500,-0.150018,84.500000
2535,0,9,-0.242615,0.087927,-0.122102,84.500000
2535,0,12,-0.286279,0.131346,-0.156829,84.500000
2535,0,13,-0.250315,0.137406,-0.122348,84.500000
2535,0,14,-0.213823,0.143047,-0.088575,84.500000
2535,0,16,-0.288605,0.180622,-0.163008,84.500000
2535,0,19,-0.177996,0.198548,-0.063482,84.500000
2535,0,20,-0.288278,0.230537,-0.172631,84.500000
2535,0,23,-0.175740,0.248864,-0.072855,84.500000
2550,0,2,-0.255603,0.004640,-0.087144,85.000000
2550,0,3,-0.220125,0.010707,-0.052612,85.000000
2550,0,4,-0.328912,0.043828,-0.162251,85.000000
2550,0,5,-0.293556,0.049358,-0.127711,85.000000
2550,0,6,-0.257887,0.054702,-0.093000,85.000000
2550,0,7,-0.221479,0.059823,-0.059124,85.000000
2550,0,8,-0.329879,0.092539,-0.169964,85.000000
2550,0,9,-0.294845,0.098811,-0.134274,85.000000
2550,0,10,-0.259935,0.104309,-0.098434,85.000000
2550,0,11,-0.223220,0.109833,-0.065877,85.000000
2550,0,12,-0.332431,0.142306,-0.175121,85.000000
2550,0,13,-0.296502,0.147984,-0.140973,85.000000
2550,0,14,-0.260990,0.153673,-0.106208,85.000000
2550,0,15,-0.225628,0.159252,-0.071221,85.000000
2550,0,16,-0.333815,0.191969,-0.182140,85.000000
2550,0,17,-0.298536,0.197623,-0.147050,85.000000
2550,0,18,-0.262549,0.203173,-0.113265,85.000000
2550,0,19,-0.226805,0.208926,-0.078279,85.000000
2550,0,20,-0.335414,0.241590,-0.188493,85.000000
2550,0,21,-0.298940,0.246699,-0.155977,85.000000
2550,0,22,-0.264425,0.252951,-0.119080,85.000000
2550,0,23,-0.229032,0.258212,-0.084163,85.000000
2555,0,11,-0.237587,0.112135,-0.070742,85.166667
2560,0,3,-0.240221,0.013221,-0.063517,85.333333
2560,0,7,-0.241238,0.062670,-0.069878,85.333333
2560,0,8,-0.349733,0.096774,-0.179174,85.333333
2560,0,9,-0.314723,0.103062,-0.144115,85.333333
2560,0,10,-0.279135,0.107845,-0.109542,85.333333
2560,0,11,-0.242780,0.112197,-0.076179,85.333333
2560,0,12,-0.351759,0.147781,-0.184534,85.333333
2560,0,13,-0.315262,0.152074,-0.151249,85.333333
2560,0,16,-0.353184,0.197321,-0.190550,85.333333
2560,0,17,-0.317648,0.202244,-0.155851,85.333333
2560,0,20,-0.353918,0.247104,-0.197172,85.333333
2560,0,21,-0.317619,0.251889,-0.164109,85.333333
2560,0,22,-0.281878,0.257417,-0.128757,85.333333
2560,0,23,-0.245764,0.261977,-0.094886,85.333333
2565,0,0,-0.350767,0.000986,-0.161191,85.500000
2565,0,1,-0.314397,0.006146,-0.127369,85.500000
2565,0,2,-0.278821,0.010946,-0.093109,85.500000
2565,0,3,-0.242539,0.016326,-0.059026,85.500000
2565,0,4,-0.351695,0.050562,-0.167818,85.500000
2565,0,5,-0.316038,0.055652,-0.133380,85.500000
2565,0,6,-0.279617,0.060747,-0.099843,85.500000
2565,0,7,-0.243973,0.065657,-0.065272,85.500000
2565,0,8,-0.352153,0.099658,-0.176599,85.500000
2565,0,9,-0.316898,0.105377,-0.140592,85.500000
2565,0,10,-0.281305,0.110475,-0.106007,85.500000
2565,0,11,-0.244754,0.115469,-0.072433,85.500000
2565,0,12,-0.353622,0.149813,-0.181497,85.500000
2565,0,13,-0.317407,0.154512,-0.148434,85.500000
2565,0,14,-0.281971,0.159988,-0.113287,85.500000
2565,0,15,-0.246161,0.165115,-0.078882,85.500000
2565,0,16,-0.354652,0.199167,-0.189113,85.500000
2565,0,17,-0.319064,0.204610,-0.153704,85.500000
2565,0,18,-0.283170,0.209607,-0.119920,85.500000
2565,0,19,-0.246894,0.214880,-0.085505,85.500000
2565,0,20,-0.356009,0.248732,-0.194500,85.500000
2565,0,21,-0.319066,0.253712,-0.162983,85.500000
2565,0,22,-0.283864,0.259781,-0.126114,85.500000
2565,0,23,-0.247999,0.264287,-0.091764,85.500000
2570,0,0,-0.355144,0.000843,-0.159596,85.666667
2570,0,1,-0.319066,0.006083,-0.126214,85.666667
2570,0,2,-0.283409,0.011049,-0.091446,85.666667
2570,0,3,-0.247608,0.016806,-0.057718,85.666667
2570,0,4,-0.356112,0.050032,-0.167402,85.666667
2570,0,5,-0.320890,0.055677,-0.132035,85.666667
2570,0,6,-0.284576,0.060953,-0.098824,85.666667
2570,0,7,-0.249264,0.066142,-0.063936,85.666667
2570,0,8,-0.356688,0.098872,-0.175650,85.666667
2570,0,9,-0.322019,0.105037,-0.140002,85.666667
2570,0,10,-0.285674,0.109954,-0.106546,85.666667
2570,0,11,-0.250465,0.115688,-0.071313,85.666667
2570,0,14,-0.287193,0.160309,-0.112412,85.666667
2570,0,15,-0.252366,0.165380,-0.077732,85.666667
2570,0,18,-0.289254,0.209414,-0.119036,85.666667
2570,0,19,-0.253845,0.214580,-0.084094,85.666667
2570,0,20,-0.361343,0.248411,-0.194502,85.666667
2570,0,21,-0.325402,0.253156,-0.162254,85.666667
2570,0,22,-0.290456,0.259176,-0.125468,85.666667
2570,0,23,-0.254639,0.264416,-0.091065,85.666667
2575,0,10,-0.294832,0.109889,-0.105451,85.833333
2575,0,11,-0.258899,0.115488,-0.070837,85.833333
2575,0,14,-0.296483,0.159555,-0.111376,85.833333
2575,0,15,-0.260987,0.165069,-0.076584,85.833333
2575,0,19,-0.261593,0.214223,-0.084192,85.833333
2575,0,20,-0.370386,0.247847,-0.192779,85.833333
2575,0,23,-0.262106,0.263627,-0.092565,85.833333
2585,0,0,-0.394481,0.014396,-0.179152,86.166667
2585,0,1,-0.355675,0.016266,-0.148052,86.166667
2585,0,2,-0.317229,0.017788,-0.117325,86.166667
2585,0,3,-0.279418,0.020639,-0.084461,86.166667
2585,0,4,-0.393266,0.063955,-0.184451,86.166667
2585,0,5,-0.356160,0.066484,-0.151322,86.166667
2585,0,6,-0.317335,0.068288,-0.120586,86.166667
2585,0,7,-0.279565,0.070664,-0.088659,86.166667
2585,0,8,-0.392375,0.112875,-0.190731,86.166667
2585,0,9,-0.355359,0.115830,-0.156950,86.166667
2585,0,10,-0.316883,0.117916,-0.125900,86.166667
2585,0,11,-0.278998,0.120269,-0.093602,86.166667
2585,0,12,-0.393158,0.163330,-0.193069,86.166667
2585,0,13,-0.355455,0.165833,-0.161101,86.166667
2585,0,14,-0.317125,0.168098,-0.129474,86.166667
2585,0,15,-0.279196,0.170413,-0.097520,86.166667
2585,0,17,-0.354850,0.215802,-0.165784,86.166667
2585,0,18,-0.317157,0.218226,-0.133786,86.166667
2585,0,19,-0.278455,0.220489,-0.101954,86.166667
2585,0,21,-0.353967,0.265096,-0.172008,86.166667
2585,0,22,-0.316759,0.267885,-0.137964,86.166667
2585,0,23,-0.277925,0.269954,-0.106434,86.166667
2590,0,0,-0.391827,0.008924,-0.174644,86.333333
2590,0,1,-0.353155,0.012190,-0.143545,86.333333
2590,0,2,-0.315337,0.015196,-0.112560,86.333333
2590,0,3,-0.276472,0.018900,-0.080805,86.333333
2590,0,4,-0.391627,0.058597,-0.180201,86.333333
2590,0,5,-0.354140,0.062140,-0.148120,86.333333
2590,0,6,-0.315463,0.065155,-0.117680,86.333333
2590,0,7,-0.277731,0.068842,-0.086662,86.333333
2590,0,8,-0.391360,0.107824,-0.188222,86.333333
2590,0,9,-0.353679,0.111587,-0.154917,86.333333
2590,0,10,-0.315847,0.114843,-0.123426,86.333333
2590,0,11,-0.277175,0.118247,-0.092846,86.333333
2590,0,12,-0.391993,0.157810,-0.191589,86.333333
2590,0,13,-0.354563,0.161438,-0.159737,86.333333
2590,0,14,-0.315807,0.164800,-0.129256,86.333333
2590,0,15,-0.277787,0.168295,-0.097844,86.333333
2590,0,16,-0.391485,0.207104,-0.197913,86.333333
2590,0,17,-0.354330,0.211193,-0.165412,86.333333
2590,0,18,-0.315874,0.214714,-0.135084,86.333333
2590,0,19,-0.277432,0.218301,-0.104065,86.333333
2590,0,20,-0.392205,0.257419,-0.203103,86.333333
2590,0,21,-0.353418,0.260381,-0.173677,86.333333
2590,0,22,-0.315923,0.265144,-0.140236,86.333333
2590,0,23,-0.277862,0.268081,-0.108580,86.333333
2595,0,0,-0.390961,0.010557,-0.165148,86.500000
2595,0,1,-0.352530,0.014874,-0.132627,86.500000
2595,0,2,-0.314386,0.018758,-0.100430,86.500000
2595,0,3,-0.276368,0.023752,-0.069249,86.500000
2595,0,4,-0.390926,0.059351,-0.171651,86.500000
2595,0,5,-0.353468,0.064387,-0.138967,86.500000
2595,0,6,-0.314576,0.068638,-0.108156,86.500000
2595,0,7,-0.276333,0.072932,-0.076925,86.500000
2595,0,8,-0.390438,0.108402,-0.179365,86.500000
2595,0,9,-0.352912,0.113635,-0.146944,86.500000
2595,0,10,-0.314710,0.117733,-0.116610,86.500000
2595,0,11,-0.276751,0.122671,-0.083734,86.500000
2595,0,12,-0.391155,0.158225,-0.185159,86.500000
2595,0,13,-0.353138,0.162749,-0.153972,86.500000
2595,0,14,-0.315316,0.167488,-0.121854,86.500000
2595,0,15,-0.277288,0.172086,-0.090674,86.500000
2595,0,16,-0.390951,0.207244,-0.193248,86.500000
2595,0,17,-0.353334,0.212758,-0.160432,86.500000
2595,0,18,-0.315575,0.216831,-0.129226,86.500000
2595,0,19,-0.277274,0.221607,-0.097291,86.500000
2595,0,20,-0.391562,0.257020,-0.199923,86.500000
2595,0,21,-0.353845,0.261547,-0.168206,86.500000
2595,0,22,-0.315860,0.266336,-0.135451,86.500000
2595,0,23,-0.277441,0.270925,-0.104729,86.500000
2610,0,0,-0.352306,-0.004478,-0.164383,87.000000
2610,0,1,-0.315897,0.001194,-0.130150,87.000000
2610,0,2,-0.280797,0.007142,-0.093620,87.000000
2610,0,3,-0.243173,0.012619,-0.062392,87.000000
2610,0,4,-0.353115,0.044845,-0.172123,87.000000
2610,0,5,-0.317680,0.050867,-0.136937,87.000000
2610,0,6,-0.280760,0.056262,-0.103861,87.000000
2610,0,7,-0.243638,0.061249,-0.071020,87.000000
2610,0,8,-0.353373,0.093858,-0.181803,87.000000
2610,0,9,-0.318025,0.099822,-0.145812,87.000000
2610,0,10,-0.282307,0.105933,-0.110465,87.000000
2610,0,11,-0.245664,0.111027,-0.077184,87.000000
2610,0,12,-0.354757,0.143873,-0.187734,87.000000
2610,0,13,-0.318741,0.149312,-0.153953,87.000000
2610,0,14,-0.282901,0.155170,-0.118421,87.000000
2610,0,15,-0.247259,0.160870,-0.083080,87.000000
2610,0,16,-0.355741,0.193117,-0.195375,87.000000
2610,0,17,-0.320118,0.198987,-0.160451,87.000000
2610,0,18,-0.284070,0.204502,-0.125692,87.000000
2610,0,19,-0.247651,0.210300,-0.091794,87.000000
2610,0,20,-0.357065,0.242606,-0.202082,87.000000
2610,0,21,-0.320009,0.247988,-0.169728,87.000000
2610,0,22,-0.284872,0.254188,-0.133377,87.000000
2610,0,23,-0.248101,0.259694,-0.100236,87.000000
2615,0,7,-0.255861,0.059206,-0.076189,87.166667
2615,0,11,-0.259592,0.109153,-0.076669,87.166667
2615,0,15,-0.256233,0.158542,-0.086162,87.166667
2615,0,18,-0.292142,0.204128,-0.126721,87.166667
2615,0,19,-0.254852,0.208042,-0.093503,87.166667
2615,0,20,-0.363932,0.246915,-0.201947,87.166667
2615,0,21,-0.327833,0.249471,-0.168537,87.166667
2615,0,22,-0.291454,0.253760,-0.133653,87.166667
2615,0,23,-0.254571,0.257476,-0.099849,87.166667
2620,0,15,-0.271146,0.149758,-0.083014,87.333333
2620,0,18,-0.305061,0.198202,-0.121782,87.333333
2620,0,21,-0.340432,0.247355,-0.158290,87.333333
2630,0,3,-0.308803,-0.022164,-0.100909,87.666667
2630,0,7,-0.305365,0.027488,-0.104235,87.666667
2630,0,11,-0.301993,0.077394,-0.108036,87.666667
2635,0,3,-0.310992,-0.015891,-0.082923,87.833333
2635,0,7,-0.307975,0.033416,-0.089054,87.833333
2635,0,11,-0.305731,0.083586,-0.091518,87.833333
2635,0,12,-0.422877,0.133656,-0.185322,87.833333
2635,0,16,-0.420056,0.183718,-0.188995,87.833333
2640,0,3,-0.315593,-0.006834,-0.068888,88.000000
2640,0,7,-0.312222,0.043289,-0.074580,88.000000
2640,0,11,-0.309107,0.092945,-0.079684,88.000000
2645,0,0,-0.446066,-0.000550,-0.141620,88.166667
2645,0,1,-0.404969,-0.000466,-0.115472,88.166667
2645,0,2,-0.364947,-0.000348,-0.085977,88.166667
2645,0,4,-0.442292,0.048691,-0.150405,88.166667
2645,0,5,-0.402092,0.049337,-0.120500,88.166667
2645,0,6,-0.361227,0.049273,-0.091715,88.166667
2645,0,8,-0.438426,0.098005,-0.157787,88.166667
2645,0,11,-0.317479,0.098895,-0.068381,88.166667
2645,0,21,-0.388425,0.248248,-0.144881,88.166667
2645,0,22,-0.347991,0.248303,-0.113567,88.166667
2645,0,23,-0.307628,0.248174,-0.084281,88.166667
2650,0,1,-0.410259,0.001838,-0.111602,88.333333
2650,0,2,-0.369330,0.003205,-0.082228,88.333333
2650,0,3,-0.327918,0.003170,-0.054352,88.333333
2650,0,6,-0.365285,0.052562,-0.088804,88.333333
2650,0,7,-0.324925,0.052510,-0.059595,88.333333
2650,0,10,-0.361713,0.101818,-0.095880,88.333333
2650,0,11,-0.321279,0.102537,-0.065446,88.333333
2650,0,12,-0.439569,0.151569,-0.159397,88.333333
2650,0,13,-0.398770,0.151147,-0.130987,88.333333
2650,0,14,-0.358643,0.152196,-0.100509,88.333333
2650,0,15,-0.318177,0.152607,-0.071981,88.333333
2650,0,17,-0.396054,0.201490,-0.134782,88.333333
2650,0,18,-0.355068,0.201989,-0.107329,88.333333
2650,0,19,-0.314577,0.202257,-0.077353,88.333333
2650,0,21,-0.391947,0.251235,-0.143176,88.333333
2650,0,22,-0.351535,0.252028,-0.112306,88.333333
2650,0,23,-0.310901,0.251967,-0.083919,88.333333
2655,0,0,-0.455659,0.007306,-0.128480,88.500000
2655,0,1,-0.414837,0.007712,-0.099873,88.500000
2655,0,2,-0.374960,0.007619,-0.070753,88.500000
2655,0,3,-0.334589,0.008389,-0.041244,88.500000
2655,0,4,-0.451416,0.056840,-0.135214,88.500000
2655,0,5,-0.411738,0.057052,-0.105451,88.500000
2655,0,6,-0.371259,0.057599,-0.076849,88.500000
2655,0,7,-0.330440,0.057166,-0.049407,88.500000
2655,0,8,-0.447582,0.105254,-0.142857,88.500000
2655,0,9,-0.408374,0.106427,-0.111468,88.500000
2655,0,10,-0.367994,0.107125,-0.083761,88.500000
2655,0,11,-0.328072,0.106922,-0.053251,88.500000
2655,0,12,-0.444666,0.154978,-0.147833,88.500000
2655,0,13,-0.404485,0.156037,-0.118684,88.500000
2655,0,14,-0.364528,0.156365,-0.088396,88.500000
2655,0,15,-0.324752,0.157019,-0.058752,88.500000
2655,0,16,-0.441002,0.205196,-0.153997,88.500000
2655,0,17,-0.401008,0.205417,-0.123811,88.500000
2655,0,18,-0.360853,0.205568,-0.093978,88.500000
2655,0,19,-0.320479,0.206445,-0.064802,88.500000
2655,0,20,-0.436792,0.254514,-0.159882,88.500000
2655,0,21,-0.396822,0.254510,-0.131850,88.500000
2655,0,22,-0.357369,0.255010,-0.100440,88.500000
2655,0,23,-0.316795,0.255769,-0.071071,88.500000
2660,0,0,-0.457149,0.008417,-0.126958,88.666667
2660,0,1,-0.416512,0.008863,-0.098433,88.666667
2660,0,2,-0.376861,0.009147,-0.068522,88.666667
2660,0,3,-0.336653,0.009785,-0.039276,88.666667
2660,0,4,-0.453118,0.057477,-0.134480,88.666667
2660,0,5,-0.413403,0.058157,-0.103652,88.666667
2660,0,6,-0.373243,0.058779,-0.074898,88.666667
2660,0,7,-0.333120,0.059200,-0.046181,88.666667
2660,0,8,-0.449413,0.106605,-0.141518,88.666667
2660,0,9,-0.409646,0.107599,-0.110626,88.666667
2660,0,10,-0.369595,0.107896,-0.081284,88.666667
2660,0,11,-0.329624,0.108699,-0.051385,88.666667
2660,0,12,-0.445837,0.156146,-0.146997,88.666667
2660,0,13,-0.405947,0.156698,-0.117580,88.666667
2660,0,14,-0.366108,0.157723,-0.087241,88.666667
2660,0,15,-0.326763,0.158505,-0.057124,88.666667
2660,0,16,-0.442164,0.205491,-0.153766,88.666667
2660,0,17,-0.402954,0.206282,-0.122585,88.666667
2660,0,18,-0.363076,0.207217,-0.093178,88.666667
2660,0,19,-0.322956,0.207772,-0.063364,88.666667
2665,0,0,-0.454047,0.007559,-0.127457,88.833333
2665,0,1,-0.413919,0.008322,-0.097446,88.833333
2665,0,2,-0.373393,0.008609,-0.068806,88.833333
2665,0,3,-0.333552,0.009865,-0.038314,88.833333
2665,0,4,-0.450348,0.056907,-0.133293,88.833333
2665,0,5,-0.410680,0.057504,-0.102516,88.833333
2665,0,6,-0.370362,0.058670,-0.073768,88.833333
2665,0,7,-0.330226,0.059016,-0.045532,88.833333
2665,0,8,-0.446612,0.105623,-0.141617,88.833333
2665,0,9,-0.407204,0.107166,-0.110200,88.833333
2665,0,10,-0.366907,0.107674,-0.082146,88.833333
2665,0,11,-0.327123,0.108957,-0.050287,88.833333
2665,0,12,-0.443580,0.155766,-0.146061,88.833333
2665,0,13,-0.404593,0.156697,-0.116116,88.833333
2665,0,14,-0.364318,0.157573,-0.085813,88.833333
2665,0,15,-0.324899,0.158589,-0.056100,88.833333
2665,0,16,-0.440397,0.204801,-0.152091,88.833333
2665,0,17,-0.401180,0.205894,-0.121576,88.833333
2665,0,18,-0.361510,0.207030,-0.091789,88.833333
2665,0,19,-0.321222,0.207872,-0.061892,88.833333
2665,0,20,-0.437343,0.254379,-0.158221,88.833333
2665,0,21,-0.397866,0.255323,-0.128072,88.833333
2665,0,22,-0.357722,0.256547,-0.097929,88.833333
2665,0,23,-0.318008,0.257259,-0.068041,88.833333
2670,0,0,-0.453831,0.008624,-0.127598,89.000000
2670,0,1,-0.413347,0.009313,-0.098200,89.000000
2670,0,2,-0.373206,0.009089,-0.069794,89.000000
2670,0,3,-0.333448,0.009830,-0.039110,89.000000
2670,0,4,-0.450502,0.057750,-0.132970,89.000000
2670,0,5,-0.410762,0.058781,-0.102184,89.000000
2670,0,6,-0.370078,0.058990,-0.074263,89.000000
2670,0,7,-0.330186,0.059547,-0.045125,89.000000
2670,0,8,-0.446226,0.106685,-0.140331,89.000000
2670,0,9,-0.407021,0.107779,-0.109541,89.000000
2670,0,10,-0.366634,0.108287,-0.081078,89.000000
2670,0,11,-0.326492,0.108848,-0.050732,89.000000
2670,0,12,-0.443369,0.156368,-0.145462,89.000000
2670,0,13,-0.403435,0.157121,-0.115372,89.000000
2670,0,14,-0.363258,0.157835,-0.085827,89.000000
2670,0,15,-0.323919,0.158476,-0.055022,89.000000
2670,0,16,-0.439538,0.205816,-0.151952,89.000000
2670,0,17,-0.399928,0.206747,-0.121287,89.000000
2670,0,18,-0.360078,0.207277,-0.091585,89.000000
2670,0,19,-0.319591,0.207880,-0.062297,89.000000
2670,0,20,-0.436364,0.255322,-0.157474,89.000000
2670,0,21,-0.395853,0.255616,-0.129173,89.000000
2670,0,22,-0.356470,0.256695,-0.098000,89.000000
2670,0,23,-0.316207,0.257362,-0.068782,89.000000
2675,0,0,-0.457842,0.006777,-0.129633,89.166667
2675,0,1,-0.417645,0.006908,-0.099439,89.166667
2675,0,2,-0.377788,0.006933,-0.071205,89.166667
2675,0,3,-0.337676,0.007032,-0.040197,89.166667
2675,0,4,-0.453786,0.055935,-0.134799,89.166667
2675,0,5,-0.414280,0.056503,-0.104064,89.166667
2675,0,6,-0.373843,0.056623,-0.075167,89.166667
2675,0,7,-0.333354,0.056102,-0.048256,89.166667
2675,0,8,-0.449453,0.104561,-0.142218,89.166667
2675,0,9,-0.410582,0.105593,-0.110592,89.166667
2675,0,10,-0.369883,0.105244,-0.082533,89.166667
2675,0,11,-0.330878,0.105959,-0.050646,89.166667
2675,0,12,-0.446216,0.154864,-0.146439,89.166667
2675,0,13,-0.406130,0.154687,-0.117223,89.166667
2675,0,14,-0.366993,0.155203,-0.086008,89.166667
2675,0,15,-0.327444,0.155511,-0.056130,89.166667
2675,0,16,-0.442565,0.204058,-0.152293,89.166667
2675,0,17,-0.403390,0.204430,-0.121210,89.166667
2675,0,18,-0.362940,0.204342,-0.092217,89.166667
2675,0,19,-0.323555,0.205068,-0.061206,89.166667
2675,0,20,-0.438551,0.253713,-0.158077,89.166667
2675,0,21,-0.398749,0.253408,-0.128665,89.166667
2675,0,22,-0.359772,0.254052,-0.096690,89.166667
2675,0,23,-0.319375,0.253852,-0.066724,89.166667
2680,0,0,-0.458733,0.003829,-0.135431,89.333333
2680,0,1,-0.419195,0.004990,-0.105825,89.333333
2680,0,2,-0.379302,0.004419,-0.077462,89.333333
2680,0,3,-0.340088,0.006107,-0.045159,89.333333
2680,0,4,-0.455305,0.053455,-0.141963,89.333333
2680,0,5,-0.416539,0.054557,-0.110328,89.333333
2680,0,6,-0.376494,0.054923,-0.081447,89.333333
2680,0,7,-0.336916,0.055052,-0.052216,89.333333
2680,0,8,-0.451325,0.102439,-0.150429,89.333333
2680,0,9,-0.412379,0.103870,-0.117751,89.333333
2680,0,10,-0.373480,0.104294,-0.086440,89.333333
2680,0,11,-0.333825,0.104915,-0.057112,89.333333
2680,0,12,-0.448434,0.152306,-0.154220,89.333333
2680,0,13,-0.408645,0.152553,-0.124076,89.333333
2680,0,14,-0.370070,0.154011,-0.092696,89.333333
2680,0,15,-0.330878,0.154407,-0.061648,89.333333
2680,0,16,-0.444661,0.201656,-0.160683,89.333333
2680,0,17,-0.405882,0.202749,-0.129265,89.333333
2680,0,18,-0.366594,0.203383,-0.098852,89.333333
2680,0,19,-0.326998,0.204668,-0.068423,89.333333
2680,0,20,-0.441345,0.251500,-0.166193,89.333333
2680,0,21,-0.401680,0.251646,-0.137351,89.333333
2680,0,22,-0.363335,0.253216,-0.104427,89.333333
2680,0,23,-0.323788,0.253572,-0.074074,89.333333
2685,0,0,-0.458487,0.005033,-0.135615,89.500000
2685,0,1,-0.418685,0.005676,-0.105570,89.500000
2685,0,2,-0.379366,0.006883,-0.075900,89.500000
2685,0,3,-0.339636,0.007670,-0.045255,89.500000
2685,0,4,-0.454735,0.054108,-0.142327,89.500000
2685,0,5,-0.415690,0.055341,-0.111660,89.500000
2685,0,6,-0.375618,0.056260,-0.082295,89.500000
2685,0,7,-0.336156,0.057169,-0.053035,89.500000
2685,0,8,-0.451117,0.103144,-0.151486,89.500000
2685,0,9,-0.412141,0.104775,-0.118566,89.500000
2685,0,10,-0.373081,0.105478,-0.087125,89.500000
2685,0,11,-0.333586,0.106461,-0.057669,89.500000
2685,0,12,-0.448198,0.152903,-0.155630,89.500000
2685,0,13,-0.409561,0.154238,-0.123089,89.500000
2685,0,14,-0.369730,0.155096,-0.094121,89.500000
2685,0,15,-0.330533,0.156584,-0.063418,89.500000
2685,0,16,-0.444661,0.202269,-0.161527,89.500000
2685,0,17,-0.406069,0.203586,-0.130443,89.500000
2685,0,18,-0.366304,0.204401,-0.100683,89.500000
2685,0,19,-0.326897,0.206138,-0.069882,89.500000
2685,0,20,-0.441316,0.252204,-0.168127,89.500000
2685,0,21,-0.402484,0.252894,-0.137594,89.500000
2685,0,22,-0.363075,0.254542,-0.106879,89.500000
2685,0,23,-0.323423,0.255228,-0.077042,89.500000
2690,0,0,-0.458080,0.008149,-0.134840,89.666667
2690,0,1,-0.418891,0.009475,-0.103619,89.666667
2690,0,2,-0.380141,0.010681,-0.073196,89.666667
2690,0,3,-0.341212,0.012396,-0.041474,89.666667
2690,0,4,-0.454889,0.057359,-0.141111,89.666667
2690,0,5,-0.416513,0.059064,-0.109567,89.666667
2690,0,6,-0.377645,0.060350,-0.078766,89.666667
2690,0,7,-0.338264,0.061651,-0.048573,89.666667
2690,0,8,-0.451746,0.106021,-0.148539,89.666667
2690,0,9,-0.413541,0.108417,-0.116001,89.666667
2690,0,10,-0.375069,0.109890,-0.084564,89.666667
2690,0,11,-0.336245,0.111451,-0.053485,89.666667
2690,0,12,-0.449168,0.156233,-0.153552,89.666667
2690,0,13,-0.410956,0.157634,-0.122399,89.666667
2690,0,14,-0.372304,0.159512,-0.090609,89.666667
2690,0,15,-0.333760,0.161321,-0.059554,89.666667
2690,0,16,-0.446601,0.205569,-0.160485,89.666667
2690,0,17,-0.408422,0.207296,-0.128003,89.666667
2690,0,18,-0.369599,0.208947,-0.097464,89.666667
2690,0,19,-0.330874,0.210642,-0.065641,89.666667
2690,0,20,-0.443955,0.254802,-0.166738,89.666667
2690,0,21,-0.404805,0.256126,-0.136747,89.666667
2690,0,22,-0.366946,0.258594,-0.103174,89.666667
2690,0,23,-0.328034,0.259809,-0.071680,89.666667
