cam_id,frame_time
0,0.0
0,0.03333333333333333
0,0.06666666666666667
0,0.1
0,0.13333333333333333
0,0.16666666666666666
0,0.2
0,0.23333333333333334
0,0.26666666666666666
0,0.3
0,0.3333333333333333
0,0.36666666666666664
0,0.4
0,0.43333333333333335
0,0.4666666666666667
0,0.5
0,0.5333333333333333
0,0.5666666666666667
0,0.6
0,0.6333333333333333
0,0.6666666666666666
0,0.7
0,0.7333333333333333
0,0.7666666666666667
0,0.8
0,0.8333333333333334
0,0.8666666666666667
0,0.9
0,0.9333333333333333
0,0.9666666666666667
0,1.0
0,1.0333333333333334
0,1.0666666666666667
0,1.1
0,1.1333333333333333
0,1.1666666666666667
0,1.2
0,1.2333333333333334
0,1.2666666666666666
0,1.3
0,1.3333333333333333
0,1.3666666666666667
0,1.4
0,1.4333333333333333
0,1.4666666666666666
0,1.5
0,1.5333333333333334
0,1.5666666666666667
0,1.6
0,1.6333333333333333
0,1.6666666666666667
0,1.7
0,1.7333333333333334
0,1.7666666666666666
0,1.8
0,1.8333333333333333
0,1.8666666666666667
0,1.9
0,1.9333333333333333
0,1.9666666666666666
0,2.0
0,2.033333333333333
0,2.066666666666667
0,2.1
0,2.1333333333333333
0,2.1666666666666665
0,2.2
0,2.2333333333333334
0,2.2666666666666666
0,2.3
0,2.3333333333333335
0,2.3666666666666667
0,2.4
0,2.433333333333333
0,2.466666666666667
0,2.5
0,2.533333333333333
0,2.566666666666667
0,2.6
0,2.6333333333333333
0,2.6666666666666665
0,2.7
0,2.7333333333333334
0,2.7666666666666666
0,2.8
0,2.8333333333333335
0,2.8666666666666667
0,2.9
0,2.933333333333333
0,2.966666666666667
0,3.0
0,3.033333333333333
0,3.066666666666667
0,3.1
0,3.1333333333333333
0,3.1666666666666665
0,3.2
0,3.2333333333333334
0,3.2666666666666666
0,3.3
0,3.3333333333333335
0,3.3666666666666667
0,3.4
0,3.433333333333333
0,3.466666666666667
0,3.5
0,3.533333333333333
0,3.566666666666667
0,3.6
0,3.6333333333333333
0,3.6666666666666665
0,3.7
0,3.7333333333333334
0,3.7666666666666666
0,3.8
0,3.8333333333333335
0,3.8666666666666667
0,3.9
0,3.933333333333333
0,3.966666666666667
0,4.0
0,4.033333333333333
0,4.066666666666666
0,4.1
0,4.133333333333334
0,4.166666666666667
0,4.2
0,4.233333333333333
0,4.266666666666667
0,4.3
0,4.333333333333333
0,4.366666666666666
0,4.4
0,4.433333333333334
0,4.466666666666667
0,4.5
0,4.533333333333333
0,4.566666666666666
0,4.6
0,4.633333333333334
0,4.666666666666667
0,4.7
0,4.733333333333333
0,4.766666666666667
0,4.8
0,4.833333333333333
0,4.866666666666666
0,4.9
0,4.933333333333334
0,4.966666666666667
0,5.0
0,5.033333333333333
0,5.066666666666666
0,5.1
0,5.133333333333334
0,5.166666666666667
0,5.2
0,5.233333333333333
0,5.266666666666667
0,5.3
0,5.333333333333333
0,5.366666666666666
0,5.4
0,5.433333333333334
0,5.466666666666667
0,5.5
0,5.533333333333333
0,5.566666666666666
0,5.6
0,5.633333333333334
0,5.666666666666667
0,5.7
0,5.733333333333333
0,5.766666666666667
0,5.8
0,5.833333333333333
0,5.866666666666666
0,5.9
0,5.933333333333334
0,5.966666666666667
0,6.0
0,6.033333333333333
0,6.066666666666666
0,6.1
0,6.133333333333334
0,6.166666666666667
0,6.2
0,6.233333333333333
0,6.266666666666667
0,6.3
0,6.333333333333333
0,6.366666666666666
0,6.4
0,6.433333333333334
0,6.466666666666667
0,6.5
0,6.533333333333333
0,6.566666666666666
0,6.6
0,6.633333333333334
0,6.666666666666667
0,6.7
0,6.733333333333333
0,6.766666666666667
0,6.8
0,6.833333333333333
0,6.866666666666666
0,6.9
0,6.933333333333334
0,6.966666666666667
0,7.0
0,7.033333333333333
0,7.066666666666666
0,7.1
0,7.133333333333334
0,7.166666666666667
0,7.2
0,7.233333333333333
0,7.266666666666667
0,7.3
0,7.333333333333333
0,7.366666666666666
0,7.4
0,7.433333333333334
0,7.466666666666667
0,7.5
0,7.533333333333333
0,7.566666666666666
0,7.6
0,7.633333333333334
0,7.666666666666667
0,7.7
0,7.733333333333333
0,7.766666666666667
0,7.8
0,7.833333333333333
0,7.866666666666666
0,7.9
0,7.933333333333334
0,7.966666666666667
0,8.0
0,8.033333333333333
0,8.066666666666666
0,8.1
0,8.133333333333333
0,8.166666666666666
0,8.2
0,8.233333333333333
0,8.266666666666667
0,8.3
0,8.333333333333334
0,8.366666666666667
0,8.4
0,8.433333333333334
0,8.466666666666667
0,8.5
0,8.533333333333333
0,8.566666666666666
0,8.6
0,8.633333333333333
0,8.666666666666666
0,8.7
0,8.733333333333333
0,8.766666666666667
0,8.8
0,8.833333333333334
0,8.866666666666667
0,8.9
0,8.933333333333334
0,8.966666666666667
0,9.0
0,9.033333333333333
0,9.066666666666666
0,9.1
0,9.133333333333333
0,9.166666666666666
0,9.2
0,9.233333333333333
0,9.266666666666667
0,9.3
0,9.333333333333334
0,9.366666666666667
0,9.4
0,9.433333333333334
0,9.466666666666667
0,9.5
0,9.533333333333333
0,9.566666666666666
0,9.6
0,9.633333333333333
0,9.666666666666666
0,9.7
0,9.733333333333333
0,9.766666666666667
0,9.8
0,9.833333333333334
0,9.866666666666667
0,9.9
0,9.933333333333334
0,9.966666666666667
0,10.0
0,10.033333333333333
0,10.066666666666666
0,10.1
0,10.133333333333333
0,10.166666666666666
0,10.2
0,10.233333333333333
0,10.266666666666667
0,10.3
0,10.333333333333334
0,10.366666666666667
0,10.4
0,10.433333333333334
0,10.466666666666667
0,10.5
0,10.533333333333333
0,10.566666666666666
0,10.6
0,10.633333333333333
0,10.666666666666666
0,10.7
0,10.733333333333333
0,10.766666666666667
0,10.8
0,10.833333333333334
0,10.866666666666667
0,10.9
0,10.933333333333334
0,10.966666666666667
0,11.0
0,11.033333333333333
0,11.066666666666666
0,11.1
0,11.133333333333333
0,11.166666666666666
0,11.2
0,11.233333333333333
0,11.266666666666667
0,11.3
0,11.333333333333334
0,11.366666666666667
0,11.4
0,11.433333333333334
0,11.466666666666667
0,11.5
0,11.533333333333333
0,11.566666666666666
0,11.6
0,11.633333333333333
0,11.666666666666666
0,11.7
0,11.733333333333333
0,11.766666666666667
0,11.8
0,11.833333333333334
0,11.866666666666667
0,11.9
0,11.933333333333334
0,11.966666666666667
0,12.0
0,12.033333333333333
0,12.066666666666666
0,12.1
0,12.133333333333333
0,12.166666666666666
0,12.2
0,12.233333333333333
0,12.266666666666667
0,12.3
0,12.333333333333334
0,12.366666666666667
0,12.4
0,12.433333333333334
0,12.466666666666667
0,12.5
0,12.533333333333333
0,12.566666666666666
0,12.6
0,12.633333333333333
0,12.666666666666666
0,12.7
0,12.733333333333333
0,12.766666666666667
0,12.8
0,12.833333333333334
0,12.866666666666667
0,12.9
0,12.933333333333334
0,12.966666666666667
0,13.0
0,13.033333333333333
0,13.066666666666666
0,13.1
0,13.133333333333333
0,13.166666666666666
0,13.2
0,13.233333333333333
0,13.266666666666667
0,13.3
0,13.333333333333334
0,13.366666666666667
0,13.4
0,13.433333333333334
0,13.466666666666667
0,13.5
0,13.533333333333333
0,13.566666666666666
0,13.6
0,13.633333333333333
0,13.666666666666666
0,13.7
0,13.733333333333333
0,13.766666666666667
0,13.8
0,13.833333333333334
0,13.866666666666667
0,13.9
0,13.933333333333334
0,13.966666666666667
0,14.0
0,14.033333333333333
0,14.066666666666666
0,14.1
0,14.133333333333333
0,14.166666666666666
0,14.2
0,14.233333333333333
0,14.266666666666667
0,14.3
0,14.333333333333334
0,14.366666666666667
0,14.4
0,14.433333333333334
0,14.466666666666667
0,14.5
0,14.533333333333333
0,14.566666666666666
0,14.6
0,14.633333333333333
0,14.666666666666666
0,14.7
0,14.733333333333333
0,14.766666666666667
0,14.8
0,14.833333333333334
0,14.866666666666667
0,14.9
0,14.933333333333334
0,14.966666666666667
0,15.0
0,15.033333333333333
0,15.066666666666666
0,15.1
0,15.133333333333333
0,15.166666666666666
0,15.2
0,15.233333333333333
0,15.266666666666667
0,15.3
0,15.333333333333334
0,15.366666666666667
0,15.4
0,15.433333333333334
0,15.466666666666667
0,15.5
0,15.533333333333333
0,15.566666666666666
0,15.6
0,15.633333333333333
0,15.666666666666666
0,15.7
0,15.733333333333333
0,15.766666666666667
0,15.8
0,15.833333333333334
0,15.866666666666667
0,15.9
0,15.933333333333334
0,15.966666666666667
0,16.0
0,16.033333333333335
0,16.066666666666666
0,16.1
0,16.133333333333333
0,16.166666666666668
0,16.2
0,16.233333333333334
0,16.266666666666666
0,16.3
0,16.333333333333332
0,16.366666666666667
0,16.4
0,16.433333333333334
0,16.466666666666665
0,16.5
0,16.533333333333335
0,16.566666666666666
0,16.6
0,16.633333333333333
0,16.666666666666668
0,16.7
0,16.733333333333334
0,16.766666666666666
0,16.8
0,16.833333333333332
0,16.866666666666667
0,16.9
0,16.933333333333334
0,16.966666666666665
0,17.0
0,17.033333333333335
0,17.066666666666666
0,17.1
0,17.133333333333333
0,17.166666666666668
0,17.2
0,17.233333333333334
0,17.266666666666666
0,17.3
0,17.333333333333332
0,17.366666666666667
0,17.4
0,17.433333333333334
0,17.466666666666665
0,17.5
0,17.533333333333335
0,17.566666666666666
0,17.6
0,17.633333333333333
0,17.666666666666668
0,17.7
0,17.733333333333334
0,17.766666666666666
0,17.8
0,17.833333333333332
0,17.866666666666667
0,17.9
0,17.933333333333334
0,17.966666666666665
0,18.0
0,18.033333333333335
0,18.066666666666666
0,18.1
0,18.133333333333333
0,18.166666666666668
0,18.2
0,18.233333333333334
0,18.266666666666666
0,18.3
0,18.333333333333332
0,18.366666666666667
0,18.4
0,18.433333333333334
0,18.466666666666665
0,18.5
0,18.533333333333335
0,18.566666666666666
0,18.6
0,18.633333333333333
0,18.666666666666668
0,18.7
0,18.733333333333334
0,18.766666666666666
0,18.8
0,18.833333333333332
0,18.866666666666667
0,18.9
0,18.933333333333334
0,18.966666666666665
0,19.0
0,19.033333333333335
0,19.066666666666666
0,19.1
0,19.133333333333333
0,19.166666666666668
0,19.2
0,19.233333333333334
0,19.266666666666666
0,19.3
0,19.333333333333332
0,19.366666666666667
0,19.4
0,19.433333333333334
0,19.466666666666665
0,19.5
0,19.533333333333335
0,19.566666666666666
0,19.6
0,19.633333333333333
0,19.666666666666668
0,19.7
0,19.733333333333334
0,19.766666666666666
0,19.8
0,19.833333333333332
0,19.866666666666667
0,19.9
0,19.933333333333334
0,19.966666666666665
0,20.0
0,20.033333333333335
0,20.066666666666666
0,20.1
0,20.133333333333333
0,20.166666666666668
0,20.2
0,20.233333333333334
0,20.266666666666666
0,20.3
0,20.333333333333332
0,20.366666666666667
0,20.4
0,20.433333333333334
0,20.466666666666665
0,20.5
0,20.533333333333335
0,20.566666666666666
0,20.6
0,20.633333333333333
0,20.666666666666668
0,20.7
0,20.733333333333334
0,20.766666666666666
0,20.8
0,20.833333333333332
0,20.866666666666667
0,20.9
0,20.933333333333334
0,20.966666666666665
0,21.0
0,21.033333333333335
0,21.066666666666666
0,21.1
0,21.133333333333333
0,21.166666666666668
0,21.2
0,21.233333333333334
0,21.266666666666666
0,21.3
0,21.333333333333332
0,21.366666666666667
0,21.4
0,21.433333333333334
0,21.466666666666665
0,21.5
0,21.533333333333335
0,21.566666666666666
0,21.6
0,21.633333333333333
0,21.666666666666668
0,21.7
0,21.733333333333334
0,21.766666666666666
0,21.8
0,21.833333333333332
0,21.866666666666667
0,21.9
0,21.933333333333334
0,21.966666666666665
0,22.0
0,22.033333333333335
0,22.066666666666666
0,22.1
0,22.133333333333333
0,22.166666666666668
0,22.2
0,22.233333333333334
0,22.266666666666666
0,22.3
0,22.333333333333332
0,22.366666666666667
0,22.4
0,22.433333333333334
0,22.466666666666665
0,22.5
0,22.533333333333335
0,22.566666666666666
0,22.6
0,22.633333333333333
0,22.666666666666668
0,22.7
0,22.733333333333334
0,22.766666666666666
0,22.8
0,22.833333333333332
0,22.866666666666667
0,22.9
0,22.933333333333334
0,22.966666666666665
0,23.0
0,23.033333333333335
0,23.066666666666666
0,23.1
0,23.133333333333333
0,23.166666666666668
0,23.2
0,23.233333333333334
0,23.266666666666666
0,23.3
0,23.333333333333332
0,23.366666666666667
0,23.4
0,23.433333333333334
0,23.466666666666665
0,23.5
0,23.533333333333335
0,23.566666666666666
0,23.6
0,23.633333333333333
0,23.666666666666668
0,23.7
0,23.733333333333334
0,23.766666666666666
0,23.8
0,23.833333333333332
0,23.866666666666667
0,23.9
0,23.933333333333334
0,23.966666666666665
0,24.0
0,24.033333333333335
0,24.066666666666666
0,24.1
0,24.133333333333333
0,24.166666666666668
0,24.2
0,24.233333333333334
0,24.266666666666666
0,24.3
0,24.333333333333332
0,24.366666666666667
0,24.4
0,24.433333333333334
0,24.466666666666665
0,24.5
0,24.533333333333335
0,24.566666666666666
0,24.6
0,24.633333333333333
0,24.666666666666668
0,24.7
0,24.733333333333334
0,24.766666666666666
0,24.8
0,24.833333333333332
0,24.866666666666667
0,24.9
0,24.933333333333334
0,24.966666666666665
0,25.0
0,25.033333333333335
0,25.066666666666666
0,25.1
0,25.133333333333333
0,25.166666666666668
0,25.2
0,25.233333333333334
0,25.266666666666666
0,25.3
0,25.333333333333332
0,25.366666666666667
0,25.4
0,25.433333333333334
0,25.466666666666665
0,25.5
0,25.533333333333335
0,25.566666666666666
0,25.6
0,25.633333333333333
0,25.666666666666668
0,25.7
0,25.733333333333334
0,25.766666666666666
0,25.8
0,25.833333333333332
0,25.866666666666667
0,25.9
0,25.933333333333334
0,25.966666666666665
0,26.0
0,26.033333333333335
0,26.066666666666666
0,26.1
0,26.133333333333333
0,26.166666666666668
0,26.2
0,26.233333333333334
0,26.266666666666666
0,26.3
0,26.333333333333332
0,26.366666666666667
0,26.4
0,26.433333333333334
0,26.466666666666665
0,26.5
0,26.533333333333335
0,26.566666666666666
0,26.6
0,26.633333333333333
0,26.666666666666668
0,26.7
0,26.733333333333334
0,26.766666666666666
0,26.8
0,26.833333333333332
0,26.866666666666667
0,26.9
0,26.933333333333334
0,26.966666666666665
0,27.0
0,27.033333333333335
0,27.066666666666666
0,27.1
0,27.133333333333333
0,27.166666666666668
0,27.2
0,27.233333333333334
0,27.266666666666666
0,27.3
0,27.333333333333332
0,27.366666666666667
0,27.4
0,27.433333333333334
0,27.466666666666665
0,27.5
0,27.533333333333335
0,27.566666666666666
0,27.6
0,27.633333333333333
0,27.666666666666668
0,27.7
0,27.733333333333334
0,27.766666666666666
0,27.8
0,27.833333333333332
0,27.866666666666667
0,27.9
0,27.933333333333334
0,27.966666666666665
0,28.0
0,28.033333333333335
0,28.066666666666666
0,28.1
0,28.133333333333333
0,28.166666666666668
0,28.2
0,28.233333333333334
0,28.266666666666666
0,28.3
0,28.333333333333332
0,28.366666666666667
0,28.4
0,28.433333333333334
0,28.466666666666665
0,28.5
0,28.533333333333335
0,28.566666666666666
0,28.6
0,28.633333333333333
0,28.666666666666668
0,28.7
0,28.733333333333334
0,28.766666666666666
0,28.8
0,28.833333333333332
0,28.866666666666667
0,28.9
0,28.933333333333334
0,28.966666666666665
0,29.0
0,29.033333333333335
0,29.066666666666666
0,29.1
0,29.133333333333333
0,29.166666666666668
0,29.2
0,29.233333333333334
0,29.266666666666666
0,29.3
0,29.333333333333332
0,29.366666666666667
0,29.4
0,29.433333333333334
0,29.466666666666665
0,29.5
0,29.533333333333335
0,29.566666666666666
0,29.6
0,29.633333333333333
0,29.666666666666668
0,29.7
0,29.733333333333334
0,29.766666666666666
0,29.8
0,29.833333333333332
0,29.866666666666667
0,29.9
0,29.933333333333334
0,29.966666666666665
0,30.0
0,30.033333333333335
0,30.066666666666666
0,30.1
0,30.133333333333333
0,30.166666666666668
0,30.2
0,30.233333333333334
0,30.266666666666666
0,30.3
0,30.333333333333332
0,30.366666666666667
0,30.4
0,30.433333333333334
0,30.466666666666665
0,30.5
0,30.533333333333335
0,30.566666666666666
0,30.6
0,30.633333333333333
0,30.666666666666668
0,30.7
0,30.733333333333334
0,30.766666666666666
0,30.8
0,30.833333333333332
0,30.866666666666667
0,30.9
0,30.933333333333334
0,30.966666666666665
0,31.0
0,31.033333333333335
0,31.066666666666666
0,31.1
0,31.133333333333333
0,31.166666666666668
0,31.2
0,31.233333333333334
0,31.266666666666666
0,31.3
0,31.333333333333332
0,31.366666666666667
0,31.4
0,31.433333333333334
0,31.466666666666665
0,31.5
0,31.533333333333335
0,31.566666666666666
0,31.6
0,31.633333333333333
0,31.666666666666668
0,31.7
0,31.733333333333334
0,31.766666666666666
0,31.8
0,31.833333333333332
0,31.866666666666667
0,31.9
0,31.933333333333334
0,31.966666666666665
0,32.0
0,32.03333333333333
0,32.06666666666667
0,32.1
0,32.13333333333333
0,32.166666666666664
0,32.2
0,32.233333333333334
0,32.266666666666666
0,32.3
0,32.333333333333336
0,32.36666666666667
0,32.4
0,32.43333333333333
0,32.46666666666667
0,32.5
0,32.53333333333333
0,32.56666666666667
0,32.6
0,32.63333333333333
0,32.666666666666664
0,32.7
0,32.733333333333334
0,32.766666666666666
0,32.8
0,32.833333333333336
0,32.86666666666667
0,32.9
0,32.93333333333333
0,32.96666666666667
0,33.0
0,33.03333333333333
0,33.06666666666667
0,33.1
0,33.13333333333333
0,33.166666666666664
0,33.2
0,33.233333333333334
0,33.266666666666666
0,33.3
0,33.333333333333336
0,33.36666666666667
0,33.4
0,33.43333333333333
0,33.46666666666667
0,33.5
0,33.53333333333333
0,33.56666666666667
0,33.6
0,33.63333333333333
0,33.666666666666664
0,33.7
0,33.733333333333334
0,33.766666666666666
0,33.8
0,33.833333333333336
0,33.86666666666667
0,33.9
0,33.93333333333333
0,33.96666666666667
0,34.0
0,34.03333333333333
0,34.06666666666667
0,34.1
0,34.13333333333333
0,34.166666666666664
0,34.2
0,34.233333333333334
0,34.266666666666666
0,34.3
0,34.333333333333336
0,34.36666666666667
0,34.4
0,34.43333333333333
0,34.46666666666667
0,34.5
0,34.53333333333333
0,34.56666666666667
0,34.6
0,34.63333333333333
0,34.666666666666664
0,34.7
0,34.733333333333334
0,34.766666666666666
0,34.8
0,34.833333333333336
0,34.86666666666667
0,34.9
0,34.93333333333333
0,34.96666666666667
0,35.0
0,35.03333333333333
0,35.06666666666667
0,35.1
0,35.13333333333333
0,35.166666666666664
0,35.2
0,35.233333333333334
0,35.266666666666666
0,35.3
0,35.333333333333336
0,35.36666666666667
0,35.4
0,35.43333333333333
0,35.46666666666667
0,35.5
0,35.53333333333333
0,35.56666666666667
0,35.6
0,35.63333333333333
0,35.666666666666664
0,35.7
0,35.733333333333334
0,35.766666666666666
0,35.8
0,35.833333333333336
0,35.86666666666667
0,35.9
0,35.93333333333333
0,35.96666666666667
0,36.0
0,36.03333333333333
0,36.06666666666667
0,36.1
0,36.13333333333333
0,36.166666666666664
0,36.2
0,36.233333333333334
0,36.266666666666666
0,36.3
0,36.333333333333336
0,36.36666666666667
0,36.4
0,36.43333333333333
0,36.46666666666667
0,36.5
0,36.53333333333333
0,36.56666666666667
0,36.6
0,36.63333333333333
0,36.666666666666664
0,36.7
0,36.733333333333334
0,36.766666666666666
0,36.8
0,36.833333333333336
0,36.86666666666667
0,36.9
0,36.93333333333333
0,36.96666666666667
0,37.0
0,37.03333333333333
0,37.06666666666667
0,37.1
0,37.13333333333333
0,37.166666666666664
0,37.2
0,37.233333333333334
0,37.266666666666666
0,37.3
0,37.333333333333336
0,37.36666666666667
0,37.4
0,37.43333333333333
0,37.46666666666667
0,37.5
0,37.53333333333333
0,37.56666666666667
0,37.6
0,37.63333333333333
0,37.666666666666664
0,37.7
0,37.733333333333334
0,37.766666666666666
0,37.8
0,37.833333333333336
0,37.86666666666667
0,37.9
0,37.93333333333333
0,37.96666666666667
0,38.0
0,38.03333333333333
0,38.06666666666667
0,38.1
0,38.13333333333333
0,38.166666666666664
0,38.2
0,38.233333333333334
0,38.266666666666666
0,38.3
0,38.333333333333336
0,38.36666666666667
0,38.4
0,38.43333333333333
0,38.46666666666667
0,38.5
0,38.53333333333333
0,38.56666666666667
0,38.6
0,38.63333333333333
0,38.666666666666664
0,38.7
0,38.733333333333334
0,38.766666666666666
0,38.8
0,38.833333333333336
0,38.86666666666667
0,38.9
0,38.93333333333333
0,38.96666666666667
0,39.0
0,39.03333333333333
0,39.06666666666667
0,39.1
0,39.13333333333333
0,39.166666666666664
0,39.2
0,39.233333333333334
0,39.266666666666666
0,39.3
0,39.333333333333336
0,39.36666666666667
0,39.4
0,39.43333333333333
0,39.46666666666667
0,39.5
0,39.53333333333333
0,39.56666666666667
0,39.6
0,39.63333333333333
0,39.666666666666664
0,39.7
0,39.733333333333334
0,39.766666666666666
0,39.8
0,39.833333333333336
0,39.86666666666667
0,39.9
0,39.93333333333333
0,39.96666666666667
0,40.0
0,40.03333333333333
0,40.06666666666667
0,40.1
0,40.13333333333333
0,40.166666666666664
0,40.2
0,40.233333333333334
0,40.266666666666666
0,40.3
0,40.333333333333336
0,40.36666666666667
0,40.4
0,40.43333333333333
0,40.46666666666667
0,40.5
0,40.53333333333333
0,40.56666666666667
0,40.6
0,40.63333333333333
0,40.666666666666664
0,40.7
0,40.733333333333334
0,40.766666666666666
0,40.8
0,40.833333333333336
0,40.86666666666667
0,40.9
0,40.93333333333333
0,40.96666666666667
0,41.0
0,41.03333333333333
0,41.06666666666667
0,41.1
0,41.13333333333333
0,41.166666666666664
0,41.2
0,41.233333333333334
0,41.266666666666666
0,41.3
0,41.333333333333336
0,41.36666666666667
0,41.4
0,41.43333333333333
0,41.46666666666667
0,41.5
0,41.53333333333333
0,41.56666666666667
0,41.6
0,41.63333333333333
0,41.666666666666664
0,41.7
0,41.733333333333334
0,41.766666666666666
0,41.8
0,41.833333333333336
0,41.86666666666667
0,41.9
0,41.93333333333333
0,41.96666666666667
0,42.0
0,42.03333333333333
0,42.06666666666667
0,42.1
0,42.13333333333333
0,42.166666666666664
0,42.2
0,42.233333333333334
0,42.266666666666666
0,42.3
0,42.333333333333336
0,42.36666666666667
0,42.4
0,42.43333333333333
0,42.46666666666667
0,42.5
0,42.53333333333333
0,42.56666666666667
0,42.6
0,42.63333333333333
0,42.666666666666664
0,42.7
0,42.733333333333334
0,42.766666666666666
0,42.8
0,42.833333333333336
0,42.86666666666667
0,42.9
0,42.93333333333333
0,42.96666666666667
0,43.0
0,43.03333333333333
0,43.06666666666667
0,43.1
0,43.13333333333333
0,43.166666666666664
0,43.2
0,43.233333333333334
0,43.266666666666666
0,43.3
0,43.333333333333336
0,43.36666666666667
0,43.4
0,43.43333333333333
0,43.46666666666667
0,43.5
0,43.53333333333333
0,43.56666666666667
0,43.6
0,43.63333333333333
0,43.666666666666664
0,43.7
0,43.733333333333334
0,43.766666666666666
0,43.8
0,43.833333333333336
0,43.86666666666667
0,43.9
0,43.93333333333333
0,43.96666666666667
0,44.0
0,44.03333333333333
0,44.06666666666667
0,44.1
0,44.13333333333333
0,44.166666666666664
0,44.2
0,44.233333333333334
0,44.266666666666666
0,44.3
0,44.333333333333336
0,44.36666666666667
0,44.4
0,44.43333333333333
0,44.46666666666667
0,44.5
0,44.53333333333333
0,44.56666666666667
0,44.6
0,44.63333333333333
0,44.666666666666664
0,44.7
0,44.733333333333334
0,44.766666666666666
0,44.8
0,44.833333333333336
0,44.86666666666667
0,44.9
0,44.93333333333333
0,44.96666666666667
0,45.0
0,45.03333333333333
0,45.06666666666667
0,45.1
0,45.13333333333333
0,45.166666666666664
0,45.2
0,45.233333333333334
0,45.266666666666666
0,45.3
0,45.333333333333336
0,45.36666666666667
0,45.4
0,45.43333333333333
0,45.46666666666667
0,45.5
0,45.53333333333333
0,45.56666666666667
0,45.6
0,45.63333333333333
0,45.666666666666664
0,45.7
0,45.733333333333334
0,45.766666666666666
0,45.8
0,45.833333333333336
0,45.86666666666667
0,45.9
0,45.93333333333333
0,45.96666666666667
0,46.0
0,46.03333333333333
0,46.06666666666667
0,46.1
0,46.13333333333333
0,46.166666666666664
0,46.2
0,46.233333333333334
0,46.266666666666666
0,46.3
0,46.333333333333336
0,46.36666666666667
0,46.4
0,46.43333333333333
0,46.46666666666667
0,46.5
0,46.53333333333333
0,46.56666666666667
0,46.6
0,46.63333333333333
0,46.666666666666664
0,46.7
0,46.733333333333334
0,46.766666666666666
0,46.8
0,46.833333333333336
0,46.86666666666667
0,46.9
0,46.93333333333333
0,46.96666666666667
0,47.0
0,47.03333333333333
0,47.06666666666667
0,47.1
0,47.13333333333333
0,47.166666666666664
0,47.2
0,47.233333333333334
0,47.266666666666666
0,47.3
0,47.333333333333336
0,47.36666666666667
0,47.4
0,47.43333333333333
0,47.46666666666667
0,47.5
0,47.53333333333333
0,47.56666666666667
0,47.6
0,47.63333333333333
0,47.666666666666664
0,47.7
0,47.733333333333334
0,47.766666666666666
0,47.8
0,47.833333333333336
0,47.86666666666667
0,47.9
0,47.93333333333333
0,47.96666666666667
0,48.0
0,48.03333333333333
0,48.06666666666667
0,48.1
0,48.13333333333333
0,48.166666666666664
0,48.2
0,48.233333333333334
0,48.266666666666666
0,48.3
0,48.333333333333336
0,48.36666666666667
0,48.4
0,48.43333333333333
0,48.46666666666667
0,48.5
0,48.53333333333333
0,48.56666666666667
0,48.6
0,48.63333333333333
0,48.666666666666664
0,48.7
0,48.733333333333334
0,48.766666666666666
0,48.8
0,48.833333333333336
0,48.86666666666667
0,48.9
0,48.93333333333333
0,48.96666666666667
0,49.0
0,49.03333333333333
0,49.06666666666667
0,49.1
0,49.13333333333333
0,49.166666666666664
0,49.2
0,49.233333333333334
0,49.266666666666666
0,49.3
0,49.333333333333336
0,49.36666666666667
0,49.4
0,49.43333333333333
0,49.46666666666667
0,49.5
0,49.53333333333333
0,49.56666666666667
0,49.6
0,49.63333333333333
0,49.666666666666664
0,49.7
0,49.733333333333334
0,49.766666666666666
0,49.8
0,49.833333333333336
0,49.86666666666667
0,49.9
0,49.93333333333333
0,49.96666666666667
0,50.0
0,50.03333333333333
0,50.06666666666667
0,50.1
0,50.13333333333333
0,50.166666666666664
0,50.2
0,50.233333333333334
0,50.266666666666666
0,50.3
0,50.333333333333336
0,50.36666666666667
0,50.4
0,50.43333333333333
0,50.46666666666667
0,50.5
0,50.53333333333333
0,50.56666666666667
0,50.6
0,50.63333333333333
0,50.666666666666664
0,50.7
0,50.733333333333334
0,50.766666666666666
0,50.8
0,50.833333333333336
0,50.86666666666667
0,50.9
0,50.93333333333333
0,50.96666666666667
0,51.0
0,51.03333333333333
0,51.06666666666667
0,51.1
0,51.13333333333333
0,51.166666666666664
0,51.2
0,51.233333333333334
0,51.266666666666666
0,51.3
0,51.333333333333336
0,51.36666666666667
0,51.4
0,51.43333333333333
0,51.46666666666667
0,51.5
0,51.53333333333333
0,51.56666666666667
0,51.6
0,51.63333333333333
0,51.666666666666664
0,51.7
0,51.733333333333334
0,51.766666666666666
0,51.8
0,51.833333333333336
0,51.86666666666667
0,51.9
0,51.93333333333333
0,51.96666666666667
0,52.0
0,52.03333333333333
0,52.06666666666667
0,52.1
0,52.13333333333333
0,52.166666666666664
0,52.2
0,52.233333333333334
0,52.266666666666666
0,52.3
0,52.333333333333336
0,52.36666666666667
0,52.4
0,52.43333333333333
0,52.46666666666667
0,52.5
0,52.53333333333333
0,52.56666666666667
0,52.6
0,52.63333333333333
0,52.666666666666664
0,52.7
0,52.733333333333334
0,52.766666666666666
0,52.8
0,52.833333333333336
0,52.86666666666667
0,52.9
0,52.93333333333333
0,52.96666666666667
0,53.0
0,53.03333333333333
0,53.06666666666667
0,53.1
0,53.13333333333333
0,53.166666666666664
0,53.2
0,53.233333333333334
0,53.266666666666666
0,53.3
0,53.333333333333336
0,53.36666666666667
0,53.4
0,53.43333333333333
0,53.46666666666667
0,53.5
0,53.53333333333333
0,53.56666666666667
0,53.6
0,53.63333333333333
0,53.666666666666664
0,53.7
0,53.733333333333334
0,53.766666666666666
0,53.8
0,53.833333333333336
0,53.86666666666667
0,53.9
0,53.93333333333333
0,53.96666666666667
0,54.0
0,54.03333333333333
0,54.06666666666667
0,54.1
0,54.13333333333333
0,54.166666666666664
0,54.2
0,54.233333333333334
0,54.266666666666666
0,54.3
0,54.333333333333336
0,54.36666666666667
0,54.4
0,54.43333333333333
0,54.46666666666667
0,54.5
0,54.53333333333333
0,54.56666666666667
0,54.6
0,54.63333333333333
0,54.666666666666664
0,54.7
0,54.733333333333334
0,54.766666666666666
0,54.8
0,54.833333333333336
0,54.86666666666667
0,54.9
0,54.93333333333333
0,54.96666666666667
0,55.0
0,55.03333333333333
0,55.06666666666667
0,55.1
0,55.13333333333333
0,55.166666666666664
0,55.2
0,55.233333333333334
0,55.266666666666666
0,55.3
0,55.333333333333336
0,55.36666666666667
0,55.4
0,55.43333333333333
0,55.46666666666667
0,55.5
0,55.53333333333333
0,55.56666666666667
0,55.6
0,55.63333333333333
0,55.666666666666664
0,55.7
0,55.733333333333334
0,55.766666666666666
0,55.8
0,55.833333333333336
0,55.86666666666667
0,55.9
0,55.93333333333333
0,55.96666666666667
0,56.0
0,56.03333333333333
0,56.06666666666667
0,56.1
0,56.13333333333333
0,56.166666666666664
0,56.2
0,56.233333333333334
0,56.266666666666666
0,56.3
0,56.333333333333336
0,56.36666666666667
0,56.4
0,56.43333333333333
0,56.46666666666667
0,56.5
0,56.53333333333333
0,56.56666666666667
0,56.6
0,56.63333333333333
0,56.666666666666664
0,56.7
0,56.733333333333334
0,56.766666666666666
0,56.8
0,56.833333333333336
0,56.86666666666667
0,56.9
0,56.93333333333333
0,56.96666666666667
0,57.0
0,57.03333333333333
0,57.06666666666667
0,57.1
0,57.13333333333333
0,57.166666666666664
0,57.2
0,57.233333333333334
0,57.266666666666666
0,57.3
0,57.333333333333336
0,57.36666666666667
0,57.4
0,57.43333333333333
0,57.46666666666667
0,57.5
0,57.53333333333333
0,57.56666666666667
0,57.6
0,57.63333333333333
0,57.666666666666664
0,57.7
0,57.733333333333334
0,57.766666666666666
0,57.8
0,57.833333333333336
0,57.86666666666667
0,57.9
0,57.93333333333333
0,57.96666666666667
0,58.0
0,58.03333333333333
0,58.06666666666667
0,58.1
0,58.13333333333333
0,58.166666666666664
0,58.2
0,58.233333333333334
0,58.266666666666666
0,58.3
0,58.333333333333336
0,58.36666666666667
0,58.4
0,58.43333333333333
0,58.46666666666667
0,58.5
0,58.53333333333333
0,58.56666666666667
0,58.6
0,58.63333333333333
0,58.666666666666664
0,58.7
0,58.733333333333334
0,58.766666666666666
0,58.8
0,58.833333333333336
0,58.86666666666667
0,58.9
0,58.93333333333333
0,58.96666666666667
0,59.0
0,59.03333333333333
0,59.06666666666667
0,59.1
0,59.13333333333333
0,59.166666666666664
0,59.2
0,59.233333333333334
0,59.266666666666666
0,59.3
0,59.333333333333336
0,59.36666666666667
0,59.4
0,59.43333333333333
0,59.46666666666667
0,59.5
0,59.53333333333333
0,59.56666666666667
0,59.6
0,59.63333333333333
0,59.666666666666664
0,59.7
0,59.733333333333334
0,59.766666666666666
0,59.8
0,59.833333333333336
0,59.86666666666667
0,59.9
0,59.93333333333333
0,59.96666666666667
0,60.0
0,60.03333333333333
0,60.06666666666667
0,60.1
0,60.13333333333333
0,60.166666666666664
0,60.2
0,60.233333333333334
0,60.266666666666666
0,60.3
0,60.333333333333336
0,60.36666666666667
0,60.4
0,60.43333333333333
0,60.46666666666667
0,60.5
0,60.53333333333333
0,60.56666666666667
0,60.6
0,60.63333333333333
0,60.666666666666664
0,60.7
0,60.733333333333334
0,60.766666666666666
0,60.8
0,60.833333333333336
0,60.86666666666667
0,60.9
0,60.93333333333333
0,60.96666666666667
0,61.0
0,61.03333333333333
0,61.06666666666667
0,61.1
0,61.13333333333333
0,61.166666666666664
0,61.2
0,61.233333333333334
0,61.266666666666666
0,61.3
0,61.333333333333336
0,61.36666666666667
0,61.4
0,61.43333333333333
0,61.46666666666667
0,61.5
0,61.53333333333333
0,61.56666666666667
0,61.6
0,61.63333333333333
0,61.666666666666664
0,61.7
0,61.733333333333334
0,61.766666666666666
0,61.8
0,61.833333333333336
0,61.86666666666667
0,61.9
0,61.93333333333333
0,61.96666666666667
0,62.0
0,62.03333333333333
0,62.06666666666667
0,62.1
0,62.13333333333333
0,62.166666666666664
0,62.2
0,62.233333333333334
0,62.266666666666666
0,62.3
0,62.333333333333336
0,62.36666666666667
0,62.4
0,62.43333333333333
0,62.46666666666667
0,62.5
0,62.53333333333333
0,62.56666666666667
0,62.6
0,62.63333333333333
0,62.666666666666664
0,62.7
0,62.733333333333334
0,62.766666666666666
0,62.8
0,62.833333333333336
0,62.86666666666667
0,62.9
0,62.93333333333333
0,62.96666666666667
0,63.0
0,63.03333333333333
0,63.06666666666667
0,63.1
0,63.13333333333333
0,63.166666666666664
0,63.2
0,63.233333333333334
0,63.266666666666666
0,63.3
0,63.333333333333336
0,63.36666666666667
0,63.4
0,63.43333333333333
0,63.46666666666667
0,63.5
0,63.53333333333333
0,63.56666666666667
0,63.6
0,63.63333333333333
0,63.666666666666664
0,63.7
0,63.733333333333334
0,63.766666666666666
0,63.8
0,63.833333333333336
0,63.86666666666667
0,63.9
0,63.93333333333333
0,63.96666666666667
0,64.0
0,64.03333333333333
0,64.06666666666666
0,64.1
0,64.13333333333334
0,64.16666666666667
0,64.2
0,64.23333333333333
0,64.26666666666667
0,64.3
0,64.33333333333333
0,64.36666666666666
0,64.4
0,64.43333333333334
0,64.46666666666667
0,64.5
0,64.53333333333333
0,64.56666666666666
0,64.6
0,64.63333333333334
0,64.66666666666667
0,64.7
0,64.73333333333333
0,64.76666666666667
0,64.8
0,64.83333333333333
0,64.86666666666666
0,64.9
0,64.93333333333334
0,64.96666666666667
0,65.0
0,65.03333333333333
0,65.06666666666666
0,65.1
0,65.13333333333334
0,65.16666666666667
0,65.2
0,65.23333333333333
0,65.26666666666667
0,65.3
0,65.33333333333333
0,65.36666666666666
0,65.4
0,65.43333333333334
0,65.46666666666667
0,65.5
0,65.53333333333333
0,65.56666666666666
0,65.6
0,65.63333333333334
0,65.66666666666667
0,65.7
0,65.73333333333333
0,65.76666666666667
0,65.8
0,65.83333333333333
0,65.86666666666666
0,65.9
0,65.93333333333334
0,65.96666666666667
0,66.0
0,66.03333333333333
0,66.06666666666666
0,66.1
0,66.13333333333334
0,66.16666666666667
0,66.2
0,66.23333333333333
0,66.26666666666667
0,66.3
0,66.33333333333333
0,66.36666666666666
0,66.4
0,66.43333333333334
0,66.46666666666667
0,66.5
0,66.53333333333333
0,66.56666666666666
0,66.6
0,66.63333333333334
0,66.66666666666667
0,66.7
0,66.73333333333333
0,66.76666666666667
0,66.8
0,66.83333333333333
0,66.86666666666666
0,66.9
0,66.93333333333334
0,66.96666666666667
0,67.0
0,67.03333333333333
0,67.06666666666666
0,67.1
0,67.13333333333334
0,67.16666666666667
0,67.2
0,67.23333333333333
0,67.26666666666667
0,67.3
0,67.33333333333333
0,67.36666666666666
0,67.4
0,67.43333333333334
0,67.46666666666667
0,67.5
0,67.53333333333333
0,67.56666666666666
0,67.6
0,67.63333333333334
0,67.66666666666667
0,67.7
0,67.73333333333333
0,67.76666666666667
0,67.8
0,67.83333333333333
0,67.86666666666666
0,67.9
0,67.93333333333334
0,67.96666666666667
0,68.0
0,68.03333333333333
0,68.06666666666666
0,68.1
0,68.13333333333334
0,68.16666666666667
0,68.2
0,68.23333333333333
0,68.26666666666667
0,68.3
0,68.33333333333333
0,68.36666666666666
0,68.4
0,68.43333333333334
0,68.46666666666667
0,68.5
0,68.53333333333333
0,68.56666666666666
0,68.6
0,68.63333333333334
0,68.66666666666667
0,68.7
0,68.73333333333333
0,68.76666666666667
0,68.8
0,68.83333333333333
0,68.86666666666666
0,68.9
0,68.93333333333334
0,68.96666666666667
0,69.0
0,69.03333333333333
0,69.06666666666666
0,69.1
0,69.13333333333334
0,69.16666666666667
0,69.2
0,69.23333333333333
0,69.26666666666667
0,69.3
0,69.33333333333333
0,69.36666666666666
0,69.4
0,69.43333333333334
0,69.46666666666667
0,69.5
0,69.53333333333333
0,69.56666666666666
0,69.6
0,69.63333333333334
0,69.66666666666667
0,69.7
0,69.73333333333333
0,69.76666666666667
0,69.8
0,69.83333333333333
0,69.86666666666666
0,69.9
0,69.93333333333334
0,69.96666666666667
0,70.0
0,70.03333333333333
0,70.06666666666666
0,70.1
0,70.13333333333334
0,70.16666666666667
0,70.2
0,70.23333333333333
0,70.26666666666667
0,70.3
0,70.33333333333333
0,70.36666666666666
0,70.4
0,70.43333333333334
0,70.46666666666667
0,70.5
0,70.53333333333333
0,70.56666666666666
0,70.6
0,70.63333333333334
0,70.66666666666667
0,70.7
0,70.73333333333333
0,70.76666666666667
0,70.8
0,70.83333333333333
0,70.86666666666666
0,70.9
0,70.93333333333334
0,70.96666666666667
0,71.0
0,71.03333333333333
0,71.06666666666666
0,71.1
0,71.13333333333334
0,71.16666666666667
0,71.2
0,71.23333333333333
0,71.26666666666667
0,71.3
0,71.33333333333333
0,71.36666666666666
0,71.4
0,71.43333333333334
0,71.46666666666667
0,71.5
0,71.53333333333333
0,71.56666666666666
0,71.6
0,71.63333333333334
0,71.66666666666667
0,71.7
0,71.73333333333333
0,71.76666666666667
0,71.8
0,71.83333333333333
0,71.86666666666666
0,71.9
0,71.93333333333334
0,71.96666666666667
0,72.0
0,72.03333333333333
0,72.06666666666666
0,72.1
0,72.13333333333334
0,72.16666666666667
0,72.2
0,72.23333333333333
0,72.26666666666667
0,72.3
0,72.33333333333333
0,72.36666666666666
0,72.4
0,72.43333333333334
0,72.46666666666667
0,72.5
0,72.53333333333333
0,72.56666666666666
0,72.6
0,72.63333333333334
0,72.66666666666667
0,72.7
0,72.73333333333333
0,72.76666666666667
0,72.8
0,72.83333333333333
0,72.86666666666666
0,72.9
0,72.93333333333334
0,72.96666666666667
0,73.0
0,73.03333333333333
0,73.06666666666666
0,73.1
0,73.13333333333334
0,73.16666666666667
0,73.2
0,73.23333333333333
0,73.26666666666667
0,73.3
0,73.33333333333333
0,73.36666666666666
0,73.4
0,73.43333333333334
0,73.46666666666667
1,0.0
1,0.03333333333333333
1,0.06666666666666667
1,0.1
1,0.13333333333333333
1,0.16666666666666666
1,0.2
1,0.23333333333333334
1,0.26666666666666666
1,0.3
1,0.3333333333333333
1,0.36666666666666664
1,0.4
1,0.43333333333333335
1,0.4666666666666667
1,0.5
1,0.5333333333333333
1,0.5666666666666667
1,0.6
1,0.6333333333333333
1,0.6666666666666666
1,0.7
1,0.7333333333333333
1,0.7666666666666667
1,0.8
1,0.8333333333333334
1,0.8666666666666667
1,0.9
1,0.9333333333333333
1,0.9666666666666667
1,1.0
1,1.0333333333333334
1,1.0666666666666667
1,1.1
1,1.1333333333333333
1,1.1666666666666667
1,1.2
1,1.2333333333333334
1,1.2666666666666666
1,1.3
1,1.3333333333333333
1,1.3666666666666667
1,1.4
1,1.4333333333333333
1,1.4666666666666666
1,1.5
1,1.5333333333333334
1,1.5666666666666667
1,1.6
1,1.6333333333333333
1,1.6666666666666667
1,1.7
1,1.7333333333333334
1,1.7666666666666666
1,1.8
1,1.8333333333333333
1,1.8666666666666667
1,1.9
1,1.9333333333333333
1,1.9666666666666666
1,2.0
1,2.033333333333333
1,2.066666666666667
1,2.1
1,2.1333333333333333
1,2.1666666666666665
1,2.2
1,2.2333333333333334
1,2.2666666666666666
1,2.3
1,2.3333333333333335
1,2.3666666666666667
1,2.4
1,2.433333333333333
1,2.466666666666667
1,2.5
1,2.533333333333333
1,2.566666666666667
1,2.6
1,2.6333333333333333
1,2.6666666666666665
1,2.7
1,2.7333333333333334
1,2.7666666666666666
1,2.8
1,2.8333333333333335
1,2.8666666666666667
1,2.9
1,2.933333333333333
1,2.966666666666667
1,3.0
1,3.033333333333333
1,3.066666666666667
1,3.1
1,3.1333333333333333
1,3.1666666666666665
1,3.2
1,3.2333333333333334
1,3.2666666666666666
1,3.3
1,3.3333333333333335
1,3.3666666666666667
1,3.4
1,3.433333333333333
1,3.466666666666667
1,3.5
1,3.533333333333333
1,3.566666666666667
1,3.6
1,3.6333333333333333
1,3.6666666666666665
1,3.7
1,3.7333333333333334
1,3.7666666666666666
1,3.8
1,3.8333333333333335
1,3.8666666666666667
1,3.9
1,3.933333333333333
1,3.966666666666667
1,4.0
1,4.033333333333333
1,4.066666666666666
1,4.1
1,4.133333333333334
1,4.166666666666667
1,4.2
1,4.233333333333333
1,4.266666666666667
1,4.3
1,4.333333333333333
1,4.366666666666666
1,4.4
1,4.433333333333334
1,4.466666666666667
1,4.5
1,4.533333333333333
1,4.566666666666666
1,4.6
1,4.633333333333334
1,4.666666666666667
1,4.7
1,4.733333333333333
1,4.766666666666667
1,4.8
1,4.833333333333333
1,4.866666666666666
1,4.9
1,4.933333333333334
1,4.966666666666667
1,5.0
1,5.033333333333333
1,5.066666666666666
1,5.1
1,5.133333333333334
1,5.166666666666667
1,5.2
1,5.233333333333333
1,5.266666666666667
1,5.3
1,5.333333333333333
1,5.366666666666666
1,5.4
1,5.433333333333334
1,5.466666666666667
1,5.5
1,5.533333333333333
1,5.566666666666666
1,5.6
1,5.633333333333334
1,5.666666666666667
1,5.7
1,5.733333333333333
1,5.766666666666667
1,5.8
1,5.833333333333333
1,5.866666666666666
1,5.9
1,5.933333333333334
1,5.966666666666667
1,6.0
1,6.033333333333333
1,6.066666666666666
1,6.1
1,6.133333333333334
1,6.166666666666667
1,6.2
1,6.233333333333333
1,6.266666666666667
1,6.3
1,6.333333333333333
1,6.366666666666666
1,6.4
1,6.433333333333334
1,6.466666666666667
1,6.5
1,6.533333333333333
1,6.566666666666666
1,6.6
1,6.633333333333334
1,6.666666666666667
1,6.7
1,6.733333333333333
1,6.766666666666667
1,6.8
1,6.833333333333333
1,6.866666666666666
1,6.9
1,6.933333333333334
1,6.966666666666667
1,7.0
1,7.033333333333333
1,7.066666666666666
1,7.1
1,7.133333333333334
1,7.166666666666667
1,7.2
1,7.233333333333333
1,7.266666666666667
1,7.3
1,7.333333333333333
1,7.366666666666666
1,7.4
1,7.433333333333334
1,7.466666666666667
1,7.5
1,7.533333333333333
1,7.566666666666666
1,7.6
1,7.633333333333334
1,7.666666666666667
1,7.7
1,7.733333333333333
1,7.766666666666667
1,7.8
1,7.833333333333333
1,7.866666666666666
1,7.9
1,7.933333333333334
1,7.966666666666667
1,8.0
1,8.033333333333333
1,8.066666666666666
1,8.1
1,8.133333333333333
1,8.166666666666666
1,8.2
1,8.233333333333333
1,8.266666666666667
1,8.3
1,8.333333333333334
1,8.366666666666667
1,8.4
1,8.433333333333334
1,8.466666666666667
1,8.5
1,8.533333333333333
1,8.566666666666666
1,8.6
1,8.633333333333333
1,8.666666666666666
1,8.7
1,8.733333333333333
1,8.766666666666667
1,8.8
1,8.833333333333334
1,8.866666666666667
1,8.9
1,8.933333333333334
1,8.966666666666667
1,9.0
1,9.033333333333333
1,9.066666666666666
1,9.1
1,9.133333333333333
1,9.166666666666666
1,9.2
1,9.233333333333333
1,9.266666666666667
1,9.3
1,9.333333333333334
1,9.366666666666667
1,9.4
1,9.433333333333334
1,9.466666666666667
1,9.5
1,9.533333333333333
1,9.566666666666666
1,9.6
1,9.633333333333333
1,9.666666666666666
1,9.7
1,9.733333333333333
1,9.766666666666667
1,9.8
1,9.833333333333334
1,9.866666666666667
1,9.9
1,9.933333333333334
1,9.966666666666667
1,10.0
1,10.033333333333333
1,10.066666666666666
1,10.1
1,10.133333333333333
1,10.166666666666666
1,10.2
1,10.233333333333333
1,10.266666666666667
1,10.3
1,10.333333333333334
1,10.366666666666667
1,10.4
1,10.433333333333334
1,10.466666666666667
1,10.5
1,10.533333333333333
1,10.566666666666666
1,10.6
1,10.633333333333333
1,10.666666666666666
1,10.7
1,10.733333333333333
1,10.766666666666667
1,10.8
1,10.833333333333334
1,10.866666666666667
1,10.9
1,10.933333333333334
1,10.966666666666667
1,11.0
1,11.033333333333333
1,11.066666666666666
1,11.1
1,11.133333333333333
1,11.166666666666666
1,11.2
1,11.233333333333333
1,11.266666666666667
1,11.3
1,11.333333333333334
1,11.366666666666667
1,11.4
1,11.433333333333334
1,11.466666666666667
1,11.5
1,11.533333333333333
1,11.566666666666666
1,11.6
1,11.633333333333333
1,11.666666666666666
1,11.7
1,11.733333333333333
1,11.766666666666667
1,11.8
1,11.833333333333334
1,11.866666666666667
1,11.9
1,11.933333333333334
1,11.966666666666667
1,12.0
1,12.033333333333333
1,12.066666666666666
1,12.1
1,12.133333333333333
1,12.166666666666666
1,12.2
1,12.233333333333333
1,12.266666666666667
1,12.3
1,12.333333333333334
1,12.366666666666667
1,12.4
1,12.433333333333334
1,12.466666666666667
1,12.5
1,12.533333333333333
1,12.566666666666666
1,12.6
1,12.633333333333333
1,12.666666666666666
1,12.7
1,12.733333333333333
1,12.766666666666667
1,12.8
1,12.833333333333334
1,12.866666666666667
1,12.9
1,12.933333333333334
1,12.966666666666667
1,13.0
1,13.033333333333333
1,13.066666666666666
1,13.1
1,13.133333333333333
1,13.166666666666666
1,13.2
1,13.233333333333333
1,13.266666666666667
1,13.3
1,13.333333333333334
1,13.366666666666667
1,13.4
1,13.433333333333334
1,13.466666666666667
1,13.5
1,13.533333333333333
1,13.566666666666666
1,13.6
1,13.633333333333333
1,13.666666666666666
1,13.7
1,13.733333333333333
1,13.766666666666667
1,13.8
1,13.833333333333334
1,13.866666666666667
1,13.9
1,13.933333333333334
1,13.966666666666667
1,14.0
1,14.033333333333333
1,14.066666666666666
1,14.1
1,14.133333333333333
1,14.166666666666666
1,14.2
1,14.233333333333333
1,14.266666666666667
1,14.3
1,14.333333333333334
1,14.366666666666667
1,14.4
1,14.433333333333334
1,14.466666666666667
1,14.5
1,14.533333333333333
1,14.566666666666666
1,14.6
1,14.633333333333333
1,14.666666666666666
1,14.7
1,14.733333333333333
1,14.766666666666667
1,14.8
1,14.833333333333334
1,14.866666666666667
1,14.9
1,14.933333333333334
1,14.966666666666667
1,15.0
1,15.033333333333333
1,15.066666666666666
1,15.1
1,15.133333333333333
1,15.166666666666666
1,15.2
1,15.233333333333333
1,15.266666666666667
1,15.3
1,15.333333333333334
1,15.366666666666667
1,15.4
1,15.433333333333334
1,15.466666666666667
1,15.5
1,15.533333333333333
1,15.566666666666666
1,15.6
1,15.633333333333333
1,15.666666666666666
1,15.7
1,15.733333333333333
1,15.766666666666667
1,15.8
1,15.833333333333334
1,15.866666666666667
1,15.9
1,15.933333333333334
1,15.966666666666667
1,16.0
1,16.033333333333335
1,16.066666666666666
1,16.1
1,16.133333333333333
1,16.166666666666668
1,16.2
1,16.233333333333334
1,16.266666666666666
1,16.3
1,16.333333333333332
1,16.366666666666667
1,16.4
1,16.433333333333334
1,16.466666666666665
1,16.5
1,16.533333333333335
1,16.566666666666666
1,16.6
1,16.633333333333333
1,16.666666666666668
1,16.7
1,16.733333333333334
1,16.766666666666666
1,16.8
1,16.833333333333332
1,16.866666666666667
1,16.9
1,16.933333333333334
1,16.966666666666665
1,17.0
1,17.033333333333335
1,17.066666666666666
1,17.1
1,17.133333333333333
1,17.166666666666668
1,17.2
1,17.233333333333334
1,17.266666666666666
1,17.3
1,17.333333333333332
1,17.366666666666667
1,17.4
1,17.433333333333334
1,17.466666666666665
1,17.5
1,17.533333333333335
1,17.566666666666666
1,17.6
1,17.633333333333333
1,17.666666666666668
1,17.7
1,17.733333333333334
1,17.766666666666666
1,17.8
1,17.833333333333332
1,17.866666666666667
1,17.9
1,17.933333333333334
1,17.966666666666665
1,18.0
1,18.033333333333335
1,18.066666666666666
1,18.1
1,18.133333333333333
1,18.166666666666668
1,18.2
1,18.233333333333334
1,18.266666666666666
1,18.3
1,18.333333333333332
1,18.366666666666667
1,18.4
1,18.433333333333334
1,18.466666666666665
1,18.5
1,18.533333333333335
1,18.566666666666666
1,18.6
1,18.633333333333333
1,18.666666666666668
1,18.7
1,18.733333333333334
1,18.766666666666666
1,18.8
1,18.833333333333332
1,18.866666666666667
1,18.9
1,18.933333333333334
1,18.966666666666665
1,19.0
1,19.033333333333335
1,19.066666666666666
1,19.1
1,19.133333333333333
1,19.166666666666668
1,19.2
1,19.233333333333334
1,19.266666666666666
1,19.3
1,19.333333333333332
1,19.366666666666667
1,19.4
1,19.433333333333334
1,19.466666666666665
1,19.5
1,19.533333333333335
1,19.566666666666666
1,19.6
1,19.633333333333333
1,19.666666666666668
1,19.7
1,19.733333333333334
1,19.766666666666666
1,19.8
1,19.833333333333332
1,19.866666666666667
1,19.9
1,19.933333333333334
1,19.966666666666665
1,20.0
1,20.033333333333335
1,20.066666666666666
1,20.1
1,20.133333333333333
1,20.166666666666668
1,20.2
1,20.233333333333334
1,20.266666666666666
1,20.3
1,20.333333333333332
1,20.366666666666667
1,20.4
1,20.433333333333334
1,20.466666666666665
1,20.5
1,20.533333333333335
1,20.566666666666666
1,20.6
1,20.633333333333333
1,20.666666666666668
1,20.7
1,20.733333333333334
1,20.766666666666666
1,20.8
1,20.833333333333332
1,20.866666666666667
1,20.9
1,20.933333333333334
1,20.966666666666665
1,21.0
1,21.033333333333335
1,21.066666666666666
1,21.1
1,21.133333333333333
1,21.166666666666668
1,21.2
1,21.233333333333334
1,21.266666666666666
1,21.3
1,21.333333333333332
1,21.366666666666667
1,21.4
1,21.433333333333334
1,21.466666666666665
1,21.5
1,21.533333333333335
1,21.566666666666666
1,21.6
1,21.633333333333333
1,21.666666666666668
1,21.7
1,21.733333333333334
1,21.766666666666666
1,21.8
1,21.833333333333332
1,21.866666666666667
1,21.9
1,21.933333333333334
1,21.966666666666665
1,22.0
1,22.033333333333335
1,22.066666666666666
1,22.1
1,22.133333333333333
1,22.166666666666668
1,22.2
1,22.233333333333334
1,22.266666666666666
1,22.3
1,22.333333333333332
1,22.366666666666667
1,22.4
1,22.433333333333334
1,22.466666666666665
1,22.5
1,22.533333333333335
1,22.566666666666666
1,22.6
1,22.633333333333333
1,22.666666666666668
1,22.7
1,22.733333333333334
1,22.766666666666666
1,22.8
1,22.833333333333332
1,22.866666666666667
1,22.9
1,22.933333333333334
1,22.966666666666665
1,23.0
1,23.033333333333335
1,23.066666666666666
1,23.1
1,23.133333333333333
1,23.166666666666668
1,23.2
1,23.233333333333334
1,23.266666666666666
1,23.3
1,23.333333333333332
1,23.366666666666667
1,23.4
1,23.433333333333334
1,23.466666666666665
1,23.5
1,23.533333333333335
1,23.566666666666666
1,23.6
1,23.633333333333333
1,23.666666666666668
1,23.7
1,23.733333333333334
1,23.766666666666666
1,23.8
1,23.833333333333332
1,23.866666666666667
1,23.9
1,23.933333333333334
1,23.966666666666665
1,24.0
1,24.033333333333335
1,24.066666666666666
1,24.1
1,24.133333333333333
1,24.166666666666668
1,24.2
1,24.233333333333334
1,24.266666666666666
1,24.3
1,24.333333333333332
1,24.366666666666667
1,24.4
1,24.433333333333334
1,24.466666666666665
1,24.5
1,24.533333333333335
1,24.566666666666666
1,24.6
1,24.633333333333333
1,24.666666666666668
1,24.7
1,24.733333333333334
1,24.766666666666666
1,24.8
1,24.833333333333332
1,24.866666666666667
1,24.9
1,24.933333333333334
1,24.966666666666665
1,25.0
1,25.033333333333335
1,25.066666666666666
1,25.1
1,25.133333333333333
1,25.166666666666668
1,25.2
1,25.233333333333334
1,25.266666666666666
1,25.3
1,25.333333333333332
1,25.366666666666667
1,25.4
1,25.433333333333334
1,25.466666666666665
1,25.5
1,25.533333333333335
1,25.566666666666666
1,25.6
1,25.633333333333333
1,25.666666666666668
1,25.7
1,25.733333333333334
1,25.766666666666666
1,25.8
1,25.833333333333332
1,25.866666666666667
1,25.9
1,25.933333333333334
1,25.966666666666665
1,26.0
1,26.033333333333335
1,26.066666666666666
1,26.1
1,26.133333333333333
1,26.166666666666668
1,26.2
1,26.233333333333334
1,26.266666666666666
1,26.3
1,26.333333333333332
1,26.366666666666667
1,26.4
1,26.433333333333334
1,26.466666666666665
1,26.5
1,26.533333333333335
1,26.566666666666666
1,26.6
1,26.633333333333333
1,26.666666666666668
1,26.7
1,26.733333333333334
1,26.766666666666666
1,26.8
1,26.833333333333332
1,26.866666666666667
1,26.9
1,26.933333333333334
1,26.966666666666665
1,27.0
1,27.033333333333335
1,27.066666666666666
1,27.1
1,27.133333333333333
1,27.166666666666668
1,27.2
1,27.233333333333334
1,27.266666666666666
1,27.3
1,27.333333333333332
1,27.366666666666667
1,27.4
1,27.433333333333334
1,27.466666666666665
1,27.5
1,27.533333333333335
1,27.566666666666666
1,27.6
1,27.633333333333333
1,27.666666666666668
1,27.7
1,27.733333333333334
1,27.766666666666666
1,27.8
1,27.833333333333332
1,27.866666666666667
1,27.9
1,27.933333333333334
1,27.966666666666665
1,28.0
1,28.033333333333335
1,28.066666666666666
1,28.1
1,28.133333333333333
1,28.166666666666668
1,28.2
1,28.233333333333334
1,28.266666666666666
1,28.3
1,28.333333333333332
1,28.366666666666667
1,28.4
1,28.433333333333334
1,28.466666666666665
1,28.5
1,28.533333333333335
1,28.566666666666666
1,28.6
1,28.633333333333333
1,28.666666666666668
1,28.7
1,28.733333333333334
1,28.766666666666666
1,28.8
1,28.833333333333332
1,28.866666666666667
1,28.9
1,28.933333333333334
1,28.966666666666665
1,29.0
1,29.033333333333335
1,29.066666666666666
1,29.1
1,29.133333333333333
1,29.166666666666668
1,29.2
1,29.233333333333334
1,29.266666666666666
1,29.3
1,29.333333333333332
1,29.366666666666667
1,29.4
1,29.433333333333334
1,29.466666666666665
1,29.5
1,29.533333333333335
1,29.566666666666666
1,29.6
1,29.633333333333333
1,29.666666666666668
1,29.7
1,29.733333333333334
1,29.766666666666666
1,29.8
1,29.833333333333332
1,29.866666666666667
1,29.9
1,29.933333333333334
1,29.966666666666665
1,30.0
1,30.033333333333335
1,30.066666666666666
1,30.1
1,30.133333333333333
1,30.166666666666668
1,30.2
1,30.233333333333334
1,30.266666666666666
1,30.3
1,30.333333333333332
1,30.366666666666667
1,30.4
1,30.433333333333334
1,30.466666666666665
1,30.5
1,30.533333333333335
1,30.566666666666666
1,30.6
1,30.633333333333333
1,30.666666666666668
1,30.7
1,30.733333333333334
1,30.766666666666666
1,30.8
1,30.833333333333332
1,30.866666666666667
1,30.9
1,30.933333333333334
1,30.966666666666665
1,31.0
1,31.033333333333335
1,31.066666666666666
1,31.1
1,31.133333333333333
1,31.166666666666668
1,31.2
1,31.233333333333334
1,31.266666666666666
1,31.3
1,31.333333333333332
1,31.366666666666667
1,31.4
1,31.433333333333334
1,31.466666666666665
1,31.5
1,31.533333333333335
1,31.566666666666666
1,31.6
1,31.633333333333333
1,31.666666666666668
1,31.7
1,31.733333333333334
1,31.766666666666666
1,31.8
1,31.833333333333332
1,31.866666666666667
1,31.9
1,31.933333333333334
1,31.966666666666665
1,32.0
1,32.03333333333333
1,32.06666666666667
1,32.1
1,32.13333333333333
1,32.166666666666664
1,32.2
1,32.233333333333334
1,32.266666666666666
1,32.3
1,32.333333333333336
1,32.36666666666667
1,32.4
1,32.43333333333333
1,32.46666666666667
1,32.5
1,32.53333333333333
1,32.56666666666667
1,32.6
1,32.63333333333333
1,32.666666666666664
1,32.7
1,32.733333333333334
1,32.766666666666666
1,32.8
1,32.833333333333336
1,32.86666666666667
1,32.9
1,32.93333333333333
1,32.96666666666667
1,33.0
1,33.03333333333333
1,33.06666666666667
1,33.1
1,33.13333333333333
1,33.166666666666664
1,33.2
1,33.233333333333334
1,33.266666666666666
1,33.3
1,33.333333333333336
1,33.36666666666667
1,33.4
1,33.43333333333333
1,33.46666666666667
1,33.5
1,33.53333333333333
1,33.56666666666667
1,33.6
1,33.63333333333333
1,33.666666666666664
1,33.7
1,33.733333333333334
1,33.766666666666666
1,33.8
1,33.833333333333336
1,33.86666666666667
1,33.9
1,33.93333333333333
1,33.96666666666667
1,34.0
1,34.03333333333333
1,34.06666666666667
1,34.1
1,34.13333333333333
1,34.166666666666664
1,34.2
1,34.233333333333334
1,34.266666666666666
1,34.3
1,34.333333333333336
1,34.36666666666667
1,34.4
1,34.43333333333333
1,34.46666666666667
1,34.5
1,34.53333333333333
1,34.56666666666667
1,34.6
1,34.63333333333333
1,34.666666666666664
1,34.7
1,34.733333333333334
1,34.766666666666666
1,34.8
1,34.833333333333336
1,34.86666666666667
1,34.9
1,34.93333333333333
1,34.96666666666667
1,35.0
1,35.03333333333333
1,35.06666666666667
1,35.1
1,35.13333333333333
1,35.166666666666664
1,35.2
1,35.233333333333334
1,35.266666666666666
1,35.3
1,35.333333333333336
1,35.36666666666667
1,35.4
1,35.43333333333333
1,35.46666666666667
1,35.5
1,35.53333333333333
1,35.56666666666667
1,35.6
1,35.63333333333333
1,35.666666666666664
1,35.7
1,35.733333333333334
1,35.766666666666666
1,35.8
1,35.833333333333336
1,35.86666666666667
1,35.9
1,35.93333333333333
1,35.96666666666667
1,36.0
1,36.03333333333333
1,36.06666666666667
1,36.1
1,36.13333333333333
1,36.166666666666664
1,36.2
1,36.233333333333334
1,36.266666666666666
1,36.3
1,36.333333333333336
1,36.36666666666667
1,36.4
1,36.43333333333333
1,36.46666666666667
1,36.5
1,36.53333333333333
1,36.56666666666667
1,36.6
1,36.63333333333333
1,36.666666666666664
1,36.7
1,36.733333333333334
1,36.766666666666666
1,36.8
1,36.833333333333336
1,36.86666666666667
1,36.9
1,36.93333333333333
1,36.96666666666667
1,37.0
1,37.03333333333333
1,37.06666666666667
1,37.1
1,37.13333333333333
1,37.166666666666664
1,37.2
1,37.233333333333334
1,37.266666666666666
1,37.3
1,37.333333333333336
1,37.36666666666667
1,37.4
1,37.43333333333333
1,37.46666666666667
1,37.5
1,37.53333333333333
1,37.56666666666667
1,37.6
1,37.63333333333333
1,37.666666666666664
1,37.7
1,37.733333333333334
1,37.766666666666666
1,37.8
1,37.833333333333336
1,37.86666666666667
1,37.9
1,37.93333333333333
1,37.96666666666667
1,38.0
1,38.03333333333333
1,38.06666666666667
1,38.1
1,38.13333333333333
1,38.166666666666664
1,38.2
1,38.233333333333334
1,38.266666666666666
1,38.3
1,38.333333333333336
1,38.36666666666667
1,38.4
1,38.43333333333333
1,38.46666666666667
1,38.5
1,38.53333333333333
1,38.56666666666667
1,38.6
1,38.63333333333333
1,38.666666666666664
1,38.7
1,38.733333333333334
1,38.766666666666666
1,38.8
1,38.833333333333336
1,38.86666666666667
1,38.9
1,38.93333333333333
1,38.96666666666667
1,39.0
1,39.03333333333333
1,39.06666666666667
1,39.1
1,39.13333333333333
1,39.166666666666664
1,39.2
1,39.233333333333334
1,39.266666666666666
1,39.3
1,39.333333333333336
1,39.36666666666667
1,39.4
1,39.43333333333333
1,39.46666666666667
1,39.5
1,39.53333333333333
1,39.56666666666667
1,39.6
1,39.63333333333333
1,39.666666666666664
1,39.7
1,39.733333333333334
1,39.766666666666666
1,39.8
1,39.833333333333336
1,39.86666666666667
1,39.9
1,39.93333333333333
1,39.96666666666667
1,40.0
1,40.03333333333333
1,40.06666666666667
1,40.1
1,40.13333333333333
1,40.166666666666664
1,40.2
1,40.233333333333334
1,40.266666666666666
1,40.3
1,40.333333333333336
1,40.36666666666667
1,40.4
1,40.43333333333333
1,40.46666666666667
1,40.5
1,40.53333333333333
1,40.56666666666667
1,40.6
1,40.63333333333333
1,40.666666666666664
1,40.7
1,40.733333333333334
1,40.766666666666666
1,40.8
1,40.833333333333336
1,40.86666666666667
1,40.9
1,40.93333333333333
1,40.96666666666667
1,41.0
1,41.03333333333333
1,41.06666666666667
1,41.1
1,41.13333333333333
1,41.166666666666664
1,41.2
1,41.233333333333334
1,41.266666666666666
1,41.3
1,41.333333333333336
1,41.36666666666667
1,41.4
1,41.43333333333333
1,41.46666666666667
1,41.5
1,41.53333333333333
1,41.56666666666667
1,41.6
1,41.63333333333333
1,41.666666666666664
1,41.7
1,41.733333333333334
1,41.766666666666666
1,41.8
1,41.833333333333336
1,41.86666666666667
1,41.9
1,41.93333333333333
1,41.96666666666667
1,42.0
1,42.03333333333333
1,42.06666666666667
1,42.1
1,42.13333333333333
1,42.166666666666664
1,42.2
1,42.233333333333334
1,42.266666666666666
1,42.3
1,42.333333333333336
1,42.36666666666667
1,42.4
1,42.43333333333333
1,42.46666666666667
1,42.5
1,42.53333333333333
1,42.56666666666667
1,42.6
1,42.63333333333333
1,42.666666666666664
1,42.7
1,42.733333333333334
1,42.766666666666666
1,42.8
1,42.833333333333336
1,42.86666666666667
1,42.9
1,42.93333333333333
1,42.96666666666667
1,43.0
1,43.03333333333333
1,43.06666666666667
1,43.1
1,43.13333333333333
1,43.166666666666664
1,43.2
1,43.233333333333334
1,43.266666666666666
1,43.3
1,43.333333333333336
1,43.36666666666667
1,43.4
1,43.43333333333333
1,43.46666666666667
1,43.5
1,43.53333333333333
1,43.56666666666667
1,43.6
1,43.63333333333333
1,43.666666666666664
1,43.7
1,43.733333333333334
1,43.766666666666666
1,43.8
1,43.833333333333336
1,43.86666666666667
1,43.9
1,43.93333333333333
1,43.96666666666667
1,44.0
1,44.03333333333333
1,44.06666666666667
1,44.1
1,44.13333333333333
1,44.166666666666664
1,44.2
1,44.233333333333334
1,44.266666666666666
1,44.3
1,44.333333333333336
1,44.36666666666667
1,44.4
1,44.43333333333333
1,44.46666666666667
1,44.5
1,44.53333333333333
1,44.56666666666667
1,44.6
1,44.63333333333333
1,44.666666666666664
1,44.7
1,44.733333333333334
1,44.766666666666666
1,44.8
1,44.833333333333336
1,44.86666666666667
1,44.9
1,44.93333333333333
1,44.96666666666667
1,45.0
1,45.03333333333333
1,45.06666666666667
1,45.1
1,45.13333333333333
1,45.166666666666664
1,45.2
1,45.233333333333334
1,45.266666666666666
1,45.3
1,45.333333333333336
1,45.36666666666667
1,45.4
1,45.43333333333333
1,45.46666666666667
1,45.5
1,45.53333333333333
1,45.56666666666667
1,45.6
1,45.63333333333333
1,45.666666666666664
1,45.7
1,45.733333333333334
1,45.766666666666666
1,45.8
1,45.833333333333336
1,45.86666666666667
1,45.9
1,45.93333333333333
1,45.96666666666667
1,46.0
1,46.03333333333333
1,46.06666666666667
1,46.1
1,46.13333333333333
1,46.166666666666664
1,46.2
1,46.233333333333334
1,46.266666666666666
1,46.3
1,46.333333333333336
1,46.36666666666667
1,46.4
1,46.43333333333333
1,46.46666666666667
1,46.5
1,46.53333333333333
1,46.56666666666667
1,46.6
1,46.63333333333333
1,46.666666666666664
1,46.7
1,46.733333333333334
1,46.766666666666666
1,46.8
1,46.833333333333336
1,46.86666666666667
1,46.9
1,46.93333333333333
1,46.96666666666667
1,47.0
1,47.03333333333333
1,47.06666666666667
1,47.1
1,47.13333333333333
1,47.166666666666664
1,47.2
1,47.233333333333334
1,47.266666666666666
1,47.3
1,47.333333333333336
1,47.36666666666667
1,47.4
1,47.43333333333333
1,47.46666666666667
1,47.5
1,47.53333333333333
1,47.56666666666667
1,47.6
1,47.63333333333333
1,47.666666666666664
1,47.7
1,47.733333333333334
1,47.766666666666666
1,47.8
1,47.833333333333336
1,47.86666666666667
1,47.9
1,47.93333333333333
1,47.96666666666667
1,48.0
1,48.03333333333333
1,48.06666666666667
1,48.1
1,48.13333333333333
1,48.166666666666664
1,48.2
1,48.233333333333334
1,48.266666666666666
1,48.3
1,48.333333333333336
1,48.36666666666667
1,48.4
1,48.43333333333333
1,48.46666666666667
1,48.5
1,48.53333333333333
1,48.56666666666667
1,48.6
1,48.63333333333333
1,48.666666666666664
1,48.7
1,48.733333333333334
1,48.766666666666666
1,48.8
1,48.833333333333336
1,48.86666666666667
1,48.9
1,48.93333333333333
1,48.96666666666667
1,49.0
1,49.03333333333333
1,49.06666666666667
1,49.1
1,49.13333333333333
1,49.166666666666664
1,49.2
1,49.233333333333334
1,49.266666666666666
1,49.3
1,49.333333333333336
1,49.36666666666667
1,49.4
1,49.43333333333333
1,49.46666666666667
1,49.5
1,49.53333333333333
1,49.56666666666667
1,49.6
1,49.63333333333333
1,49.666666666666664
1,49.7
1,49.733333333333334
1,49.766666666666666
1,49.8
1,49.833333333333336
1,49.86666666666667
1,49.9
1,49.93333333333333
1,49.96666666666667
1,50.0
1,50.03333333333333
1,50.06666666666667
1,50.1
1,50.13333333333333
1,50.166666666666664
1,50.2
1,50.233333333333334
1,50.266666666666666
1,50.3
1,50.333333333333336
1,50.36666666666667
1,50.4
1,50.43333333333333
1,50.46666666666667
1,50.5
1,50.53333333333333
1,50.56666666666667
1,50.6
1,50.63333333333333
1,50.666666666666664
1,50.7
1,50.733333333333334
1,50.766666666666666
1,50.8
1,50.833333333333336
1,50.86666666666667
1,50.9
1,50.93333333333333
1,50.96666666666667
1,51.0
1,51.03333333333333
1,51.06666666666667
1,51.1
1,51.13333333333333
1,51.166666666666664
1,51.2
1,51.233333333333334
1,51.266666666666666
1,51.3
1,51.333333333333336
1,51.36666666666667
1,51.4
1,51.43333333333333
1,51.46666666666667
1,51.5
1,51.53333333333333
1,51.56666666666667
1,51.6
1,51.63333333333333
1,51.666666666666664
1,51.7
1,51.733333333333334
1,51.766666666666666
1,51.8
1,51.833333333333336
1,51.86666666666667
1,51.9
1,51.93333333333333
1,51.96666666666667
1,52.0
1,52.03333333333333
1,52.06666666666667
1,52.1
1,52.13333333333333
1,52.166666666666664
1,52.2
1,52.233333333333334
1,52.266666666666666
1,52.3
1,52.333333333333336
1,52.36666666666667
1,52.4
1,52.43333333333333
1,52.46666666666667
1,52.5
1,52.53333333333333
1,52.56666666666667
1,52.6
1,52.63333333333333
1,52.666666666666664
1,52.7
1,52.733333333333334
1,52.766666666666666
1,52.8
1,52.833333333333336
1,52.86666666666667
1,52.9
1,52.93333333333333
1,52.96666666666667
1,53.0
1,53.03333333333333
1,53.06666666666667
1,53.1
1,53.13333333333333
1,53.166666666666664
1,53.2
1,53.233333333333334
1,53.266666666666666
1,53.3
1,53.333333333333336
1,53.36666666666667
1,53.4
1,53.43333333333333
1,53.46666666666667
1,53.5
1,53.53333333333333
1,53.56666666666667
1,53.6
1,53.63333333333333
1,53.666666666666664
1,53.7
1,53.733333333333334
1,53.766666666666666
1,53.8
1,53.833333333333336
1,53.86666666666667
1,53.9
1,53.93333333333333
1,53.96666666666667
1,54.0
1,54.03333333333333
1,54.06666666666667
1,54.1
1,54.13333333333333
1,54.166666666666664
1,54.2
1,54.233333333333334
1,54.266666666666666
1,54.3
1,54.333333333333336
1,54.36666666666667
1,54.4
1,54.43333333333333
1,54.46666666666667
1,54.5
1,54.53333333333333
1,54.56666666666667
1,54.6
1,54.63333333333333
1,54.666666666666664
1,54.7
1,54.733333333333334
1,54.766666666666666
1,54.8
1,54.833333333333336
1,54.86666666666667
1,54.9
1,54.93333333333333
1,54.96666666666667
1,55.0
1,55.03333333333333
1,55.06666666666667
1,55.1
1,55.13333333333333
1,55.166666666666664
1,55.2
1,55.233333333333334
1,55.266666666666666
1,55.3
1,55.333333333333336
1,55.36666666666667
1,55.4
1,55.43333333333333
1,55.46666666666667
1,55.5
1,55.53333333333333
1,55.56666666666667
1,55.6
1,55.63333333333333
1,55.666666666666664
1,55.7
1,55.733333333333334
1,55.766666666666666
1,55.8
1,55.833333333333336
1,55.86666666666667
1,55.9
1,55.93333333333333
1,55.96666666666667
1,56.0
1,56.03333333333333
1,56.06666666666667
1,56.1
1,56.13333333333333
1,56.166666666666664
1,56.2
1,56.233333333333334
1,56.266666666666666
1,56.3
1,56.333333333333336
1,56.36666666666667
1,56.4
1,56.43333333333333
1,56.46666666666667
1,56.5
1,56.53333333333333
1,56.56666666666667
1,56.6
1,56.63333333333333
1,56.666666666666664
1,56.7
1,56.733333333333334
1,56.766666666666666
1,56.8
1,56.833333333333336
1,56.86666666666667
1,56.9
1,56.93333333333333
1,56.96666666666667
1,57.0
1,57.03333333333333
1,57.06666666666667
1,57.1
1,57.13333333333333
1,57.166666666666664
1,57.2
1,57.233333333333334
1,57.266666666666666
1,57.3
1,57.333333333333336
1,57.36666666666667
1,57.4
1,57.43333333333333
1,57.46666666666667
1,57.5
1,57.53333333333333
1,57.56666666666667
1,57.6
1,57.63333333333333
1,57.666666666666664
1,57.7
1,57.733333333333334
1,57.766666666666666
1,57.8
1,57.833333333333336
1,57.86666666666667
1,57.9
1,57.93333333333333
1,57.96666666666667
1,58.0
1,58.03333333333333
1,58.06666666666667
1,58.1
1,58.13333333333333
1,58.166666666666664
1,58.2
1,58.233333333333334
1,58.266666666666666
1,58.3
1,58.333333333333336
1,58.36666666666667
1,58.4
1,58.43333333333333
1,58.46666666666667
1,58.5
1,58.53333333333333
1,58.56666666666667
1,58.6
1,58.63333333333333
1,58.666666666666664
1,58.7
1,58.733333333333334
1,58.766666666666666
1,58.8
1,58.833333333333336
1,58.86666666666667
1,58.9
1,58.93333333333333
1,58.96666666666667
1,59.0
1,59.03333333333333
1,59.06666666666667
1,59.1
1,59.13333333333333
1,59.166666666666664
1,59.2
1,59.233333333333334
1,59.266666666666666
1,59.3
1,59.333333333333336
1,59.36666666666667
1,59.4
1,59.43333333333333
1,59.46666666666667
1,59.5
1,59.53333333333333
1,59.56666666666667
1,59.6
1,59.63333333333333
1,59.666666666666664
1,59.7
1,59.733333333333334
1,59.766666666666666
1,59.8
1,59.833333333333336
1,59.86666666666667
1,59.9
1,59.93333333333333
1,59.96666666666667
1,60.0
1,60.03333333333333
1,60.06666666666667
1,60.1
1,60.13333333333333
1,60.166666666666664
1,60.2
1,60.233333333333334
1,60.266666666666666
1,60.3
1,60.333333333333336
1,60.36666666666667
1,60.4
1,60.43333333333333
1,60.46666666666667
1,60.5
1,60.53333333333333
1,60.56666666666667
1,60.6
1,60.63333333333333
1,60.666666666666664
1,60.7
1,60.733333333333334
1,60.766666666666666
1,60.8
1,60.833333333333336
1,60.86666666666667
1,60.9
1,60.93333333333333
1,60.96666666666667
1,61.0
1,61.03333333333333
1,61.06666666666667
1,61.1
1,61.13333333333333
1,61.166666666666664
1,61.2
1,61.233333333333334
1,61.266666666666666
1,61.3
1,61.333333333333336
1,61.36666666666667
1,61.4
1,61.43333333333333
1,61.46666666666667
1,61.5
1,61.53333333333333
1,61.56666666666667
1,61.6
1,61.63333333333333
1,61.666666666666664
1,61.7
1,61.733333333333334
1,61.766666666666666
1,61.8
1,61.833333333333336
1,61.86666666666667
1,61.9
1,61.93333333333333
1,61.96666666666667
1,62.0
1,62.03333333333333
1,62.06666666666667
1,62.1
1,62.13333333333333
1,62.166666666666664
1,62.2
1,62.233333333333334
1,62.266666666666666
1,62.3
1,62.333333333333336
1,62.36666666666667
1,62.4
1,62.43333333333333
1,62.46666666666667
1,62.5
1,62.53333333333333
1,62.56666666666667
1,62.6
1,62.63333333333333
1,62.666666666666664
1,62.7
1,62.733333333333334
1,62.766666666666666
1,62.8
1,62.833333333333336
1,62.86666666666667
1,62.9
1,62.93333333333333
1,62.96666666666667
1,63.0
1,63.03333333333333
1,63.06666666666667
1,63.1
1,63.13333333333333
1,63.166666666666664
1,63.2
1,63.233333333333334
1,63.266666666666666
1,63.3
1,63.333333333333336
1,63.36666666666667
1,63.4
1,63.43333333333333
1,63.46666666666667
1,63.5
1,63.53333333333333
1,63.56666666666667
1,63.6
1,63.63333333333333
1,63.666666666666664
1,63.7
1,63.733333333333334
1,63.766666666666666
1,63.8
1,63.833333333333336
1,63.86666666666667
1,63.9
1,63.93333333333333
1,63.96666666666667
1,64.0
1,64.03333333333333
1,64.06666666666666
1,64.1
1,64.13333333333334
1,64.16666666666667
1,64.2
1,64.23333333333333
1,64.26666666666667
1,64.3
1,64.33333333333333
1,64.36666666666666
1,64.4
1,64.43333333333334
1,64.46666666666667
1,64.5
1,64.53333333333333
1,64.56666666666666
1,64.6
1,64.63333333333334
1,64.66666666666667
1,64.7
1,64.73333333333333
1,64.76666666666667
1,64.8
1,64.83333333333333
1,64.86666666666666
1,64.9
1,64.93333333333334
1,64.96666666666667
1,65.0
1,65.03333333333333
1,65.06666666666666
1,65.1
1,65.13333333333334
1,65.16666666666667
1,65.2
1,65.23333333333333
1,65.26666666666667
1,65.3
1,65.33333333333333
1,65.36666666666666
1,65.4
1,65.43333333333334
1,65.46666666666667
1,65.5
1,65.53333333333333
1,65.56666666666666
1,65.6
1,65.63333333333334
1,65.66666666666667
1,65.7
1,65.73333333333333
1,65.76666666666667
1,65.8
1,65.83333333333333
1,65.86666666666666
1,65.9
1,65.93333333333334
1,65.96666666666667
1,66.0
1,66.03333333333333
1,66.06666666666666
1,66.1
1,66.13333333333334
1,66.16666666666667
1,66.2
1,66.23333333333333
1,66.26666666666667
1,66.3
1,66.33333333333333
1,66.36666666666666
1,66.4
1,66.43333333333334
1,66.46666666666667
1,66.5
1,66.53333333333333
1,66.56666666666666
1,66.6
1,66.63333333333334
1,66.66666666666667
1,66.7
1,66.73333333333333
1,66.76666666666667
1,66.8
1,66.83333333333333
1,66.86666666666666
1,66.9
1,66.93333333333334
1,66.96666666666667
1,67.0
1,67.03333333333333
1,67.06666666666666
1,67.1
1,67.13333333333334
1,67.16666666666667
1,67.2
1,67.23333333333333
1,67.26666666666667
1,67.3
1,67.33333333333333
1,67.36666666666666
1,67.4
1,67.43333333333334
1,67.46666666666667
1,67.5
1,67.53333333333333
1,67.56666666666666
1,67.6
1,67.63333333333334
1,67.66666666666667
1,67.7
1,67.73333333333333
1,67.76666666666667
1,67.8
1,67.83333333333333
1,67.86666666666666
1,67.9
1,67.93333333333334
1,67.96666666666667
1,68.0
1,68.03333333333333
1,68.06666666666666
1,68.1
1,68.13333333333334
1,68.16666666666667
1,68.2
1,68.23333333333333
1,68.26666666666667
1,68.3
1,68.33333333333333
1,68.36666666666666
1,68.4
1,68.43333333333334
1,68.46666666666667
1,68.5
1,68.53333333333333
1,68.56666666666666
1,68.6
1,68.63333333333334
1,68.66666666666667
1,68.7
1,68.73333333333333
1,68.76666666666667
1,68.8
1,68.83333333333333
1,68.86666666666666
1,68.9
1,68.93333333333334
1,68.96666666666667
1,69.0
1,69.03333333333333
1,69.06666666666666
1,69.1
1,69.13333333333334
1,69.16666666666667
1,69.2
1,69.23333333333333
1,69.26666666666667
1,69.3
1,69.33333333333333
1,69.36666666666666
1,69.4
1,69.43333333333334
1,69.46666666666667
1,69.5
1,69.53333333333333
1,69.56666666666666
1,69.6
1,69.63333333333334
1,69.66666666666667
1,69.7
1,69.73333333333333
1,69.76666666666667
1,69.8
1,69.83333333333333
1,69.86666666666666
1,69.9
1,69.93333333333334
1,69.96666666666667
1,70.0
1,70.03333333333333
1,70.06666666666666
1,70.1
1,70.13333333333334
1,70.16666666666667
1,70.2
1,70.23333333333333
1,70.26666666666667
1,70.3
1,70.33333333333333
1,70.36666666666666
1,70.4
1,70.43333333333334
1,70.46666666666667
1,70.5
1,70.53333333333333
1,70.56666666666666
1,70.6
1,70.63333333333334
1,70.66666666666667
1,70.7
1,70.73333333333333
1,70.76666666666667
1,70.8
1,70.83333333333333
1,70.86666666666666
1,70.9
1,70.93333333333334
1,70.96666666666667
1,71.0
1,71.03333333333333
1,71.06666666666666
1,71.1
1,71.13333333333334
1,71.16666666666667
1,71.2
1,71.23333333333333
1,71.26666666666667
1,71.3
1,71.33333333333333
1,71.36666666666666
1,71.4
1,71.43333333333334
1,71.46666666666667
1,71.5
1,71.53333333333333
1,71.56666666666666
1,71.6
1,71.63333333333334
1,71.66666666666667
1,71.7
1,71.73333333333333
1,71.76666666666667
1,71.8
1,71.83333333333333
1,71.86666666666666
1,71.9
1,71.93333333333334
1,71.96666666666667
1,72.0
1,72.03333333333333
1,72.06666666666666
1,72.1
1,72.13333333333334
1,72.16666666666667
1,72.2
1,72.23333333333333
1,72.26666666666667
1,72.3
1,72.33333333333333
1,72.36666666666666
1,72.4
1,72.43333333333334
1,72.46666666666667
1,72.5
1,72.53333333333333
1,72.56666666666666
1,72.6
1,72.63333333333334
1,72.66666666666667
1,72.7
1,72.73333333333333
1,72.76666666666667
1,72.8
1,72.83333333333333
1,72.86666666666666
1,72.9
1,72.93333333333334
1,72.96666666666667
1,73.0
1,73.03333333333333
1,73.06666666666666
1,73.1
1,73.13333333333334
1,73.16666666666667
1,73.2
1,73.23333333333333
1,73.26666666666667
1,73.3
1,73.33333333333333
1,73.36666666666666
1,73.4
1,73.43333333333334
1,73.46666666666667
2,0.0
2,0.03333333333333333
2,0.06666666666666667
2,0.1
2,0.13333333333333333
2,0.16666666666666666
2,0.2
2,0.23333333333333334
2,0.26666666666666666
2,0.3
2,0.3333333333333333
2,0.36666666666666664
2,0.4
2,0.43333333333333335
2,0.4666666666666667
2,0.5
2,0.5333333333333333
2,0.5666666666666667
2,0.6
2,0.6333333333333333
2,0.6666666666666666
2,0.7
2,0.7333333333333333
2,0.7666666666666667
2,0.8
2,0.8333333333333334
2,0.8666666666666667
2,0.9
2,0.9333333333333333
2,0.9666666666666667
2,1.0
2,1.0333333333333334
2,1.0666666666666667
2,1.1
2,1.1333333333333333
2,1.1666666666666667
2,1.2
2,1.2333333333333334
2,1.2666666666666666
2,1.3
2,1.3333333333333333
2,1.3666666666666667
2,1.4
2,1.4333333333333333
2,1.4666666666666666
2,1.5
2,1.5333333333333334
2,1.5666666666666667
2,1.6
2,1.6333333333333333
2,1.6666666666666667
2,1.7
2,1.7333333333333334
2,1.7666666666666666
2,1.8
2,1.8333333333333333
2,1.8666666666666667
2,1.9
2,1.9333333333333333
2,1.9666666666666666
2,2.0
2,2.033333333333333
2,2.066666666666667
2,2.1
2,2.1333333333333333
2,2.1666666666666665
2,2.2
2,2.2333333333333334
2,2.2666666666666666
2,2.3
2,2.3333333333333335
2,2.3666666666666667
2,2.4
2,2.433333333333333
2,2.466666666666667
2,2.5
2,2.533333333333333
2,2.566666666666667
2,2.6
2,2.6333333333333333
2,2.6666666666666665
2,2.7
2,2.7333333333333334
2,2.7666666666666666
2,2.8
2,2.8333333333333335
2,2.8666666666666667
2,2.9
2,2.933333333333333
2,2.966666666666667
2,3.0
2,3.033333333333333
2,3.066666666666667
2,3.1
2,3.1333333333333333
2,3.1666666666666665
2,3.2
2,3.2333333333333334
2,3.2666666666666666
2,3.3
2,3.3333333333333335
2,3.3666666666666667
2,3.4
2,3.433333333333333
2,3.466666666666667
2,3.5
2,3.533333333333333
2,3.566666666666667
2,3.6
2,3.6333333333333333
2,3.6666666666666665
2,3.7
2,3.7333333333333334
2,3.7666666666666666
2,3.8
2,3.8333333333333335
2,3.8666666666666667
2,3.9
2,3.933333333333333
2,3.966666666666667
2,4.0
2,4.033333333333333
2,4.066666666666666
2,4.1
2,4.133333333333334
2,4.166666666666667
2,4.2
2,4.233333333333333
2,4.266666666666667
2,4.3
2,4.333333333333333
2,4.366666666666666
2,4.4
2,4.433333333333334
2,4.466666666666667
2,4.5
2,4.533333333333333
2,4.566666666666666
2,4.6
2,4.633333333333334
2,4.666666666666667
2,4.7
2,4.733333333333333
2,4.766666666666667
2,4.8
2,4.833333333333333
2,4.866666666666666
2,4.9
2,4.933333333333334
2,4.966666666666667
2,5.0
2,5.033333333333333
2,5.066666666666666
2,5.1
2,5.133333333333334
2,5.166666666666667
2,5.2
2,5.233333333333333
2,5.266666666666667
2,5.3
2,5.333333333333333
2,5.366666666666666
2,5.4
2,5.433333333333334
2,5.466666666666667
2,5.5
2,5.533333333333333
2,5.566666666666666
2,5.6
2,5.633333333333334
2,5.666666666666667
2,5.7
2,5.733333333333333
2,5.766666666666667
2,5.8
2,5.833333333333333
2,5.866666666666666
2,5.9
2,5.933333333333334
2,5.966666666666667
2,6.0
2,6.033333333333333
2,6.066666666666666
2,6.1
2,6.133333333333334
2,6.166666666666667
2,6.2
2,6.233333333333333
2,6.266666666666667
2,6.3
2,6.333333333333333
2,6.366666666666666
2,6.4
2,6.433333333333334
2,6.466666666666667
2,6.5
2,6.533333333333333
2,6.566666666666666
2,6.6
2,6.633333333333334
2,6.666666666666667
2,6.7
2,6.733333333333333
2,6.766666666666667
2,6.8
2,6.833333333333333
2,6.866666666666666
2,6.9
2,6.933333333333334
2,6.966666666666667
2,7.0
2,7.033333333333333
2,7.066666666666666
2,7.1
2,7.133333333333334
2,7.166666666666667
2,7.2
2,7.233333333333333
2,7.266666666666667
2,7.3
2,7.333333333333333
2,7.366666666666666
2,7.4
2,7.433333333333334
2,7.466666666666667
2,7.5
2,7.533333333333333
2,7.566666666666666
2,7.6
2,7.633333333333334
2,7.666666666666667
2,7.7
2,7.733333333333333
2,7.766666666666667
2,7.8
2,7.833333333333333
2,7.866666666666666
2,7.9
2,7.933333333333334
2,7.966666666666667
2,8.0
2,8.033333333333333
2,8.066666666666666
2,8.1
2,8.133333333333333
2,8.166666666666666
2,8.2
2,8.233333333333333
2,8.266666666666667
2,8.3
2,8.333333333333334
2,8.366666666666667
2,8.4
2,8.433333333333334
2,8.466666666666667
2,8.5
2,8.533333333333333
2,8.566666666666666
2,8.6
2,8.633333333333333
2,8.666666666666666
2,8.7
2,8.733333333333333
2,8.766666666666667
2,8.8
2,8.833333333333334
2,8.866666666666667
2,8.9
2,8.933333333333334
2,8.966666666666667
2,9.0
2,9.033333333333333
2,9.066666666666666
2,9.1
2,9.133333333333333
2,9.166666666666666
2,9.2
2,9.233333333333333
2,9.266666666666667
2,9.3
2,9.333333333333334
2,9.366666666666667
2,9.4
2,9.433333333333334
2,9.466666666666667
2,9.5
2,9.533333333333333
2,9.566666666666666
2,9.6
2,9.633333333333333
2,9.666666666666666
2,9.7
2,9.733333333333333
2,9.766666666666667
2,9.8
2,9.833333333333334
2,9.866666666666667
2,9.9
2,9.933333333333334
2,9.966666666666667
2,10.0
2,10.033333333333333
2,10.066666666666666
2,10.1
2,10.133333333333333
2,10.166666666666666
2,10.2
2,10.233333333333333
2,10.266666666666667
2,10.3
2,10.333333333333334
2,10.366666666666667
2,10.4
2,10.433333333333334
2,10.466666666666667
2,10.5
2,10.533333333333333
2,10.566666666666666
2,10.6
2,10.633333333333333
2,10.666666666666666
2,10.7
2,10.733333333333333
2,10.766666666666667
2,10.8
2,10.833333333333334
2,10.866666666666667
2,10.9
2,10.933333333333334
2,10.966666666666667
2,11.0
2,11.033333333333333
2,11.066666666666666
2,11.1
2,11.133333333333333
2,11.166666666666666
2,11.2
2,11.233333333333333
2,11.266666666666667
2,11.3
2,11.333333333333334
2,11.366666666666667
2,11.4
2,11.433333333333334
2,11.466666666666667
2,11.5
2,11.533333333333333
2,11.566666666666666
2,11.6
2,11.633333333333333
2,11.666666666666666
2,11.7
2,11.733333333333333
2,11.766666666666667
2,11.8
2,11.833333333333334
2,11.866666666666667
2,11.9
2,11.933333333333334
2,11.966666666666667
2,12.0
2,12.033333333333333
2,12.066666666666666
2,12.1
2,12.133333333333333
2,12.166666666666666
2,12.2
2,12.233333333333333
2,12.266666666666667
2,12.3
2,12.333333333333334
2,12.366666666666667
2,12.4
2,12.433333333333334
2,12.466666666666667
2,12.5
2,12.533333333333333
2,12.566666666666666
2,12.6
2,12.633333333333333
2,12.666666666666666
2,12.7
2,12.733333333333333
2,12.766666666666667
2,12.8
2,12.833333333333334
2,12.866666666666667
2,12.9
2,12.933333333333334
2,12.966666666666667
2,13.0
2,13.033333333333333
2,13.066666666666666
2,13.1
2,13.133333333333333
2,13.166666666666666
2,13.2
2,13.233333333333333
2,13.266666666666667
2,13.3
2,13.333333333333334
2,13.366666666666667
2,13.4
2,13.433333333333334
2,13.466666666666667
2,13.5
2,13.533333333333333
2,13.566666666666666
2,13.6
2,13.633333333333333
2,13.666666666666666
2,13.7
2,13.733333333333333
2,13.766666666666667
2,13.8
2,13.833333333333334
2,13.866666666666667
2,13.9
2,13.933333333333334
2,13.966666666666667
2,14.0
2,14.033333333333333
2,14.066666666666666
2,14.1
2,14.133333333333333
2,14.166666666666666
2,14.2
2,14.233333333333333
2,14.266666666666667
2,14.3
2,14.333333333333334
2,14.366666666666667
2,14.4
2,14.433333333333334
2,14.466666666666667
2,14.5
2,14.533333333333333
2,14.566666666666666
2,14.6
2,14.633333333333333
2,14.666666666666666
2,14.7
2,14.733333333333333
2,14.766666666666667
2,14.8
2,14.833333333333334
2,14.866666666666667
2,14.9
2,14.933333333333334
2,14.966666666666667
2,15.0
2,15.033333333333333
2,15.066666666666666
2,15.1
2,15.133333333333333
2,15.166666666666666
2,15.2
2,15.233333333333333
2,15.266666666666667
2,15.3
2,15.333333333333334
2,15.366666666666667
2,15.4
2,15.433333333333334
2,15.466666666666667
2,15.5
2,15.533333333333333
2,15.566666666666666
2,15.6
2,15.633333333333333
2,15.666666666666666
2,15.7
2,15.733333333333333
2,15.766666666666667
2,15.8
2,15.833333333333334
2,15.866666666666667
2,15.9
2,15.933333333333334
2,15.966666666666667
2,16.0
2,16.033333333333335
2,16.066666666666666
2,16.1
2,16.133333333333333
2,16.166666666666668
2,16.2
2,16.233333333333334
2,16.266666666666666
2,16.3
2,16.333333333333332
2,16.366666666666667
2,16.4
2,16.433333333333334
2,16.466666666666665
2,16.5
2,16.533333333333335
2,16.566666666666666
2,16.6
2,16.633333333333333
2,16.666666666666668
2,16.7
2,16.733333333333334
2,16.766666666666666
2,16.8
2,16.833333333333332
2,16.866666666666667
2,16.9
2,16.933333333333334
2,16.966666666666665
2,17.0
2,17.033333333333335
2,17.066666666666666
2,17.1
2,17.133333333333333
2,17.166666666666668
2,17.2
2,17.233333333333334
2,17.266666666666666
2,17.3
2,17.333333333333332
2,17.366666666666667
2,17.4
2,17.433333333333334
2,17.466666666666665
2,17.5
2,17.533333333333335
2,17.566666666666666
2,17.6
2,17.633333333333333
2,17.666666666666668
2,17.7
2,17.733333333333334
2,17.766666666666666
2,17.8
2,17.833333333333332
2,17.866666666666667
2,17.9
2,17.933333333333334
2,17.966666666666665
2,18.0
2,18.033333333333335
2,18.066666666666666
2,18.1
2,18.133333333333333
2,18.166666666666668
2,18.2
2,18.233333333333334
2,18.266666666666666
2,18.3
2,18.333333333333332
2,18.366666666666667
2,18.4
2,18.433333333333334
2,18.466666666666665
2,18.5
2,18.533333333333335
2,18.566666666666666
2,18.6
2,18.633333333333333
2,18.666666666666668
2,18.7
2,18.733333333333334
2,18.766666666666666
2,18.8
2,18.833333333333332
2,18.866666666666667
2,18.9
2,18.933333333333334
2,18.966666666666665
2,19.0
2,19.033333333333335
2,19.066666666666666
2,19.1
2,19.133333333333333
2,19.166666666666668
2,19.2
2,19.233333333333334
2,19.266666666666666
2,19.3
2,19.333333333333332
2,19.366666666666667
2,19.4
2,19.433333333333334
2,19.466666666666665
2,19.5
2,19.533333333333335
2,19.566666666666666
2,19.6
2,19.633333333333333
2,19.666666666666668
2,19.7
2,19.733333333333334
2,19.766666666666666
2,19.8
2,19.833333333333332
2,19.866666666666667
2,19.9
2,19.933333333333334
2,19.966666666666665
2,20.0
2,20.033333333333335
2,20.066666666666666
2,20.1
2,20.133333333333333
2,20.166666666666668
2,20.2
2,20.233333333333334
2,20.266666666666666
2,20.3
2,20.333333333333332
2,20.366666666666667
2,20.4
2,20.433333333333334
2,20.466666666666665
2,20.5
2,20.533333333333335
2,20.566666666666666
2,20.6
2,20.633333333333333
2,20.666666666666668
2,20.7
2,20.733333333333334
2,20.766666666666666
2,20.8
2,20.833333333333332
2,20.866666666666667
2,20.9
2,20.933333333333334
2,20.966666666666665
2,21.0
2,21.033333333333335
2,21.066666666666666
2,21.1
2,21.133333333333333
2,21.166666666666668
2,21.2
2,21.233333333333334
2,21.266666666666666
2,21.3
2,21.333333333333332
2,21.366666666666667
2,21.4
2,21.433333333333334
2,21.466666666666665
2,21.5
2,21.533333333333335
2,21.566666666666666
2,21.6
2,21.633333333333333
2,21.666666666666668
2,21.7
2,21.733333333333334
2,21.766666666666666
2,21.8
2,21.833333333333332
2,21.866666666666667
2,21.9
2,21.933333333333334
2,21.966666666666665
2,22.0
2,22.033333333333335
2,22.066666666666666
2,22.1
2,22.133333333333333
2,22.166666666666668
2,22.2
2,22.233333333333334
2,22.266666666666666
2,22.3
2,22.333333333333332
2,22.366666666666667
2,22.4
2,22.433333333333334
2,22.466666666666665
2,22.5
2,22.533333333333335
2,22.566666666666666
2,22.6
2,22.633333333333333
2,22.666666666666668
2,22.7
2,22.733333333333334
2,22.766666666666666
2,22.8
2,22.833333333333332
2,22.866666666666667
2,22.9
2,22.933333333333334
2,22.966666666666665
2,23.0
2,23.033333333333335
2,23.066666666666666
2,23.1
2,23.133333333333333
2,23.166666666666668
2,23.2
2,23.233333333333334
2,23.266666666666666
2,23.3
2,23.333333333333332
2,23.366666666666667
2,23.4
2,23.433333333333334
2,23.466666666666665
2,23.5
2,23.533333333333335
2,23.566666666666666
2,23.6
2,23.633333333333333
2,23.666666666666668
2,23.7
2,23.733333333333334
2,23.766666666666666
2,23.8
2,23.833333333333332
2,23.866666666666667
2,23.9
2,23.933333333333334
2,23.966666666666665
2,24.0
2,24.033333333333335
2,24.066666666666666
2,24.1
2,24.133333333333333
2,24.166666666666668
2,24.2
2,24.233333333333334
2,24.266666666666666
2,24.3
2,24.333333333333332
2,24.366666666666667
2,24.4
2,24.433333333333334
2,24.466666666666665
2,24.5
2,24.533333333333335
2,24.566666666666666
2,24.6
2,24.633333333333333
2,24.666666666666668
2,24.7
2,24.733333333333334
2,24.766666666666666
2,24.8
2,24.833333333333332
2,24.866666666666667
2,24.9
2,24.933333333333334
2,24.966666666666665
2,25.0
2,25.033333333333335
2,25.066666666666666
2,25.1
2,25.133333333333333
2,25.166666666666668
2,25.2
2,25.233333333333334
2,25.266666666666666
2,25.3
2,25.333333333333332
2,25.366666666666667
2,25.4
2,25.433333333333334
2,25.466666666666665
2,25.5
2,25.533333333333335
2,25.566666666666666
2,25.6
2,25.633333333333333
2,25.666666666666668
2,25.7
2,25.733333333333334
2,25.766666666666666
2,25.8
2,25.833333333333332
2,25.866666666666667
2,25.9
2,25.933333333333334
2,25.966666666666665
2,26.0
2,26.033333333333335
2,26.066666666666666
2,26.1
2,26.133333333333333
2,26.166666666666668
2,26.2
2,26.233333333333334
2,26.266666666666666
2,26.3
2,26.333333333333332
2,26.366666666666667
2,26.4
2,26.433333333333334
2,26.466666666666665
2,26.5
2,26.533333333333335
2,26.566666666666666
2,26.6
2,26.633333333333333
2,26.666666666666668
2,26.7
2,26.733333333333334
2,26.766666666666666
2,26.8
2,26.833333333333332
2,26.866666666666667
2,26.9
2,26.933333333333334
2,26.966666666666665
2,27.0
2,27.033333333333335
2,27.066666666666666
2,27.1
2,27.133333333333333
2,27.166666666666668
2,27.2
2,27.233333333333334
2,27.266666666666666
2,27.3
2,27.333333333333332
2,27.366666666666667
2,27.4
2,27.433333333333334
2,27.466666666666665
2,27.5
2,27.533333333333335
2,27.566666666666666
2,27.6
2,27.633333333333333
2,27.666666666666668
2,27.7
2,27.733333333333334
2,27.766666666666666
2,27.8
2,27.833333333333332
2,27.866666666666667
2,27.9
2,27.933333333333334
2,27.966666666666665
2,28.0
2,28.033333333333335
2,28.066666666666666
2,28.1
2,28.133333333333333
2,28.166666666666668
2,28.2
2,28.233333333333334
2,28.266666666666666
2,28.3
2,28.333333333333332
2,28.366666666666667
2,28.4
2,28.433333333333334
2,28.466666666666665
2,28.5
2,28.533333333333335
2,28.566666666666666
2,28.6
2,28.633333333333333
2,28.666666666666668
2,28.7
2,28.733333333333334
2,28.766666666666666
2,28.8
2,28.833333333333332
2,28.866666666666667
2,28.9
2,28.933333333333334
2,28.966666666666665
2,29.0
2,29.033333333333335
2,29.066666666666666
2,29.1
2,29.133333333333333
2,29.166666666666668
2,29.2
2,29.233333333333334
2,29.266666666666666
2,29.3
2,29.333333333333332
2,29.366666666666667
2,29.4
2,29.433333333333334
2,29.466666666666665
2,29.5
2,29.533333333333335
2,29.566666666666666
2,29.6
2,29.633333333333333
2,29.666666666666668
2,29.7
2,29.733333333333334
2,29.766666666666666
2,29.8
2,29.833333333333332
2,29.866666666666667
2,29.9
2,29.933333333333334
2,29.966666666666665
2,30.0
2,30.033333333333335
2,30.066666666666666
2,30.1
2,30.133333333333333
2,30.166666666666668
2,30.2
2,30.233333333333334
2,30.266666666666666
2,30.3
2,30.333333333333332
2,30.366666666666667
2,30.4
2,30.433333333333334
2,30.466666666666665
2,30.5
2,30.533333333333335
2,30.566666666666666
2,30.6
2,30.633333333333333
2,30.666666666666668
2,30.7
2,30.733333333333334
2,30.766666666666666
2,30.8
2,30.833333333333332
2,30.866666666666667
2,30.9
2,30.933333333333334
2,30.966666666666665
2,31.0
2,31.033333333333335
2,31.066666666666666
2,31.1
2,31.133333333333333
2,31.166666666666668
2,31.2
2,31.233333333333334
2,31.266666666666666
2,31.3
2,31.333333333333332
2,31.366666666666667
2,31.4
2,31.433333333333334
2,31.466666666666665
2,31.5
2,31.533333333333335
2,31.566666666666666
2,31.6
2,31.633333333333333
2,31.666666666666668
2,31.7
2,31.733333333333334
2,31.766666666666666
2,31.8
2,31.833333333333332
2,31.866666666666667
2,31.9
2,31.933333333333334
2,31.966666666666665
2,32.0
2,32.03333333333333
2,32.06666666666667
2,32.1
2,32.13333333333333
2,32.166666666666664
2,32.2
2,32.233333333333334
2,32.266666666666666
2,32.3
2,32.333333333333336
2,32.36666666666667
2,32.4
2,32.43333333333333
2,32.46666666666667
2,32.5
2,32.53333333333333
2,32.56666666666667
2,32.6
2,32.63333333333333
2,32.666666666666664
2,32.7
2,32.733333333333334
2,32.766666666666666
2,32.8
2,32.833333333333336
2,32.86666666666667
2,32.9
2,32.93333333333333
2,32.96666666666667
2,33.0
2,33.03333333333333
2,33.06666666666667
2,33.1
2,33.13333333333333
2,33.166666666666664
2,33.2
2,33.233333333333334
2,33.266666666666666
2,33.3
2,33.333333333333336
2,33.36666666666667
2,33.4
2,33.43333333333333
2,33.46666666666667
2,33.5
2,33.53333333333333
2,33.56666666666667
2,33.6
2,33.63333333333333
2,33.666666666666664
2,33.7
2,33.733333333333334
2,33.766666666666666
2,33.8
2,33.833333333333336
2,33.86666666666667
2,33.9
2,33.93333333333333
2,33.96666666666667
2,34.0
2,34.03333333333333
2,34.06666666666667
2,34.1
2,34.13333333333333
2,34.166666666666664
2,34.2
2,34.233333333333334
2,34.266666666666666
2,34.3
2,34.333333333333336
2,34.36666666666667
2,34.4
2,34.43333333333333
2,34.46666666666667
2,34.5
2,34.53333333333333
2,34.56666666666667
2,34.6
2,34.63333333333333
2,34.666666666666664
2,34.7
2,34.733333333333334
2,34.766666666666666
2,34.8
2,34.833333333333336
2,34.86666666666667
2,34.9
2,34.93333333333333
2,34.96666666666667
2,35.0
2,35.03333333333333
2,35.06666666666667
2,35.1
2,35.13333333333333
2,35.166666666666664
2,35.2
2,35.233333333333334
2,35.266666666666666
2,35.3
2,35.333333333333336
2,35.36666666666667
2,35.4
2,35.43333333333333
2,35.46666666666667
2,35.5
2,35.53333333333333
2,35.56666666666667
2,35.6
2,35.63333333333333
2,35.666666666666664
2,35.7
2,35.733333333333334
2,35.766666666666666
2,35.8
2,35.833333333333336
2,35.86666666666667
2,35.9
2,35.93333333333333
2,35.96666666666667
2,36.0
2,36.03333333333333
2,36.06666666666667
2,36.1
2,36.13333333333333
2,36.166666666666664
2,36.2
2,36.233333333333334
2,36.266666666666666
2,36.3
2,36.333333333333336
2,36.36666666666667
2,36.4
2,36.43333333333333
2,36.46666666666667
2,36.5
2,36.53333333333333
2,36.56666666666667
2,36.6
2,36.63333333333333
2,36.666666666666664
2,36.7
2,36.733333333333334
2,36.766666666666666
2,36.8
2,36.833333333333336
2,36.86666666666667
2,36.9
2,36.93333333333333
2,36.96666666666667
2,37.0
2,37.03333333333333
2,37.06666666666667
2,37.1
2,37.13333333333333
2,37.166666666666664
2,37.2
2,37.233333333333334
2,37.266666666666666
2,37.3
2,37.333333333333336
2,37.36666666666667
2,37.4
2,37.43333333333333
2,37.46666666666667
2,37.5
2,37.53333333333333
2,37.56666666666667
2,37.6
2,37.63333333333333
2,37.666666666666664
2,37.7
2,37.733333333333334
2,37.766666666666666
2,37.8
2,37.833333333333336
2,37.86666666666667
2,37.9
2,37.93333333333333
2,37.96666666666667
2,38.0
2,38.03333333333333
2,38.06666666666667
2,38.1
2,38.13333333333333
2,38.166666666666664
2,38.2
2,38.233333333333334
2,38.266666666666666
2,38.3
2,38.333333333333336
2,38.36666666666667
2,38.4
2,38.43333333333333
2,38.46666666666667
2,38.5
2,38.53333333333333
2,38.56666666666667
2,38.6
2,38.63333333333333
2,38.666666666666664
2,38.7
2,38.733333333333334
2,38.766666666666666
2,38.8
2,38.833333333333336
2,38.86666666666667
2,38.9
2,38.93333333333333
2,38.96666666666667
2,39.0
2,39.03333333333333
2,39.06666666666667
2,39.1
2,39.13333333333333
2,39.166666666666664
2,39.2
2,39.233333333333334
2,39.266666666666666
2,39.3
2,39.333333333333336
2,39.36666666666667
2,39.4
2,39.43333333333333
2,39.46666666666667
2,39.5
2,39.53333333333333
2,39.56666666666667
2,39.6
2,39.63333333333333
2,39.666666666666664
2,39.7
2,39.733333333333334
2,39.766666666666666
2,39.8
2,39.833333333333336
2,39.86666666666667
2,39.9
2,39.93333333333333
2,39.96666666666667
2,40.0
2,40.03333333333333
2,40.06666666666667
2,40.1
2,40.13333333333333
2,40.166666666666664
2,40.2
2,40.233333333333334
2,40.266666666666666
2,40.3
2,40.333333333333336
2,40.36666666666667
2,40.4
2,40.43333333333333
2,40.46666666666667
2,40.5
2,40.53333333333333
2,40.56666666666667
2,40.6
2,40.63333333333333
2,40.666666666666664
2,40.7
2,40.733333333333334
2,40.766666666666666
2,40.8
2,40.833333333333336
2,40.86666666666667
2,40.9
2,40.93333333333333
2,40.96666666666667
2,41.0
2,41.03333333333333
2,41.06666666666667
2,41.1
2,41.13333333333333
2,41.166666666666664
2,41.2
2,41.233333333333334
2,41.266666666666666
2,41.3
2,41.333333333333336
2,41.36666666666667
2,41.4
2,41.43333333333333
2,41.46666666666667
2,41.5
2,41.53333333333333
2,41.56666666666667
2,41.6
2,41.63333333333333
2,41.666666666666664
2,41.7
2,41.733333333333334
2,41.766666666666666
2,41.8
2,41.833333333333336
2,41.86666666666667
2,41.9
2,41.93333333333333
2,41.96666666666667
2,42.0
2,42.03333333333333
2,42.06666666666667
2,42.1
2,42.13333333333333
2,42.166666666666664
2,42.2
2,42.233333333333334
2,42.266666666666666
2,42.3
2,42.333333333333336
2,42.36666666666667
2,42.4
2,42.43333333333333
2,42.46666666666667
2,42.5
2,42.53333333333333
2,42.56666666666667
2,42.6
2,42.63333333333333
2,42.666666666666664
2,42.7
2,42.733333333333334
2,42.766666666666666
2,42.8
2,42.833333333333336
2,42.86666666666667
2,42.9
2,42.93333333333333
2,42.96666666666667
2,43.0
2,43.03333333333333
2,43.06666666666667
2,43.1
2,43.13333333333333
2,43.166666666666664
2,43.2
2,43.233333333333334
2,43.266666666666666
2,43.3
2,43.333333333333336
2,43.36666666666667
2,43.4
2,43.43333333333333
2,43.46666666666667
2,43.5
2,43.53333333333333
2,43.56666666666667
2,43.6
2,43.63333333333333
2,43.666666666666664
2,43.7
2,43.733333333333334
2,43.766666666666666
2,43.8
2,43.833333333333336
2,43.86666666666667
2,43.9
2,43.93333333333333
2,43.96666666666667
2,44.0
2,44.03333333333333
2,44.06666666666667
2,44.1
2,44.13333333333333
2,44.166666666666664
2,44.2
2,44.233333333333334
2,44.266666666666666
2,44.3
2,44.333333333333336
2,44.36666666666667
2,44.4
2,44.43333333333333
2,44.46666666666667
2,44.5
2,44.53333333333333
2,44.56666666666667
2,44.6
2,44.63333333333333
2,44.666666666666664
2,44.7
2,44.733333333333334
2,44.766666666666666
2,44.8
2,44.833333333333336
2,44.86666666666667
2,44.9
2,44.93333333333333
2,44.96666666666667
2,45.0
2,45.03333333333333
2,45.06666666666667
2,45.1
2,45.13333333333333
2,45.166666666666664
2,45.2
2,45.233333333333334
2,45.266666666666666
2,45.3
2,45.333333333333336
2,45.36666666666667
2,45.4
2,45.43333333333333
2,45.46666666666667
2,45.5
2,45.53333333333333
2,45.56666666666667
2,45.6
2,45.63333333333333
2,45.666666666666664
2,45.7
2,45.733333333333334
2,45.766666666666666
2,45.8
2,45.833333333333336
2,45.86666666666667
2,45.9
2,45.93333333333333
2,45.96666666666667
2,46.0
2,46.03333333333333
2,46.06666666666667
2,46.1
2,46.13333333333333
2,46.166666666666664
2,46.2
2,46.233333333333334
2,46.266666666666666
2,46.3
2,46.333333333333336
2,46.36666666666667
2,46.4
2,46.43333333333333
2,46.46666666666667
2,46.5
2,46.53333333333333
2,46.56666666666667
2,46.6
2,46.63333333333333
2,46.666666666666664
2,46.7
2,46.733333333333334
2,46.766666666666666
2,46.8
2,46.833333333333336
2,46.86666666666667
2,46.9
2,46.93333333333333
2,46.96666666666667
2,47.0
2,47.03333333333333
2,47.06666666666667
2,47.1
2,47.13333333333333
2,47.166666666666664
2,47.2
2,47.233333333333334
2,47.266666666666666
2,47.3
2,47.333333333333336
2,47.36666666666667
2,47.4
2,47.43333333333333
2,47.46666666666667
2,47.5
2,47.53333333333333
2,47.56666666666667
2,47.6
2,47.63333333333333
2,47.666666666666664
2,47.7
2,47.733333333333334
2,47.766666666666666
2,47.8
2,47.833333333333336
2,47.86666666666667
2,47.9
2,47.93333333333333
2,47.96666666666667
2,48.0
2,48.03333333333333
2,48.06666666666667
2,48.1
2,48.13333333333333
2,48.166666666666664
2,48.2
2,48.233333333333334
2,48.266666666666666
2,48.3
2,48.333333333333336
2,48.36666666666667
2,48.4
2,48.43333333333333
2,48.46666666666667
2,48.5
2,48.53333333333333
2,48.56666666666667
2,48.6
2,48.63333333333333
2,48.666666666666664
2,48.7
2,48.733333333333334
2,48.766666666666666
2,48.8
2,48.833333333333336
2,48.86666666666667
2,48.9
2,48.93333333333333
2,48.96666666666667
2,49.0
2,49.03333333333333
2,49.06666666666667
2,49.1
2,49.13333333333333
2,49.166666666666664
2,49.2
2,49.233333333333334
2,49.266666666666666
2,49.3
2,49.333333333333336
2,49.36666666666667
2,49.4
2,49.43333333333333
2,49.46666666666667
2,49.5
2,49.53333333333333
2,49.56666666666667
2,49.6
2,49.63333333333333
2,49.666666666666664
2,49.7
2,49.733333333333334
2,49.766666666666666
2,49.8
2,49.833333333333336
2,49.86666666666667
2,49.9
2,49.93333333333333
2,49.96666666666667
2,50.0
2,50.03333333333333
2,50.06666666666667
2,50.1
2,50.13333333333333
2,50.166666666666664
2,50.2
2,50.233333333333334
2,50.266666666666666
2,50.3
2,50.333333333333336
2,50.36666666666667
2,50.4
2,50.43333333333333
2,50.46666666666667
2,50.5
2,50.53333333333333
2,50.56666666666667
2,50.6
2,50.63333333333333
2,50.666666666666664
2,50.7
2,50.733333333333334
2,50.766666666666666
2,50.8
2,50.833333333333336
2,50.86666666666667
2,50.9
2,50.93333333333333
2,50.96666666666667
2,51.0
2,51.03333333333333
2,51.06666666666667
2,51.1
2,51.13333333333333
2,51.166666666666664
2,51.2
2,51.233333333333334
2,51.266666666666666
2,51.3
2,51.333333333333336
2,51.36666666666667
2,51.4
2,51.43333333333333
2,51.46666666666667
2,51.5
2,51.53333333333333
2,51.56666666666667
2,51.6
2,51.63333333333333
2,51.666666666666664
2,51.7
2,51.733333333333334
2,51.766666666666666
2,51.8
2,51.833333333333336
2,51.86666666666667
2,51.9
2,51.93333333333333
2,51.96666666666667
2,52.0
2,52.03333333333333
2,52.06666666666667
2,52.1
2,52.13333333333333
2,52.166666666666664
2,52.2
2,52.233333333333334
2,52.266666666666666
2,52.3
2,52.333333333333336
2,52.36666666666667
2,52.4
2,52.43333333333333
2,52.46666666666667
2,52.5
2,52.53333333333333
2,52.56666666666667
2,52.6
2,52.63333333333333
2,52.666666666666664
2,52.7
2,52.733333333333334
2,52.766666666666666
2,52.8
2,52.833333333333336
2,52.86666666666667
2,52.9
2,52.93333333333333
2,52.96666666666667
2,53.0
2,53.03333333333333
2,53.06666666666667
2,53.1
2,53.13333333333333
2,53.166666666666664
2,53.2
2,53.233333333333334
2,53.266666666666666
2,53.3
2,53.333333333333336
2,53.36666666666667
2,53.4
2,53.43333333333333
2,53.46666666666667
2,53.5
2,53.53333333333333
2,53.56666666666667
2,53.6
2,53.63333333333333
2,53.666666666666664
2,53.7
2,53.733333333333334
2,53.766666666666666
2,53.8
2,53.833333333333336
2,53.86666666666667
2,53.9
2,53.93333333333333
2,53.96666666666667
2,54.0
2,54.03333333333333
2,54.06666666666667
2,54.1
2,54.13333333333333
2,54.166666666666664
2,54.2
2,54.233333333333334
2,54.266666666666666
2,54.3
2,54.333333333333336
2,54.36666666666667
2,54.4
2,54.43333333333333
2,54.46666666666667
2,54.5
2,54.53333333333333
2,54.56666666666667
2,54.6
2,54.63333333333333
2,54.666666666666664
2,54.7
2,54.733333333333334
2,54.766666666666666
2,54.8
2,54.833333333333336
2,54.86666666666667
2,54.9
2,54.93333333333333
2,54.96666666666667
2,55.0
2,55.03333333333333
2,55.06666666666667
2,55.1
2,55.13333333333333
2,55.166666666666664
2,55.2
2,55.233333333333334
2,55.266666666666666
2,55.3
2,55.333333333333336
2,55.36666666666667
2,55.4
2,55.43333333333333
2,55.46666666666667
2,55.5
2,55.53333333333333
2,55.56666666666667
2,55.6
2,55.63333333333333
2,55.666666666666664
2,55.7
2,55.733333333333334
2,55.766666666666666
2,55.8
2,55.833333333333336
2,55.86666666666667
2,55.9
2,55.93333333333333
2,55.96666666666667
2,56.0
2,56.03333333333333
2,56.06666666666667
2,56.1
2,56.13333333333333
2,56.166666666666664
2,56.2
2,56.233333333333334
2,56.266666666666666
2,56.3
2,56.333333333333336
2,56.36666666666667
2,56.4
2,56.43333333333333
2,56.46666666666667
2,56.5
2,56.53333333333333
2,56.56666666666667
2,56.6
2,56.63333333333333
2,56.666666666666664
2,56.7
2,56.733333333333334
2,56.766666666666666
2,56.8
2,56.833333333333336
2,56.86666666666667
2,56.9
2,56.93333333333333
2,56.96666666666667
2,57.0
2,57.03333333333333
2,57.06666666666667
2,57.1
2,57.13333333333333
2,57.166666666666664
2,57.2
2,57.233333333333334
2,57.266666666666666
2,57.3
2,57.333333333333336
2,57.36666666666667
2,57.4
2,57.43333333333333
2,57.46666666666667
2,57.5
2,57.53333333333333
2,57.56666666666667
2,57.6
2,57.63333333333333
2,57.666666666666664
2,57.7
2,57.733333333333334
2,57.766666666666666
2,57.8
2,57.833333333333336
2,57.86666666666667
2,57.9
2,57.93333333333333
2,57.96666666666667
2,58.0
2,58.03333333333333
2,58.06666666666667
2,58.1
2,58.13333333333333
2,58.166666666666664
2,58.2
2,58.233333333333334
2,58.266666666666666
2,58.3
2,58.333333333333336
2,58.36666666666667
2,58.4
2,58.43333333333333
2,58.46666666666667
2,58.5
2,58.53333333333333
2,58.56666666666667
2,58.6
2,58.63333333333333
2,58.666666666666664
2,58.7
2,58.733333333333334
2,58.766666666666666
2,58.8
2,58.833333333333336
2,58.86666666666667
2,58.9
2,58.93333333333333
2,58.96666666666667
2,59.0
2,59.03333333333333
2,59.06666666666667
2,59.1
2,59.13333333333333
2,59.166666666666664
2,59.2
2,59.233333333333334
2,59.266666666666666
2,59.3
2,59.333333333333336
2,59.36666666666667
2,59.4
2,59.43333333333333
2,59.46666666666667
2,59.5
2,59.53333333333333
2,59.56666666666667
2,59.6
2,59.63333333333333
2,59.666666666666664
2,59.7
2,59.733333333333334
2,59.766666666666666
2,59.8
2,59.833333333333336
2,59.86666666666667
2,59.9
2,59.93333333333333
2,59.96666666666667
2,60.0
2,60.03333333333333
2,60.06666666666667
2,60.1
2,60.13333333333333
2,60.166666666666664
2,60.2
2,60.233333333333334
2,60.266666666666666
2,60.3
2,60.333333333333336
2,60.36666666666667
2,60.4
2,60.43333333333333
2,60.46666666666667
2,60.5
2,60.53333333333333
2,60.56666666666667
2,60.6
2,60.63333333333333
2,60.666666666666664
2,60.7
2,60.733333333333334
2,60.766666666666666
2,60.8
2,60.833333333333336
2,60.86666666666667
2,60.9
2,60.93333333333333
2,60.96666666666667
2,61.0
2,61.03333333333333
2,61.06666666666667
2,61.1
2,61.13333333333333
2,61.166666666666664
2,61.2
2,61.233333333333334
2,61.266666666666666
2,61.3
2,61.333333333333336
2,61.36666666666667
2,61.4
2,61.43333333333333
2,61.46666666666667
2,61.5
2,61.53333333333333
2,61.56666666666667
2,61.6
2,61.63333333333333
2,61.666666666666664
2,61.7
2,61.733333333333334
2,61.766666666666666
2,61.8
2,61.833333333333336
2,61.86666666666667
2,61.9
2,61.93333333333333
2,61.96666666666667
2,62.0
2,62.03333333333333
2,62.06666666666667
2,62.1
2,62.13333333333333
2,62.166666666666664
2,62.2
2,62.233333333333334
2,62.266666666666666
2,62.3
2,62.333333333333336
2,62.36666666666667
2,62.4
2,62.43333333333333
2,62.46666666666667
2,62.5
2,62.53333333333333
2,62.56666666666667
2,62.6
2,62.63333333333333
2,62.666666666666664
2,62.7
2,62.733333333333334
2,62.766666666666666
2,62.8
2,62.833333333333336
2,62.86666666666667
2,62.9
2,62.93333333333333
2,62.96666666666667
2,63.0
2,63.03333333333333
2,63.06666666666667
2,63.1
2,63.13333333333333
2,63.166666666666664
2,63.2
2,63.233333333333334
2,63.266666666666666
2,63.3
2,63.333333333333336
2,63.36666666666667
2,63.4
2,63.43333333333333
2,63.46666666666667
2,63.5
2,63.53333333333333
2,63.56666666666667
2,63.6
2,63.63333333333333
2,63.666666666666664
2,63.7
2,63.733333333333334
2,63.766666666666666
2,63.8
2,63.833333333333336
2,63.86666666666667
2,63.9
2,63.93333333333333
2,63.96666666666667
2,64.0
2,64.03333333333333
2,64.06666666666666
2,64.1
2,64.13333333333334
2,64.16666666666667
2,64.2
2,64.23333333333333
2,64.26666666666667
2,64.3
2,64.33333333333333
2,64.36666666666666
2,64.4
2,64.43333333333334
2,64.46666666666667
2,64.5
2,64.53333333333333
2,64.56666666666666
2,64.6
2,64.63333333333334
2,64.66666666666667
2,64.7
2,64.73333333333333
2,64.76666666666667
2,64.8
2,64.83333333333333
2,64.86666666666666
2,64.9
2,64.93333333333334
2,64.96666666666667
2,65.0
2,65.03333333333333
2,65.06666666666666
2,65.1
2,65.13333333333334
2,65.16666666666667
2,65.2
2,65.23333333333333
2,65.26666666666667
2,65.3
2,65.33333333333333
2,65.36666666666666
2,65.4
2,65.43333333333334
2,65.46666666666667
2,65.5
2,65.53333333333333
2,65.56666666666666
2,65.6
2,65.63333333333334
2,65.66666666666667
2,65.7
2,65.73333333333333
2,65.76666666666667
2,65.8
2,65.83333333333333
2,65.86666666666666
2,65.9
2,65.93333333333334
2,65.96666666666667
2,66.0
2,66.03333333333333
2,66.06666666666666
2,66.1
2,66.13333333333334
2,66.16666666666667
2,66.2
2,66.23333333333333
2,66.26666666666667
2,66.3
2,66.33333333333333
2,66.36666666666666
2,66.4
2,66.43333333333334
2,66.46666666666667
2,66.5
2,66.53333333333333
2,66.56666666666666
2,66.6
2,66.63333333333334
2,66.66666666666667
2,66.7
2,66.73333333333333
2,66.76666666666667
2,66.8
2,66.83333333333333
2,66.86666666666666
2,66.9
2,66.93333333333334
2,66.96666666666667
2,67.0
2,67.03333333333333
2,67.06666666666666
2,67.1
2,67.13333333333334
2,67.16666666666667
2,67.2
2,67.23333333333333
2,67.26666666666667
2,67.3
2,67.33333333333333
2,67.36666666666666
2,67.4
2,67.43333333333334
2,67.46666666666667
2,67.5
2,67.53333333333333
2,67.56666666666666
2,67.6
2,67.63333333333334
2,67.66666666666667
2,67.7
2,67.73333333333333
2,67.76666666666667
2,67.8
2,67.83333333333333
2,67.86666666666666
2,67.9
2,67.93333333333334
2,67.96666666666667
2,68.0
2,68.03333333333333
2,68.06666666666666
2,68.1
2,68.13333333333334
2,68.16666666666667
2,68.2
2,68.23333333333333
2,68.26666666666667
2,68.3
2,68.33333333333333
2,68.36666666666666
2,68.4
2,68.43333333333334
2,68.46666666666667
2,68.5
2,68.53333333333333
2,68.56666666666666
2,68.6
2,68.63333333333334
2,68.66666666666667
2,68.7
2,68.73333333333333
2,68.76666666666667
2,68.8
2,68.83333333333333
2,68.86666666666666
2,68.9
2,68.93333333333334
2,68.96666666666667
2,69.0
2,69.03333333333333
2,69.06666666666666
2,69.1
2,69.13333333333334
2,69.16666666666667
2,69.2
2,69.23333333333333
2,69.26666666666667
2,69.3
2,69.33333333333333
2,69.36666666666666
2,69.4
2,69.43333333333334
2,69.46666666666667
2,69.5
2,69.53333333333333
2,69.56666666666666
2,69.6
2,69.63333333333334
2,69.66666666666667
2,69.7
2,69.73333333333333
2,69.76666666666667
2,69.8
2,69.83333333333333
2,69.86666666666666
2,69.9
2,69.93333333333334
2,69.96666666666667
2,70.0
2,70.03333333333333
2,70.06666666666666
2,70.1
2,70.13333333333334
2,70.16666666666667
2,70.2
2,70.23333333333333
2,70.26666666666667
2,70.3
2,70.33333333333333
2,70.36666666666666
2,70.4
2,70.43333333333334
2,70.46666666666667
2,70.5
2,70.53333333333333
2,70.56666666666666
2,70.6
2,70.63333333333334
2,70.66666666666667
2,70.7
2,70.73333333333333
2,70.76666666666667
2,70.8
2,70.83333333333333
2,70.86666666666666
2,70.9
2,70.93333333333334
2,70.96666666666667
2,71.0
2,71.03333333333333
2,71.06666666666666
2,71.1
2,71.13333333333334
2,71.16666666666667
2,71.2
2,71.23333333333333
2,71.26666666666667
2,71.3
2,71.33333333333333
2,71.36666666666666
2,71.4
2,71.43333333333334
2,71.46666666666667
2,71.5
2,71.53333333333333
2,71.56666666666666
2,71.6
2,71.63333333333334
2,71.66666666666667
2,71.7
2,71.73333333333333
2,71.76666666666667
2,71.8
2,71.83333333333333
2,71.86666666666666
2,71.9
2,71.93333333333334
2,71.96666666666667
2,72.0
2,72.03333333333333
2,72.06666666666666
2,72.1
2,72.13333333333334
2,72.16666666666667
2,72.2
2,72.23333333333333
2,72.26666666666667
2,72.3
2,72.33333333333333
2,72.36666666666666
2,72.4
2,72.43333333333334
2,72.46666666666667
2,72.5
2,72.53333333333333
2,72.56666666666666
2,72.6
2,72.63333333333334
2,72.66666666666667
2,72.7
2,72.73333333333333
2,72.76666666666667
2,72.8
2,72.83333333333333
2,72.86666666666666
2,72.9
2,72.93333333333334
2,72.96666666666667
2,73.0
2,73.03333333333333
2,73.06666666666666
2,73.1
2,73.13333333333334
2,73.16666666666667
2,73.2
2,73.23333333333333
2,73.26666666666667
2,73.3
2,73.33333333333333
2,73.36666666666666
2,73.4
2,73.43333333333334
2,73.46666666666667
